crop_name,cultivation_type,section,topic,body,source_file,source_loc
가지,,재배법,아주심기 준비,"토양소독 : 태양열·열수 등 물리적소독, 다조메입제 등 화학적 소독, 기타 / 이랑만들기 : 높이 30cm 이상(뿌리가 깊게 뻗으므로 배수가 잘되는 비옥한 토지에 재배) / 모기르기 / 씨뿌림 : 주간 28~30℃, 야간 18~20℃ / 접수 : 72공 이하 플러그 트레이 / 대목 : 접목방법, 대목종류에 따라 파종기 조절(32공 플러그 트레이) / 상토 : 시판상토 또는 조제상토(토양 유래 병해충 방지 대책 필요) / 접목 : 할접, 합접 / 비료공급 : 질소 또는 양액비료를 물에 녹여 관주 / 병해충 방제 철저 : 응애, 온실가루이, 담배가루이, 총채벌레, 잎굴파리 등 / 아주심기 / 심는거리 / Y자형 2줄기재배 : 100×40cm / U자형 4줄기재배 : 180~200×70~80cm / 유인 : Y자형 2주지 기본(U자형 4주지, 1줄 아주심기 2주지, Y자형 3주지 등 변형 가능) / Y자형 2줄기재배 : 첫 번째 꽃 아래의 건실한 곁가지를 두 번째 주지로 유인 / U자형 4줄기재배 : 첫 번째 꽃 아래의 건실한 곁가지를 두 번째 주지로, 두 번째 꽃 아래 건실한 곁가지를 세 번째 주지로, 세 번째 꽃 아래 건실한 곁가지를 네 번째 주지로 유인 / 멀칭 : 고온기는 멀칭을 피하고 9월 중순 이후 지온이 낮은 시기 멀칭 / 아주심기 2~3일 전 토양습도가 -15~-20kPa 수준에 도달하도록 충분히 관수하고, 아주심기 후 활착한 뿌리를 깊이 뻗치게 하기 위해 10~15일 단수 / 착과 및 수확 / 세력에 따라 첫 번째 꽃 착과 유무 결정(세력이 약할 때는 두 번째 꽃부터 착과) / 주지에 개화된 꽃과 곁가지(주지 꽃 아래 가지)에 개화된 꽃 착과 / 착과제 처리 : 토마토톤액제 2~3일 간격으로 꽃에 직접 분무 / 저온기(11~2월) : 50배액 / 고온기(아주심기~10월, 4월 중순~수확 종료) : 120배액 / 중간기(10월, 3월~4월 중순) : 80배액 / 지베렐린 첨가(곡과, 세력저하 원인) 및 2회 처리(공동과 원인) 불가 / 고온기 개화 후 15~20일, 저온기 20~25일, 이때 과일무게는 보통 80~100g(큰 과일 수확은 세력 약화) / 양분ㆍ수분관리 / 양분관리 / 밑거름(kg/10a) : 질소 8.3, 인산 8.7, 칼리 4.1, 붕사 1.5, 완숙퇴비 1,000 / 웃거름 : 첫 수확 후 성분량으로 질소-칼리=2-2/kg/10a를 7일 간격으로 관비 / 밑거름을 하지 않고 관비재배를 할 때는 질소, 칼리 외 인산, 칼슘, 마그네슘도 같이 시용 / 수분관리 / 수분 장력계로 -15~-20kPa 수준으로 유지되게 토양수분 관리 / 건조는 비광택과, 과습은 습해 우려 및 뿌리 발육저하에 따른 수량 저하 / 식물체 세력진단 / 단화주화 : 암술머리가 수술선단보다 짧은 것을 말하며 식물체 세력이 약할 때 발생(착과량 과다, 광합성량 부족, 야간고온 등) / 단화주화는 착과 되지 않고 낙화되거나 가는 과실로 상품성이 떨어짐 / 생장점 세력약화 : 생장점과 개화된 꽃과의 거리가 15~20cm 정도가 정상 이지만 10cm 이하로 짧을 경우 세력 약함 / 환경관리 / 저온기 온도관리 / 야간 : 일몰~20시(18℃), 20시~06시(16℃), 06시~일출(18℃) / 주간 : 오전(28~30℃), 오후(24~25℃) / 야간 저온다습 : 잿빛곰팡이병 발병 우려 / 광관리 : 광포화점은 4만 Lux로 비교적 낮지만 광에 대한 반응은 민감 (강우나 흐린 다음 날 수량 저하) / 곁가지 착과 / 주지 순자르기 후 모든 마디에서 발생되는 곁가지 1본 착과하고 꽃 위 1엽 남기고 순자르기 / 곁가지 발생량이 많을 때는 건실한 곁가지 1본를 남기고 제거 / 노화엽에 의한 곁가지 발생이 억제될 때는 적엽에 의한 광 확보 / 곁가지 착과는 광량 확보가 중요하므로 Y자(또는 U자) 유인 시 주지 간격를 충분하게 확보",dtl_30770.xml,절0
갓,,재배법,씨뿌림,"시기 / 봄 : 4월 / 가을 : 8월 하순~9월 상순 / 솎음 : 본잎 1~2매일 때 시작, 6~7매일 때 종료, 노동력 유무에 따라 2~3회 실시 / 김매기 : 씨뿌림 직후 제초제 사용 / 씨앗양 : 5~6dL/10a / 관 리 / 바닥덮기(멀칭) : 유공필름, 왕겨, 짚 등 / 물주기 : 씨뿌림 직후 및 가물 때 / 씨뿌림 : 이랑 너비 120cm, 30cm 간격으로 4줄 줄뿌림, 포기 사이 10cm 내외 / 붕소 결핍 시 붕사 0.2% 엽면 비료 주기 / 비료주기 (kg/10a) / 비료주기 / 비료명 / 총량 / 밑거름 / 웃거름 / 1회 / 퇴비 / 2,000 / - / 질소 / 17.0 / 12.0 / 5.0 / 인산 / 8.0 / 칼리 / 붕사 / 1.0",dtl_30595.xml,절0
결구상추,,재배법,씨뿌림,"시기 : 5월 중순~7월 상순 / 씨앗양 : 40~60㎖/10a / 봄, 가을에도 씨뿌림 가능(평난지) / 모 기르기 / 온도관리 : 15~23℃ / 물주기 : 오전 중 20℃의 물주기 / 기 간 : 본잎 3~4매(씨뿌림 후 20~30일) / 아주심기 / 시기 : 5월 상순~8월 상순 / 거리 : 이랑너비 80cm(1줄),120cm(2줄), 포기사이 30~35cm / 비닐덮기 : 두께 0.02~0.03mm / 관 리 / 이상결구 및 꽃대신장 방지 / 가물 때 물주기 / 김매기 : 제초제 사용 / 비료주기 (kg/10a) / 비료주기 / 비료명 / 총량 / 밑거름 / 웃거름 / 1회 / 2회 / 3회 / 질소 / 8.2 / 5.0 / 1.2 / 1 / 인산 / 6.5 / - / 칼리 / 7.2 / 4.3 / 0.9 / 퇴비 / 1,500 / 석회 / 200 / 비료주는시기 / 아주심기 14일전 / 본엽6~7매 / 본엽 10매 / 결구 개시기",dtl_30596.xml,절0
고들빼기,,재배법,씨뿌림,"시기 : 7월 하순~8월 중순 / 씨뿌림 후 덮기(10일) / 씨앗 크기의 2~3배 흙덮기 / 씨앗양 : 2~3ℓ/10a / 아주심기 거리 : 이랑 너비 120cm / 관 수 / 물주기 : 씨뿌림 후 2~3회 실시 / 덮개물 제거 / 김매기 / 수 확 / 잎길이가 15~25cm일 때 / 가을재배 : 10~11월, 3월 / 하우스 및 터널재배 시 12~2월 수확 / 비료주기 (kg/10a) / 비료주기 / 비료명 / 총량 / 밑거름 / 웃거름 / 1회 / 2회 / 퇴비 / 2,000 / - / 질소 / 16 / 6 / 5 / 인산 / 25 / 칼리 / 석회 / 150 / 웃거름 시기 : 발아 후 30일 / 이듬해 봄 수확 시 : 2월 상순경",dtl_30597.xml,절0
고사리,,재배법,아주심기,"포트묘 : 4~5월 / 씨뿌리(종근) : 9월 하순~10월 상순 / 씨뿌리 아주심기 : 25주/㎡ / 포트묘 : 4주/㎡ / 심는 거리 / 씨뿌리 20x20cm / 포트묘 40x40cm / 관 리 / 아주심기 후 김매기 철저 / 수확 중기 웃거름 관리 / 가물 때 물관리 철저 / 장마철 배수관리 철저 / 수 확 / 잎줄기가 10~15cm자랐을 때 / 주먹 모양의 어린잎이 퍼지기 전에 지표면에서 절단 / 비료주기 (kg/10a) / 비료주기 / 비료명 / 총량 / 밑거름 / 웃거름 / 1회 / 2회 / 3회 / 퇴비 / 2,000 / - / 질소 / 19.0 / 10.2 / 2.8 / 3.2 / 인산 / 11.2 / 칼리 / 15.0 / 9.0 / 1.8 / 2.4 / 석회 / 150",dtl_30598.xml,절0
고추,꽈리고추 반촉성,재배법,씨뿌림 준비,"육묘상 하우스 설치 / 상토준비 / 파종상 설치 : 6.6㎡/10a / 씨앗과 포트 준비 / 씨뿌림 / 시기 : 10월 중하순 / 늦여름 씨뿌림 : 8월 하순~9월 상순 / 종자 파종량 : 80㎖/10a / 싹틔우기 : 1~2mm / 거리 : 골 사이 8cm, 종자사이 1cm / 묘판 관리 / 온도관리 : 낮 22~30℃ / 밤 15℃ 이상 / 생육 단계별 변온관리, 밤 보온관리 유의 / 물주기 : 20℃ 정도의 물을 오전에 충분히 주기 / 진딧물, 모잘록병 방제 / 생육상태에 따른 액비 시용 / 모 기르기 기간 : 80~90일 / 공정 모 기르기는 60~70일 / 가급적 포트 모 기르기 실시 / 아주심기 준비 / 볏짚, 석회 시용 : 아주심기 1개월 전 / 하우스 설치 : 11월 중순 / 밑거름 시용 : 아주심기 2~3주 전 / 이랑짓기, 비닐덮기(멀칭) : 아주심기 1주 전 / 1조식 : 90cm, 2조식 : 180cm / 가온 지온상승 : 아주심기 1~2일 전 / 모 굳히기 : 아주심기 1주 전 / 아주심기 / 시기 : 11월 하순~12월 / 적정묘 : 본잎 12~13매 / 심는 밀도 / 1줄 심기 : 70~80cm×35~40cm / 2줄 심기 : 140cm×35cm / 10a당 비료주기 기준 총량 / 퇴비 : 3,000 kg / 요소 : 32 kg / 용성인비 : 26 kg / 염화칼리 : 30 kg / 재배적 특성 / 구 분 / 시 기 / 사용량(kg) / 1차 / 아주심기 후 30일경 / 요소 7 / 2차 / 1차 후 30~35일경 / 요소 8 / 3차 / 2차 후 35~40일경 / 요소 9, 염칼 7 / 4차 / 3차 후 40~45일경 / 요소 9, 염칼 10 / 병해충 방제 / 적정 시기에 예방 위주의 적용 액제 살포",dtl_30599.xml,절0
고추,보통재배,재배법,씨뿌림,"시 기 : 남부 2월 초순~2월 중순, 중부 2월 중순~2월 하순 / 씨앗량 : 1㎗/10a / 모 기르기 / 온도관리 : 낮 22~30℃, 밤 15℃ 이상 / 모 기르기 일수 : 70~80일 / 물주기 : 오전 중에 20℃ 정도의 물주기 / 아주심기 / 시 기 : 남부 4월 하순~5월 상순, 중부 5월 상순~ 5월 중순 / 거 리 / 1줄재배 : 100cm×35~40cm / 2줄재배 : 150cm×35~40cm / 비닐덮기 : 0.02~0.03mm 비닐 / 관 리 / 지주 세우기 / 가물 때 물주기 / 김매기 : 제초제 살포 / 비료주기 (kg/10a) / 비료주기 / 비료명 / 총량 / 밑거름 / 웃거름 / 1회 / 2회 / 3회 / 퇴비 / 2,000 / - / 질소 / 19.0 / 10.2 / 2.8 / 3.2 / 인산 / 11.2 / 칼리 / 15.0 / 9.0 / 1.8 / 2.4 / 석회 / 150",dtl_30600.xml,절0
고추,촉성재배,재배법,씨뿌림 준비,"육묘상 하우스 설치 / 상토준비 / 파종상 설치 : 6.6㎡/10a / 씨앗과 포트 준비 / 씨뿌림 / 시기 : 10월 중하순 / 늦여름 씨뿌림 : 8월 하순~9월 상순 / 파종량 : 1㎗/10a / 싹틔우기 : 1~2mm / 씨뿌림 거리 : 골 사이 8cm, 씨앗 1cm / 묘판 관리 / 온도관리 / 낮 : 22~30℃ / 밤 : 15℃ 이상 / 생육단계별 변온관리, 밤 보온관리 유의 / 물주기 : 20℃ 정도의 물을 오전에 충분히 줌 / 진딧물, 모잘록병 방제 / 생육상태에 따른 액비 시용 / 모 기르기 기간 : 70~80일 / 공정 모 기르기는 60~70일 / 가급적 포트 모 기르기 실시 / 아주심기 준비 / 볏짚, 석회 시용 : 아주심기 1개월 전 / 하우스 설치 : 11월 중순 / 밑거름 시용 : 아주심기 2~3주 전 / 이랑짓기, 비닐덮기 : 아주심기 1주 전 / 1조식 : 90cm, 2조식 : 180cm / 가온 실시 지온상승 : 이주심기 1~2일 전 / 모 굳히기 : 아주심기 1주 전 / 아주심기 / 시기 : 11월 하순~12월 / 적정묘 : 본잎 12~13매 / 심는 밀도 / 1줄심기 : 80~100cm×35~40cm / 2줄심기 : 150cm×40cm / 수확 기간 출하 목표 시기에 따라 조절 / 10a당 비료주기 기준 총량 / 퇴비 : 3,000 kg / 질소 : 32 kg / 인산 : 26 kg / 칼리 : 30 kg / 재배적 특성 / 구 분 / 시 기 / 사용량(kg) / 1차 / 아주심기 후 30일경 / 요소 7 / 2차 / 1차 후 30~35일경 / 요소 8 / 3차 / 2차 후 35~40일경 / 요소 9, 염칼 7 / 4차 / 3차 후 40~45일경 / 요소 9, 염칼 10 / 병해충 방제 / 적기 예방 위주의 적용 약제 살포",dtl_30601.xml,절0
곰취,,재배법,씨뿌림,"시기 ： 2~3월 / 지베렐린 10~30ppm에 30분간 담그기 / 파종량 : 3~4ℓ/10a / 아주심기 거리 : 이랑 너비 100cm, 포기 사이 20cm / 관리 / 모 기르기 : 파종상자나 105공 플러그판 / 빛가림 : 30~50% / 물주기 : 주기적인 물주기 / 웃거름 : 질소와 칼리 5kg씩 / 수 확 / 제때 수확 / 노화잎과 여름잎은 유지 / 데친 다음 -20℃에 급속 냉동 보관 / 비료주기 (kg/10a) / 비료주기 / 비료명 / 총량 / 밑거름 / 웃거름 / 1회 / 2회 / 퇴비 / 4,000 / - / 질소 / 30 / 20 / 5 / 인산 / 60 / 칼리 / 150",dtl_30602.xml,절0
근대,,재배법,씨뿌림,"시기 ： 봄재배 3~4월, 여름재배 5~6월, 가을재배 9~10월 / 씨앗양 : 7.2∼15ℓ/10a / 거리 : 이랑 너비 1~1.2m, 포기 사이 12~30cm / 관 리 / 솎음 : 발아 후 2~3회 실시 / 김매기 : 제초제 사용 / 물주기 : 가물 때 물주기 / 제4종 복비 사용 / 수 확 / 쌈용으로 수확할 경우 잎의 크기가 손바닥만 할 때 수확 / 봄, 여름의 수확은 저녁 때 하여 시듦 방지 / 비료주기 (kg/10a) / 비료주기 / 비료명 / 총량 / 밑거름 / 웃거름 / 1회 / 2회 / 퇴비 / 1,000 / - / 질소 / 15 / 7~8 / 3~4 / 인산 / 11 / 칼리 / 5~6 / 2~3 / 석회 / 100",dtl_30603.xml,절0
냉이,,재배법,씨뿌림,"시기 ： 9월 상순 / 씨뿌림 : 흩뿌리기 / 흙덮기하지 않음 / 씨앗양 : 2~3ℓ/10a / 아주심기 거리 : 이랑 너비 90cm / 관 리 / 포기 사이를 3~4㎝로 솎아줌 / 김매기 2회 / 병해충 / 달팽이 : 석회분말 살포 / 과번무에 의한 연부병 : 솎아줌 / 수 확 / 11~4월 / 비료주기 (kg/10a) / 비료주기 / 비료명 / 총량 / 밑거름 / 웃거름 / 1회 / 2회 / 퇴비 / 3,000 / - / 질소 / 6 / 인산 / 25 / 칼리 / 석회 / 150 / 시설재배 시 웃거름 1회 / 10월에 유기질비료 50kg/10a",dtl_30604.xml,절0
당근,,재배법,씨뿌림,"시기 / 촉성재배 : 하우스 11월 하순, 터널 1월 중순 / 봄 재배 : 3월(노지) / 가을 재배 : 중부 7월 중순, 남부 7월 하순 / 솎음 작업 : 본잎 3~4매 때 시작, 5~6매 때 종료, 노동력 유무에 따라 1~2회 실시 / 김매기 작업 : 씨뿌림 직후 제초제 사용 / 파종량 : 1~2ℓ/10a / 관 리 / 바닥 덮기 : 유공필름, 왕겨, 짚 등으로 덮기 / 물주기 : 씨뿌림 직후 및 가물 때 물주기 / 거리 : 이랑 너비 80~120cm, 포기 사이 8~10cm / 비료주기 (kg/10a) / 비료주기 / 비료명 / 총량 / 밑거름 / 웃거름 / 1회 / 2회 / 3회 / 퇴비 / 1,000 / - / 질소 / 20.0 / 6.0 / 4.7 / 4.6 / 인산 / 9.6 / 칼리 / 12.2 / 7.9 / 1.5 / 1.4 / 붕사 / 100 / 웃거름 : 씨뿌림 후 20일부터 20일 간격",dtl_30605.xml,절0
두릅,,재배법,아주심기,"씨뿌림 : 3~4월 / 이듬해 아주심기 : 3~4월 / 묘 : 1,100~1,320개/10a / 아주심기 거리 : 포기 사이 50~60cm, 골 사이 150cm / 시기 : 3~4월 새순이 나오기 전 / 꺾꽂이순 : 지름 0.5~1cm, 길이 10cm / 아주심기 거리 : 줄간격 40~50cm, 폭 20cm 간격으로 꺾꽂이순을 평삽으로 놓고 3~5cm 깊이 흙덮기 / 방법 : 포기부터 30~40cm 떨어진 지면 부위를 삽 등으로 찍어 잘라줌 / 관 리 / 나무 모양 다듬기 / 5월 상중순 새순 수확 직후 / 1년 차 30cm 부위 절단 / 이후 10cm씩 높게 절단 / 1주당 4~6개 가지를 유지함 / 20~25개 줄기/3.3m2 / 수 확 / 어린순이 전개되어 12~15cm일 때 / 1차 수확 후 12~15일경 2차 수확 / 노지재배 : 4~5월 / 하우스재배 : 2~4월 / 비료주기 (kg/10a) / 비료주기 / 비료명 / 총량 / 밑거름 / 웃거름 / 1회 / 2회 / 3회 / 퇴비 / 1,500 / - / 질소 / 35 / 20 / 5 / 인산 / 70 / 칼리 / 40 / 25 / 석회 / 150 / 시기 / 아주심기 시 / 6월 상순 / 7월 상순 / 8월 상순",dtl_30606.xml,절0
딸기,사계성여름재배,재배법,묘 저장고 조건,"저장고 내 -2℃ 항상 유지 (잿빛곰팡이병 발생) / 깨끗한 창고 : 소독 및 살균 / 어미그루 아주심기 : 3월 중순~5월 상순 / 어미그루 아주심기 / 무병 건전묘 선발(바이러스, 시들음병, 응애,탄저병) / 어미그루포 선정 / 배지 내 토양소독, 새로운 상토 사용 / 아주심기 / 아주심기 시기 : 4~5월 / 아주심기 요령 / 밀도 : 5,000주/10a / 관부가 반 묻히도록 / 고설재배 시 가장자리에 아주심기 / 하우스 관리 / 환기 : 온도가 25℃ 이상 올라 갈 경우 강제 환기 / 바닥덮기(멀칭) : 흑백 비닐덮기로 반드시 윗면이 백색으로 / 보온 : 3~4월, 10월 이후 가급적 10℃ 이상 유지 위해 천창 및 측창에 보온 부직포 설치",dtl_30609.xml,절0
딸기,촉성재배,재배법,어미그루 아주심기,"무병 건전묘 선발(바이러스, 시들음병, 탄저병, 잎선충, 작은뿌리파리 등) / 어미그루포선정 / 토양(배지) 소독 / 새상토 사용 / 어미그루 아주심기 : 3월 상순~4월 상순 / 새끼묘 육성 / 건전 새끼묘 확보 / 예방적 방제 철저(시들음병, 탄저병, 역병, 작은뿌리파리, 점박이응애, 진딧물 등) / 기상상황에 따라 상토가 마르지 않게 물주기 / 잎 작업 시 병해충 방제 철저 / 빛 차단과 환기 시설을 이용해 온실 내부 온도 낮추기 / 양분이 지나치면 탄저병이 발생하기 쉬우므로 양분 조절 / 어미그루 아주심기 : 3월 중순~5월 상순 / 아주심기 / 시기 : 꽃눈분화 후 / 아주심기 전 재배지 소독 철저(최소 2주 이상) / 태양열 소독과 화학적 소독을 함께 진행 / 아주심기 후 뿌리내림 촉진 / 잎의 전개 촉진 / 물주기 / 아주심기 요령 / 재식거리(15-18cm), 밀도(9,000주/10a) / 관부가 반 묻히도록",dtl_30610.xml,절0
마늘,,재배법,씨뿌림,"시기 / 중부 10월 중순~10월 하순 / 남부 9월 상순~10월 상순 / 씨알 준비 : 60~80접/10a(200~220kg) / 씨알 소독 : 플루퀸코나졸(카스텔란, 파라시트) 500배액 / 디메토유레(로고, 록숀, 삼공디메토) 1,000배액 / 30분~1시간 침지→음건 후 씨뿌림 / 심는 거리 : / 줄 사이 15~20cm / 포기사이 10~12cm / 관 리 / 짚 덮기 : 11월 중하순 / 종제거 : 출현즉시 / 가물 때 물주기 / 김매기 : 제초제 이용 / 비료주기 (kg/10a) / 비료주기 / 비료명 / 총량 / 밑거름 / 웃거름 / 1회 / 2회 / 퇴비 / 1,200 / - / 요소 / 54 / 20 / 17 / 용과린 / 39 / 황산칼리 / 40 / 14 / 13 / 석회 / 200 / 조기재배 시 전량 밑거름 / 수 확 / 잎과 줄기가 2/3~1/2 황변할 때",dtl_30611.xml,절0
마늘,잎마늘,재배법,씨뿌림,"거리 / 이랑 너비 : 12cm / 포기 사이: 10cm / 관 리 / 비료주기 (kg/10a) / 비료주기 / 비료명 / 총량 / 밑거름 / 웃거름 / 1회 / 2회 / 퇴비 / 3,000 / - / 요소 / 54 / 20 / 17 / 용과린 / 39 / 황산칼리 / 40 / 14 / 13 / 석회 / 100~150 / 수 확 / 씨알 마늘 : 잎과 줄기가 2/3~1/2 황변할 때",dtl_30612.xml,절0
멜론,,재배법,토양수분 관리,"아주심기하여 뿌리내리기까지는 토양 수분이 부족하지 않게 관리 / 뿌리내림 후에는 점차 수분을 줄여 수정기에는 건조하게 관리 / 과실비대기에는 수분을 충분히 공급해 과실비대 촉진 / 수확기에는 토양수분을 줄여 당도 축적 유도 / 병해충 방제 / 흰가루병, 덩굴마름병, 검은점뿌리썩음병, 진딧물, 총채벌레, MNSV / 멜론의 비료성분 흡수량 / 구 분 / 질소 / 인산 / 칼리 / 석회 / 마그네슘 / 주당흡수량 / (1주 1과) / 예 1 / 4.4g / 1.6 / 6.8 / 9.3 / 1.2 / 예 2 / 5.5 / 2.2 / 6.7 / 7.5 / 2.6 / 10a당 흡수량 / (2,400주 아주심기) / 10.6kg / 3.8 / 16.8 / 22.3 / 2.7 / 13.2 / 5.3 / 16.2 / 18.0 / 6.2 / 일반적으로 멜론의 비료 흡수량은 그다지 많지 않음. / 흡수되지 않거나 녹아내려 가거나 휘산되는 양이 있기 때문에 비료 주는 양은 흡수량보다 많이 줘야 함. / 그러나 시설재배에서는 비를 맞지 않고 이어짓기 재배를 하므로 많이 주지 않는 것이 좋음.",dtl_30613.xml,절0
무,,재배법,씨뿌림,"시기 / 봄재배 : 터널 2월 중순 ~ 3월 중순 / 노지 3월 중순 ~ 4월 하순 / 가을재배 : 7월 하순 ~ 9월 상순 / 솎음 : 본잎 3~4매, 본잎 6~7매 2회 실시 / 김매기 : 씨뿌림 직후 전용 제초제 살포 / 씨앗양 : 8~10㎗/10a / 관리 / 바닥덮기(멀칭) 또는 무피복 : 바닥덮기 시 유공흑색필름 덮기 / 물주기 : 씨뿌림 직후 및 가뭄, 가물 때 물주기 / 1조식 : 이랑 간격 60~70cm, 포기사이 25~30cm / 2조식 : 이랑 너비 60cm(줄 간격 30cm) / 이랑 간격 30cm / 포기사이 35×22cm, 점뿌림 바로 뿌리기(파구당 3~4립) / 붕소결핍 시 붕사, 칼슘제 0.3%액 1주일 간격 2~3회 엽면 비료주기 / 비료주기 (kg/10a) / 비료주기 / 비료명 / 총량 / 밑거름 / 웃거름 / 1회 / 2회 / 퇴비 / 1,000 / - / 질소 / 28.0 / 10.0 / 9.0 / 인산 / 5.9 / 칼리 / 15.4 / 7.7 / 4.0 / 3.7 / 석회 / 100 / 붕사 / 1.5",dtl_30614.xml,절0
무,고랭지재배,재배법,씨뿌림,"시기 / 준고랭지(1기작) : 4월 하순~5월 중순 / 준고랭지(2기작) : 7월 상순~7월 하순 / 고랭지(단작) : 6월 상순~7월 상순 / 솎음 / 본잎 2~3매 시 제때, 1~2회 실시 / 본잎 6~7매 시 까지 종료 / 김매기 : 씨뿌림 직후 전용 제초제 살포 / 씨앗양 : 6~7㎗/10a / 관리 / 바닥덮기(멀칭) 또는 무피복 : 바닥덮기 시 유공흑색 필름 덮기 / 물주기 : 씨뿌림 직후 및 가뭄, 가물 때 물주기 / 1조식 이랑 간격 60~70cm, 포기 사이 25~30cm / 붕소, 칼슘 결핍 시 붕사, 칼슘제 0.3%액 / 1주일 간격 2~3회 엽면 비료 주기 / 비료주기 (kg/10a) / 비료주기 / 비료명 / 총량 / 밑거름 / 웃거름 / 1회 / 2회 / 요소 / 35 / 13 / 11 / 용성인비 / 60 / - / 염화칼리 / 25 / 9 / 8 / 소석회 / 75 / 붕사 / 2 / 퇴비 / 1,000",dtl_30615.xml,절0
미나리,,재배법,씨뿌림,"파종량 : 1,200~1,500 kg/10a / 모 기르기 / 종묘포 만들기 : 흙갈리, 물주기, 균일하게 정지 후 배수 / 비료 주기 : 묘판면적 10a당 퇴비 400kg,복비(21-17-17) 75kg 시용 / 묘심기 : 이랑 너비 30cm, 포기 사이 28~30cm / 묘관리 : 모 심은 후 4~5일간 줄기가 약간 묻힐 정도로 물주기 / 씨모 수확과 관리 : 본포 심기 1주일 전에 수확 길이 30~40cm로 / 2~3회 구부려서 직경 15~30cm 정도 단 묶음 / 아주심기 / 시기 : 8월 하순~9월 상순 / 거리 : 줄기를 6~9cm 절단, 3~5cm 간격으로 고루 뿌림 / 관 리 / 물 1~2cm 대고, 물 흘러대기 실시 / 싹이 나온 후 15일경 모 고르기 / 비료주기 (kg/10a) / 비료주기 / 비료명 / 총량 / 밑거름 / 웃거름 / 1회 / 2회 / 3회 / 퇴비 / 1,500 / - / 질소 / 25 / 10 / 5 / 인산 / 20 / 칼리 / 4 / 3 / 밭미나리 : 질소 6.2, 인산 6.5, 칼리 4.8, 퇴비 1,500, 석회 200kg",dtl_30616.xml,절0
배추,,재배법,씨뿌림,"시기 / 봄재배 : 남부 3월 상순, 중부 3월 중순 / 가을재배 : 남부 8월 중순, 중부 8월 상순 / 씨앗량 : 0.6㎗/10a / 모 기르는 기간 : 약 1개월 / 아주심기 주수 : 3,500~4,000주/10a / 아주심기 및 관리 / 봄재배 : 남부 4월 상순, 중부 4월 중순 / 가을재배 : 남부 9월 중순, 중부 9월 상순 / 심는거리 : 이랑너비 75cm, 포기사이 45cm / 물주기 : 가물 때 물주기 / 석회 결핍시 : 염화칼슘 0.3% 엽면 비료주기 / 붕소 결핍시 : 붕소 0.2% 엽면 비료주기 / 비료주기 (kg/10a) / 비료주기 / 비료명 / 총량 / 밑거름 / 웃거름 / 1회 / 2회 / 3회 / 퇴비 / 3,000 / - / 질소 / 32.0 / 11.0 / 7.0 / 인산 / 7.8 / 칼리 / 19.8 / 8.8 / 석회 / 100 / 붕사 / 1.5",dtl_30618.xml,절0
배추,고랭지재배,재배법,씨뿌림,"시기 : 순별 분산 씨뿌림 계획에 따라 분산 씨뿌림 / 씨앗양 : 0.7㎗/10a / 용기 : 플러그 128공, 200공 트레이 및 포트 / 모 기르기 일수 : 20~30일 / 아주심는 거리 : 60~65cm×30~40cm / 아주심기 주수 : 4,000~4,500주/10a당 / 아주심기 및 관리 / 모 기르기 관리온도 : 20~22℃ / 웃거름 주기 : 아주심기 15일 후 실시 / 김매기 : 1~2회 / 물주기 : 가물 때 물주기 / 배수 : 배수로 설치 / 병충해 방제 : 적용약제 살포 / 석회 결핍 시 염화칼슘 0.3% 엽면 비료 주기 / 붕소 결핍 시 붕사 0.2% 엽면 비료 주기 / 비료 주기 기준 / 성분량 : 질소 32-인산 7.8-칼리 19.8(kg/10a) / 비료주기 (kg/10a) / 비료주기 / 비료명 / 총량 / 밑거름 / 웃거름 / 1회 / 2회 / 3회 / 퇴비 / 3,000 / - / 요소 / 70 / 25 / 15 / 염화칼리 / 33 / 13 / 5 / 10 / 용 과 린 / 39 / 소석회 / 150 / 붕사 / 1.5 / 시기 / 아주 심기 / 후 15일 / 1회 후 / 15일 / 2회 후",dtl_30619.xml,절0
부추,,재배법,씨뿌림,"시기 : 3월 하순~4월 중순 / 씨앗양 : 파종구당 7~10립(20ℓ/10a) / 재배이랑 : 90cm / 통로 : 30~50cm / 줄사이 : 20cm / 포기 사이 : 20cm / 제 초 / 수확기 : 매 수확 이후 / 생육기 : 초관 형성 이전 / 수 확 / 수확 이후에는 웃거름 살포 / 베는 부위가 낮을수록 재생엽 끝이 깨끗함 / 분포 관리 / 습해 우려 지역 이랑 형성 후 씨뿌림 / 생육기에 너무 웃자라지 않도록 물주는 양 조절 / 꽃대신장이 시작하면 예취기로 꽃대 제거 / 씨받이 / 씨받이 시 양분소모가 많음 / 활력이 떨어진 5~6년생 씨받이 후 폐기 / 씨앗 순도 / 부추는 단위생식으로 씨앗 맺음 / 모든 씨앗은 어미그루와 유전적으로 동일 / 잡종 품종의 씨앗도 균일성 유지 / 비료주기 (kg/10a) / 비료주기 / 비료명 / 총량 / 밑거름 / 웃거름 / 1회 / 2회 / 퇴비 / 1,500 / - / 질소 / 57.0 / 19.0 / 인산 / 10.7 / 칼리 / 31.2 / 10.4 / 석회 / 200",dtl_30620.xml,절0
브로콜리,녹색꽃양배추 고랭지재배,재배법,씨뿌림,"시기 : 3월 중순~5월 중순 / 씨앗양 : 40㎖/10a / 모 기르기 / 온도관리 : 낮 25°C, 밤 10~18°C / 물주기 : 오전 중 20°C 정도의 물주기 / 아주심기 / 시기 : 5월 중순~6월 하순 / 거리 / 이랑 너비 : 80cm(1줄), 120cm(2줄) / 포기 사이 : 40~45cm / 비닐덮기(멀칭) : 두께 0.02~0.03mm, 흑색비닐 이용 / 관리 / 가물 때 물주기 / 김매기 : 제초제 사용 / 노지 또는 비가림재배 / 비료주기 (kg/10a) / 비료주기 / 비료명 / 총량 / 밑거름 / 웃거름 / 1회 / 2회 / 3회 / 퇴비 / 2,000 / - / 질소 / 12 / 7 / 2 / 1 / 인산 / 3 / 칼리 / 4 / 석회 / 200 / 붕사 / 비료주는 시기 / 15~20일 전 / 아무심기 후 / 20일경 / 1회 후 / 2회 후",dtl_30621.xml,절0
브로콜리,평야지재배,재배법,씨뿌림,"씨뿌림 : 1∼3월, 전열온상 씨뿌림 (128공 플러그트레이) / 수확 : 4∼6월 / 씨뿌림 : 9∼11월 / 수확 : 12∼4월 / 품종 선택 : 재배시기에 따른 알맞은 품종 선택이 중요 / 씨뿌림 양 : 3,000~5,000주/10a / 씨앗 소요량 : 60㎖/10a(20㎖ 1봉=2,500∼4,000립) / 관리작업 / 심는거리 / 1조식 80×30cm(4,000주/10a) / 2조식 120×35∼40cm(4,500∼4,100주/10a) / 모 기르기 기간 : 플러그묘의 경우 대체로 30∼35일, 본잎 3∼4매의 모종 이용 / 아주심기 : 아주심기가 늦어져 모가 노화되지 않도록 제때 아주심기 / 생육촉진과 잡초 방제를 위해 PE 바닥덮기 재배, 뿌리내리기까지 충분한 물주기 / 생육 초기 충해 방제를 위한 정기적 약제 살포 / 웃가름 / 아주심기 후 20∼25 일경 1차 웃거름, 김매기를 겸해 흙을 북돋움 / 2차는 1차 후 15∼20일경 생육기간이 긴 월동재배의 경우 생육 후반에 거름이 떨어지지 않게 비료량 증가 / 수확작업 / 줄기를 15∼20cm 길이로 자르고 잎줄기를 2∼3개 붙여서 수확 / 기온이 높을 때에는 약간 어린것을 수확하며 꽃봉오리 온도가 올라가지 않도록 아침에 수확 / 비료주기 (kg/10a) / 비료주기 / 비료명 / 총량 / 밑거름 / 웃거름 / 퇴비 / 2,000 / - / 질소(요소) / 43 / 21.5 / 인산(용인) / 75 / 염화칼리 / 33 / 17 / 16 / 붕산 / 2",dtl_30622.xml,절0
비트,,재배법,씨뿌림,"시기 / 봄재배 3~4월 / 여름재배 5~6월 / 가을재배 9~10월 / 씨앗양 : 2kg/10a / 거리 : 이랑 너비 1~1.2m, 포기 사이 10×15cm / 관리 / 솎음 : 발아 후 2~3회 실시 / 김매기 : 제초제 사용 / 물주기 : 가뭄 때 물주기 / 제4종 복비 사용 / 수확 / 잎이 7~8매, 뿌리 지름이 5~6cm 이상 자랐을 때 수확 / 봄, 여름의 수확은 저녁 때 하여 시듦 방지 / 수확이 늦어지면 섬유질이 발달하여 맛이 떨어짐 / 비료주기 (kg/10a) / 비료주기 / 비료명 / 총량 / 밑거름 / 웃거름 / 1회 / 2회 / 퇴비 / 1,500 / - / 질소 / 15 / 8~9 / 3~4 / 인산 / 11~15 / 칼리 / 25 / 4~5 / 석회 / 200 / 100 / 붕사 / 1",dtl_30623.xml,절0
상추,,재배법,씨뿌림,"씨앗량 : 0.4~0.6㎗/10a / 파종상 : 3.3㎡/10a (200공 플러그 모 기르기 시 40㎡/10a) / 모기르기 / 플러그트레이(128공, 200공) : 본잎 3~4매 시 / 시 기 : 본엽 3~5매(플러그 묘) / 이랑 너비 : 150~180cm / 포기 사이 : 20×20cm 내외 / 10a 당 주수: 약 20,000주 / 관 리 / 물주기 : 스프링롤러, 분수호스, 점적관수 / 비료주기 / 밑거름 50%(퇴비, 석회, 인산 100%), / 웃거름 10일 간격 / 고온기 빛가림 : 30% 빛가림 / 병해충 방제 / 휴경기 담수 : 선충밀도 경감 / 돌려짓기 및 유기물 시용 / 농약방제 (농약안전사용기준 준수) / 수확 후 관리 / 저온저장고 이용 : 0℃ / 표준출하규격 지켜서 수확물 포장 / 비료주기 (kg/10a) / 비료명 / 총량 / 밑거름 / 웃거름 / 1회 / 2회 / 3회 / 퇴비 / 1,500 / - / 질소 / 7.0 / 3.5 / 1.5 / 1 / 인산 / 3.0 / 칼리 / 3.6 / 1.8 / 0.6 / 석회 / 200 / 노지재배 : 질소 20.0, 인산 5.9, 칼리 12.8, 퇴비 1,500, 석회 200kg",dtl_30624.xml,절0
생강,,재배법,종강 준비,"싱싱하고 터짐이 없는 것, 색깔이 선황색으로 선명한 것, 부패병에 걸리지 않은 것 / 소요량 / 재래종 170~180kg/10a(개당 20~30g 크기) / 중국종 200~220kg/10a(개당 25~35g 크기) / 싹 틔우기 / 좋은 점 : 출현이 빠르고 출현율도 높일 수 있음 / 방법 : 20~25℃ 되는 곳에서 모래나 흙에 생강을 묻음. 싹길이 2~3mm / 토양 함수량 50% 이상 유지 시 발아율 향상 / 아주심기 / 거리 / 재래종 : 30×30cm / 중국종 : 30×25 또는 25×25cm / 아주심기 유의사항 : 2~3cm로 얕게 심되 땅 위로 노출되지 않도록 함 / 수확 / 10월 중순~11월 상순, 저장용은 서리 내리기 전 / 비료주기 (kg/10a) / 비료주기 / 비료명 / 총량 / 밑거름 / 웃거름 / 1회 / 2회 / 퇴비 / 3,000 / - / 석회 / 150 / 질소 / 25.9 / 10.1 / 8.9 / 6.9 / 인산 / 9.2 / 칼리 / 21.9 / 7.3 / 붕사 / 2",dtl_30625.xml,절0
셀러리,양미나리,재배법,씨뿌림,"시기 ： 봄재배 3월 상순~4월 하순 / 씨앗양 : 20~30㎖/10a / 모 기르기 / 온도관리 : 낮 20~25℃ / 물주기 : 건조하지 않도록 주의 / 아주심기 / 시기 ： 5월 상순~6월 하순 / 거리 ： 이랑 너비 60cm, 포기 사이 30cm / 관 리 / 가뭄 때 물주기, 비가림재배 / 곁가지와 아랫잎 따주기 / 김매기 : 제초제 사용 / 비료주기 (kg/10a) / 비료주기 / 비료명 / 총량 / 밑거름 / 웃거름 / 1회 / 2회 / 3회 / 퇴비 / 5,000 / - / 질소 / 69 / 28 / 10 / 15 / 16 / 인산 / 40 / 칼리 / 44 / 24 / 8 / 4 / 석회 / 100 / 붕사 / 1.5 / 비료주는 / 시기 / 15~20일전 / 후 30일경 / 1회 후 / 30일경 / 2회 후",dtl_30626.xml,절0
수박,,재배법,씨뿌림,"시기 / 촉성재배 : 11월 하순~12월 하순 / 반촉성재배 : 12월 하순~1월 상순 / 노지재배 : 3월 하순~4월 하순 / 아주심기 / 촉성재배 : 1월 하순~2월 상순 / 반촉성재배 : 2월 상순~2월 하순 / 노지재배 : 4월 하순~5월 하순 / 주간거리 : 35~45×300cm / 심기주수 : 420~540주/동 / 비닐덮기 및 터널설치 / 생육온도 : 생육적온(25~30℃, 생육최저온도 10℃), / 발근온도(20~25℃), 개화·수정적온(20℃) / 개화~성숙 적산온도 : 800~1,000℃ / 엽수와 열매 달리는 수(덩굴수/300평당, 1주 1과실) / 2~3월 수확 1,550본(촉성) / 5월 수확 1,700본(반촉성) / 6월 이후 수확(노지 등) 1,900~2,000본 / 접목 육묘 / 대목(뿌리) : 박, 신토좌 / 접목방법 : 맞접 또는 합접 / 관리 : 온도 25~28℃, 습도 75~80% / 관 리 / 저온기 터널설치 / 정지 및 유인 / 식물체 생육에 알맞은 비료 주기 관리 / 열과(터진열매), 일소과, 육질악변과, 황대과 방지 / 수박 과실의 성숙기 판정 / 품 종 / 열매달림 후 일수 / 적산온도(℃) / 소과종 / 35~38 / 750 / 조생종 / 38~40 / 800 / 중생종 / 40~45 / 1,000 / 만생종 / 1,200 / 비료주기 (kg/10a) / 비료주기 / 비료명 / 총량 / 밑거름 / 웃거름 / 1회 / 2회 / 3회 / 퇴비 / 1,500 / - / 질소 / 20.0 / 8.0 / 4.0 / 인산 / 5.9 / 칼리 / 12.8 / 6.4 / 석회 / 200",dtl_30627.xml,절0
시금치,,재배법,씨뿌림,"시판 씨앗은 싹틔우기 없이 씨뿌림 / 자가 채종한 가시종자는 싹틔우기 : 15~18℃ / 봄에는 쉽게 꽃대신장(추대)하므로 서양종이나 교배종 품종을 선택 / 씨뿌림 후 발아할 때까지 물을 주고 건조하지 않게 습도를 유지 / 물주기는 1주일에 1회 정도는 땅속 깊이 스며들 정도로 물주기 / 시기 / 봄 씨뿌림 : 2월 상순~5월 하순 / 여름 씨뿌림 : 6~8월 / 가을 씨뿌림 : 9~10월 / 방법 : 씨뿌림 폭을 15~20cm로 하여 파종기 이용 줄뿌림 / 씨앗양 / 환씨앗 : 6~7ℓ/10a / 각씨앗 : 15~18ℓ/10a / 이랑만들기 : 재배형태에 따라 다르나 4줄 혹은 8줄 재배 / 이랑 폭 : 1m 혹은 2m / 고랑을 깊게 파서 배수가 잘 되도록 함 / 수확 : 가을 씨뿌림 50~60일, 여름 30~35일, 봄 40일 / 수확기가 늦어지면 줄기의 마디가 신장되고 잎자루가 단단해져 상품성 떨어짐 / 관 리 / 구 분 / 최저온도(℃) / 최적온도(℃) / 최고온도(℃) / 발아 / 4 / 15~20 / 30 / 생육 / 3~4 / 25 / 1차 솎음 : 싹튼 후 1주일경 2~3cm 간격 / 2차 솎음 : 싹튼 후 2주일경 4~5cm 간격 / 생육장해 온도 : 10℃ 이하, 25℃ 이상 / 비료주기 (kg/10a) / 비료주기 / 비료명 / 총량 / 밑거름 / 웃거름 / 1회 / 2회 / 3회 / 퇴비 / 1,500 / - / 질소 / 25.0 / 10.0 / 5.0 / 인산 / 5.9 / 칼리 / 11.9 / 7.9 / 1.3 / 1.4 / 석회 / 200 / 붕사 / 1.5",dtl_30628.xml,절0
신선초,,재배법,씨뿌림,"시기 / 봄재배 3~4월 / 여름재배 5~6월 / 가을재배 9~10월 / 씨앗양 : 7.2∼15ℓ/10a / 거리 : 이랑 너비 0.7m, 포기 사이 25cm / 관 리 / 솎음 : 발아 후 2~3회 실시 / 김매기 : 제초제 사용 / 물주기 : 가물 때 물주기 / 제4종 복비 사용 / 수 확 / 다 자란 잎이 3~4장 이상 남은 상태로 둠 / 봄, 여름의 수확은 저녁 때 하여 시듦 방지 / 비료주기 (kg/10a) / 비료주기 / 비료명 / 총량 / 밑거름 / 웃거름 / 1회 / 2회 / 퇴비 / 3,000 / - / 질소 / 15 / 8 / 3~4 / 인산 / 11 / 칼리 / 5 / 3 / 석회 / 150",dtl_30629.xml,절0
쑥갓,,재배법,씨뿌림,"시기 / 봄재배 3~4월 / 여름재배 5~8월 / 가을재배 9~10월 / 씨앗양 : 0.5ℓ/10a / 거리 : 이랑 너비 1~1.2m, 포기 사이 20~25cm / 관 리 / 솎음 : 발아 후 2~3회 실시 / 김매기 : 제초제 사용 / 물주기 : 가물 때 물주기 / 제4종 복비 사용 / 수 확 / 본잎 5~10장에 풀길이가 10~15cm일 때 수확 / 봄, 여름의 수확은 저녁 때 하여 시듦 방지 / 비료주기 (kg/10a) / 비료주기 / 비료명 / 총량 / 밑거름 / 웃거름 / 1회 / 2회 / 퇴비 / 1,000 / - / 질소 / 14~18 / 9~11 / 2~3 / 3~4 / 인산 / 8 / 칼리 / 7.2 / 4 / 3.2 / 석회 / 100",dtl_30630.xml,절0
아스파라거스,,재배법,씨뿌림,"평지 : 1~2월 온실(128공 플러그 트레이) / 노지 임시심기 : 5월 / 아주심기 : 이듬해 봄(5월) / 난지 : 5~6월(128공 플러그 트레이) / 하우스 아주심기 : 8~9월 / 씨앗양 : 1.5㎗/10a(1㎗=약 3,000립) / 심는 거리 : 150×30cm(2,200주/10a), 150×20cm(3,300주/10a) / 관리 작업 / 줄기세우기 : 수확 후 주당 7~10개의 양호한 줄기를 남기고 이후 생육되는 것은 수확 / 줄기 유인 : 도복되지 않도록 이랑 양 옆에 받침대를 세우고 끈으로 유인 / 원거지 및 곁가지 제거 : 지상부 150cm 정도에서 최종적으로 자르고 60cm 이하 곁가지는 제거 / 여름철 주기적 약제 살포 / 지상부 제거 : 가을철 지상부가 황변하면 지제부 제거 / 휴면 포기의 겨울철 언피해 방지 : 겨울철에 퇴비 등을 이랑 표면에 살포 / 수확 작업 / 수확 : 아주심기 후 2년 차부터, 난지 가을 아주심기에서는 아주심기 1년 후 가을부터 수확 가능 / 수확기간 : 1년차 1주, 2년차 2~3주, 3년차 4~6주, 5년 이후 8~10주 정도로 생육상태 보며 수확기간을 점차 길게 함 / 수확 : 25~27cm 자란 것을 땅속 1~2cm 깊이에서 자름 / 비료주기 (kg/10a) / 비료주기 / 비료명 / 1년 / (아주심기 연도) / 2년 / 3년 / 4년 / 이후 / 퇴비(톤) / 4~6 / 4 이상 / 질소 / 12 / 15 / 20 / 30~40 / 인산 / 8 / 11 / 20~30 / 칼리 / 10 / 13 / 18 / 25~35 / 석회 / 100 / 붕사 / 2",dtl_30632.xml,절0
아욱,,재배법,씨뿌림,"시기 / 봄재배 : 2월 중순~4월 하순 / 가을재배 : 8월 하순~10월 중순 / 씨앗양 : 7.2∼15ℓ/10a / 거리 / 이랑 너비 1~1.2m / 포기 사이 12~20cm / 관리 / 솎음 : 발아 후 2~3회 실시 / 김매기 : 제초제 사용 / 물주기 : 가물 때 물주기 / 제4종 복비 사용 / 수확 / 더운 시기에 수확할 경우 새벽이나 저녁에 하여 시듦 방지 / 개화성기가 6~7월 이므로 이 시기가 오기 전 수확하는 것이 좋음 / 비료주기 (kg/10a) / 비료주기 / 비료명 / 총량 / 밑거름 / 웃거름 / 1회 / 2회 / 3회 / 퇴비 / 1,500 / - / 질소 / 30.0 / 15.0 / 5.0 / 인산 / 칼리 / 13.0 / 7.0 / 2.0 / 석회 / 100 / 붕사 / 1.5",dtl_30631.xml,절0
양배추,,재배법,씨뿌림,"시기 / 봄재배 : 3~4월 / 여름재배 : 5~6월 / 가을재배 : 7~8월 / 월동재배 : 9월 / 모 기르기 주수 : 4,500~5,000주/10a / 씨앗양 : 0.6㎗/10a / 망사덮기 : 씨뿌림 직후 망사터널 피복 / 아주심기 및 관리 / 봄재배 : 5월 / 여름재배 : 7월(고랭지) / 가을재배 : 9월 / 월동재배 : 10~12월 / 심는 거리 : 이랑 너비 75cm, 포기 사이 45cm / 물주기 : 가물 때 물주기 / 김매기 : 제초제 사용 / 비료주기 (kg/10a) / 비료주기 / 비료명 / 총량 / 밑거름 / 웃거름 / 1회 / 2회 / 3회 / 퇴비 / 2,500 / - / 질소 / 30.0 / 11.0 / 7.0 / 6.0 / 인산 / 18.0 / 칼륨 / 23.0 / 석회 / 100",dtl_30634.xml,절0
양파,,재배법,씨뿌림,"시 기 : 8월 중순~9월 중순 / 모판면적 : 50㎡/10a / 씨앗량 : 4~6㎗/10a / 모잘록병 방제 : 씨뿌리기 전 / 모판관리 / 빛가림망덮기 : 발아 후 제거 / 물주기 : 수시 실시 / 솎음질 : 1~2회 실시 / 아주심기 / 시 기 : 10월 중순~11월 중순 / 심는거리 / 이랑너비 15~20cm / 포기사이 10~15cm / 우량묘 아주심기 / 본포 관리 / 제초제 살포 : 아주심기 전 / 중경 : 1~2회 실시 / 물주기 : 아주심기 후 및 줄기 비대기 / 수 확 / 수확적기 / 출하용 : 70~80% 쓰러짐 / 저장용 : 100% 쓰러짐 / 수확 : 맑은 날 1~2일 건조 / 비료주기 (kg/10a) / 비료주기 / 비료명 / 총량 / 밑거름 / 웃거름 / 비고 / 1회 / 2회 / 퇴비 / 2,000 / - / 질소 / 24 / 8 / 인산 / 7.7 / 칼리 / 15.4 / 5.8 / 4.8 / 석회 / 200",dtl_30633.xml,절0
연근,,재배법,기상조건,"생육적온 : 20~30℃ / 15℃ 이상 평균기온이 6개월 이상인 곳 / 시기 / 지온 12℃ 이상 / 4월 하순~5월 상순 / 종근 준비 / 씨눈이 충실하고 새끼연이 붙은 700~1,000g 정도 / 부패병이 감염되지 않은 곳에서 채취 / 10a당 300~400kg 소요 / 아주심기 / 거리 : 2×1m / 본수 : 400~500본/10a / 물관리 / 지온 확보시 : 낮에는 낮게, 밤에는 깊게 / 고온기 : 자주 갈아대기 / 비료주기 (kg/10a) / 비료주기 / 비료명 / 총량 / 밑거름 / 웃거름 / 1회 / 2회 / 3회 / 퇴비 / 3,000 / - / 석회 / 54 / 질소 / 23 / 4 / 8 / 11 / 인산 / 20 / 10 / 5 / 칼리 / 24 / 9 / 15 / 계분 / 188 / 94",dtl_30635.xml,절0
오이,,재배법,씨뿌림,"시기 : 11월 상순 / 거리 : 4~5cm×0.5cm / 트레이 : 32공 40공, 50공 / 씨앗양 : 2.0~2.5㎗/10a / 접목 육묘 / 대목(뿌리) : 흑종, 신토좌 / 접목방법 : 단근편엽맞접, 편엽맞접 / 신토좌는 흡비력이 강해 감량 비료 시비 / 묘상관리 / 아주심기 / 시기 : 12월 상순(본잎 3~4매) / 거리 : 이랑너비 150~180cm, 포기사이 30~40cm / 비닐덮기(멀칭) 및 터널재배 / 본포 관리 / 야간 12℃ 이상 보온 철저 / 점적관수, 물주기는 오전에 실시 / 투명필름덮기(멍칭), 지온 확보 / 받침대 세우기, 줄 유인 / 비료주기 (kg/10a) / 비료주기 / 비료명 / 총량 / 밑거름 / 웃거름 / 1회 / 2회 / 3회 / 퇴비 / 2,000 / - / 질소 / 24.0 / 9.0 / 5.0 / 인산 / 16.4 / 칼리 / 23.8 / 8.8 / 석회 / 200",dtl_30636.xml,절0
적채,,재배법,씨뿌림,"시기 : 3월 중순~5월 상순 / 씨앗양 : 70~80㎖/10a / 모 기르기 / 온도관리 : 25/15℃(주/야간) / 물주기 : 오전 중 20℃의 물주기 / 아주심기 / 시기 : 5월 상순~7월 상순 / 거리 : 이랑 너비 60cm, 포기 사이 50cm / 비닐덮기 : 두께 0.02~0.03mm 흑색비닐 이용 / 관리 / 가물 때 물주기 / 김매기 : 제초제 사용 / 비료주기 (kg/10a) / 비료주기 / 비료명 / 총량 / 밑거름 / 웃거름 / 1회 / 2회 / 3회 / 퇴비 / 3,000 / - / 질소 / 37 / 10 / 9 / 인산 / 20 / 칼리 / 30 / 15 / 석회 / 100 / 붕사 / 1 / 비료주는 / 시기 / 15일 전 / 아주심기 후 / 20일경 / 1회 후 / 2회 후",dtl_30638.xml,절0
쪽파,,재배법,씨뿌림,"씨뿌림 : 시설 내에서는 수시 씨뿌림 / 씨알 소요량 : 180~240kg/10a / 씨뿌리기 전 씨알 소독 / 솎음질 및 김매기 : 1~2회 실시 / 아주심기 / 이랑 너비 / 심는 거리 / 심는 주수 / 150~180cm / 15×15~20×10cm / 2~3구씩 / 재 배 / 다비성 작물로 질소질과 인산질 비료 충분히 주기 (비료성분 꾸준히 유지) / 아주심기 전 토양 살충제 살포 / 알맞은 습도 유지 / 건조하면 생육 부진 / 과습은 병해충 유발 / 수 확 / 3~4회에 나누어 수확 / 비료주기 (kg/10a) / 비료주기 / 비료명 / 총량 / 밑거름 / 웃거름 / 요소 / 45 / 11 / 34 / 용성인비 / 50 / - / 염화칼리 / 25 / 석회 / 200 / 퇴비 / 1,500 / 파의 웃거름은 김매기와 겸해서 주면 효과적",dtl_30639.xml,절0
참외,,재배법,씨뿌림,"시기 : 1월 상순~2월 상순 / 씨앗양 / 접수(참외) : 1㎗/10a / 대목(신토좌) : 8㎗/10a / 접목육묘 / 대목 : 신토좌, 참토좌 등 / 접목방법 : 맞접, 편엽맞접 / 본포관리 / 온도관리 철저 (보온 및 환기) / 점적관수 / 충분한 햇빛쬐기 / 살균제 살포 / 생장조정제처리 / 토마토톤 + GA / 저온기 50배, / 고온기 100배 / 풀메트액제 : 200배(물 2ℓ에 한병 10cc) / 씨방에 고루 묻도록 1회 처리 / 수확물 처리 / 적기수확 / 선별 및 규격포장 공동출하 / 비료주기 (kg/10a) / 비료주기 / 비료명 / 총량 / 밑거름 / 웃거름 / 1회 / 2회 / 3회 / 퇴비 / 2,000 / - / 질소 / 25.0 / 13.0 / 4.0 / 인산 / 7.7 / 칼리 / 16.0 / 8.3 / 3.7 / 석회 / 120 / 신토좌 등 흡비력이 강한 대목(뿌리)으로 접목재배 시 질소질 비료 감량해서 주기",dtl_30640.xml,절0
참취,,재배법,씨뿌림,"시기 / 봄 : 3~4월 / 가을 : 9~10월 / 지베렐린 10~30ppm에 30분간 담그기 / 씨앗양 : 2~4ℓ/10a / 아주심는 거리 / 이랑 너비 : 100cm / 포기 사이 : 20cm / 관리 / 모 기르기 : 파종상자나 105공 플러그판 / 빛가림 : 30~50% / 물주기 : 주기적인 물주기 / 웃거름 : 제4종 복비 사용 / 수 확 / 꽃대신장된 연한 잎과 줄기 / 20℃에 급속 냉동 보관 / 비료주기 (kg/10a) / 비료주기 / 비료명 / 총량 / 밑거름 / 웃거름 / 1회 / 2회 / 퇴비 / 3,000 / - / 질소 / 22 / 16 / 3 / 인산 / 12 / 칼리 / 18 / 석회 / 150",dtl_30641.xml,절0
청경채,,재배법,씨뿌림,"시기 : 4월 하순~9월 상순 / 씨앗양 : 160~200㎖/10a / 모 기르기 / 온도관리 : 25/15℃(주/야간) / 물주기 : 오전 중 20℃의 물주기 / 아주심기 / 시기 : 5월 상순~9월 하순 / 심는 거리 : 이랑 너비 15cm, 포기 사이 15cm / 비닐덮기 : 두께 0.02~0.03mm 흑색비닐 이용 / 관리 / 가물 때 물주기 / 김매기 : 제초제 사용 / 비료주기 (kg/10a) / 비료주기 / 비료명 / 총량 / 밑거름 / 웃거름 / 1회 / 2회 / 3회 / 퇴비 / 1,500 / - / 질소 / 12~15 / 인산 / 10~12 / 칼리 / 석회 / 150 / 비료주는 / 시기 / 10일 전",dtl_30643.xml,절0
치커리,"쌈용, 잎치커리",재배법,씨뿌림,"씨앗양 : 0.4~0.6dL/10a / 파종상 : 3.3m2/10a(200공 플러그 모 기르기 시 40m2/10a) / 모 기르기 / 플러그트레이(128공, 162공, 200공) : 본잎 3~5매 시 / 아주심기 / 시기 : 본잎 3~5매(플러그 묘) / 이랑 너비 : 120cm 내외 / 포기 사이 : 20×20cm 내외 / 10a당 주수 : 약 20,000주 / 관리 / 물주기 : 스프링클러, 분수호스, 점적관수 / 비료 주기 : 밑거름 50%(퇴비, 석회, 인산 100%), 웃거름 10일 간격 / 고온기 빛가림 : 30% 빛가림 / 병해충 방제 / 휴경기 담수 : 선충밀도 경감 / 돌려짓기 및 유기물 시용 / 농약방제(농약안전사용기준 준수) / 수확 후 관리 / 저온저장고 이용 : 0℃ / 표준출하규격 지켜서 수확물 포장 / 비료 주기 (kg/10a) / 비료주기 / 비료명 / 총량 / 밑거름 / 웃거름 / 1회 / 2회 / 3회 / 퇴비 / 1,500 / - / 질소 / 14.8 / 5.2 / 3.2 / 인산 / 3.0 / 칼리 / 11.8 / 6.5 / 2.0 / 1.3 / 석회 / 200",dtl_258609.xml,절0
치커리,"치콘,뿌리치커리",재배법,씨뿌림,"시기 : 5월 중순~7월 중순 / 씨앗양 : 60mL/10a / 모 기르기 / 온도관리 : 25/15℃(주/야간) / 물주기 : 오전 중 20℃의 물주기 / 씨뿌리 수확 및 저장 / 아주심기 후 120일 수확, 생장점 위로 4cm 남기고 뿌리수확 / 15cm로 균일하게 절단하여 저장 / 6개월 이상 장기저장 피트모스로 충진하여 -1℃, 단기저장 0℃ / 아주심기 / 시기 : 6월 중순~8월 중순 / 심는 거리 : 이랑 너비 30cm, 포기 사이 20cm / 비닐덮기(멀칭) : 두께 0.02~0.03mm, 흑색비닐 이용 / 관리 / 가물 때 물주기 / 김매기 : 제초제 사용 / 비료주기 (kg/10a) / 비료주기 / 비료명 / 총량 / 밑거름 / 웃거름 / 1회 / 2회 / 퇴비 / 1,500 / - / 질소 / 20 / 10 / 5 / 인산 / 23 / 칼리 / 13 / 석회 / 200 / 비료주는 / 시기 / 1주일 전 / 아주심기 후 / 30일경 / 1회 후 / 20일경",dtl_30644.xml,절0
컬리플라워(백색꽃양배추 고랭지재배),백색꽃양배추 고랭지재배,재배법,씨뿌림,"시기 : 3월 중순~5월 중순 / 씨앗양 : 40mL/10a / 모 기르기 / 온도관리 : 낮 25°C, 밤 10~18°C / 물주기 : 오전 중 20°C 정도의 물주기 / 아주심기 / 시기 : 5월 중순~6월 상순 / 거리 : 이랑 너비 80cm(1조)·120cm(2조), 포기 사이 40~45cm / 비닐덮기(멀칭) : 두께 0.02~0.03mm, 흑색비닐 이용 / 관리 / 가물 때 물주기 / 김매기 : 제초제 사용 / 노지 또는 비가림재배 / 비료 주기 (kg/10a) / 비료주기 / 비료명 / 총량 / 밑거름 / 웃거름 / 1회 / 2회 / 3회 / 질소 / 6.2 / 4.0 / 1 / 0.6 / 인산 / 3.0 / 칼리 / 5.2 / 2.4 / 0.8 / 퇴비 / 1,500 / 석회 / 200 / 붕사 / 3 / 비료주는 시기 / - / 15~20일 전 / 후 20일경 / 1회 후 / 20일경 / 2회 후",dtl_258607.xml,절0
토란,,재배법,아주심기,"시기 : 노지(5월 상순), 피복재배(4월 중순) / 씨앗양 : 300~400kg/10a (개당 30~40g 크기) / 거리 / 새끼토란용 70~90×30~45cm / 어미새끼토란용 90~120×45~60cm / 아주심기 시 유의사항 / 갈이 흙이 깊을수록 주간을 좁게하고 낮을수록 넓게 한다. / 관 리 / 멀칭 및 터널 : 35℃ 이하로 관리, 물주기 실시 / 북주기 : 1회 5cm, 2회 10cm, 3회 10cm / 습기에는 강한 편이나 장기간 습도가 높으면 토란이 길어짐 / 침수에 강하여 5일 정도 침수되어도 이상 없음 / 건조에는 약하여 생육이 매우 불량 해짐 / 비료주기 (kg/10a) / 비료주기 / 비료명 / 총량 / 밑거름 / 웃거름 / 1회 / 2회 / 3회 / 4회 / 퇴비 / 2,000 / - / 질소 / 16 / 4 / 1 / 3 / 5 / 인산 / 12 / 10 / 칼리 / 18 / 9 / 2",dtl_30645.xml,절0
방울토마토,,재배법,씨뿌림과 모 기르기,"씨뿌림시기는 아주심기일을 기준으로 결정 / 육묘 기간 : 억제재배 40~50일, 조숙·비가림재배 50~60일, 촉성·반촉성재배 55~65일 / 좋은 묘 선택 / 초형이 직사각형이고 꽃이 정상적으로 발달 / 줄기와 잎이 과번무하지 않고 잎은 두껍고 흐늘거리지 않음 / 제1화방에 충실한 꽃과 꽃봉오리가 여러 개 있음 / 아랫잎이 황변하지 않고, 잎의 색은 진한 녹색으로 보랏빛이 없음 / 충실한 떡잎이 맨 아래 붙어 있고, 줄기의 굵기는 0.8~1.0cm가 좋음 / 뿌리는 잘 발달되어 있고, 포트에서 뺐을 때 겉뿌리가 밝은 흰색이 좋음 / 병이나 해충의 피해를 받지 않았고 물리적 손상이 없음 / 아주심기 / 본포 준비 / 비료는 토양검정 후 시비량을 추천받아 표준 시비량의 30%를 밑거름으로, 70%를 웃거름으로 나누어 줌 / 아주심기 15~20일 전 퇴비와 석회를 포장 전면에 뿌려 흙갈이 / 아주심기 7~10일 전 인산은 전량, 붕사는 1~2kg, 질소와 칼리는 표준 시비량의 30%를 밑거름으로 시비하고 흙갈이하여 이랑 조성 / 아주심기 이랑은 토양 온도와 배수를 좋게 하고 산소 공급을 원활히 하기 위해 25~30cm로 높임 / 멀칭재료는 저온기에는 투명비닐이 지온을 높이는 데 유리하고, 온난기에는 흑색비닐이나 녹색비닐, 고온기에는 백색비닐이 좋음 / 1줄(1조) 재배가 2줄(2조) 재배보다 고품질 토마토를 수확하는 데 유리하며, 토마토톤 처리와 유인 그리고 수확 등의 작업에 편리 / 아주심기 후 기온과 토양온도가 묘의 활착에 큰 영향을 줌 / 지온이 낮은 시기에는 아주심기 3~4일 전에 멀칭하여 지온을 높임 / 아주심기 모종의 생육 단계 : 봄가을에는 본잎이 8매 정도 전개되고 제1화방의 꽃이 10% 정도 개화되었을 때, 고온기·저온기에는 본잎이 6~7매 전개되고 제1화방의 꽃이 발달하였을 때 / 심는 거리 : 보통재배 100×40cm, 저단재배 100×25~30cm / 같은 면적에 같은 주 수의 토마토를 심을 경우 이랑 너비를 넓게 하고 포기 사이를 좁게 하는 것이 통풍, 수확 및 농약살포 등 작업관리상 유리함 / 환경관리 / 햇빛 / 결실기 일조 부족은 낙화, 낙과, 기형과, 공동과 발생의 원인 / 햇빛이 약한 시기 : 투광률이 높은 피복재를 사용, 보온자재는 일찍 열어줌 / 고온 및 강한 광선 : 차광하여 열과를 억제하고 온도상승을 억제 / 수분 / 아주심기 후 충분히 관수하여 묘의 활착을 빠르게 함 / 활착 후~제2화방 착과기 : 뿌리가 깊게 발달하도록 토양수분 공급에 유의 / 착과비대 이후 토양이 건조하면 과일의 비대 불량 및 배꼽썩음 발생 많아짐 / 토마토는 보통 한 주당 하루 1~2L의 물을 흡수 / 토마토 수확기에 수분이 과다하면 열과가 발생하고 단맛이 떨어짐 / 한 번에 다량의 관수를 하는 것을 금하고, 소량으로 여러 번 관수 / 비료, 웃거름 관리 / 1차 웃거름은 아주심기 후 25~30일 제3화방이 개화할 무렵에, 2차 웃거름은 1차 웃거름 후 20~25일 후에 줌 / 그러나 초세가 강할 경우 웃거름 시작을 늦추고, 약할 경우 빨리 시작함 / 웃거름은 물로 묽게 희석하여 물 비료로 주는 것이 효과적 / 열매달림 관리 / 토마토톤 처리 / 대체로 1~2화방은 인위적으로 토마토톤 처리를 통한 열매달림이 필요 / 화방당 2~3번화가 개화한 후 1회만 살포하고, 방울토마토에 처리할 경우에는 한 화방에 3회 이내로 살포 / 토마토톤 처리 시간은 꽃의 활력이 좋은 오전 중에 살포하는 것이 좋음 / 토마토톤을 잎에 살포하거나 여러 번 처리하면 식물체 내에서 이동하여 잎이 변형되는 톤 장해가 발생되며, 생장점에 묻으면 순멎이가 일어나기 쉬움 / 벌 수정 / 수정 벌의 수분 가능 기간은 꽃가루의 양에 따라 다르지만 대체로 도입한 날로부터 30~60일임 / 벌의 활동적온은 17~27℃. 벌은 고온이 되면 꽃가루를 채취하지 않으므로, 수정 벌을 투여한 시설은 최고온도를 30℃ 이하로 관리 / 약제 처리 등으로 벌 상자를 옮길 때는 완전히 어두워진 후에 실행 / 아주심기 후 식물체 관리 / 줄기 유인 / 아주심기 후 받침대나 유인 줄에 유인하여 수직으로 키워야 햇빛을 잘 받고 통풍도 잘되어 생육이 좋음 / 과방 유인 / 화방마디가 연약하면 과일의 비대가 진행되면서 화방이 꺾이거나 찢어지는 현상 발생 과방걸이 등을 이용하여 과방 내 과실 무게를 줄기로 분산하면 화방마디가 꺾이지 않게 되어 과일 비대가 정상으로 됨 / 곁가지 처리 / 토마토는 제1화방이 꽃필 무렵부터 각 잎과 줄기 사이마다 곁가지가 발생, 과일을 착과시킬 줄기만 남기고 불필요한 곁가지는 제거 / 토마토가 정상적인 생육이나, 생장이 왕성할 때는 곁가지를 빨리 제거하고, 생장이 늦을 때는 늦게 제거 / 곁가지는 맑은 날 오전에 해야 상처회복이 빠름 / 적과 / 일반 토마토는 한 화방에 3~7개의 꽃이 핌. 보통 초세의 경우 화방별로 과일 3~4개를 남기고 모양이 기형이거나 작은 것은 적과 / 과일은 비대될 때 양분을 많이 소모하므로 조기에 적과해야 다른 과실이 잘 비대되고 초세가 유지됨 / 겨울철에는 광과 온도가 불량하므로 착과수를 줄이고 일사량이 좋고 온도가 높아지는 봄·가을에는 착과수를 늘림 / 1화방은 과실이 불량하여도 착과를 시키는 것이 전체적으로 생육조절에 도움이 되므로 착과제 처리를 하여 착과 / 순지르기(적심) / 순지르기는 수확종료 예정일 약 50일 전에 마지막으로 수확할 화방 위의 잎 2~3매를 남기고 실시 / 초세가 약하거나 착과 수가 많을 때는 순지르기하고자 하는 바로 밑의 곁가지를 미리 확보한 후 원줄기를 순지르기하면 초세 회복에 유리 / 양액재배의 경우 세력이 왕성한 시기에 일찍 적심하면 아래 있는 열매가 지나치게 크게 비대하거나 열과되기 쉬우므로 세력을 보아서 순지르기 실시 / 잎 제거(적엽) / 세력이 너무 왕성하거나 밀식재배(배게심기)로 광선이 부족하면 잎이 겹치는 부분의 일부 잎을 따서 채광, 통기, 통풍을 좋게 함 / 1단 과일 비대가 완료된 후에는 1과방 아래의 노화된 아랫잎부터 순차적으로 제거하여 통풍이 잘되게 함 / 수확이 종료된 화방 밑의 잎은 모두 제거하는 것이 환기 및 채광 상태를 개선하여 과실 비대를 돕고 병해충 방제에도 도움을 줌 / 과다하게 많은 잎을 제거하면 광합성 부족으로 착색이 불량해지기 쉬우므로 주의 / 탄산가스 시용 / 탄산가스 시용은 조기 수량증대와 공동과 발생 감소에 효과가 큼 / 탄산가스는 과일이 달려 자랄 때부터 주는데 해가 뜬 후 30분부터 환기할 때까지 2~3시간 주고 환기하지 않을 경우는 3~4시간만 줌 / 적정농도는 맑은 날은 1,000~1,500ppm, 흐린 날은 500~1,000ppm. 비오는 날은 주지 않아도 됨",dtl_30646.xml,절0
파,,재배법,씨뿌림,"시기 / 봄뿌림 : 3~4월 / 가을뿌림 : 8~9월 / 씨앗양 : 6~8㎗(600~800ml)/10a / 파종상 면적 : 아주심기 포장의 1/10 / 플러그트레이 : 70~80개/10a(406구) / 물두기 및 웃거름 주기 / 가을뿌림재배 시 비닐로 덮어 보온 / 묘판 솎음질 및 김매기 : 1~2회 실시 / 아주심기 / 시기 : 봄뿌림 5~7월, 가을뿌림 8~10월 / 심는거리 / 이랑 너비 / 포기 사이 / 심는 포기 수 / 75~85cm / 7~10cm / 3~4주 / 북주기 / 횟 수 / 1회 / 2회 / 3회 / 아주심기 후 / 30일 / 60일 / 수확 / 30~40일전 / 비료주기 (kg/10a) / 비료주기 / 비료명 / 총량 / 밑거름 / 웃거름 / 성분량 / 요 소 / 54.3 / 21.7 / 32.6 / N:25 / 용성인비 / 34.7 / - / P:6.6 / 염화칼리 / 23.3 / 14.0 / 9.3 / K:14 / 석 회 / 200 / 퇴 비 / 1,500 / 파의 웃거름은 북주기와 겸해서 주면 효과적 / 3회 : 20%, 30%, 40% / 4회 : 10%, 20%, 30%, 40%",dtl_30647.xml,절0
파드득나물,,재배법,씨뿌림,"씨뿌림： 3~4월, 9~10월 바로뿌리기 / 씨앗발아 : 씨뿌린 즉시 바로뿌리기 / 씨앗양 : 2~3L/10a / 아주심는 거리 : 이랑 너비 100cm, 포기 사이 20×10cm / 관리 / 모 기르기 : 파종상자나 105공 플러그판 / 빛가림 : 30~50% 빛가림망 / 물주기 : 주기적인 물주기 / 웃거름 : 원예용 복비 / 수확 / 꽃대신장된 잎과 줄기 / 비료 주기 (kg/10a) / 비료주기 / 비료명 / 총량 / 밑거름 / 웃거름 / 1회 / 2회 / 퇴비 / 3,000 / - / 질소 / 30 / 20 / 5 / 인산 / 60 / 칼리 / 25 / 석회 / 150",dtl_258611.xml,절0
파슬리(향미나리),향미나리,재배법,씨뿌림,"시기 : 2월 중순~3월 하순 / 씨앗양 : 1.5~2ℓ/10a / 씨앗이 작고 발아 기간이 길어 10일 소요 / 모 기르기 / 온도관리 : 18℃/16℃(주/야간) / 물주기 : 오전 중 20℃ 물주기 / 잎 따주기와 곁가지 제거 / 늙은 잎과 병든 잎을 제거하여 생육촉진 / 본잎 10매 전후에서 나오는 곁순 제거 / 아주심기 / 시기 : 5월 / 거리 : 이랑 너비 45cm, 포기 사이 15cm / 비닐덮기 : 두께 0.02-0.03mm / 관리 / 여름철 고온 시 빛가림 / 가물 때 물주기 / 잎따주기 및 곁가지 제거 / 김매기 : 제초제 사용 / 수확 / 이른 아침 이슬이 있을 때 본잎 15장 이상인 것을 골라 줄기의 밑부분을 돌려가며 뜯어냄 / 한 번 수확에 한 포기에서 1~2장 수확 / 수확주기 : 3~4월은 10~20일 간격, 4월 이후는 7일 간격 / 비료주기 (kg/10a) / 비료주기 / 비료명 / 총량 / 밑거름 / 웃거름 / 1회 / 2회 / 3회 / 퇴비 / 1,500 / - / 요소 / 17.8 / 10.8 / 3 / 2 / 용과린 / 32.5 / 염화칼리 / 12.0 / 7.2 / 2.8 / 1 / 비료주는 / 시기 / 14일 전 / 본잎 / 6~7매 / 10매 / 결구 / 개시기",dtl_258608.xml,절0
파프리카,,재배법,아주심기 준비,"시설 내 공간소독 : 바이오스팟(1.5kg/톤), P3 400배 / 양액공급관 소독 : 차아염소산나트륨 100배액 1일 소독 / 모기르기 / 주간 25℃, 야간 22℃, 배지 22℃ 내외, 고온기 일평균 22℃이하 유지 / 옮겨심기 후 급액 EC : 2.0→3.0dS/m(3일 간격 2월 상중순) / 양액공급 : 2~3일 간격(블럭무게 370g 이하에 급액) / 진딧물 방제 철저(바이러스 예방) / 아주심기 / 심는 밀도 : 150 X 33cm(10주/3.3㎡) / 양액(EC 3.0dS/m)으로 아주심기 하루 전에 슬라브 포수 / 뿌리내림 후(아주심기 5일 후) 돌림병, 진딧물 예방농약 관주 / (U자 옮겨심기) / (아주심기) / (열매달림 및 곁가지관리) / 표준액 / 열매달림(착과) / 4분지 부터 줄기 당 3개 달림 / 배지 함수율 65%, EC 5~6dS/m, 배액 20~30% 내외 / 주간 25℃, 야간 17℃, 탄산가스 600ppm 유지 / 겨울철 생육관리 / 온도관리 / 열매달림기에는 일몰 후 온도를 17℃까지 빨리 떨어뜨리고 11시부터 18℃ 유지 / 영양생장기는 일몰 후 초저녁 온도를 18℃까지 서서히 떨어뜨림 / 꼬리달린과가 발생하지 않도록 열매달림기에는 저온장해에 유의 / 3월 이후 생육 후기 / 3그룹 수확기에 세력이 강한 곁가지 1본 추가유인 / 일출ㆍ일몰 시간변경에 따른 급액시간 조절로 적정 함수율 유지 / 배꼽썩음과 및 미세열과 발생 경감 / 착색 불량과 발생 경감을 위한 KCI 1~2mM 추가 공급 / 일소과 발생 경감과 광합성 효율 증대를 위한 곁가지 잎 확보",dtl_30649.xml,절0
피망,,재배법,모 기르기 관리,"포트 모 기르기가 좋으며 적어도 72공 이상 사용 / 고온기 모 기르기이므로 셀 크기가 작을수록 웃자람 우려 / 셀 크기가 작을 때에는 어린 모 아주심기 / 아주심기 준비 / 온실 및 토양소독 : 포르말린 400배액, 담액 바닥덮기(멀칭) 소독 등 / 볏짚, 석회, 붕사 사용 : 아주심기 1개월 전 / 밑거름 시용 : 아주심기 2주 전 / 이랑짓기 : 아주심기 1주 전 / 모 굳히기 : 아주심기 1주 전 / 아주심기 / 모나이 : 45~50일 모 / 거리 : 2본(150×20cm), 4본(150×40cm) / 아주심기 후 충분히 물을 주어 뿌리내림 유도 / 뿌리내림 직후 돌림병약 예방차원 주기 / 뿌리내림 후 10일간 물주기 자제 / 뿌리가 깊이 뻗도록 점적관수 자제 / 작물관리 / 곁가지 2~3절에서 순지르기(곁가지 잎 확보) / 1그룹 수확 후 1분지 아랫잎 제거 / 열매달림 관리 / 3분지부터 열매달림 / 1그룹 열매달림 : 10~15개/주 / 곁가지 1~2개 열매달림 유도 / 열매달림 유도 환경관리 / 초저녁 온도 : 15~16℃ / 야간온도 : 16~18℃ / 주간온도 : 22~26℃ / 탄산가스 : 600ppm / 시설환경 관리 / 온도관리 : 초저녁(15~16℃), 야간(16~18℃), 주간(22~26℃) / 탄산가스 : 400~500ppm / 습도관리(상대습도 : 70~80%) / 저온기에 높은 상대습도는 결로가 발생되고 잿빛곰팡이병이나 미세 열과의 원인 / 온도관리를 위해 환기를 많이 하면 증산이 많아져 낙화의 원인이 됨 / 광관리 / 광합성 증대를 위한 수광량 확보 / 100% 환기에 30℃ 이상의 고온이 지속되면 30% 정도 빛가림 필요 / 영양관리 / 10a당 비료주기 기준 총량 / 질소 32kg, 인산 26kg, 칼리 30kg / (kg/10a) / 비료 / 밑거름 / 웃거름(30~50일 간격) / 4주 전 / 2주 전 / 1회 / 2회 / 3회 / 4회 / 5회 / 퇴비 / 3,000 / 요소 / 40 / 6 / 용성인비 / 153 / 염화칼리 / 35 / 3 / 고토석회 / 150 / 붕사 / 2 / 검증되지 않은 영양제나 조제 약제 사용금지 : 약해 우려와 유효성분량에 대한 정보 부족 / 수확 및 병해충 관리 / 진녹색의 80g 내외의 과실 수확 / 주요 병해충을 미리 살펴 조기예방 / 총채벌레, 진딧물, 응애, 흰가루병 등 / 등록약제의 안전사용기준에 맞는 방제",dtl_30650.xml,절0
호박,,재배법,씨뿌림,"시기 : 촉성 10월, 반촉성 12월, 하우스 조숙 1월 하순~2월 상순 / 32공 트레이와 원예용 상토 많이 이용 / 아주심기 / 시기 : 본잎 3~5매 시 / 거리 : 덩굴성 1.5×0.45~0.6m, 비덩굴성 1.0~1.5×0.4~0.6m / 온도관리 / 아주심기 후 밤온도 15~18℃ 이상으로 유지 / 뿌리내림 후 낮온도는 23~25℃, 밤온도는 12~15℃ 유지 / 생육관리 / 유인방법 : 포복재배, 줄유인, 망유인 등 / 애호박의 정지 방법에 따른 1과중과 수량 비교 / 정지방법 / 상품과 / 수량(kg/10a) / 과중(g) / 지수 / 원가지 1본재배 / 239 / 104 / 3,059 / 113 / 원가지 1본+ / 자만 2본재배 / 268 / 116 / 4,109 / 151 / 자만 3본재배 / 253 / 110 / 4,976 / 183 / 방임재배 / 230 / 100 / 2,714 / 암꽃의 수정 능력은 개화 당일 오전 4~6시가 최고 높은 결실을 위해서는 아침 일찍 수분해야 함 / 저온기 또는 고온기에 열매가 잘 안 달린 경우 열매달림을 위한 약제 처리 / 청과용 호박은 토마토톤(50배액)과 지베렐린(50ppm) 혼합액을 주두에 살포 / 호박 시설재배 표준 비료주기 (kg/10a) / 비료명 / 총량 / 밑거름 / 웃거름 / 비고 / 1회 / 2회 / 3회 / 요소 / 43.4 / 20 / 7.8 / 성분량 / N 20.0 / P 8.4 / K 9.9 / 용성인비 / 49 / - / 염화칼리 / 16.5 / 7.5 / 3 / 고토석회 / 퇴비 / 2,000 / 웃거름 주는 시기는 식물체 생육 정도를 보며 판단 / 일반적으로 아주심기 후 2주일이 지날 때 1차 웃거름, 첫 암꽃에 열매 달린 후 2차 웃거름, 15일 정도 지난 다음 3차 웃거름 / 염류집적에 따른 이어짓기 장애가 많이 발생하므로 재배 전 토양분석을 실시하여 적정량의 비료 주기",dtl_30651.xml,절0
호박,늙은호박,재배법,재배상 특징,"호박은 암수한그루로 토양 적응성이 넓고, 재배가 비교적 용이 / 생육적온은 18~30℃로 비교적 저온에 강하지만 고온에는 약함 / 토심이 깊고 비옥한 사질양토 또는 양토가 적당 / 토양산도는 pH 5.5~6.8이 가장 적당 / 씨뿌림 / 시기 : 노지 3월 하순~4월 중순 / 시기는 모 기르기 일수(30~40일)를 감안하여 결정 / 아주심기 / 시기 : 본잎 3~5매 시 / 심는 거리 / 이랑 너비 : 3.5~4m / 심는 거리 : 0.6~1m / 10a당 300~400주 아주심기 / 관리 / 비닐덮기 및 터널 설치 / 적온관리 : 낮 25℃, 밤 13℃ / 5~7일 간격 물주기 실시 / 순지르기 : 본잎 5~6매 시 순지르기 및 아들덩굴 2개 키우기가 일반적임 / 유인 및 정지 : 방임재배보다는 재배 초기에 줄기를 정지하고 유인하여 재배 / 열매달림 : 18마디 정도에서 나오는 세 번째 암꽃에 열매가 달리게 하여야 충실한 호박이 될 수 있음 / 수확 및 저장 / 늙은 호박은 개화에서 성숙, 완숙되기까지 70~80일 걸림 / 잘 성숙된 늙은 호박은 황갈색 과피에 흰색 분가루가 생기고, 과실자루는 황갈색으로 목질화가 됨. 상처를 입지 않게 수확해야 장기간 저장할 수 있음 / 비료주기 (kg/10a) / 비료명 / 총량 / 밑거름 / 웃거름 / 비고 / 1회 / 2회 / 3회 / 요소 / 43.4 / 20 / 7.8 / 성분량 / N 20.0 / P 13.3 / K 12.6 / 용성인비 / 78.2 / - / 염화칼리 / 21 / 10 / 3 / 4 / 고토석회 / 100 / 퇴비 / 2,000 / 비료주는 / 시기 / 2주일 후 / 첫 암꽃 / 개화기 / 2회 웃거름 / 후 15일째",dtl_30652.xml,절0
호박,단호박,재배법,씨뿌림,"시기 / 평지 : 3∼4월, 전열온상 씨뿌림 (32공 플러그트레이) / 난지 : 2∼3월, 전열온상 씨뿌림 (32공 플러그트레이, 또는 12cm 흑색비닐포트) / 노지 아주심기 : 4~5월 / 수확 : 7∼8월 / 노지 터널 아주심기 : 3∼4월 / 수확 : 6∼7월 / 씨앗양 : 노지재배 3㎗/10a(1㎗=약 220립), 비가림 입체 8.5㎗/10a / 관리작업 / 심는 거리 : 2줄기 유인 노지재배 300×60cm(600주/10a), 비가림 입체 150×40cm(1,600주/10a) / 아주심기 전 바닥덮기(비닐멀칭)로 지온 확보 : 최저지온 12℃ 이상 확보 / 아주심기 10일 전부터 묘 순화 : 주간 18℃, 야간 9∼10℃, 물주기를 줄이고 웃자람 방지 / 모 기르기 일수 : 억제(20일, 2.5엽), 촉성 및 노지(30∼40일, 4∼5엽), 반촉성 및 조숙(45일, 5.5엽) / 유인 및 정지 : 방임재배 보다는 줄기와 잎을 어느 정도 제한하여 재배(적정 잎 수 확보: 1과당 15매 정도) / 유인방법 : 원줄기 재배, 2줄기 재배, 3줄기 재배, 입체유인(L자유인) 재배 등 / 수분 : 인공수분은 가급적 오전 일찍 실시(8시 이전), 생장조정제 처리 시 기형과 발생 주의 / 적과 : 열매 달린 마디 아래 곁가지와 열매는 미리 솎아주어 암꽃 충실과 열매달림 촉진 / 수확작업 / 웃거름 : 아주심기 후(1차), 개화 시에는 세력을 약하게 키움, 1번과 비대기(2차), 1번과 수확 전(3차) / 수확적기 : 과경부가 세로로 갈색 균열이 발생(수분 후 45∼50일) / 수확 후 큐어링 처리 및 저장 : 실내 그늘진 곳(온도 25℃, 70∼80%), 1주일 정도, 저장온도 12∼13℃ / 후숙으로 품질 향상 : 단호박은 저장 후 전분함량이 감소되고 당도가 향상되어 단맛이 나타남 / 비료주기 (kg/10a) / 비료주기 / 비료명 / 성분량 / 비료량 / 밑거름 / 웃거름 / 퇴 비 / - / 3,000 / 질소(요소) / 15 / 32.6 / 21.7 / 10.9 / 인산(용인) / 18 / 90.0 / 염화칼리 / 25.0 / 16.7 / 8.3 / 석 회 / 100 / 붕 사 / 2",dtl_30653.xml,절0
감귤,노지재배,재배법,과원 개원 및 간벌,"개원 시 아주심기 거리 / 2.7×2.7m → 1차 간벌 5.4m×2.7m → 2차 간벌 5.4m×5.4m / 과원 구조개선 시 : 1차 간벌 이후 4~5년 지나 2차 간벌 / 과원 구조 개선 / 방풍나무 정리 : 외곽 방풍나무 키 : 5~6m, / 외곽 방풍이 잘 안되는 곳 : 보강 심기, 파풍망 설치 / 방풍나무 필요 없는 곳 : 제거 후 작업공간 활용 및 파풍망 설치 / 성숙기 다공질 필름 바닥덮기(멀칭) / 6월 초순 장마 전 선선할 때 덮기 / 9월 초 당도 8.0°Bx 이상 2일 4톤/10a 기준 물주기(품질에 따라 물관리 요령 침고) / 비료주기 (kg/10a) / 비료주기 / 비료명 / 총량 / 봄비료 / 웃거름 / 여름비료 / 가을비료 / 퇴비 / 2,000 / - / 질소 / 23 / 11.5 / 4.6 / 6.9 / 인산 / 20 / 칼리 / 19 / 5.7 / 7.6",dtl_30654.xml,절0
단감,,재배법,묘목심기,"시기 : 봄, 가을 / 거리 / 비옥지 / 척박지 / 품종 / 심는거리 / 주수 / 6×5m / 33 / 5×5m / 40 / 서촌조생, 이두 / 6×6m / 28 / 5×6m / 부유, 차랑, 상서조생, 갑주백목 / 수분수 섞어 심기 / 수분수 : 선사환, 사에후지, 조홍시, 정월 / 섞어 심기 비율 : 재식주 수의 5~10%, 1~2품종 / 감나무 생육에 적당한 토양 화학성(성목 기준) / 항 목 / 적정치 / 토양산도(pH) / 6.0~6.5 / 유 기 물(OM, %) / 2.5~3.5 / 유효인산(mg/kg) / 450~550 / 칼 리(cmol+/kg) / 0.70~0.80 / 칼 슘(cmol+/kg) / 5.0~6.0 / 마그네슘(cmol+/kg) / 1.5~2.0 / 양분보유력(cmol+/kg) / 10~15 / 부유 품종의 영양진단 기준 / 영양과다 / 정 상 / 선단부 새가지 길이 / 40㎝ 이상 / 30~40㎝ / 새가지 신장 정지 시기 / 6월 상순 이후 / 5월 중하순 / 2차 생장기 / 많음 / 거의없음 / 웃자람가지 / 잎 크기 / 지나치게 크고 두꺼움 / 중간 정도 / 잎색 / 낙엽 때까지 진한 녹색 / 낙엽 때 황홍색",dtl_30656.xml,절0
매실,,재배법,심기,"거리 / 비옥지 : 5~6x6m, 계획밀식 6x3m / 척박지 : 5x5, 6x3m, 계획밀식 5x2.5m / 수분수 섞어 심기 / 25~30% 섞어 심기 / 3~4품종을 섞어 심어야 열매맺음 안전 / 겨울전정 / 시기 : 12월 상순~2월 하순 / 주의점 : 과실 열매달림을 고려하여 전정 실시 / 주요 병충해 방제 / 병충해: 복숭아씨살이좀벌 / 시기 : 4월초 / 방제법 : 4월 초부터 전용 살충제(티아클로프리드, 아세타미프리드 수화제 등)를 1주 간격으로 2~3회 살포 / 주의점 : 방제시기를 놓치면 수확량을 크게 감소시키는 원인이 되므로 철저히 방제 / 가을전정 / 시기 : 9월 상중순 / 주의점 / 세력이 강한 나무만 실시 / 수관내부 채광을 개선하기 위해 약전정 / 비료주기 (kg/10a) / 비료주기 / 시기 / 질소 / 인산 / 칼리 / 4월 하순~5월 상순 / 8 / 4.8 / 6.4 / 7월 중하순 / 6 / 3.6 / 11월 상순~12월 상순",dtl_30658.xml,절0
무화과,노지재배,재배법,재배안전 지대,"연평균 기온 14℃ 이상 지역 : 남부서해안 및 남해안 지역 / 최저 극기온 -8℃ 이상 지역 / 주요 품종 : 승정도후인, 봉래시, 바나네, 브라운터키, 브런스윅 / 토양산도 : pH 7.0~7.5 / 수형관리 / [一]문자형 : 2×4m(125주/10a), 결과지 간격 30cm 엇갈려 배치 / 개심자연형 : 4×4m(62주/10a), 결과지 수 25개/주당 / 성숙촉진 / 처리시기 : 열매지름 35mm 이상, 과정부가 붉은색을 띨 때 / 처리방법 : 식물성 식용유나 에세폰 500~1,000배액 처리 / 거름주기 (kg/10a당, 다 자란 나무 4년생 기준) / 거름주기 / 시기 / 비종별 사용량 / 12월(밑거름) / 요소 45, 용성인비 30, 염화칼륨 15(21-17-17, 98kg) / 6월 상순(웃거름 1) / 요소 7, 용성인비 10, 염화칼륨 4 / 7월 중순(웃거름 2) / 염화칼륨 8 / 8월 하순(웃거름 3) / 요소 4, 용성인비 10, 염화칼륨 2 / 10월 하순(가을비료) / 요소 7, 용성인비 19, 염화칼륨 3 / 퇴비 및 마그네슘 시용시기 : 12월",dtl_30659.xml,절0
무화과,무가온 시설재배,재배법,피복재배,"뿌리부위 온도 13℃ 이상일 때 발아 / 지상부위 비닐피복 및 터널재배를 통한 조기발아 유도 / 발아 후 저온피해 예방을 위한 덮는 시기 : 2월 중순 이후 실시 / 시설재배에서는 웃자람이 우려되므로 질소비료 감량 시용 / EC관리 / 발아기 0.5, 착과기 1.0, 수확기 1.5~2.0 / 온도 관리 / 최고기온 30℃ 이하로 관리하여 각 마디에 열매달림 유도 / 발아 및 성숙에 필요한 최저온도 13℃ 이상 유지 / 뿌리 부위 온도 26℃ 이상이면 뿌리 신장이 억제 / 시설재배에서 발생되는 병해충 방제 : 응애, 총채벌레",dtl_30660.xml,절0
배,,재배법,유망품종,"숙기 / (나주) / 과중(g/개) / 당도 / (°Bx) / 저장력 / (일) / 조이스킨 / 9월 상순 / 320 / 15.2 / 15 / 황금배 / 9월 중순 / 430 / 14.9 / 30 / 그린시스 / 9월 하순 / 470 / 12.4 / 80 / 화 산 / 543 / 12.9 / 신 화 / 626 / 13.0 / 열매솎기 / 1 차 / 2 차 / 시기 / 남기는 / 과실수 / 꽃이 진 후 / 10일경 / (5월 상중순) / 1개 열매 / 송이에 1과 / (3~4번과) / 20일경 / (5월 중하순) / 3~4개 열매 / 송이에 1개 / 열매가지의 배치 간격과 교체방법 / 열매가지는 5-6년 사용 가능 ('신고' 배는 6년 이상). / 웃자람 가지가 있는 3년생 가지는 갱신 필요. / 열매가지와 버금가지는 직각으로 배치, 1∼5년생 열매가지를 고루 배치",dtl_30661.xml,절0
복숭아,,재배법,품종,"주요 재배품종(전북 완주 기준) / 숙기 / 과중(g) / 당도(°Bx) / 미홍 / 6월 하순 / 250 / 11.0 / 유미 / 7월 상순 / 280 / 11.5 / 아까즈까 / 7월 중순 / 300 / 12.0 / 천홍 / 8월 상순 / 애천중도 / 미백도 / 천중도백도 / 8월 중순 / 유명 / 8월 하순 / 수미 / 9월 상순 / 12.5 / 장호원황도 / 9월 중순 / 2004년 재배면적 400ha 이상 품종 감소추세 / 월봉, 창방, 월미, 대구보, 유명 / 심는거리 / 척박지 / 비옥지 / 거리 / 주수(10a당) / 6×5m / 33 / 6×7m / 24 / 열매맺음 조절 / 개화 전 봉오리따기를 시작해 꽃솎기, 열매솎기 과정을 거쳐 최종 열매 맺는 양 확보 / 봉오리따기를 하지 않았을 경우 활짝 핀 후 2~3주경에 1차 열매솎기, 활짝 핀 후 4주경 꽃가루가 있는 품종부터 2차 열매솎기, 봉지씌우기 직전까지 마무리 열매솎기 및 가지받침 / 구분 / 단과지 / 중과지 / 장과지 / 최종 열매수 / 1개/3가지 / 0~1 / 1~2 / 병해충 / 세균구멍병 / 피해 심한 농가는 낙엽 직전 보르도액 2~3회 살포로 월동밀도 낮추고 석회유황합제와 석회보르도액 등 겨울약제 철저 방제, 생육기 아연석 회액 또는 농용신수화제 살포 예방방제 / 잿빛무늬병 / 석회유황합제 살포, 5월에서 7월 집중방제, 수확 20일 전까지 방제 / 검은별무늬병 / 석회유황합제로 예방, 꽃 진 후부터 6월 하순까지 약제 방제 / 탄저병 / 꽃 피기 전 석회유황합제로 예방, 꽃 진 후 다코닐과 안트라콜 살포, 이병 가지 불태우고 이병 과실 발견 즉시 땅에 묻음 / 복숭아심식나방 / 6월 중순~수확 2주 전까지 방제, 봉지씌우기로 예방, 토양 살충제처리 / 유리나방 / 3월 하순 월동유충 활동 초기에 주간부 약제 충분히 묻게 살포 / 복숭아순나방 / 이른 봄철 거친 껍질을 제거하여 월동유충 방제, 페로몬트랩으로 미리 살펴 제때 방제 및 교미교란제 활용",dtl_30662.xml,절0
블루베리,,재배법,재배적지,"토양 유기물 : 최소 5% 이상 함유 / 토양산도 : pH 4.2~5.2 / 저온 요구도 : 휴면 타파를 위한 적산온도(7.2℃ 이하) / 북부 하이부시 : 800~1,200시간 / 남부 하이부시 : 200~600시간 / 래빗아이 : 400~800시간 / 심는 거리 / 북부 하이부시 : 주간 1.5~2.0m, 열간 2.5~3.0m / 래빗아이 : 주간 2.0~2.5m, 열간 3.0~3.5m / 물주는 양 / 움트기에서 열매맺음 초기 : 1주일에 20mL / 과실 발육기 : 1주일에 50mL / 수확 후부터 홍엽기까지 : 1주일에 15mL / 심는 방법 / 지름 50~60cm, 깊이 30~40cm / 최소 2년생 이상의 묘를 식재 / 뿌리 덩어리를 풀어서 심음 / 다 자란 나무가 차지하는 공간(이랑재배 시 이랑 전체)에 피트모스 등 유기물을 토양과 잘 혼합한 후 구덩이를 파고 심음 / 피복관리 / 우드칩, 바크, 소나무 잎 : 유기물을 10~15cm 두께로 덮기 / 흑색 부직포 : 재배포장 전체를 덮어 김매기 및 지온관리 / 수확기 / 과일의 표면이 착색되고 4~5일이 경과한 시기 / 최고 당도, 최대 과실 크기 / 비료 주기 (kg/10a) / 비료주기 / 구분 / 시비 / 요소 / 용성인비 / 염화칼슘 / 밑거름 / 3월 상순 / 9.8 / 22.5 / 7.5 / 1차 웃거름 / 5월 중순 / 4.8 / 11.0 / 3.6",dtl_258549.xml,절0
사과,,재배법,묘목심기,시기 : 봄심기 / 거리 / 지력 / 품 종 / 재식거리 / (m) / 재식주수 / (주/10a) / 중 / 홍로 등 후지 / 3.2×1.2 / 3.5×1.5 / 260 / 190 / 고 / 3.8×1.5 / 3.8×1.8 / 175 / 146 / 수분수 섞어 심기 / 재배품종은 5열중 1열씩 배치 / 꽃사과 : 이웃 열과 다이아몬드형(◇)으로 10~13주 건너 나무사이 배치 / 토양 개량 목표 / 항 목 / 목 표 치 / 유 효 토 심 / 60 cm 이상 / 지 하 수 위 / 1 m 이하 / 토 양 산 도 / pH 5.8~6.3 / 염기치환용량 / 20 me/100g / 염 기 포 화 도 / 60~80% / 유 기 물 / 3 % 이상 / 인 산 / 200 ppm / 마 그 네 슘 / 2 me/100g / 칼 슘 / 8~10 me/100g / 붕 소 / 0.5 ppm / 비료주기 (g/주) / 비료주기 / 대목 / 성분 / 웃거름 / 1 / 2 / 3 / 4 / 5 / 6 / 7년이후 / M. 9 / M.26 / 질소 / 20 / 50 / 100 / 150 / 180 / 220 / 250 / 25 / 75 / 90 / 110 / 125 / 칼리 / 40 / 80 / 120 / 200 / 성목 : N:P:K= 12~15 : 6~8 : 10~12kg/10a / 물주기 / 토 양 / 물주는 양(mm) / 물주는 간격(일) / 사 질 / 양 토 / 30 / 7 / 점 토 / 35 / 9,dtl_30663.xml,절0
살구,,재배법,묘목심기,"시기 : 봄심기 및 가을심기 / 거리 : 정방형식 6.0×6.0m, Y자형 6.0×1.5~2.0m / 수분수 섞어 심기 : 주품종에 대하여 20~30% 수분수 섞어 심기 / 겨울약제 살포 / 석회보르도액 : 만개 직전 살포 / 석회유황합제 : 만개 20~30일전 살포 / 기계유유제 : 만개 50~60일전 살포 / 비료 주기 (다 자란 나무 기준 kg/10a) / 비료명 / 총량 / 밑거름 / 웃거름 / 질소 / 12.5 / 10 / 2.5 / 인산 / 6.2 / 0 / 칼리 / 10.0 / 6 / 4 / 퇴비 / 2,000 / 석회 / 200 / (2~3년에 한번) / 붕소 / 2",dtl_30664.xml,절0
체리,체리,재배법,개원 전 주의사항,"과수원 선정 / 재배안전 지역을 우선 고려(겨울철 -20oC이하로 떨어지지 않는 곳) / 내한성이 약해 추풍령 이북 내륙은 언피해 불안전 / 논전환의 경우 배수 대책 철저 / 묘목 : 제뿌리 대목묘 선정, 이중 접목묘 피함 / 품종 : 수분수 25~30% 섞어 심기 / 열매솎기 / 시기 : 만개 3~4주 후(생리낙과 종료 후) / 정도 : 1화속상단과지당 3~4과 남김 / 주의 : 가로, 위 방향의 큰 과실을 남김 / 순지르기 / 시기 : 만개 3~4주 후 / 곁가지, 원가지 등 연장지는 순지르기하지 않음 / 착색관리 / 잎솎기 : 수확 전 7~10일 / 반사필름 / 착색개시기 / 설치면적 : 포장용적의 50% 정도 / 여름전정 / 특징 / 절상면 유합이 빠름 / 수세 반발이 약함 / 수세가 강한 나무는 여름전정 위주로 / 비료주기 (kg/10a) / 비료량 (다 자란 나무, kg/10a) / 비료주기 / 구분 / 질소 / 인산 / 칼륨 / 비옥지 / 15 / 6 / 12 / 척박지 / 20 / 8 / 16",dtl_30665.xml,절0
자두,,재배법,묘목심기,"시기 : 봄심기 및 가을심기 / 거리 : 일반재배 7.0×7.0m Y자형 6×3~4m / 수분수 섞어 심기 / 주품종에 대하여 수분수 2~3품종을 20~30% 섞어 심기 / 꽃가루 / 받는 품종 / 꽃가루를 주는 품종 / 대석 / 조생 / 포모사 / 솔담 / 산타 / 로사 / 퍼플퀸 / 추희 / 대석조생 / × / ㅇ / ◎ / △ / 산타로사 / - / × : 불친화성, △ : 약간의 친화성, ㅇ : 친화력 높음, ◎ : 친화력 매우 높음 / 겨울약제 살포 / 기계유유제 : 만개 40~60일 전 살포, 수세가 약한 경우 생략 / 석회유황합제 : 만개 20~30일 전 살포 / 석회보르도액 : 만개 1주~직전 살포 / 표준 비료 주기 (다 자란 나무 기준, kg/10a) / 표준 비료 주기 / 비료명 / 총량 / 밑거름 / 웃거름 / 가을거름 / 질소 / 15 / 10.5 / 1.5 / 3 / 인산 / 7.5 / 칼리 / 12 / 7.2 / 4.8 / 퇴비 / 2,000 / 석회 / 200 / 2~3년마다 비료 주기 / 붕소 / 2",dtl_30667.xml,절0
포도,무가온,재배법,전정,"겨울전정 : 단초전정(2눈 전정) / 여름전정 : 부초관리 / 송이다듬기 및 송이솎기 / 송이다듬기 : 만개 10일 후~20일까지 지경솎기 + 알솎기 / 송이솎기 : 캠벨얼리 1.5송이/신초, 거봉 0.5송이/신초 / 꽃떨이현상 방지 / 심는 거리(다 자란 나무) : 캠벨얼리 2.7~5.4m, 거봉 3.3~6.6m / 간벌 시기 : 수확 직후, 겨울전정 / 대립계 포도 : 하향유인 전정, 착립증진제 살포 / 수확기 판정 / 품질기준 / 캠벨얼리 : 당도 15°Bx, 칼라차트 10단계 / 거봉(무핵) : 당도 18°Bx, 칼라차트 9단계 이상 / 비료주기 (kg/10a) / 비료주기 / 비료명 / 총량 / 밑거름 / 웃거름 / 1회 / 2회 / 퇴비 / 2,000 / - / 질소 / 10 / 6.0 / 2.0 / 인산 / 칼륨 / 8.0 / 4.0 / 석회 / 80.0",dtl_30669.xml,절0
포도,표준가온,재배법,전 정,"겨울전정 : 단초전정 / 여름전정 : 곁순제거 / 주간거리 / 적정 주간거리 확보로 꽃떨이현상 및 곁순발생 억제 / 주간거리(m) : 캠벨얼리·델라웨어 2.7~5.4, 샤인머스켓·거봉 5.0~7.0 / 간벌은 주지연장지를 활용하여 수확 직후 또는 겨울전정 때 실시 / 생장조정제 처리 / 구 분 / 처리시기 / 처리농도 / 1차 처리 / 개화 75∼100% / 지베렐린 25ppm+착립촉진제* 1ppm / 2차 처리 / 1차 처리후 14일경 / 지베렐린 25ppm+비대제* 2ppm / 착립촉진제·비대제 : 더크리, 풀메트, 빅그레이프 중 택 1 / 송이다듬기 및 송이솎기 / 송이다듬기 : 만개 후 20~40일까지 지경솎기를 병행하여 알솎기 / 송이솎기(송이/신초) / 델라웨어 2.0, 캠벨얼리 1.5, 샤인머스켓·거봉 1.0 / 수확기 판정 / 품질기준 / 캠벨얼리 : 당도 15°Bx, 칼라차트 10단계 / 거 봉(무핵) : 당도 18°Bx, 칼라차트 9∼10단계 / 샤인머스켓(무핵) : 당도 18°Bx, 칼라차트 3∼5단계 / 비료주기 성분량 (kg/10a, 11년생 이상) / 비료주기 / 성분명 / 총량 / 밑거름 / 웃거름 / 질 소 / 13 / 8 / 5 / 인 산 / 7 / 0 / 칼리 / 10 / 석회 / 60 / -",dtl_258613.xml,절0
플럼코트,,재배법,기계유유제 살포 방법,"석회유황합제 살포 20~30일 전(20일 중순) / 25배액(물 450L에 기계유유제 18L 1통) / 석회유황합제 살포 방법 / 발아하기 전 살포(3월 상순) / 물 20L에 유황가루 4.5kg, 생석회 2.25kg을 넣고 1시간 정도 끓임(적갈색 액체) / 물 20L에 만들어둔 석회유황합제 2.5L 희석 / 낙화 후 4월 하순 생육기 약제 살포 / 세균구멍병, 잿빛무늬병, 검은별무늬병, 진딧물, 깍지벌레, 순나방 등 방제 / 5월 중순~6월 상순 생육기 약제 살포 / 잿빛무늬병, 진딧물, 깍지벌레, 응애 등 방제 / 수확 20일 전 과실 잔류농약 고려 방제 / 밑거름 주기(다 자란 나무 기준/10a) / 퇴비 2t, 석회 200kg, 붕소 2kg / 질소 10kg, 인산 6kg, 칼리 6kg / 덕 시설 / 심는 거리 : 열간 6~7m, 주간 5~6m / 분지 : 50~70cm / 덕 높이 : 350cm 내외 / 받침대 간격 : 열 6~7m, 간격 6m / 받침대 : ø40mm, ø32mm",dtl_258633.xml,절0
한라봉(부지화),부지화,재배법,재배적 특성,"학명 / (C. unshiu X C. sinensis X C. reticulata) / 분류 / 운향과 / 생육온도 / 발아적온 / 15℃ 이상 / 모 기르기 적온 / 비대적온 / 20~25℃ / 저장적온 / 4~5℃ / 재배적지 / 온주밀감보다 추위에 약하므로 겨울철이 따뜻한 지역(-3℃ 이하 안 되는 곳) / 연평균 16℃ 이상 지역 / 생리적특성 / 청견 폰칸 교배육성, 당도가 높고 품질 우수 / 열매가 달리기 시작하면 수세가 약해지기 쉬움. / 크기는 300g 내외, 당도 13~14°Bx / 품질향상 / 기술 / 고접갱신 과원은 조속한 시일 내에 일반묘 육성수로 대체 / 품질향상을 위한 시기별 적정 수분 및 하우스 온도관리 / 수세회복 유지를 위한 유기물 시용 등 종합 토양관리 / 수확 출하 시 품질 균일화 위한 비파괴 선과 출하 / 작형별 출하시기 / 작 형 / 발아기 / 개화기 / 숙기 / 성출하기 / 무가온재배 / 3월 하순 / 4월 하순 / 2월 이후 / 2월 중순 / 가온재배 / (2월 가온) / 3월 중순 / 12월 이후 / 12월 중순 이후",dtl_30670.xml,절0
거베라,,재배법,씨뿌림,"적색계 : 나타샤, 레드벨벳 / 황색계 : 레모나, 써니데이 / 백색계 : 휘트니, 스노우드림 / 분홍색 : 하모니, 핑크홀릭, 샤이핑크 / 오렌지 : 선셋오렌지, 시티팝 / 자주색 : 퍼플퀸, 브리즈 / 아주심기 후 2~3년 재배하므로 품종 선택 시 다양한 꽃색이 적절히 배합되게 하는 것이 매우 중요 / 번 식 / 조직배양, 포기나눔, 삽아, 실생 / 조직 배양묘를 주로 재배 / 고품질 거베라 생산기술 / 토양 : 사양토, pH6~7, 비옥하고 배수가 쉬운 토양 / 심는 거리 : 70~80cm 이랑에 30~40cm 간격으로 2줄 아주심기 / 재배환경 관리 / 낮온도 : 20~22℃ / 밤온도 : 15℃ / 광도 : 35,000Lux 이상 / 병해충 방제 / 발병 시기 / 총채벌레 : 하우스에서 연중 / 차먼지응애 : 고온건조 시 / 진딧물 : 하우스에서 연중 / 돌림병 : 배수 불량 시 / 흰가루병 : 겨울 하우스 내 과습 및 환기 불량 시 / 방제법 / 저항성 품종 선택 / 전염원 조기 제거 / 과습방지를 위한 환기 / 예방 위주 적용약제 방제 / 꽃 수확 요령 / 채화 시 유의사항 : 첫째, 두째 꽃봉오리는 제거하고 셋째부터 수확 / 채화 시기 : 홑꽃은 통상화의 수술이 2~3줄 보일 때, 겹꽃은 꽃잎이 충분히 전개되었을 때 / 채화 방법 : 손으로 비틀어 꽃대 밑둥까지 완전히 땀",dtl_30671.xml,절0
국화,,재배법,품종,"하국 : 백광, 유카 등 / 하추국 : 백선, 백마, 백강 등 / 추국 : 신마 등 / 스프레이국 : 글로리핑크, 피치팡팡, 보라미, 포드, 금수, 아르거스 등 / 번 식 / 꺾꽂이 : 꺽꽂이묘, 소일블럭묘 이용 / 삽수 저장 / 삽수량 확보 및 휴면타파 용도 / 무근 삽수 : 3℃, 약 95%습도 / 유근 꺾꽂이묘 : 5-7℃, 약 90%습도 / 고품질 꽃 생산기술 / 무병종묘 이용 / 아주심기 주수 : 무순지르기 재배 시 35,000~40,000주/10a / 생육단계별 적정온도 관리 / 개화기 18℃ 이상 / 개화조절을 위하여 일장과 온도 조절 / 비배관리 / 유기물 시용 균형적인 비료주기 / 점적관수 : 액비시설 혼입 / 전조 재배기술 / 조명밝기 : 100W, 10~13㎡ 당 전등 한 개 / 전등위치 : 식물체위 90cm / 조명방법 : 심야 4시간 조명 / 빛가림 재배기술 / 빛가림 시간 : 오후 6시~오전 7시 / 일장 시간 : 12~13시간 단일처리 / 빛가림 재료 : 암막빛가림 전용 스크린 재질 이용 / 병충해 방제 / 주요 병해충 / 흰녹병, 시들음병, 잿빛곰팡이병, 바이러스, 바이로이드 등 / 진딧물, 응애, 총채벌레, 잎굴파리 / 방제대책 / 무병묘 식재 / 토양소독 및 예방 위주의 약제살포",dtl_30672.xml,절0
글라디올러스,,재배법,품종 선택,"스픽앤스판, 헌팅송, 화이트프렌드쉽, 화이트고데스, 핑크레이디, 그린스타애드립샐먼, 화이트앤쿨, 핑크벨토체 / 알뿌리 품질 선별 및 작형별 규격 / 목자 양성구(원형구) 이용 / 외관상 병해충 피해 없을 것 / 싹이나 뿌리가 나지 않은 것 / 반촉성재배용 : 1~2등구 / 노지재배용 : 3~4등구 / 억제재배용 : 2~3등구 / 꽃 재배기술 / 온도관리 / 생육 최적온도 : 20~27℃/15℃ / 생육 최저온도 : 8℃(3℃ 이하 발육정지) / 2~3엽기, 5~6엽기의 저온 주의 / 광(전조재배) : 출수기 이후 장일 조건에서 꽃눈발육 촉진 / 4~7엽기 사이의 약광 블라인드 유발 / 수분 : 마지막 절화 전까지는 지속적으로 공급, 그 후 완전 건조 / 아주심기 후 출수기까지 지속적 공급 / 출수 이후 개화기까지 점차적으로 줄임 / 병해충 방제 / 주요 병해충 / 바이러스, 알뿌리 부패병, 목썩음병, 뿌리응애, 총채벌레, 응애 / 방제대책 / 돌려짓기, 무병씨알, 내병성품종 / 염류제거, 부숙퇴비 사용금지 / 바이러스 이병주 조기제거 / 해충 미리 살핌 및 조기 방제 / 꽃 수확방법 / 수확시기 / 여름 : 1~2번화까지 물들었을 때 / 겨울 : 4~5번화까지 물들고 1번화 피기 직전",dtl_30673.xml,절0
금어초,,재배법,모기르기,"씨앗소요량 : 20㎖/10a(2,000개/㎖) / 씨뿌림용 : 산흙 40 + 부엽토 30 + 모래 30% / 씨뿌림 : 파종상에 줄뿌림 또는 흩어뿌림 / 흙덮기 : 흙덮기를 하지 않으며 신문지 등으로 덮음 / 물주기 : 저면 물주기가 좋으며 발아하면 분무하여 물주기 / 광 : 발아하면 서서히 광에 순화, 광이 부족하면 떡잎 전개가 나빠짐 / 온도 : 주야간 20℃ 이하로 관리하면 4~5일 후 발아 / 옮겨심기 / 시기 : 떡잎 사이에 본잎이 조금 나온 상태 / 거리 : 5 x 5㎝ / 뿌리가 마르지 않게 하고 얕게 심음 / 빛가림 : 옮겨심기 후 2~3일 / 물주기 : 오전 중에 실시하고 그 이외는 약간 건조하게 관리 / 고품질 꽃 생산기술 / 토양 / 배수와 통기가 양호한 토양 / 토양산도 : 5.5~7.5 / 비료 주기(㎏/10a) / 질소-인산-칼리 : 28-28-38 / 밑거름 : 16-16-16 / 웃거름 : 1차 : 8-8-13, 2차 : 4-4-9 / 아주심기 / 본잎 4장(2마디) 위에서 순지르기 후 본잎이 4장 이상 나왔을 때 / 떡잎이 지상부에 있도록 얕게 아주심기 / 포기 사이 : 15x15㎝ 간격 / 재배환경 / 빛가림 : 아주심기 후 3~4일간 실시 / 물주기 : 아주심기 후 충분히 물주기 / 온도 : 최저 5℃ 이상 / 병해충 방제 / 진딧물, 응애류, 온실가루이, 민달팽이 등 발생 / 적용약제 살포 / 온실가루이 : 4∼5일 간격 연속 3∼4회 약제살포 / 잿빛곰팡이병 / 발병 부위 : 수침상에서 담갈색으로 진전, 포자 발생 / 저온다습, 환기 불량할 때 발생 / 잘록병 : 씨뿌림용 토양소독, 깨끗한 물관리 / 검은무늬병 : 주로 잎끝에서 부터 발생 / 원형·부정형의 검은 반점 발생, 잎이 마름 / 예방 : 환기 철저 / 균핵병 / 줄기의 지제부(地際部) 및 중간 부위가 무르고 균사와 흑색곰팡이가 생기며 식물체 전체가 시듦 / 예방 : 토양소독, 배게심기 금지, 환기 철저 / 돌림병 / 어린 묘, 생육 초기에 많이 발생 / 뿌리가 썩고 줄기는 갈색으로 변하며 말라 죽음 / 이어짓기 회피, 토양 오염주의 / 탄저병 / 잎 : 원형의 크림색 또는 담갈색 반점 발생 / 줄기 : 회색 또는 황록색의 길고 불규칙한 병반이 줄기의 한쪽 면에 발생 / 꽃 수확요령 / 수확 / 봄, 가을 : 2∼3송이 피었을 때 / 겨울 : 5∼6송이 피었을 때 / 꽃대가 부러지기 쉽고 소화가 떨어지므로 취급 주의 / 선별 : 줄기의 밑부분 15㎝ 정도에 붙어 있는 잎을 제거하고 선별 / 물올림 : 2∼3시간 하여 출하 / 줄기를 수직으로 세우면 꽃 이삭 끝이 구부러지므로 주의",dtl_30674.xml,절0
꽃도라지,,재배법,모기르기,"씨앗소요량 : 5㎖/10a / 씨뿌림용토 : 밭흙 4 + 부엽토 4 + 피트모스 1 + 펄라이트 1 / 씨뿌림 : 파종상에 줄뿌림 또는 흩어뿌림 / 흙덮기 : 흙덮기를 하지 않음 / 물주기 : 저면 물주기가 좋으며, 발아하면 분무하여 물주기 / 빛가림 : 필요하지 않으나 고온기에는 한랭사 등으로 빛가림 / 온도 : 지온 10~15℃ 주간 25℃. 야간 15℃로 관리하면 10일 후 발아, 묘 기르기 중 야간 온도가 20℃ 이상이 되면 로제트가 많이 발생 / 옮겨심기 / 시기 : 본잎 4~5매 전개 시 / 옮겨심기 거리 : 10x15㎝ / 뿌리는 가능하면 구부러지지 않도록 하고 얕게 심기 / 빛가림 : 2~3일 빛가림 / 물주기 : 충분히 물주기 / 고품질 꽃 생산기술 / 토양 / 배수 및 보수성이 좋은 곳 / 해가 잘 드는 곳 / 지력이 있는 식질양토 / 토양산도 : pH 6.5 정도 / 토양개량 : 아주심기 1~2주 전 유기질 2,000㎏/10a 시용 / 비료 주기(㎏/10a) / 밑거름 : 10~15(N, P, K 동량) / 웃거름 : N 2, K 3 / 아주심기 / 시기 : 본잎이 4∼5장 / 물주기 : 1∼2일 전에 충분히 / 아주심기 간격 / 1회 절화 : 10∼12×15㎝ / 2회 절화 : 18∼20×15㎝ / 아주심기 시에 쓰러지지 않을 정도로 얕게 심음 / 재배환경 / 주간에 25℃ 이상 되지 않도록 환기에 노력 / 병해충 방제 / 잘록병 / 병반에 회백색의 가루가 밀생 / 과습을 피하고 튼튼하게 키우며 이병주는 소각 / 토양 소독 / 잿빛곰팡이병 / 다습하고 공기 이동이 적은 곳이나, 과비 또는 비료 부족인 경우에 많이 발생 / 이병된 포기 제거 / 모자이크병 / 꽃과 잎에 모자이크 증상, 소형화 및 기형화 발생 / 진딧물 및 잡초 방제 철저 / 묘 기르기 중 감염되면 피해가 크므로 전용 묘 기르기 시설을 이용하고 다른 품목과의 혼용을 피함 / 파밤나방 / 시설 내는 연중 발생, 남부지역은 8월경 피해 많음 / 3령 이후 유충은 약제 감수성이 낮아 방제가 어려우므로 발생 초기에 방제 / 담배거세미나방 / 유충이 잎, 꽃을 심하게 가해 / 어린 유충은 집단적으로 잎의 뒷면을 갉아 먹으므로 흰색의 갉아 먹은 흔적을 보고 손으로 잡음 / 어릴 때 적용약제를 살포하여 방제 / 꽃 수확요령 / 작은 봉오리 때 중심화를 따내고 2∼3번화가 피었을 때 채화 / 오전 중에 채화하고, 특히 여름에는 새벽에 채화해서 오후에 포장한 후 밤에 출하 / 채화 즉시 물올림 / 꽃대가 굽은 상태로 물올림을 하면 그대로 굽어지므로 종이 등으로 싸서 곧게 펴준 상태로 물올림 / 지정된 규격으로 선별 / 60cm 이상 1등급, 50∼60cm 2등급, 40∼50cm 3등급",dtl_30675.xml,절0
꽃해바라기,,재배법,재배조건,"품종 선택 : 대부분 F1품종 / 선리치오렌지(90% 점유), 더블샤인, 선리치골드, 루비에크립스, 마티즈, 모네, 레몬에클레어, 프라도레드 / 씨앗소요량 : 4ℓ/10a(4,500립 정도) / 토질 : 배수가 불량한 토양은 피함 / pH 5.5~6.5, EC 0.5mS/cm / 광 : 매우 중요, 햇빛 충분해야 함 / 배수 : 노지재배 시 배수로는 필수 / 이어짓기 : 특별히 문제되지 않음 / 재배기간 : 60일 / 꽃 재배기술 / 온도관리 / 생육 최적온도 : 25~30℃/20℃ / 생육 최저온도 : 10℃ / 발아적온 : 25℃ / 광 관리 / 시설재배 시 광 부족 유의 / 토양 과습 / 직파 후 생육 초기 물주기 필요 / 장마철 과습 피해 주의 / 기타 관리 / 측지, 측뢰 제거는 일찍해야 함 / 병해충 방제 / 주요 병해충 / 백견병, 반점세균병(과습 시), 진딧물, 나방유충, 총채벌레 / 방제 대책 / 배수 철저, 염류집적 회피 / 과습지, 배수 불량 토양 회피 / 해충 예찰 및 조기 방제 / 꽃 수확방법 / 수확시기 / 여름 : 물들었을 때 / 가을 : 꽃이 막 피려는 시기(더블샤인은 조금 피었을 때) / 규격 : 70cm 규격, 5대/1단 / 물올림 : 끓는 물에 순간 담갔다가 찬물에서 물을 올림",dtl_30676.xml,절0
덴드로비움,,재배법,개화기 관리,"온도관리 / 밤 : 15~18℃ / 낮 : 24℃~29℃가 적당 / 거실에서는 창가에 놓는 것이 개화에 도움이 됨 / 창가는 외기의 온도 변화 잘 반영 / 밤기온이 15℃ 내외일 때면 밤동안 베란다에 놓아두는 편이 좋음 / 농장에서는 인위적으로 온도를 높였다가 떨어뜨려 꽃눈 형성 / 생장기 관리 / 생장기 : 새 뿌리, 새잎 발생으로 생장기 판단 / 비료 주기 / 시기 : 4월 중 생장기에 비료를 줌 / 농도 : 1,500배액 액비를 물 대신 가을까지 줌. 또는 물주기와 별도로 주 1회, 1000배액 액비를 주어 튼튼하게 기름 / 물주기 : 흙이 마른 후 / 분갈이 : 생장기에 들어가기 시작했을 때 실시함 / 온도 : 20~28℃로 관리 / 병해충 방제 / 세균성 병이 많이 발생하므로 항생제 등을 살포, 해충은 민달팽이가 주로 발생되므로 구제약을 놓음 / 두는 장소 : 햇빛을 매일 7~8시간 쬐고 강한 햇빛 피하며 50% 빛가림 / 꽃눈분화기 관리 / 생장기와 휴지기 구분 : 관리 온도가 기준 / 온도 : 최저 20℃ / 난방실시 / 광 : 약한 빛가림 / 늦가을부터는 햇빛을 오래 쬐도록 해서 포기를 튼튼하게 만듦 / 물주기 : 표면이 마르면 줌 / 비료 : 주지 않음 / 겨울관리 / 온도, 수분관리 주의 / 봄까지는 될 수 있는 대로 추위에 노출되지 않게 함 / 20℃ 이하 관리는 잎, 꽃에 저온피해 발생 우려 / 물주기 : 실내 온도에 따라 다름 / 15℃ 이상일 때 최저 15℃로 유지 시 표면이 마르면 줌 / 10℃ 정도일 때는 물이 말라도 1~2일 후 물관리 / 낮은 온도에서 물주기는 뿌리를 썩게 하는 원인이 됨",dtl_30677.xml,절0
산호수,,재배법,꺾꽂이 기술,"온도관리 / 시기 ： 3월 상순~ 9월 상순 / 삽수 채취시기 : 새가지의 잎이 연녹색으로 발달한 시기 / 삽목상 온도 : 20~25℃ / 꺾꽂이용 토양 : 묘 기르기용 상토, 버미큘라이트 1+펄라이트 1 / 물주기 : 미스트 / 빛가림(여름) : 90% / 영양생장기 관리 / 시기 ： 주간온도 20℃ 이상 시기 / 양분 관리 : 고형비료 혹은 분화용 양액 주기 / 온도 관리 : 25~30℃ / 빛가림 관리 : 여름 90% / 개화조절 기술 / 꽃눈형성 가능한 묘 나이 : 꺾꽂이 후 최소 2개월 이상 뿌리 내림 묘 / 개화반응 온도 : 10~15℃, 1개월(한 달) 이상 저온 감응 / 가온 시기에 따라 꽃눈발달 조절 가능 / 꽃봉오리기 : 적정 양분 공급이 개화에 영향 / 착과조절 기술 / 착과 촉진 : 80% 개화 시 화방에 착과 촉진제 처리 / 덩굴식물용 네트를 이용하여 늘어지지 않게 관리하고 통풍 촉진 / 작물 보호 / 해충방제 : 응애, 민달팽이, 작은뿌리파리 방제 / 생리장해 : 마그네슘 과다 시 고두병 발생",dtl_30678.xml,절0
선인장,,재배법,우량 품종선택,"비모란 : 설홍, 단홍, 연홍,색동 등 / 산취 / 대목종류 / 삼각주, 귀면각, 쏘데가우라 / 건조방법 / 접목 건조실의 환경관리 / 온도 30℃ / 습도 70~90% / 뿌리내림률 10% 이상 개선 / 아주심기 / 배양토관리 / 모래 : 돈분(50:50)으로 무게비 조성 / 곁가지 제거 / 아주심기 후 삼각주 곁가지 제거 / 수확 / 수출 규격품 / 소 6×2㎝형 / 중 9×3㎝형 / 대 14×4.5㎝형(대목길이×접수지름)",dtl_30679.xml,절0
수국,,재배법,꺾꽂지 기술,"경지삽 이용 / 4월~6월에 걸쳐 3마디 정도의 삽수 이용 / 경정지 삽수가 식재기간이 단축되므로 가장 널리 이용 / 물빠짐이 양호한 용토가 유용 / 미스트 장치 설치 / 영양생장기 관리 / 꺾꽂이 후 적정온도 25±2℃, 습도 65~85%가 유지되어야 함 / 초기 생육 동안 광도는 20,000~30,000Lux가 좋고, 뿌리내림 1주 경과 후는 50,000~65,000Lux상태로 유지 / 개화 유도 / 여름철 영양생장이 끝나고 단일상태로 접어들면 꽃눈분화 유도 / 적절한 꽃눈 유도를 위해서 야간온도 11~18℃ 유도 / 꽃눈분화 후 개화 유도를 위해 저온저장으로 휴면 타파 / 저온처리에 앞서 살균제 처리 / 저온처리 시 상대습도 20~60% 범위 내 유지 / 꽃눈 유도를 위해 질소 수준을 낮게 유지 / 9월에는 1/2수준으로, 10월에는 비료 주기 중단 / 출하 후에도 적절한 수분관리가 생육 및 꽃색 유지에 중요 / 실내온도를 15~18℃로, 직사광선보다는 반사광 및 그늘진 상태에서 관리하는 것이 좋음 / 작물보호 / 진딧물, 점박이응애, 온실가루이 : 감염이 많이 된 포기 제거 및 약제 살포 / 온실가루이 : 약제 피해 있을 수 있으므로 신중히 살포 / 이밖에 세균병, 백분병 피해 있을 수 있음 / 생리장해 : 고온지역에서 잎살이 두꺼워지고 얼룩이 지는 증상이 있을 수 있으나 빛가림, 물주기, 환기를 시키면 회복됨",dtl_30680.xml,절0
스타티스,,재배법,품종,"미스티 블루 / 블루환타지아 / 번 식 / 조직배양 : 조직배양묘 이용 / 고품질 꽃 생산기술 / 토양 : 경토가 깊고 비옥한 사양토로 배수가 양호한 토양 / 비료 주기(㎏/10a) / 퇴비 : 3톤 / 질소-인산-칼리 : 20-25-25 / 아주심기 / 이랑 폭 : 100~120㎝ / 포기 사이 : 60㎝ 간격으로 2줄심기 / 재배환경 / 물주기 : 아주심기 초기 1회/1주 개화기는 과습주의 / 온도 : 주간 25℃ 이하, 야간 10℃ 이상 / 관리 / 모자이크병 : 진딧물 방제 철저 / 위조세균병 : 토양전염 / 토양소독, 무병묘 이용 / 카네이션 및 안개초와 돌려짓기 금지 / 회색곰팡이병 / 과습이 원인 / 적습 유지, 환기 철저 / 진딧물, 총채벌레, 응애 등 충해 : 예방 위주 적용약제 살포 / 꽃 수확요령 / 절화 적기 / 전체 소화경에서 개화가 시작될 무렵으로 화경 전체로 하면 만개시기 / 각 소화경상의 꽃봉오리가 두 번째 것까지 개화한 것을 꺾음 / 꽃은 온도가 낮을 때 꺾고 건조되지 않도록 전처리제 등을 섞어 물올림",dtl_30681.xml,절0
시클라멘,,재배법,모 기르기,"씨앗 소요량 : 40,000립/10a / 씨뿌림용 토양 : 모 기르기용 상토 / 씨뿌림 : 플러그트레이 점뿌림 / 흙덮기 : 버미큘라이트 약간 / 물주기 : 발아하면 분무 물주기 / 빛가림 : 필요하지 않음. 고온기에는 한랭사 등으로 빛가림 / 온도 : 주야간 16∼18℃ 관리, 암발아 30∼40일 후 발아 / 발아 후 1주일 간격으로 다찌가렌 주기(잘록병 예방) / 옮겨심기 / 옮겨심기용 토양 : 모 기르기용 상토 / 1차 : 본잎 3∼4매 전개 시 / 2차 : 본잎 5∼6매 전개 시 / 아주심기 : 플러그 7∼8매 전개 시 구입해 1주일 순화 후 아주심기(5∼6호분) / 뿌리는 가능하면 끊어지지 않도록 주의 / 빛가림 : 임시심기 후 1주일간 / 물주기 : 충분히 물주기 / 기타 : 시듦병 예방 차원 베노밀 주기 / 고품질 꽃 생산기술 / 용토 / 인공상토 사용 : pH 6.5, 피트모스 8 + 펄라이트 2 / 비료주기 관리 / 양액조성: 화란 분화 전용 양액 / 생육단계별(N,P,K 조절필요) / 웃거름 : 고형비료 / 아주심기 / 시기 : 본잎이 7∼8매 시 / 물주기 : 1∼2일 전에 충분히 / 화분크기 / 중대륜종 : 6∼8호분 / 소륜종 : 5호분 / 미니종 : 3.5호분 / 재배환경 / 생육적온 20℃ 전후 / 여름철 빛가림 30% 이상과 환기 등으로 온도 하강에 노력 / 생장조정제 사용 / 벤질아데닌 50㎎/ℓ+ GA1㎎/ℓ / 용량 준수 및 고온기 / 꽃눈분화 시 잎을 바깥쪽으로 벌려 빛이 충분히 들어가게 해주면 풀꼴이 콤팩트하고 꽃눈이 튼튼하게 자람 / 병해충방제 / 잘록병 / 병반에 회백색의 가루가 밀생 / 과습을 피하고 튼튼하게 키우며 이병주는 소각 / 시듦병 / 발병주 뿌리를 횡단면으로 잘라보면 유관속이 갈색임 / 잦은 옮겨심기에 따른 뿌리 침입, 고온기 많이 발생 / 이병된 포기 제거, 오염 상토회피, 잔존병균 제거 / 옮겨심기 후 방제 / 탄저병 / 물주기 시 물이 다른 화분의 잎에 튀면서 전염확산 / 중앙부 연한 갈색의 병반이 점점 커지면서 말라 죽음 / 피해잎 제거 후 탄저병약 살포 / 총채벌레 / 꽃눈에 대부분 기생하면서 꽃가루와 즙액 섭취 / 파밤나방 / 3령 이후의 유충은 약제에 대한 감수성이 낮아 방제가 어려우므로 발생 초기에 방제 / 담배거세미나방 / 유충이 잎, 꽃을 심하게 가해 / 어린 유충은 집단적으로 잎의 뒷면을 갉아 먹으므로 흰색의 갉아 먹은 흔적을 보고 손으로 잡아냄 / 어릴 때 적용약제를 살포하여 방제 / 품종선택 / F1종 : 메티스계. 스완, 헐리우스시리즈, 라티니아, 슈퍼시리즈, 프린지계 / 보통종 : 빅토리아, 바바크, 카틀레아, 몽블랑, 와카야마, 본파이어 등 / 수확요령 / 여름철에 나오는 개화주는 따내고 9월 하순부터 피는 개화주가 대륜 최소 10개 이상, 미니종 15개 이상 되었을 때 출하 시작 / 출하 전 충분하게 물주기한 후 선별 포장해 출하 / 시들거나 상한 잎 제거하고 잎을 가지런히 모으며 고형 비료 10알 이상을 놓아 개화주 수명 연장",dtl_30682.xml,절0
심비디움,,재배법,우량품종 선택,"분화용 / (국산품종) 해피데이, 러블리킹, 러블리스마일, 아리아, 골드썬 / (외국품종) 피아니스트, 골든옐로우, 인더무드, 할렐루야, 스프링파루 / 절화용 / (국산품종) 람바다, 슈퍼스타, 스노우펄, 웨딩데이, 연두랑 / (외국품종) 울티메이티, 융프라우, 그레이스켈리, 사까다, 하루까 / 번 식 / 생장점 조직배양(메리크론묘) / 고품질 심비디움 생산기술 / 재배환경 관리 / 낮온도 : 20~25℃ / 밤온도 : 15℃ / 꽃눈분화 적온 : 13℃(고냉지 이용) / 비료 주기 / N-P-K-Ca-Mg 전용양액 시용 / (비료 주기량 : 2.0-1.5-4.2-3.8-1.0 kg/10a) / 완효성 고형비료(오스모코트, 몰코트, 롱커 등) / 병해충 방제 / 발병시기 / 부패병 : 고온다습 시 / 흑반병 : 9~10월 기온이 떨어지고 환기가 안 될 때 / 응애 : 고온건조 시 / 달팽이 : 장마철 / 총채벌레 : 생장기, 개화기 / C/N율 향상 / 포트 모 기르기 / 모 기르기 중 단근 / 모 기르기 중 웃거름 중단",dtl_30683.xml,절0
아이리스,,재배법,품종 선택,"블루매직, 옐로우퀸, 골든비유티 / 알뿌리 규격 및 휴면타파 / 알뿌리 규격 : 재배 작형에 따라 차이 / 훈연처리 : 1㎡당 3ℓ 왕겨 1회/일, 3일 반복 / 외관상 깨끗한 구 / 바이러스병, 알뿌리류선충, 푸른곰팡이 / 벤레이트 200배+로고 유제 500배 침지소독 / 꽃 재배기술 / 온도관리 / 아주심기 후 고온(22℃ 이하) 주의 / 생육적온 : 13~17℃ / 생육최저온도 : 5℃(5℃ 이하 미개화) / 광 관리 / 생육 중 일조 부족은 미개화 원인 / 수분 / 아주심기 후 30일까지 지속적 공급 / 병해충 방제 / 주요 병해충 / 바이러스, 알뿌리 부패병, 무름병푸른곰팡이, 뿌리응애, 선충, 진딧물 / 방제 대책 / 돌려짓기, 무병씨알, 내병성 품종 / 염류 제거, 부숙퇴비 사용금지 / 알뿌리 소독, 건전구 아주심기 / 바이러스 이병주 조기소각 / 해충 미리 살핌 및 조기 방제 / 꽃 수확방법 / 수확시기 / 잎에서 꽃이 1cm 정도 보일 때 / 고온기에는 시기 조정 필요",dtl_30684.xml,절0
안개초,,재배법,품종 선택,"브리스톨페어리 / 번 식 / 주로 조직배양묘 이용 / 꺾꽂이 장소 : 미스트 시설이 가장 좋음 / 삽목상 온도 : 20℃ / 삽목 용토 : 펄라이트 단용 / 삽수 길이 : 4~5마디 / 뿌리내림 촉진제 : 루톤 분의처리 / 임시 심기 : 뿌리내림 4주 후 / 고품질 꽃 생산기술 / 모 기르기 : 삽수 채취 모 기르기(6~9㎝ 포트) / 아주심기 주수 : 3,300~3,700주/10a / 환경관리 / 온도 : 낮 20~25℃, 밤 10~15℃ / 일장(낮길이) : 14~16시간에서 개화촉진 / 순지르기 : 아주심기 2~3주 후(본잎 5~6쌍 나왔을 때) / 네트치기 : 2단 정도 / 병해충 방제 / 발생시기 / 돌림병 : 난지에서는 연중 발생 / 흑반병 : 6~7월 장마철 / 근두암종병 : 연작지에서 많이 발생 / 방제법 / 과습방지 / 토양소독 / 이병주는 빨리 제거 / 예방 위주의 적용약제 살포 / 꽃 수확요령 / 절화 적기 / 여름철 : 소화가 40~50% 정도 개화하였을 때 / 꽃 길이 : 50~70㎝ / 선별 : 10~20줄기씩 다발로 포장 / 저온저장고를 이용하여 출하 시기 조절, 홍수 출하 방지",dtl_30685.xml,절0
오리엔탈나리(촉성재배),촉성재배,재배법,재배관리,"알뿌리 아주심기 : 9월 하순~11월 초순 / 절화기 : 3~4월 / 재식구수 : 80구/3.3㎡ / 온도관리 : 낮 22~25℃(겨울 15℃ 이상), 밤 15℃ 이상(겨울 13℃ 이상) / 싹튀우기 : 5~12℃(저장고) / 물주기 : 오전 중 20℃ 정도 / 토양산도 : pH 5.5~6.5 / 염류농도 : 1.5mS/cm 이하 / 김매기 : 제초제 시용 / 비료주기 (kg/10a) / 비료주기 / 비료명 / 총량 / 밑거름 / 웃거름 / 1회 / 2회 / 3회 / 퇴비 / 1,500 / - / 질소 / 10 / 인산 / 칼륨",dtl_30686.xml,절0
온시디움,,재배법,번식,"조직배양 (메리크론묘, 실생묘) / 봄에 포기 나누기 / 분갈이 : 봄에 새싹이 나오기 시작할 무렵 / 영양생장기 관리 / 재배환경관리 / 낮온도 : 25℃ / 밤온도 : 15℃ / 공중습도 : 60~70% / 빛가림 : 50~60% / 광포화점 : 20,000~30,000Lux / 배지 : 바크, 훈탄, 수태 등 / 비료 주기 / 양액(2~6월까지 월 2~3회) / 완효성 고형비료 / 개화 조절 / 고랭지 재배 / 벌브가 3~4개된 개화주 이용 / 7월 상순부터 9월 중순까지 / 물주기 : 약간 많이 하지만 과습이 되지 않도록 주의 / 비료 주기는 5월경까지 / 고랭지에서 재배된 주는 꽃눈이 일제히 나오며, 개화도 빠르지만 평지 재배보다 크게 차이는 나지 않음 / 꽃눈분화, 개화는 저온보다 일장에 큰 영향을 받음 / 전조에 따른 일장 조절기술 / 화경출현 후 전조를 40일간 처리할 경우 개화 억제 / (품종 간 차이는 있음) / 병해충 및 생리장해 / 발병시기 / 부패병 : 고온다습 시 / 연부병 : 고온다습 시 / 응애 : 고온건조 시 / 달팽이 : 장마철 / 생리장해 / 고온장해 : 품종에 따라 반점이 생김 / 건조 : 잎이 쭈글쭈글하거나 벌브가 쭈글쭈글함",dtl_30687.xml,절0
장미,,재배법,우량품종 선택,"고온과 저온에 강한 품종 / 내병성과 내공해성이 강한 품종, 고품질 다수성 품종 / 꺾은 꽃 수명이 길고 수송, 저장력이 강한 품종 / 수요자 기호에 맞고 국제 경쟁력이 있는 품종 / 국내 육성품종 / 스탠다드 : 펄레드(적), 스노우볼(백), 허니레몬(백), 오렌지쥬얼(주황), 핑크볼(분홍), 핑크엔젤(분홍/백) / 스프레이 : 핑크레이디(백/분홍), 써니레이디(황), 핑키(진분홍), 스노우벨(백) / 고품질 장미 생산기술 / 심는 밀도 : 3.3㎡당 16~23주 (주간거리 20~30cm) / 재배환경 관리 / 낮온도 : 24~27℃ / 밤온도 : 15~18℃ / 광도 : 50,000Lux 이상 / CO2 : 1,000~1,500ppm (일출후 2~3 시간) / 병해충 방제 / 발병시기 / 흰가루병 : 5~6월과 9월 (온실에서는 연중) / 노균병 : 봄, 가을철의 밤온도가 낮을 때 / 잿빛곰팡이병 : 저온기, 장마기 습도가 높을 때, 또는 겨울철 환기 불량 시 발생 / 응애류 : 고온건조기 / 총채벌레 : 고온기(야행성이므로 오후에 약제살포) / 진딧물 : 4~6월과 9~10월 (온실에서는 연중) / 방제법 / 저항성 품종 선택 / 과습방지, 전염원 조기제거 / 예방위주 적용 약제 방제 / 꽃 수확 요령 / 수확시기 / 여름철 : 꽃받침이 수평으로 전개될 때 / 겨울철 : 꽃잎이 벌어지기 시작할 때 / 절화 위치 : 1~2차 5매엽 상단 / 선별 : 절화 길이 10cm 단위로 10송이씩 다발 포장",dtl_30688.xml,절0
철쭉,,재배법,꺾꽂이방법,"삽수조제 : 6~7cm / 삽목용토 : 피트모스(1) + 펄라이트(1) / 삽상온도 : 18~22℃ / 재배관리 / 화분용토 산도 : pH 4.5~5.5 / 아주심기 주수 : 2~3주/분 / 왜화제 처리 : CCC 300배액 엽면 살포 / 재배온도 : 겨울철 최저기온 8℃ / 병해충 방제 / 병 : 근부병, 떡병 / 충 : 방패벌레, 응애, 진딧물, 총채벌레, 온실가루이, 깍지벌레",dtl_30689.xml,절0
카네이션,,재배법,우량품종 선택,"스탠다드계 : 데지오(적), 도나(백, 분홍), 카스테라로(분홍) 등 / 스프레이계 : 푸에고(진홍색), 다이아몬드(분홍), 그린매직(연두) 크레카오, 스칼렛(복색) / 번 식 / 삽수 채취시기 : 2월 중순~3월 상순 / 삽수 생육상해 : 본잎 8~9매, 중량 8~10g / 채취방법 : 무병상태, 손으로 땀 / 뿌리내림 촉진제 : 루톤, 옥시베른 분제 / 삽목용토 : 펄라이트 40 + 피트모스 60 혼용 / 고품질 꽃 생산 기술 / 모 기르기 : 육묘상, 포트 9cm 비닐(모기르기 기간 40~50일) / 아주심기 주수 : 70주 내외/3.3㎡ / 순지르기 위치 : 4~5마디 남기고 순지르기(1.5회 순지르기) / 생육적온 유지 : 12~16℃ (최고 25℃ 이하) / CO2공급 : 시기는 11~2월(일출 후 3시간) / 유인작업 : 받침대 또는 절화망 이용 / 병해충 방제 / 발병 시기 / 녹병 및 반점세균병 : 봄, 가을 다습 시 / 위조병 및 위조세균병 : 아주심기 직후, 여름 / 반점병 : 장마철 고온다습 시 / 총채벌레, 응애 : 고온건조 시 / 방제법 / 건전묘목 식재, 돌려짓기 / 토양소독 및 이병주 조기제거 / 환기, 통풍 등 재배환경 개선 / 예방 위주 적용약제 살포 / 꽃 수확 요령 / 시기 / 스탠다드계 : 30% 개화 / 스프레이계 : 1,2번화 개화 시 / 절화위치 : 꽃봉오리에서 부터 8마디째 / 선별 : 등급별로 20송이 한 다발씩 포장 / 저온저장고 이용 출하조절로 홍수 출하 방지",dtl_30690.xml,절0
칼라,,재배법,재배관리,"토양은 배수가 양호한 모래흙(사질토), 모래참흙(사양토), 참흙(양토) 등이 좋다 / 전기전도도(EC)는 0.3mS/㎝ 이하 / 토양산도(pH)는 6.5~7.0 정도 / 온도관리 : 낮 25℃ 이하, 밤 15℃ 이상 / 6월~8월에는 50~60% 빛가림해 주는 것이 품질 향상 / 엽수는 6매 정도가 절화 수량에 효과적 / 하우스는 2월 상순부터 노지재배는 4월 하순부터 아주심기 / 심는 방법은 3조식과 4조식이 있으며 조간 30㎝, 주간 15~20㎝ / 아주심기 하고 덮기(멀칭) 후 충분히 물주기 / 비료주기 (kg/10a) / 비료주기 / 비료명 / 총량 / 밑거름 / 웃거름 / 1회 / 2회 / 3회 / 퇴비 / 1,500 / - / 질소 / 25 / 20 / 5 / 인산 / 칼리 / 석회 / 150",dtl_30691.xml,절0
칼랑코에,,재배법,번 식,"씨앗 번식 : 품종육성 시 / 피트 : 펄라이트(1:1) / 고운 모래로 덮은 후 곰팡이 약제뿌림, 모종이 3mm 정도 자라면 옮겨심기 / 영양번식 : 상품용 / 모주양성 : 피트 : 펄라이트(1:1), pH 6.0~6.5 / 광도 : 40,000~45,000Lux / 전조 : 10~3월까지 백열등 161Lux 정도 / 영양생장기 관리 / 재배환경 관리 / 재배적온 : 20~25℃ / 순지르기 : 잎수가 7~8매 전개되면 아랫잎 4~6장 남기고 순지르기 / 비료 주기 / 칼랑코에 관비용 양액(1회/주, 1,000ℓ 기준) / 기타 하이포넥스 1,000배 기준 주 1회 / 개화 조절 / 단일처리 : 순지르기 후 새순이 1~1.5cm 될 때 처리(9~11시간) / 4월 이후부터 9월까지는 일장이 길어지므로 개화를 위해 빛가림 / 품종에 따라 4주~8주 / 왜화제 살포 / 단일시기가 들어갈 때 10~15일 간격 2회 정도 / Paclobutrazol : 8~10ppm 살포 / CCC에서는 효과가 없음 / 병해충 및 생리장해 / 병: 잘록병, 돌림병, 회색곰팡이병 등 / 기생해충 : 진디류, 섬충류, 총채벌레 등",dtl_30692.xml,절0
튤립,,재배법,알뿌리 생산,"생산적지 : 언피해 및 서해안의 사질양토 / 토양산도 : pH 6.8~6.9 / 토양 : 사질양토 및 사양토 / 씨알소독 : 벤레이트티 200배 30~40분 / 아주심기 후 관리 : 짚 바닥덮기(멀칭) / 물주기 : 알뿌리 비대기인 5~6월 수분관리 철저 / 수확한 알뿌리는 건조한 후 23~25℃ 저장고 보관 / 비료주기 (kg/10a) / 비료주기 / 비료명 / 총량 / 밑거름 / 웃거름 / 1회 / 2회 / 3회 / 퇴비 / 2,500 / - / 질소 / 17 / 12 / 5 / 인산 / 9 / 6 / 3 / 칼리 / 24 / 16 / 8",dtl_30693.xml,절0
팔레놉시스,,재배법,개화기 관리,"온도관리 / 밤 : 15~18℃ / 낮 : 20℃~25℃가 적당 / 실내에서는 창가에 놓는 것이 개화에 도움이 됨 / 밤기온이 15℃ 이상일 때면 밤 동안 베란다에 놓아두는 편이 좋음 / 농장에서는 인위적으로 온도조절을 통해 연중 꽃눈 유도 / 생장기 관리 / 생장기 : 새 뿌리, 새잎으로 생장기 판단 / 비료주기 / 시기 : 4월 중 생장기에 비료를 줌. / 농도 : 1500배 액비를 물 대신 가을까지 줌. 또는 물주기와 별도로 주 1회 1,000배 액비를 주어 튼튼하게 키움 / 물주기 : 식재의 표면에서 길이 1~2cm가 마른 경우 실시 / 분갈이 : 생장기에 들어가기 시작했을 때 실시함 / 온도 : 20~30℃관리 (25℃ 이상에서 생육 촉진) / 생장기에 저온 노출 시 꽃눈이 유도되어 생육이 지연될 수 있음 / 병해충 방제 / 세균성 병이 많이 발생하므로 항생제 등을 살포, 해충은 민달팽이가 주로 발생되므로 ‘나메톡스’ 등 구제약을 놓음 / 두는 장소 / 햇빛을 매일 7~8시간 쬐고, 강한 햇빛을 피하고 50% 빛가림 / 꽃눈분화기 관리 / 생장기와 휴지기 구분 : 관리 온도가 기준 / 온도 : 18~23℃ 관리 / 광 : 약한 빛가림 / 늦가을부터는 햇빛을 오래 쬐도록 해서 포기를 튼튼하게 만듦. / 물주기 : 표면이 마르면 줌 / 비료 : 주지 않음 / 겨울관리(온도, 수분관리 주의) / 봄까지는 될 수 있는 대로 추위에 노출되지 않게 함 / 15℃ 이하 관리는 잎, 꽃에 저온피해 발생 우려 / 물주기 : 온도 및 광 환경에 따라 다름 / 15℃ 이상일 때 표면이 마르면 줌 / 10℃ 내외 온도에서 차가운 물은 뿌리를 상하게 하는 원인이 됨 / 낮은 온도에서 과다 물주기는 뿌리를 썩게 하는 원인",dtl_30694.xml,절0
포인세티아,,재배법,꺽꽂이,"꺽꽃이 시기 : 가을 출하용은 5~6월 겨울 출하용은 7~8월 / 삽수조제 : 청결한 칼이나 가위를 이용 5~8cm 길이로 조제 / 뿌리내림 배지 : pH 5.5~6.5의 청결하고 배수성이 좋은 모래, 피트, 펄라이트, 질석, 오아시스 등 배지온도 22~24℃ / 꺽꽂이 환경 : 꺽꽂이 후 즉시 미스트 가동하여 수분 스트레스 최소화 / 아주심기 / 뿌리내림묘를 다공성의 깨끗한 용토에 아주심기 / 용토의 pH는 5.5~6.5 범위가 적당, 피트와 펄라이트 혼합용토 주로 사용 / 순지르기 / 재배품종의 분지력과 분크기를 고려하여 순지르기 / 10cm 분 : 4~5마디 위에서 순지르기 / 15cm 분 : 6~7마디 위에서 순지르기 / 생장억제제 처리 / 순지르기 후 신초 길이가 3~5cm 될 때 처리, 살포나 토양관주 처리 / 이른 아침이나 저녁에 처리 / 고온, 강광에서 살포처리하면 잎에 황화현상이 발생할 수 있으므로 주의 / 꽃눈분화 이후에 처리하면 개화가 지연되고 이삭잎 폭이 축소될 수 있음 / 단일 처리 / 촉성재배 시 개화 기대일로부터 8~10주 전부터 1일 14시간 이상 암막처리",dtl_30695.xml,절0
프리지아,,재배법,품종선택,"각 작형별 출하시기에 맞추어 조, 중, 만생품종 선택 필요 / 샤이니골드, 골드리치: 저온처리 없이 10℃ 최저 관리만으로 1월말 절화 가능 / 알뿌리 수확 및 관리 / 수확시기 : 절화 50~60일 후 / 수확 직후 씨앗살균제 + 뿌리응애약으로 30분 이상 알뿌리 소독 / 알뿌리 저장 : 33℃ 이하, 습도 80% 미만 ⇒ 뿌리내림 후 27℃ 이하 / 저온처리 전 2차 알뿌리 소독 / 꽃 재배기술 / 온도관리 / 생육초기(출수 전) : 13~18℃ / 생육초기(출수 전) : 18~21℃ / 광(전조재배) : 출수기 이후 장일 조건에서 꽃눈발육 촉진 / 수분 : 마지막 절화 전까지는 지속적으로 공급, 그 후 완전 건조 / 병해충 줄여 건전 알뿌리 수확 / 병해충 방제 / 주요 병해충 : 바이러스, 알뿌리 부패병, 뿌리응애, 진딧물, 총채벌레 / 방제대책 / 돌려짓기, 무병씨알, 내병성품종 / 염류제거, 부숙퇴비 사용금지 / 바이러스 이병주 조기제거 / 꽃 수확시기 / 꽃봉오리가 전체적으로 물들고 첫 번째 꽃이 피기 직전",dtl_30696.xml,절0
녹두,,재배법,논 재배 적합 품종,"다현, 산포, 다도 등 / 기계수확을 위해 직립형이고, 쓰러짐에 강하며 일시에 수확이 가능한 기계화 적응 품종을 선택 / 파종 시기 / 1모작 : 5월 중순 / 2모작 : 6월 상순 / 파종량 / 종자량 : 1~2kg(2~3ℓ)/10a / 재식거리 / 적정 재식거리 : 60×10cm / 척박하거나 만파시 : 40~50×10cm / 시비량(kg/10a) / N-P-K : 4 - 7 - 6 / 전량 밑거름으로 시용 / 전용복비(8-14-12) : 40(보통밭) / 추비 : 질소 2kg/10a / 생육이 불량할 경우 개화기 및 개화 15일 후 : 2회 / 재배관리 / 연작피해가 있으므로 돌려짓기 / 잡초약 사용 / 구분 / 처리방법 / 처리시기 / 1차 방제 / 토양처리 / 파종 직후부터 3일이내 / 2차 방제 / 경엽처리 / 광엽잡초 3~5엽기 이내 / 비선택성 / 잡초 생육기 헛골 방제 / 병해충 방제 / 병해 : 갈색무늬병, 흰가루병 등 / 방제시기 : 2회(개화 10일전, 개화시) / 충해 : 팥알락명나방 등 / 방제시기 : 개화기 / 수확 / 꽃이 핀 후 40~50일경 수확 / 평야지 : 성숙기 후 15~20일경 부터 2~3회 / 야산개간지 : 성숙기 후 20일경 부터 1회 / 파종 / 파종량 : 1~2kg(2~3ℓ)/10a / 발아 온도 / 15℃ 이상 이어야 발아와 초기 생육이 양호 / 출아기간 4~5일 / 심는거리 / 단작 60×10~15㎝, 후작 60×10㎝ / 산간지 50×10~15㎝, 남부지역 만파(7월 15일) 30×10㎝ / 시비량 / 3요소량 / N / P / K / 요소 / 용과린 / 염화가리 / 석회 / 퇴비 / 4 / 7 / 6 / 8.7 / 35 / 10 / 200 / 1,000 / 전용복비(8-14-12) 시용 : 보통밭 50㎏(2포)/10a / 전량 밑거름으로 사용하되 재배지 토양 조건에 따라 가감 / 일시 수확이 곤란하여 수시 수확(3~4회 손 수확)",dtl_259526.xml,절0
들깨,,재배법,논 재배 적합 품종,"들샘, 들찬, 수연, 가연, 새찬 등 / 파종 시기 / 직파재배 : 6월 중순 ~ 6월 하순 / 이식재배 : 6월 중순 ~ 7월 상순(20~25일 육묘) / 파종량 / 직파재배 : 0.3kg/10a / 육묘이식재배 / 묘판면적 : 70㎡/10a / 재식거리 / 70~100×30~50㎝ / 육묘환경 / 묘판시비량(N-P-K, g/평) : 100~150 - 50 - 150~200 / 솎음작업 / 1차 : 본엽 전개시 2포기 남김 / 2차 : 1차 솎음 후 10일 후 1포기 남김 / 정식재배 / 정식시기 : 6월 하순 ~ 7월 상순 / 본포 시비량(N-P-K) : 4-3-2/10a / 재배관리 / 솎음작업(본엽 전개시) : 분지 발생을 촉진 / 김매기 작업 : 도복방지 효과 / 병해충 방제 / 병해 : 녹병 / 생육 후기 발생 / 충해 : 나방류, 노린재 등 / 생육 전반에 걸쳐 발생 / 수확 / 수확시기 : 10월 상순 / 개화기로 부터 30일 후 수확 가능 / 흐린날 아침이나 저녁에 수확 / 줄기와 꼬투리가 황변하고, 종실이 흰색에서 갈색으로 변화 시작할 때",dtl_259524.xml,절0
벼,,재배법,재배적지 표고,"중모 : 중북부 300, 남부 350m 이하 / 어린모 : 중북부 200, 남부 250m 이하 / 자재준비 (10a당) / 구분 / 종자 / 상자 / 상토 / 못자리 / 중모 / 4~5kg / 30개 / 150ℓ / 6.6㎡ / 어린모 / 3~4 / 15 / 45 / 3.3 / 파종 및 모내기 / 중북부 / 남부 / 파종기 / 이앙기 / 4.15 ~ 5.10 / 5.15 ~ 6.10 / 4.25~5.20 / 5.25~6.20 / 어린모는 중묘이앙 적기보다 1주일 정도 빨리 이앙한다. / 파종량(kg/상자) / 천립중(g) / 소립종 / 21~23 / 90~100 / 200 / 중립종 / 24~27 / 120~130 / 210 / 대립종 / 28~30 / 140~150 / 220 / 재식밀도(3.3㎡ 당 포기수) / (표준) 평야지 1모작 70~80주, 2모작 80~90주 / (드문모) 평당 50~60주 / 비료주는 양 및 방법 / 비료주는 양 (성분량 기준, kg/10a) / 지대 / 질소 / 인산 / 칼리 / 평야지 / 중산간지 / 간척지 / 9 / 11 / 4.5 / 6~7 / 5.1 / 8.7 / 7~8 / 5.7 / 비료 나누어주는 방법 (보통논 기준) / 시기 / 밑거름 / 이삭거름 / 70% / 30 / 100 / - / 70 / 가지거름을 생략하고 필요시 알거름을 추가 시비 / 벼베기 적기 / 벼베기 적기 (출수 후 적산온도가 1,100∼1,200℃ 되는 시기) / 지역 / 조생종 / 중생종 / 중만생종 / 중부 / 50일 / 53일 / 57일 / 호남 / 52일 / 55일 / 60일 / 영남 / 54일 / 58일 / 건조기 온도 / 도정, 수매용 : 45~50℃ / 종자용 : 40 ℃ / 물 관 리 / 중간물떼기 : 무효분얼기(이삭패기전 30~40일)에 5~10일간 실시 / 완전물떼기 : 이삭팬 후 30~35일 전후 / 종합관리형 병해충 방제체계 모형 / 보완방제 / 기본방제 / 6상~중순 / 7하~8상순 / 8중~하순 / 병해충 / 잎도열병 / 벼물바구미 / 이화명나방 / 이삭도열병 / 잎집무늬마름병 / 벼멸구(혹명나방) / 먹노린재 / 이삭도열병, / 벼흰잎마름병 / 이화명나방 벼멸구 / 혹명나방 / 종자(볍씨) 소독제 (예시) / 볍씨소독 약제명 / 물타는 / 배수 / 소독 / 시간 / 소독요령 / 프로클로라즈 유제 / (스포탁, 프로라츠, / 아리볍씨왕, 풍성탄 등) / 2000배 / 24시간 / 희석액 20ℓ에 볍씨 20ℓ 소독, 소독 후 물로 2~3회 씻은 후 씨앗담그기 / 베노밀·티람 액상수화제 / (큰나락, 삼공베노밀) / (침지처리) / 24 / 파종직전 촉촉한 볍씨종자와 약(마른볍씨 1kg당 약제 5g)을 골고루 잘 섞은 다음 그늘에 말려서 파종 / 플루디옥소닐 / 종자처리액상수화제 / (방어벽, 아리스위퍼) / 1000 / 파종직전 촉촉한 볍씨종자 1kg당 약액 2.5㎖를 골고루 잘 섞은 다음 그늘에 말려서 파종 / 티오파네이트메틸· / 트리플루미졸 수화제 / (굳타임, 모도우리) / 400 / 카프로파미드·플루옥소닐· / 이미다클로프리드 종자처리수화제 / (자바라) / 파종직전 촉촉한 볍씨종자와 약(마른볍씨 1kg당 약제 10g)을 골고루 잘 섞은 다음 그늘에 말려서 파종습분의 처리(잎도열병, 벼물바구미, 에멸구 동시방제) / ( )는 상표명임 / 초기제초제 / 초중기 및 중기제초제 / 후기제초제 / 처리부위 / 토양처리 / 토양·줄기·잎 / 줄기잎 / 잡초상태 / 발아전 / 발아전～발생초기 / 생육기 / 흡수부위 / 뿌리, 어린뿌리 / 뿌리, 어린뿌리, 줄기잎 / 살초작용 / 발생방지 / 발생방지, 말라죽음 / 말라죽음 / 제초제 / (품목명) / 단제 / (일년생) / 뷰타클로르,옥사디아길,옥사디아존,펜톡사졸,티오벤카브,프레틸라클로르,피라졸레이트,펜트라자마이드등 / 뷰타클로르 / 메타조설퓨론 / 플루세토설퓨론등 / 1.페녹슐람 / 2.피라벤족심 / 3.사이할로포프뷰틸,메타미포프,페녹사프로프티에틸(피) / 4.벤타존(광엽,다년생) / 5.이사디,이사디에틸에스터 / 합제 / (일년생, 다년생) / 벤설퓨론메틸·뷰타클로르,벤설퓨론·프레틸라클로르,뷰타클로르·사이클로설파뮤론,뷰타클로르·카펜트라존에틸,뷰타클로르·피라졸설퓨론에틸,브로모뷰타이드·티오벤카브,에스프로카브·피라졸설퓨론에틸,카펜트라졸에틸·프레틸라클로르·피라조설퓨론에틸,클로마존·펜톡사졸,펜트라자마이드·옥사디아길,프레틸라클로르·시메트린,프레틸라클로르·피라졸레이트,벤조비사이클론·티오벤카브,벤조비사이클론·프레틸라클로르,펜디메탈린·프레틸라클로르,벤타존·메타미포프,벤타존·엠시피피에이,벤타존·사이할로포프뷰틸,벤타존·페녹슐람 등 / 벤조비사이클론·페녹슐람·피라조설퓨론에틸,벤조비사이클론·플루세토설퓨론,펜트라자마이드·이마조설퓨론, 벤조퓨론에틸·벤조비사이클론·메페나셋, 메페나셋·피라조설퓨론에틸, 메페나셋·피리미설판, 메페나셋·피리미설판, 벤설퓨론메틸·브로모뷰타이드·메페나셋, 플루세토설퓨론·메소트리온·프레틸라클로르, 벤조비사이클론·이마조설퓨론·피리미노박메틸, 아짐설퓨론·벤조비사이클론·페녹슐람, 벤설퓨론메틸·뷰타클로르, 카펜트라존메틸·뷰타클로르, 카펜트라존에틸·사이클로설파뮤론·피리미노박메틸, 벤조비사이클론·페녹슐람, 카펜트라존에틸·이마조설퓨론·피리미노박메틸, 벤설퓨론메틸·벤조비사이사클론·펜트자아마이드, 브로모자마이드·이마조설퓨론·페녹슐람, 펜퓨러세이트·비페녹스, 벤설퓨론메틸·메소트리온·프레틸라크로르·피리프탈리드, 펜트라자마이드·이마조설퓨론, 아짐설퓨론·페녹슐람·시메트린, 아짐설퓨론·벤조비사이클론·메타미포프, 브로모뷰타이드·피라존설퓨론에틸·피리미노박메틸, 메페나셋·피라조설퓨론, 아짐설퓨론·펜트라자마이드, 메페나셋·페녹슐람, 브로모뷰타이드·이마조설퓨론·피리미노박메틸 등 / (처리시기 : 이앙 후 30일) / 엠시피에이·메타조설퓨론,엠시피에이.페녹슐람, 프로파닐·피리미노박메틸, 사이할로포프뷰틸·프로파닐 등 / 기계이앙 재배 / 1회방제 / 잡초 발생 보통인 논 / 제초제를 1회(기본방제, 이앙 4~5전 또는 이앙 동시) 뿌림 / 2회방제 / 지난해 피 등 일년생잡초와 올방개 등 다년생 잡초가 많이 발생하는 논 / 2회 뿌림(기본방제 + 이앙 후 10~15일경, 토양처리 제초제) / 3회방제 / 다년생잡초 다발생 논 및 제초제 처리시기 놓친 논 / 3회 처리(기본방제 + 2회 방제 + 이앙 후 30일경 경엽처리제 살포) / 기상재해 유형별 대책 / 항목 / 내용 / 가뭄 / 늦모내기 강한 품종 선택 및 논두렁 등 정비 / 예비못자리 설치 및 모 노화 방지 / 용수확보 곤란 시 건답직파 재배(조,중생종) / 늦모내기 포기수 확보(평당 110~130포기) / 논물가두기 및 물 걸러대기 실천 / 침관수 / 조생, 중생, 중만생종 고루재배 / 질소비료 20~30% 덜주기 / 침관수논 서둘러서 물빼주기 / 흙앙금 씻기, 물걸러 대기로 생육촉진 / 도열병, 벼흰잎마름병 등 병해충방제 / 태풍 / 증간낙수, 이삭거름 칼리시용 등 쓰러짐 대책 실천 / 출수기때 흰 이삭 방지(태풍 통과 직후 10a당 물 600L살포) / 쓰러진 벼 묶어 세우기 / 태풍 후 병해충 방제(벼흰잎마름병, 멸구류 등) / 저온 / 규산질비료, 퇴비주기 / 인산, 칼리비료 20~30% 더주기 / 새끼칠거름 유안으로 주기 / 이삭거름에 질소비료 안주고 칼리만 전필지 주기 / 물온도 높여대기(비닐호스, 돌림도랑) / 밤은 깊게, 맑은 날 낮에는 얕게 물 대기 하여 수온 높이기 / 재배적지 / 표고: 중북부 해발 100m이하, 남부지역 해발 200m이하 / 물관리가 양호한 수리안전 논 / 염농도 0.25% 이상의 간척논은 지양 / 토성: 식양질 또는 미사식양질 논 / 볍씨뿌림 적기(중만생종 기준) / 일평균 기온이 13∼15℃이상 되면 파종이 가능하나, 평균기온 19℃이상이 적기 / 무논직파 / 건답직파 / 중 부 / 5.18~6.9 / 호 남 / 5.17~5.31 / 영 남 / 5.16~5.31 / 건답직파는 파종 시기에 건답 상태로 유지가 가능한 포장이면 적기 파종, 적기에 재배 여건이 불량(강우가 많은 등 건답 유지 곤란)할 경우 10~20일 조기 파종 / 파종량 / 마른종자 기준으로 약 4∼5kg/10a로 벼알무게와 발아특성에 따라 가감 / 적정 입모수(개/㎡) / 관리요령 / 60 이하 / 60~80 / 80~120 / 120 이상 / 60~90 / 90~150 / 150 이상 / 재파종 / 질소더주기 / 표준 / 질소덜주기 / 물관리 / 물대는 시기 / 무논직파 : 파종 전 1~2일전에 물빼기, 파종후 4~5일부터 10일까지 1~2회 물 댄 후 배수, 파종 후 10~13일부터 물을 충분히 대고 중기제초제 처리 / 건답직파 : 파종후∼출아 전 10일에 비가안올 경우 1차 물대기하고 벼잎 2~3매일 때 2차물대기 / 중간물떼기 : 무효분얼기(출수전 30~40일전)에 2~3회 실시 / 쓰러짐방지 대책 / 반드시 기계로 알맞는 파종 / 질소비료 알맞는 양 주기 / 중간 물떼기 반드시 실천 / 웃자란 벼 도복 경감제 살포 / 품목명 / 유효성분 / 함유량 / 희석 / 배수 / 사용량 / 사용 / 적기 / 방법 / 안전사용 / 기준(시기) / 티플루자마이드 / 입제 / 3% / - / 50g/상자 / 이앙직전 / 육묘상처리 / 수확90일전 / 프로피코나졸 / 분산성액제 / 25% / 4000배 / 출수 20일전 / 경엽처리 / 수확21일전 / 1% / 3㎏/10a / 출수30일전 / 수면처리 / 출수전 / 프로헥사디온 / 칼슘 수화제 / 1000배 / 출수 5일전 / 수확60일전 / 테부코나졸 입제 / 2% / 2㎏/10a / 출수 30일전 담수 / 토양처리 / 헥사코나졸 입제 / 헥사코나졸.이프 / 로벤포스 입제 / 14.3(0.7 / +13.6)% / 클로르메쾃클로 / 라이드 액제 / 54% / 800배 / 출수 10일전 / 수확10일전 / 이프로벤포스.메 / 트코나졸 입제 / 13.7(13 / +0.7)% / 질소비료 주기 / 무논직파(9kg/10a) / 구분 / 시비 기준량 / (kg/10a) / 비료 주는 양(kg/10a) 및 비율(%) / 밑거름 / 새끼칠거름 / 이삭거름 / 질소 / 9.0 / 4.5(50%) / 2.7(30%) / 1.8(20%) / 인산 / 4.5 / 4.5(100%) / 가리 / 5.7 / 4.0(70%) / 1.7(30%) / 건답직파(11kg/10a) / 11.0 / 5.5(50%) / 3.3(30%) / 2.2(20%) / 파종 동시 완효성 비료 측조시비 시 기준 시비량의 70~80%만 주고, 나머지 20~30%는 이삭거름으로 NK복합비료 시비 / 문제잡초 방제요령 / 제초제 저항성 논잡초 방제를 위한 시기별 추천 제초제 / 처리 시기 / 제초제 성분명 / 대상 잡초 / 필수 / 모내기 전 / (써래질할 때) / 벤조비사이클론, 뷰타클로르, 옥사디 아존, 옥사디아길, 펜트라자마이드, 프레 틸라클로르, 펜톡사존 등의 성분이 함유 된 이앙전 처리제 / 일년생잡초 / (피, 물달개비, / 알방동사니 등) / 선택 / (1~2회) / 초기 / (이앙 후 5~7일) / 메페나셋, 벤조비사이클론, 브로모뷰타 이드, 뷰타클로르, 티오벤카브, 펜트라 자마이드 등의 성분이 함유된 제초제 / 일년생 및 다년생 / 잡초(올방개, / 올미, 벗풀 등) / 초·중기 / (이앙 후 10~20일) / 메소트리온, 메타조설푸론, 메페나셋, 벤설퓨론메틸, 밴조비사이클론, 벤퓨러 세이트, 브로모뷰타이드, 아짐설퓨론, 옥사지크로메폰, 인다노판,카펜스트롤, 카펜트라졸에틸, 펜트라자마이드, 피라조 설퓨론에틸 등의 성분이 함유된 제초제 / 일년생 및 / 다년생잡초 / 후기 경엽처리제 / (이앙 후 25~30일) / 메타조설퓨론, 벤타존 등의 성분이 함유된 제초제 / HPPD계 제초제: 통일계, 찹쌀, 흑미 계통 벼에 약해 우려 있음 / 씨뿌림량 및 방법 / 건답 : 마른종자 기준 5kg/10a(휴림 또는 평면) / 무논 : 마른종자 기준 5kg/10a(씨레질하고 5~7일 논굳히기) / 드론 : 마른종자 기준 3~4kg/10a(파종 시 물깊이 2~3cm 유지) / 종자(볍씨) 소독제 (예시) / 볍씨소독 약제명 / 물타는 / 소독 / 시간 / 소독요령 / 프로클로라즈 유제 / (스포탁, 프로라츠, / 아리볍씨왕, 풍성탄, / 엑스타) / 2000배 / 24시간 / 희석액 20ℓ에 볍씨 20ℓ 소독, 소독 후 물로 2~3회 씻은 후 씨앗담그기 / 베노밀·티람 수화제 / (큰나락, 삼공베노밀) / 200 / (침지처리) / 24 / 파종직전 촉촉한 볍씨종자와 약(마른볍씨 1kg당 약제 5g)을 골고루 잘 섞은 다음 그늘에 말려서 파종 / 플루디옥소닐 / 종자처리액상수화제 / (방어벽, 아리스위퍼) / 1000 / 파종직전 촉촉한 볍씨종자 1kg당 약액 2.5㎖를 골고루 잘 섞은 다음 그늘에 말려서 파종 / 티오파네이트메틸· / 트리플루미졸 수화제 / (굳타임, 모도우리) / 400 / 카프로파미드·플루옥소닐· / 이미다클로프리드 종자처리수화제 / (자바라) / ( )는 상표명임 / 종합관리형 병해충 방제체계 모형 / 보완방제 / 기본방제 / 시기 / 6상~중순 / 7하~8상순 / 8중~하순 / 병해충 / 잎도열병 / 벼물바구미 / 이화명나방 / 이삭도열병 / 잎집무늬마름병 / 벼멸구(혹명나방) / 먹노린재 / 이삭도열병, / 벼흰잎마름병 / 이화명나방 벼멸구 / 혹명나방 / 건답 직파재배 / 1차 방제 / 파종 동시~파종 후 3일 이내 또는 출아 5일전 (파종 후 10~15 일경 토양처리) / 벼 출아 전 5일에 잡초가 많거나 잡초성 벼가 발생한 논에서는 건답상태에서 비선택성 제초제를 살포하되 살포하는 비선택성 제초제는 처리 후 강우가 예상되거나 논토양습기 많을 때는 약해 발생 우려가 있으므로 살포 금지 / 2차 방제 / 전면 물대기 후 3~5일에 담수상태에서 토양처리제 살포 / 논물이 5cm이상 깊이로 안정된 상태에서 2차 제초제(입제, 액상수화제 등의 토양처리제)를 살포하고 5일 이상 담수상태 유지 / 3회 방제 / 피(4~5잎 때) 또는 광엽잡초 많은 논은 파종 후 30일경 생육중기에 물을 완전히 빼고 배수상태에서 경엽처리제 살포 / 1~2차 제초제 처리 후에도 피, 가래, 올방개, 올미 등 특정 잡초가 많이 발생하면 피 4~5잎 때 경엽처리제 살포하여 2~3일간 마른논 상태 유지 / 처리방법 / 파종전 / 건답기간 / 담수기간 / 파종후 / 3일이내 / 피 / 2-3엽기 / 피 4엽기 / 이내 / 담수후 / 초기처리 / 중기처리 / 중·후기처리 / (유수성형전) / 1회방제 / 2회체계방제① / 1차 / 2차 / 〃 ② / 〃 ③ / 〃 ④ / 1차후 / 20일 / 3회체계방제① / 3차 / 2차후 / 〃 ⑤ / 〃 ⑥ / 번호 / ① / ② / ③ / ④ / ⑤ / ⑥ / ⑦ / 대상제초제 / 글루포시네이트암모늄 액제, 글루포시네이트암모늄·티아베나실 액상수화제 / 뷰타클로르 유제, / 5일 이내 / 비페녹스·펜디메탈린 유제 / 펜디메탈린·프로파닐 유제 / 비스피리박소듐 액제, 벤타존소듐 ·페녹사프로피에틸 미탁제, 페녹사프로피에틸 유제, 벤타존 ·사이할로포프뷰틸 미탁제, 피리 벤족심 유제 / 어린모 및 / 담수직파 토양처리제, 수면전개제 / 담수직파 토양처리제 / 벤타존 액제, 벤타존 ·엠시피에이 액제, 벤타존·사이할로보프뷰틸 미탁제, 사이할로포프뷰틸 유제 등 경엽 처리제 / 드론 담수산파 재배 / 1차 방제(초기 제초제) / 파종 전 5~7일경 정지작업 후 수심 5cm에서 살포 후 5일간 담수 / 2차 방제(중기 제초제) / 파종 후 12~15일경 수심 5cm에서 드론 살포 후 5일간 담수 / 잡초 발생이 적은 논은 정지작업 직후 파종 후 중기 제초제만 처리 가능 / 3차 방제(경엽처리제) / 잡초 다발생 논은 파종 후 22~30일경 배수 후 경엽 살포 (3일간 배수상태) / 드론 담수산파 재배 잡초방제 체계 (예시) / 파종 전(1차) / (토양처리) / 중기(2차) / (파종 후 12~15일) / 경엽처리(3차) / (파종 후 22-30일) / 벤조비사이클론, 벤조비사이클론· / 티오벤카브, 티오벤카브 등 / (써레질~5일전) / 피라졸레이트 등 / (써레질 직후) / 벤조비사이클론·이마조설퓨론·페녹슐람, 벤조비사이클론·이마조설퓨론·피리미노박메틸, 벤조비사이클론·페녹슐람, 벤조비사 이이클론·카펜스트롤·피라조설퓨론에틸, 벤조비사이클론·메페나셋·페녹슐람, 아짐설 퓨론·벤조비사이클론·메타미포프, 브로모뷰 타이드·이마조설퓨론·피리미노박메틸, 브로모뷰타이드·이마조설퓨론·메페나셋, 아짐설퓨론·브로모뷰타이드·피리미노박메틸, 브로모뷰타이드·피라조설퓨론에틸·피리미노박메틸, 벤조비사이클론·플루세토설퓨론,벤조비사이클론·플루세토설퓨론·할로설퓨론메틸, 카펜트라존에틸·메페나셋·피라조설퓨론에틸, 카펜트라존에틸·이마조설퓨론·피리미노박메틸, 카펜트라존에틸·이마조설퓨론·페녹슐람, 아짐설퓨론·카펜트라존에틸·피리미노박메틸, 카펜트라존에틸·메타미포프·피라졸설퓨론에틸 등 / 벤타존, 페녹슐람, 사이할로포프뷰틸, 벤타존·메타미포프, 메타미포프, 벤타존·사이할로포프뷰틸, 벤타존·엠시피피에이, 비스피리박소듐, 플로르피록시펜벤질, 페녹사프로프피에틸, 프로파닐.트리아파몬 등 / 무논 직파재배 / 1차 방제(파종 전) / 정지작업 후 논물 5cm 이상 깊이에[서 제초제 처리 후 5~7일간 담수상태 유지 / 2차 방제(파종 후 12~15일) / 논물 5cm 이상 깊이에서 제초제 처리 후 5일 이상 담수상태 유지 / 3차 방제(파종 후 25~30일) / 잡초가 많이 발생하면, 논에 물을 완전히 뺀 후 경엽처리를 한 후 2~3일간 배수상태 유지 / 무논 직파재배 잡초방제 체계 (예시) / 파종전 처리 / (1차, 토양 또는 수면처리) / 파종 후 10~15일 / (2차, 수면 및 토양처리) / 파종 후 25~30일 / (3차, 경엽처리) / 무논골뿌림 / 피라졸레이트(써레질직후~파종2일전) / 티오벤카브, 피리미노박메틸·테퓨릴트리온(파종5일전, 토양처리) / 벤조비사이클론·이마조설퓨론·페녹슐람, 아짐설퓨론·벤조비사이클론·페녹슐람, 벤설퓨론메틸·벤조비사이클론·페녹슐람, 메타조설퓨론, 아짐설퓨론·벤조비사이클론·메타미포프, 벤조비사이클론·페녹슐람·프레틸라클로르, 벤조비사이클론·메타미포프·피라조설퓨론에틸, 벤조비사이클론·카펜트라존에틸·플루세토설퓨론, 페녹슐람·테퓨릴트리온, 브로모뷰타이드·이마조설퓨론·메타미포프, 브로모뷰타이드·이마조설퓨론·페녹슐람, 펜퀴노트리온·이마조설퓨론·피리미노박메틸, 펜퀴노트리온·이마조설퓨론·피리미노박메틸, 벤조비사이클론·피라조설퓨론에틸·피리미노박메틸 등 / 담수직파 / 벤조비사이클론, 베플루부타미드·페톡사미드, 브로모뷰타이드·티오벤카브, 펜트라자마이드·프레틸라클로르, 피리미노박메틸·테퓨릴트리온, 벤조비사이클론·티오벤카브, 티오벤카브(써레질직후 ~ 파종 5일전) / 글루포시네이트암모늄·티아페나실,(써래질 7일전 경엽처리) / 글루포시네이트암모늄, 글루포시네이트피(본답파종 10일전) / 글루포시네이트암모늄(파종15일전) / 브로모뷰타이드.이마조설퓨론·메타미포프, 벤조비사이클론·메타미포프.피라조설퓨론에틸(파종시) 등 / 아짐설퓨론·페녹슐람, 아짐설퓨론·카펜트라존에틸·피리미노박메틸, 아짐설퓨론·카펜트라존에틸·플루세토설퓨론, 아짐설퓨론·카펜트라존에틸·메타미포프, 아짐설퓨론·카펜트라존에틸·페녹슐람, 아짐설퓨론.페녹슐람.시메트린, 아짐설퓨론·브로모뷰타이드·피리미노박메틸, 아짐설퓨론·벤조비사이클론·피리미노박메틸, 이마조설퓨론·피라졸레이트·시메트린, 이마조설퓨론·피라졸레이트·시메트린, 이마조설퓨론·페녹슐람, 벤조비사이클론·이마조설퓨론·페녹슐람, 벤조비사이클론·페녹슐람, 벤조비사이클론·피라조설퓨론에틸·피리미노박메틸, 벤설퓨론메틸·브로모뷰타이드·페녹슐람, 벤설퓨론메틸·페녹슐람, 벤조비사이클론.플루세토설퓨론, 벤조비사이클론·이마조설퓨론.메타미포프, 벤조비사이클론·사이클로설파뮤론.페녹슐람, 피라조설퓨론에틸·피리미노박메틸, 피라졸레이트·피라조설퓨론에틸·시메트린, 플루세토설퓨론·이마조설퓨론, 플루세토설퓨론·피라조설퓨론에틸, 플로르피록시펜벤질·테퓨릴트리온, 플루세토설퓨론·할로설퓨론메틸, 페녹사설폰·펜퀴노트리온·이마조설퓨론, 페녹슐람·피라조설퓨론에틸, 펜퀴노트리온·이마조설퓨론·피리미노박메틸, 펜퀴노트리온·페녹슐람, 디메타메트린·피라조설퓨론에틸·피리미노박메틸, 메타미포프·피라조설퓨론에틸, 할로설퓨론메틸·프레틸라클로르·피리미노박메틸, 할로설퓨론메틸·피리미노박메틸, 할로설퓨론메틸·메페나셋·티오벤카브, 카펜트라존에틸·할로설퓨론메틸·피리미노박메틸, 카펜트라존에틸·이마조설퓨론·피리미노박메틸, 브로모뷰타이드·이마조설퓨론·피리미노박메틸, 브로모뷰타이드·이마조설퓨론·페녹슐람, 브로모뷰타이드·피라조설퓨론에틸·피리미노박메틸, 사이할로포프뷰틸·이마조설퓨론·프레틸라클로르, 메타조설퓨론(파종후 20일), 등 / 비스피리박소듐 벤타존·메타미포프, 페녹사프로프피에틸, 페녹슐람, 벤타존·사이할로포프뷰틸, 사이할로포프뷰틸, 프로파닐·트리아파몬, 메타미포프 등",dtl_30697.xml,절0
사료용벼,,재배법,적합 품종,"목우, 목양, 영우, 조우, 고우, 강다참, 연우 / 육묘 / 육묘기술 : 중묘, 어린묘, 부직포 육묘, 직파 등 / 중묘 관리 / 파종시기 : 4월 하순~5월 상순 / 파 종 량 : 120~140g/상자 (조파시 감량 100g) / 모내기 / 지역별 최적 이앙시기(월, 일) / 중부 평야지 / 호남 평야지 / 영남 평야지 / 5. 18 ~ 6. 12 / 6. 1 ~ 6.16 / 6. 8 ~ 6.16 / 재식밀도 : 30×14~16cm(70~80주/3.3㎡), 포기당 3~5본 / 다수확이 요구되므로 밥쌀용 벼보다 밀식재배가 필요함. / 시비량 (kg/ha) / 이삭거름 30% / 구 분 / 질소 / 인산 / 칼리 / 시비량 / 180 / 90 / 110 / 시비방법 / 밑거름 50% / 새끼거름 20% / 밑거름 100% / 밑거름 70% / 가축분퇴비 2,000∼2,600kg/ha, 규산 1,500kg 시용 / 잡초관리 / 제초제 처리시기 / 초기 : 이앙 전∼이앙 후 5일경 / 중기 : 이앙 후 13∼15일경 , / 처리 후 5일간 담수 유지 / 후기 : 잡초 발생시 이앙 후 25일경 / 제초제 처리시 주의사항 / 처리시기에 적용한 약제 선정 / 방제 가능 처리시기 준수 / 제초제 제형 및 성분별 주의사항 필독 / 메소트리온, 테퓨릴트리온, 벤조비사이크론 성분 함유 제초제 사용금지 / 병해충 방제 / 못자리 : 모잘록병, 모도열병, 키다리병 등 / 본답 초기(5월 중순∼6월 중순) : 잎도열병, 애멸구, 벼물바구미, 벼굴파리류 / 본답 중기(6월 하순∼8월 상순) : 잎도열병, 잎짚무늬마름병, 벼멸구, 애멸구, 이화명충 등 / 본답 후기(8월 중순∼수확기) : 이삭도열병, 이삭마름병, 흰등멸구, 혹명나방, 이화명충 등 / 수확 / 완전낙수 : 출수 후 20~25일경(강우시 앞당김) / 담근먹이 : 출수 후 30일경(호숙기~황숙초기) / 벼 전용 수확기계로 수확·파쇄 후 원형곤포",dtl_259520.xml,절0
옥수수,,재배법,논재배 적합 품종,"식용 : 미백2호, 미흑찰, 일미찰, 찰옥4호, 대학찰, 황금흑찰, 찰옥5호 / 사료용 : 광평옥, 다청옥, 신황옥, 광평옥2호 / 파종 시기 / 중북부 : 4월 중순 ~ 5월 상순 / 남 부 : 4월 상순 ~ 4월 하순 / 파종량(kg/10a) / 곡실용 옥수수 : 2.0~2.5 / 식용 풋옥수수 : 1.5~2.0 / 사료용 옥수수 : 2.5~3.0 / 심는 거리 / 식용 / 1주 1본 : 70×25~30cm / 1주 2본 100×40~45cm / 미백2호, 연농1호 : 70×30~35cm / 사료용 : 1주 1본 70×18cm∼25cm(기계파종) / 시비량(kg/10a) / 구분 / N / P / K / 비고 / 15 / 3 / 6 / 석회 : 100~150 / 퇴비 : 1,500~3,000 / 알곡용 / 18 / 7 / 사료용 / 20 / 질소1/2, 인산, 칼륨은 밑거름, 나머지 질소는 6~7엽기에 웃거름으로 줌 / 잡초약 사용 / 화본과 및 광엽잡초 제거 / 잡초 초종별 전용약제 살포 / 처리방법 / 처리시기 / 1차 방제 / 토양처리 / 파종 직후부터 3일이내 / 2차 방제 / 경엽처리 / 광엽잡초 3~5엽기 이내 / 비선택성 / 잡초 생육기 헛골 방제 / 병해충 방제 / 병해 : 깨씨무늬병, 깜부기병, 검은줄무늬오갈병, 그을음무늬병 등 / 해충 : 조명나방, 멸강나방, 왕담배나방, 진딧물 등 / 기상재해 관리 / 대 책 / 가뭄 / 관수가 근본 대책이며, 관수가 어려울 경우 질소 추비 / 습해 / 높은 이랑재배, 논 가장자리 배수로 설치 등 사전 배수 관리 철저 / 웃자람을 피하기 위해 시비량을 조절해야 함 / 습해 발생 시 0.5∼1.0% 요소액을 엽면 시비 / 서리 / 생육 초기에 서리에 약하므로, 늦서리가 오는 날로부터 15일전, 평균기온 10~15℃ 이상일 때 파종 / 냉해 / 이중커튼, 난로로 보온, 퇴비, 인산을 충분히 시용하고 추비 주기 / 침관수 / 피해 발생 시, 조속한 물빼기 실시와 잎에 묻은 흙 앙금 제거 / 고온해 / 하우스내 관수, 측장 개방(화분비산기 35℃ 이하 관리) / 수확 / 적기 : 이삭수염 나온 후 / 곡실용 : 40~50일 / 식용(풋옥수수) : 20일 전후 / 사료용 : 35~40일 / 수확기, 탈립기 및 로타리 이용 수확, 탈립작업 / 파종량 / 종실용 옥수수 : 2.0~2.5㎏/10a / 식용 옥수수 : 1.5~2.0㎏/10a / 재식거리 / 종실용 옥수수 : 60 × 30㎝(5,500개체/10a) / 식용 옥수수 : 60 × 25㎝(6,600개체/10a) / 밑거름 / 3요소량 / 시비량 / 요소 / 용성인비 / 염화가리 / 퇴비 / 종실용 / 9 / 12 / 1,500~2,000 / 7.5 / 17 / 10 / 지역과 필지별 비옥도에 따라 조정 / 웃거름(요소) : 옥수수 20, 식용 옥수수(단, 초당, 찰) 16 / 석회 : 3년에 1회 300kg/10a / 이삭수염이 나온 후 20일 지나면 이삭 성숙 정도를 확인하여 결정 / 곡실용 : 40~50일(알 수분함량 30% 이하, 기계수확시 25% 이하) / 단, 초당, 찰옥수수 : 20~25일 전후 / 최근 고온과 강한 일조량에 의해 옥수수 등숙 시간이 짧아짐",dtl_259522.xml,절0
참깨,,재배법,논 재배 적합 품종,"역병, 시들음병, 흰가루병 등 병에 강하고 쓰러짐에 강한 품종 선택 / 품종명 : 건백, 강안, 금옥, 강유, 하니올, 영웅 등 / 파종 시기 / 1모작 : 5월 상순~6월 상순 / 2모작 : 6월 상순~6월 하순 / 씨뿌리는 량 / 소요량 : 0.1~0.2㎏/10a / 재식거리 / 소분지형 : 55 × 15㎝ / 다분지형 : 55 × 20㎝ / 비닐덮기 효과 / 5월 상순 이전 : 투명비닐 사용 / 생육적온 : 25~30℃ 유지 / 6월 상순 이후 : 흑색비닐 사용 / 지온이 5~6℃ 낮아 고온장해 경감 / 주수확보 / 종자소독 : 베노밀·티람수화제 / 경운정지 : 흙이 고르고 잘게 쇄토되어야 두둑이 잘 만들어지고 발아율이 높아짐 / 파종깊이 : 심는 깊이를 1cm 이내로 심고 복토 / 시비량(kg/10a) / 구 분 / 3요소량 / 퇴비 / N / P / K / 단작 비닐피복 / 2.9 / 3.1 / 3.2 / 1,000~2,000 / 이모작 비닐피복 / 6.2 / 전량 밑거름으로 시용하나 토양 조건에 따라 가감함 / 병해충 / 병 : 잘록병, 역병, 시들음병, 잎마름병, 흰가루병 / 충해 : 나방, 노린재류, 진딧물 / 방제시기 : 6월 하순 ~ 8월 상순 / 기상재해 관리 / 대 책 / 가뭄 / 솎음작업은 다소 늦추어 비온 후에 절단 솎음 / 비닐 피복 재배시, 비닐 양측 가장자리와 파공 부위를 흙으로 덮어 수분 증발 억제 / 가뭄해가 심할 경우, 개화최성기에 염화칼슘과 염화칼슘+붕소를 2회 엽면시비 / 습해 / 침관수 / 고휴재배, 논 가장자리 배수로 설치 등 사전 배수관리를 철저히 하고, 웃자람을 피하기 위해 시비량을 조절해야 함 / 습해 발생 시 0.5~1.0% 요소액을 엽면 시비 / 피해 발생 시, 조속한 물빼기 실시와 잎에 묻은 흙 앙금 제거 / 도복 / 상습적인 태풍 통과지역은 지주대 설치 / 도복 발생 시 땅이 굳기 전에 일으켜 세우거나 즉시 수확 / 수확 / 예취기 이용 수확 / 줄기 아래부분 꼬투리가 2~3개 정도 갈라지기 시작할 때 / 콤바인 이용 수확 / 내탈립 품종에 한하여 꼬투리, 줄기가 모두 건조되었을 때 보통형 콤바인으로 작업 / 재배유형 / 재배지역 / 파종기 / 수확기 / 단작 / 전남․경남 / 5월 상순~5월 하순 / 8월 중순~9월 상순 / 그 외 / 5월 중순~6월 상순 / 8월 하순~9월 상순 / 2모작(맥후작) / 남부 / 맥류 수확 후 바로~6월 중순 / 9월 상순~9월 중순 / 파종량 / : 0.3~0.6㎏/10a / 복토 깊이 / : 2~3㎝ / 종자소독 : 베노람·티람 수화제를 골고루 묻힘(종자1kg/4g) / 유공 규격비닐 사용 / 소립 종자 입모율 향상을 위해 흙을 곱게 갈기 / 결주 20% 이상시 보파 / 결주 20% 미만시 보식 / 보식용으로 128구 트레이 이용 육묘상 설치(10a당 4~5㎡) / 소분지: 55 × 15㎝, 다분지: 55 × 20㎝ / 솎음작업 / 본엽이 2~4매(싹튼 후 약 2주)시 1본만 남기고 솎아 줌 / 순지르기 / : 개화부위까지, 등숙 향상 / 첫꽃이 핀후 35~40일 사이(수확 20~25일전) / 표준 시비량 (kg/10a) / 참깨 전용복합비료(9-9-9) 30~35kg/10a, 석회 200kg/10a / 지역과 필지별 비옥도에 따라 조정 / 적기 수확 : 아래부분 꼬투리가 2~3개 정도 갈라지기 시작할 때",dtl_259523.xml,절0
콩(논재배),논재배,재배법,논 재배 적합 품종,"선풍, 대찬, 평안, 대선, 선유2호, 해찬, 청자5호 / 파종 시기 / 6월 상순 ~ 6월 중순 / 파종한계기 : 중부지역 7월 상순, 남부지역 7월 중순 / 파종․소독 / 파종량(kg/10a) : 소립종 4~5, 대립종 5~6, 극대립종 7~8 / 종자소독 : 베노밀·티람 수화제 / 파종방법 / 기계수확이 용이하도록 2줄 평두둑 재배 / 재식거리 : 60~70×15~30㎝ / 시비량(kg/10a) / N-P-K : 3-3-3.2 (전량 밑거름 시용) / 웃거름(추비) : 습해, 침관수 등으로 인해 생육이 부진할 때나, 다수확을 위해 개화~꼬투리 커지는 시기에 시비 / 배수관리 / 높은 두둑(고휴) 재배 : 25~30cm / 논 가장자리 배수로 설치 / 잡초 방제 / 1차 : 파종 후 3일 이내 / 입제 : 골에 물댄 후 입제 살포 / 유제 : 유제 살포 4일 후 물대기 / 2차 : 파종 후 15일 경 경엽처리 선택성 제초제 / 3차 : 파종 후 30~50일 경 비선택성 제초제 헛골처리(콩 접촉 주의) / 병해충 방제 / 병해 : 역병, 잎마름병, 자주빛무늬병, 불마름병, 탄저병 등 / 해충 : 파밤나방, 담배거세미나방, 톱다리개미허리노린재 등 / 방제시기 / 1차 : 7월 하순 ~ 8월 상순 / 2차 : 8월 하순 ~ 9월 상순 / 기상재해 관리 / 가뭄해 : 관수가 근본 대책이며 논 재배는 고랑 관개에 유리 / 침관수(완전 침수) : 피해 발생 시, 조속한 물빼기와 잎에 묻은 흙 제거 / 콩은 침관수 이후 24시간 경과하면 대부분 고사하기 때문에 최대한 신속한 배수 필요 / 습해 : 가장자리 배수로 설치, 용·배수로 이물 제거 등 사전 관리 철저 / 피해 발생(잎 황화, 생육 위축, 뿌리 썩음 등) 시 0.5%~1.0% 요소액 엽면 시비 및 질소비료 시용 / 수확 / 적기 수확 / 꼬투리 고유색, 콩알 건조",dtl_259521.xml,절0
팥,,재배법,논 재배 적합 품종,"아라리, 홍다, 검구슬, 연두채 등 / 파종 시기 / 적기 : 6월 상순~6월 하순 / 파종 한계기 / 중북부 : 7월 중순 / 남 부 : 7월 하순 / 봄철 가뭄시 대파 작물로 활용 / 파종량 / 적기파종 : 3~4kg/10a / 파종방법 / 재식거리 : 60×10~15㎝ / 파종깊이 : 3~5㎝ / 시비량(kg/10a) / N-P-K : 2~4-4~6-4~6 / 전량 밑거름으로 시용 / 콩전용복비(8-14-12) : 50kg /10a / 순지르기는 효과 없음 / 북주기 / 회수 / 시기 / 북주기 부위 / 1회 / 본엽 2~3매시 / 떡잎 마디까지 / 2회 / 4~5매시 / 홑잎 마디까지 / 3회 / 6~7매시 / 제1본엽 마디까지 / 재배관리 / 배수구 정비로 습해예방 / 매기는 꽃피기 전까지 / 잡초약 사용 / 구분 / 처리방법 / 처리시기 / 1차 방제 / 토양처리 / 파종 직후부터 3일이내 / 2차 방제 / 경엽처리 / 광엽잡초 3~5엽기 이내 / 비선택성 / 잡초 생육기 헛골 방제 / 병해충 방제 / 병해 : 갈색무늬병, 흰가루병 등 / 방제시기 : 2회(개화 10일전, 개화시) / 충해 : 팥알락명나방 등 / 방제시기 : 개화기 / 수확 / 꼬뚜리가 70~80 익었을 때(개화 후 50~55일경) / 수확 후 건조 조제 정선 / 재배 지역 / 파종기 / 수확기 / 알맞은 시기 / 한계기 / 중북부 / 6월 중순~하순 / 7월 상순 / 10월 상순~중순 / 남부 / 6월 중순~7월 상순 / 7월 중순 / 10월 중순~하순 / 적기파종 3~4kg/10a, 만기파종 5~7kg/10a / 파종립수 2~3립, 파종깊이 3~5cm / 시기별 재식밀도 / 재식밀도(한 이랑) / 조간 1줄 / 조간 2줄 / 6월 중순 / 60~70×10~15cm / 120×40×40×10~15cm / 60~70×10cm / 120×40×40 ×10cm / 표준 시비량 / 밑거름 (kg/10a) / 3요소량(㎏/10a) / 시비량(㎏/10a) / N / P / K / 요소 / 용성인비 / 염화가리 / 석회 / 퇴비 / 2~4 / 4~6 / 4.3~8.7 / 10~20 / 6.7~10 / 200 / 1,000 / 생육 부진시 개화기나 개화 10일 후에 요소 0.1~0.5% 엽면시비 / 콩전용복비(8-8-9)시용 : 50㎏(2포)/10a / 팥은 콩보다 질소 고정 능력이 떨어지므로 질소 이용 효과가 콩보다 큼 / 지역과 필지별 비옥도에 따라 조정 / 꼬투리가 70~80% 익었을 때 일괄 수확(개화 후 50~55일) / 중북부 10월 상·중순, 남부 10월 중·하순 / 수확 후 4~6일 건조한 뒤 탈곡",dtl_259525.xml,절0
감자,,재배법,심는거리,"씨감자 준비(파종 20~35일 전) : 160kg/10a / 알맞은 크기 이용 : 30g 이하, 250g 이상 제거 / 절단 : 위에서 아래로 향해 자르되(30~50g) 아래부분 1/5을 남김 / 싹틔우기 : 온도 15~20℃, 습도 80~90%, 25~35일간 산광처리 / 가을재배 : 10~15일간 / 싹틔운 씨감자를 심으면 20~30일경 지상부로 싹이 출현 / 품종에 따라 휴면기간 차이 큼(2개월 미만~5개월) / 1열 파종 : 70~80(휴간) × 20~25cm(주간) / 2열 파종 : 90~140(휴간) × 30~40(열간) × 20~25cm(주간) / 파종깊이 : 5~10cm / 멀칭 / 봄, 겨울 : 투명 PE필름 / 여름, 가을 : 검은색 PE필름 / 시비량 (kg/10a) / 시비량 / 작형 / 3요소량 / N / P / K / 요소 / 용과린 / 염화가리 / 퇴비 / 봄재배 / 10 / 8.8 / 13 / 22 / 44 / 1,500~ / 2,000 / 여름재배 / 13.7 / 3.3 / 11.4 / 30 / 16.5 / 19 / 가을재배 / 12 / 26 / 겨울재배 / 지역과 필지별 비옥도에 따라 조정 / 가을재배시 봄재배보다 질소거름 50% 증시 / 감자복비(11-8-9+2+0.2) 시용 : 봄재배 5포, 가을재배 7.5포 / 수확과 저장 / 수확적기 / 잎, 줄기가 노랗게 변할 때(황엽기~고엽기) / 예비저장 / 적정온도 12~18℃, 습도 80~85% / 빛이 들지 않고 바람이 잘 통하는 서늘한 곳에 얇게 편 상태로 10~14일간 말림 / 본저장 / 적정온도 3~4℃, 습도 80~85% * 가공용 : 8~10℃",dtl_30699.xml,절0
강낭콩,,재배법,파종량,": 7~9ℓ/10a / 심는 거리 / 직립형 : 조생종 40×15cm, 만생종 50×15cm / 덩굴성 : 75×30~40cm / 시비량 (kg/10a) / 시비량 / 3요소량 / N / P / K / 요소 / 용성인비 / 염화가리 / 석회 / 퇴비 / 4 / 7 / 6 / 9 / 41 / 10 / 200 / 1,500 / 지역과 필지별 비옥도에 따라 조정 / 질소 고정능력이 약하므로 질소질비료 필히 시용 / 수확 / 수확적기: 꼬투리가 70~80% 마를 시 / 파종에서 풋강낭콩 수확까지 60일 정도",dtl_30700.xml,절0
고구마,,재배법,"온상(전열, 양열)","묘상설치 시기(비닐하우스내) / 조기재배 : 2월 상순~3월 하순 / 보통기재배 : 3월 상순~ 3월 중순 / 냉상 : 3월 상순~3월 하순 / 씨고구마 소요량 / 묘상 1㎡당 7~10kg(씨고구마 1kg당 20~30개 생산) / 본밭 씨고구마 75~100kg/10a (본밭 묘 소요량 6,000~7,000개/10a) / 묘상설치 시비량 (kg/10a) / 시비량 / 3요소량 / N / P / K / 요소 / 용과린 / 염화가리 / 퇴비 / 6 / 4 / 5 / 13 / 20 / 8.3 / 1,500 / 토양 비옥도에 따라 조정 / 묘상 온ㆍ습도 관리 / 싹나오기 전 : 30~33℃ / 싹나온 후 : 23~25℃ / 모판흙 습도 : 70% 유지 / 재식거리 / 조기 및 보통기재배 : 70~75×20㎝(7,100~6,700주/10a) / 만기재배 : 75×25㎝(5,300주/10a) / 아주심기 시비량 (kg/10a) / 아주심기 시비량 / 구분 / 기경지 / 5.5 / 6.3 / 15.6 / 12.0 / 31.5 / 26.0 / 1,000 / 개간지 / 9.0 / 24.0 / 19.6 / 45.0 / 40.0 / 고구마복합비료(7-7-18) 시용 / 기경지 75~80kg, 개간지 125~130kg/10a / 지역과 필지별 비옥도에 따라 조정 / 수확과 저장 / 수확 : 서리 오기 전 / 아주심기 후 120일 정도(분질고구마 110일, 점질고구마 130일) / 저장 시 온ㆍ습도 유지 / 수확 직후 : 온도 30~33℃, 습도 90~95%에서 4일간 / 본 저장 : 온도 12~15℃, 습도 90~95%",dtl_30701.xml,절0
들깨,잎,재배법,품종,": 잎들깨 전용품종 재배 / 종실용 품종에 비해 잎 수확량 많으며, 일장에 둔감하여 개화가 늦음 / 들깨는 휴면기간 중인 품종이 있으므로 미리 발아 시험한 후 파종 / 파종량 / 3kg/10a(파종구 당 5~6립), 육묘이식 300~500g/10a / 재배 이랑 / 90~120cm × 통로 30~50cm / 재식 밀도 / 조간 5~7cm × 주간 7~10cm / 시비량 (kg/10a) / 시비량 / 구분 / 3요소량 / N / P / K / 요소 / 용성인비 / 염화가리 / 석회 / 퇴비 / 밑거름 / 1.9 / 3.0 / 2.7 / 4.1 / 15.0 / 4.5 / 150 / 5,000 / 웃거름 / 0.0 / 9.8 / 6.8 / - / 생육을 관찰하면서 부족 영양소에 대한 엽면시비 등 웃거름 시비 / 수확과 저장 / 수확시기 : 4본엽 부터 가능 / 종자는 2~4℃, 잎은 7~10℃에서 저장",dtl_30607.xml,절0
들깨,종실,재배법,파종량,"직파재배 : 0.3~0.5kg/10a / 육묘이식재배 : 묘판면적 70㎡/10a(128구 트레이) / 육묘 상토 / 원예용 상토(수도용 상토는 건조도가 높아 부적합) / 재식거리 / : 60×25㎝(1주 1본) / 육묘 중 솎음 작업 / (20~30일간 육묘) / 1차 : 본엽 전개시 2포기 남김 / 2차 : 1차 솎음 10일 후 1포기 남김 / 시비량 (kg/10a) / 시비량 / 구분 / 3요소량 / N / P / K / 요소 / 용성인비 / 염화가리 / 석회 / 퇴비 / 밑거름 / 4 / 3 / 2 / 8.6 / 15 / 3.3 / 100 / 1,000 / 수확과 저장 / 수확시기 : 개화기부터 조․중생종 32일, 만생종은 29일에 수확 가능 / 줄기가 황변하고 종실이 탈립 되기 시작할 때 / 흐린날 아침이나 저녁에 수확",dtl_30703.xml,절0
땅콩,,재배법,종자 소요량(kg/10a),"소립종 6~8, 중립종 8~11, 대립종 11~13 / 적정주수 / : 8,000주/10a / 비닐피복재배 / 저밀도 비닐(두께 0.015㎜ 이하) 사용 권장 / 시비량 (kg/10a) / 시비량 / 구분 / 3요소량 / N / P / K / 요소 / 용과린 / 염화가리 / 석회 / 퇴비 / 기경지 / 3 / 10 / 6.5 / 50 / 16.7 / 100~150 / 1,000 / 개간지 / 4 / 30 / 20 / 8.7 / 150 / 33.4 / 300 / 2,000 / 땅콩용 복합비료(4-19-14) : 75㎏/10a / 빈꼬투리 방지를 위해 석회 시용(기비) / 지역과 필지별 비옥도에 따라 조정 / 수확과 저장 / 수확 : 꼬투리의 그물무늬가 뚜렷할 때(60~80%) / 몇 포기를 캐어 꼬투리의 성숙도를 보고 결정 / 반드시 첫서리가 오기 전까지 수확 끝냄 / 개화 후 소립종 80일경, 중립종 90일, 대립종 100일경 수확 / 저장 : 땅콩 저장 시 충분히 건조 후 저장(종자 수분함량 7% 내외) / 저장은 건조하고 서늘한 곳에 저장하며, 여름철 저온(창고 등)에 저장 필수 / 씨앗용은 알콩보다 피콩저장이 유리(발아율 향상)",dtl_30704.xml,절0
보리,,재배법,파종 적기,"지대 / 지역 / 평야지 / (표고 100m 이하) / 중간지 / (표고 100~250m) / 1월 최저 / 평균기온(℃) / 남부 / 익산, 순창 / 합천, 청도 / 10.15.~10.30. / 10.10.~10.20. / 3.1~-5.0 / 삼척선 이남 / 10.20.~11.5. / 10.15.~10.25. / 3.0 / 제주 / 도내 전역 / 11.1.~11.15. / 10.25.~11.10. / - / 파종량 : 파종 방법, 재배 지역에 따라 종자량 조정 / 파종량 / 재배지 / 파종기 / (kg/10a) / 파종방법 / 이랑 너비 / (휴폭 cm) / 골 너비 / (파폭 cm) / 전북 / 답리작 / 10월 하순 / 15 / 150 / 120 / 전남 / 14 / 경남 / 전작 / 11월 상순 / 13 / 40 / 18 / 종자 소독 / 화학적 방제 : 겉깜부기병·줄무늬병 등록약제 처리 / 기타 물리적 방제 : 종자냉수온탕침법 / 시비량(kg/10a) / 시비량 / 3요소량 / 웃거름 / N / P / K / 퇴비 / 4.5 / 7.4 / 3.9 / 1,000 / 3.3 / 6.8 / 1.9 / 화산회토 / 4.4 / 16 / 3.6 / 3.2 / 비화산회토 / 9 / 웃거름 : 2월 중·하순에 시용 / 지역과 필지별 비옥도에 따라 조정 / 수확 / 적기 수확 : 출수 후 40~45일 사이에 낟알을 확인하여 판단 / 콤바인 이용시 인력보다 2~3일 후 수확 / 지역별 파종 적기 / 지대 / 파종 적기 / 수확기 / 평야지 / (표고 100m 이하) / 중간지 / (표고 100~250m) / 북부 / 10월 상순 / 평야지보다 5일 빠르게 / 6월 상순~6월 하순 / 중부 / 10월 중순 / 5월 하순~6월 상순 / 남부 / 10월 중·하순 / 지역별 적정 파종량 (kg/10a) / 재배 양식 / 중북부 / 밭 / 논 / 겉보리 / 쌀보리 / 광파(60cm×18cm) / 14 / 13 / - / 12 / 협폭파(40cm×18cm) / 15 / 휴립광산파(150cm×120cm) / 20 / 17 / 줄뿌림(20cm×5cm) / 12~14 / 11~13 / 재배한계선(추파) / 화학적 방제 : 겉깜부기병·줄무늬병 등록약제 처리 / 기타 물리적 방제 : 종자냉수온탕침법 / 시비량 (kg/10a) / 밑거름 / 품종 / 내도복성 / 3요소량 / 시비량 / N / P / K / 요소 / 용성인비 / 염화가리 / 퇴비 / 강 / 9.1 / 7.4 / 3.8 / 19.8 / 37.0 / 6.3 / 1,200 / 중~약 / 7.8 / 6.8 / 3.1 / 17.0 / 34.0 / 5.2 / 지역과 필지별 비옥도에 따라 조정 / 수확과 저장 / 적기 수확 : 출수 후 35~40일 / 콤바인 수확 : 출수 후 40~45일 / 인력 수확 : 출수 후 35일 / 건조 : 수분함량 14%",dtl_30705.xml,절0
메밀,,재배법,파종 방법 및 파종량,"파종 방법 / 산파(흩어뿌림) / 세조파(줄뿌림) / 점파(점뿌림) / 파종량(kg/10a) / 8~10 / 6~8 / 0.5~2 / 재식거리 / 간격 없음 / 열간 30㎝ / 열간 30㎝, 주간 15㎝ / 장점 / 작업시간 단축 / (파종시간 등) / 재배관리 용이 / (제초관리 등) / 생육조사 유리 / (개체 특성 파악) / 단점 / 종자량 과다 소요 / 작업 노력 소요 / 시비량 (kg/10a) / 시비량 / 3요소량 / N / P / K / 요소 / 용과린 / 염화가리 / 석회 / 퇴비 / 5.4 / 3.1 / 3.9 / 11.7 / 15.5 / 6.5 / 200 / 1,000~1,500 / 콩 전용복비(8-14-12) : 25~50kg/10a / 붕사 2~3kg/10a 시용시 결실율 높임 / 규산질비료 시용시 줄기 쓰러짐 경감 / 지역과 필지별 비옥도에 따라 조정 / 수확과 저장 / 수확 : 종실이 75~80% 정도 성숙했을 때 수확 / 종실의 수분함량 16% 이하일 때 수확 / 수확 후 3~5일 동안 양건하여 탈곡 / 건조 및 저장 / 탈곡 후 종실의 수분 함량이 13% 이하가 되도록 건조 / 건조기 이용시 43±3℃ 이하로 1~3일간 건조 / 장마철인 7월에 수확할 경우 곧바로 건조시켜야 함",dtl_30706.xml,절0
밀,,재배법,지역별 파종 적기,"지대 / 지역 / 파종적기 / (파종한계기) / 밀 생산단지 권역 / 권역 / 북부 / 수원, 대전, 영주 / 10.1. / (10.10.) / 강원·충북·경북 / 상주, 안동, 예천, 청주, 홍천 / 강릉 이북 / 10.5. / (10.15.) / 중부 / 충남 평야지 / 10.20. / (10.30.) / 충남 / 논산, 보령, 부여, 서천, 천안 / 전북 평야지 / 10.25. / (11.10.) / 전북 / 고창, 군산, 김제, 부안, 익산, 전주, 정읍 / 남부 / 전남, 경남 평야지 / 10.30. / (11.15.) / 전남·경남내륙 / 광주, 구례, 나주, 보성, 순천, 의령, 장성, 함안, 합천 / 남부해안 / 11.1. / (11.20.) / 무안, 영광, 영암, 장흥, 진도, 함평, 해남, 제주 / 밀 생산단지 권역 및 지역은 ’23년 국산 밀 생산단지 91개소를 기준으로 작성 / 파종기는 평야지(표고 100m 이하) 기준이며 중간지(표고 100~200m)는 평야지보다 5일 당겨야 함 / 중부 및 남부지역의 파종적기는 2020년에 재설정 / 적정 파종량 / 재배양식 / 파종방법(cm) / 파종량(kg/10a) / 휴폭 / 파폭 / 전작 / 답리작 / 휴립광산파 / 150~180 / 120~150 / - / 16~20 / 휴립세조파 / 20~30 / 5 / 13 / 10~13 / 비료 종류별 시비량 및 시비방법(kg/10a) / 성분 / 시비량 / 분시 체계 / 밑거름 / 웃거름 / 요소 / (N)* / 19.8 / 9.1 / 7.9 / 3.6(40%) / 11.9 / 5.5(60%) / 용성인비 / (P) / 43.5 / 7.4 / 7.4(100%) / 염화칼륨 / (k) / 6.5 / 3.9 / 3.9(100%) / (강원·충북·경북지역) 밑거름과 웃거름 5:5 분시 / 생육재생기 웃거름 시용 / 시기 : 남부 2월 중순, 중북부 2월 중·하순 / 시비량 : 요소 11.9㎏/10a / 빵용 품종(백강, 황금알)은 출수 1주 후 질소 3kg/10a 추가 시용(요소기준 6.5kg/10a) / 수확과 저장 / 수확시기 / 성숙기에서 4∼7일 후 종실수분이 20% 내외로 떨어질 때가 적기이며 출수 후 45일 정도임 / 수확 시 종실 수분함량이 30% 이상으로 높으면 콤바인 수확 시 손상립이 많아져 품질이 저하됨 / 밀 산물수매 : 수분 20% 전후에 수확하여 건조 / 수확 시 주의사항 / 밀 수확기에 잦은 강우가 예측될 때, 비가 오기 전 미리 수확하여 수발아 피해를 줄임 / 수확시의 곡립수분과 콤바인 탈곡부의 회전수 등을 고려함 / 밀 수확기는 장마시기와 겹칠 수 있고 벼, 콩 등 하계작물 이앙/파종 시기와 연결되어 작업일수가 촉박하므로 영농집단화와 조직화 등으로 기계 이용효율을 높여야 함 / 혼입 방지를 위해 수확 전에 반드시 콤바인을 깨끗이 청소해야 함 / 수확 후 포대(톤백) 방치 시, 곡립 온도 상승으로 변색 및 품질 저하가 발생하므로 반나절 이상 방치 금지 / 건조 및 저장 / 건조 : 건조기 온도 40~50℃(*종자용은 40℃ 이하 건조) / 종실 수분이 많을수록 낮은 온도에서 건조: 수분 40% (온도 30℃), 수분 35% (온도 35℃) / 건조 후 수분함량 : 12% 이내 유지 / 40℃∼50℃에 건조 시 밀알 수분은 1시간에 1% 정도 감소 / 저장온도 : 저온저장(10~15℃)이 유리 / 저장방법 : 상온저장, 저온저장, 포대저장, 산물저장, 밀폐저장(사일로) 등 / 저장 온도와 습도가 낮을수록 품질저하 속도가 느리며, 일반 창고에 보관할 때는 통풍시설을 최대한 활용",dtl_30707.xml,절0
수수,,재배법,재식거리,"파종량 : 1~2㎏/10a / 수수는 한 이삭에 약 1,000~3,000개의 씨알이 달려 충실도가 다양하므로 우량 씨앗을 선별해 씨뿌림하는 것이 반드시 필요 / 우량 씨앗 선별 방법 : 종자크기 3.15mm 이상 선별과 염수선 / 염수선 : 소금물[소금 51.0g(비중 1.035)/물 1L]에 씨앗을 넣고 잘 저은 후 가라앉은 우량 씨앗을 골라내 소금기를 씻어낸 후 그늘에 말려 이용 / 직파 : (1조식) 조간 60cm, 주간 20㎝(포기당 7~8립) / (2조식) 이랑넓이 110cm, 조간 30cm, 주간 15cm 내외 / 솎음/제초/배토 : 충실한 개체 1~2본만 남기고 솎으면서 제초·배토 수행 / 이식재배 : 육묘용 트레이(128구)에 구멍당 2~3립씩 파종 / 육묘기간 : 15~20일 내외 / 시비량 (kg/10a) / 시비량 / 3요소량 / N / P / K / 요소 / 용과린 / 염화가리 / 퇴비 / 10 / 7 / 8 / 22 / 35 / 13 / 1,000 / 웃거름 : 싹튼 후 약 1개월 지난 후 질소부족 증상을 보이면 질소 5~10kg/10a(요소 11~22kg) 살포 / 재배 관리 / 재배방법 : 높은 이랑재배(노지, 비닐피복), 육묘이식 재배 / 솎음작업 : 발아 후 2~3회 / 제초 겸 북주기 : 솎음작업 후 2회 / 새뿌리 발생 및 쓰러짐 경감 / 침수지 및 건조지에 적응이 강함 / 개화기 강우 장기간 지속되거나 저온다습에 의해 불임피해 발생 / 병해충 방제 / 병해 : 탄저병, 줄무늬세균병, 이삭곰팡이병, 겉깜부기병 등 / 충해 : 왕담배나방, 조명나방, 멸강나방, 노린재, 가장테두리진딧물 등 / 수수는 약해 발생이 잘되므로 약제 살포시 기상조건 등 고려 / 수확 / 적기 수확 : 씨껍질이 붉게 변하고 씨눈 뒷면에 검은층의 둥근점이 나타남",dtl_30708.xml,절0
완두,,재배법,파종,"소요량 : 6~7ℓ/10a / 연적장해 / 연작시 식물체 왜화 및 감수 / 연작2년 : 수량 50% 감수 / 연작3년 : 초년 수량에 비해 90% 감수 / 석회 필히 시용 : 100~120㎏/10a / 작부체계 / 2기작 재배(남부) / 작부체계 : 완두+벼재배시 연작피해 거의 없음 / 파종기 / 비닐피복적기 : 23상~1하순 / 개화촉진 / 종자최아후 10~50일(0~2℃)간 처리 효과 / 3~10일 개화촉진 / 병해충 방제 / 병해 : 갈색무늬병, 흰가루병 등 / 방제시기 : 2회(개화10일전, 개화시) / 충해 : 팥알락명나방 등 / 방제시기 : 개화기 / 수확 / 꼬투리 식용시 / 종실이 굵어지기 전 / 꼬투리가 연한 품종재배 / 꼬투리알 식용시 / 꼬투리 변색과 견고해지기 전 / 작형별 출하시기 / 작형 / 수확기 / 출하기 / 성출하기 / 비닐피복 / 12상~1하 / 5상~하 / 5중~하 / 5중",dtl_30710.xml,절0
유채,,재배법,파종량,"재배유형 / 파종기 / 파종량(kg/10a) / 가을재배 / 조파 / 0.6~0.8 / 산파 / 1 / 만파 / 1.5~2.0 / 봄재배 / 가을 파종량의 1.5배 파종 / 가을·봄 파종 후 약 3cm정도 복토 / 배수로 작업 / 구분 / 배수 양호 포장 / 배수 불량 포장 / 이랑폭 / 2m 20cm / 1m 20cm / 고랑깊이 / 25cm / 고랑폭 / 30cm / 논 재배의 경우 논둑 바깥까지 배수로 작업 실시 / 시비량 (kg/10a) / 밑거름 / 3요소량 / 시비량 / N / P / K / 요소 / 용성인비 / 염화가리 / 붕소 / 퇴비 / 논 / 기비 / 4.5 / 10 / 9.8 / 50.0 / 16.6 / 2 / 1,000 / 추비 / 9.5 / - / 20.6 / 밭 / 3.5 / 8.0 / 7.6 / 40.0 / 13.3 / 6.5 / 14.1 / 0.0 / 수확과 저장 / 수확 / 6월 상·중순(개화 후 60~65일 전후) 콤바인 수확 / 유채 꼬투리가 황갈색으로 변하고, 종자색은 암흑색이며, 유채 꼬투리를 흔들었을 시 유채 종자가 부딪치는 소리가 날 때 / 휴대용 수분측정기를 이용하는 경우 종자 함수율이 27~35% 정도 일 때 / 건조 및 저장 / 콤바인 수확후 신속하게 건조하여 수분함량 10% 이하로 유지 / 저온창고(10℃ 이내, 습도 7~9%)에서 장기저장한 후 출하 또는 가공",dtl_30711.xml,절0
조,,재배법,지역별 파종 적기,"지대 / 파종기 / 수확기 / 남부평야지(밀양) / 6월 상순~중순 / 9월 하순~10월 중순 / 서남부해안지(고창) / 5월 하순~6월 중순 / 9월 상순~중순 / 중부내륙평야지(괴산) / 10월 상순~중순 / 대파작물로 이용시 파종한계기 : 7월 30일 / 정선 및 종자소독 / 정선(염수선) : 1.030 (소금 43.30g/1L) / 소독 : 베노밀 및 티람 수화제 200배액 / 발아적온 / : 30~31℃ (최저 4~6℃, 최고 44~45℃) / 재식본수 / : 2본/1주 / 재식거리 / 점파 / (조간×주간) / 조파 / (이랑너비) / 산파 / (파종량) / 이식재배 / 60cm × 10cm / 15cm / 1.0~1.5kg/10a / 트레이상자에 15일 육묘 후 이식 / 표준 시비량 (kg/10a) / 3요소량 / 시비량 / N / P / K / 요소 / 용성인비 / 염화가리 / 퇴비 / 10 / 7 / 8 / 19.6 / 40 / 12 / 1,000 / 지역과 필지별 비옥도에 따라 조정 / 수확 / 적기 수확 : 출수 후 45일(조생종)~55일(만생종) / 탈곡 : 건조 후 회전식 탈곡기, 콤바인 이용(수망크기 Φ 8mm)",dtl_30713.xml,절0
콩,,재배법,품종선택,"장류나 두부용은 대립종, 콩나물 용도는 소립종을 선택 / 콤바인을 이용한 기계수확을 할 경우에는 반드시 내도복성 품종 선택 / 파종 시기 / 재배지역 / 품종별 / 파종기 / 파종한계기 / 수확기 / 중부 / 중만생종 / 6월 상순 / 6월 하순 / 10월 중순 / 조생종(단기성) / 6월 / 7월 상순 / 10월 상중순 / 남부 / 중만생 / 6월 상중순 / 7월 중순 / 10월 하순 / 6월~7월 / 7월 하순 / 10월 중하순 / 파종량 / : 소립종 5~6, 중대립종 8~10 / 종자소독 : 베노밀·티람 수화제 4~5g/종자 1kg 분의소독 / 파종립수 : 2~3립 → 파종 후 2본 남기고 솎음 / 주수 확보 / 종자소독 : 베노람·티람 수화제를 골고루 묻힘(종자1kg/4g) / 유공 규격비닐 사용 / 소립 종자 입모율 향상을 위해 흙을 곱게 갈기 / 결주 20% 이상시 보파 / 결주 20% 미만시 보식 / 보식용으로 128구 트레이 이용 육묘상 설치(10a당 4~5㎡) / 시기별 재식밀도 / 재식밀도 / 70~80×20cm, 70~80×15cm / 6월 중순 / 70~80×20cm, 70~80×15cm, 60~70×15cm / 60~70×15cm, 60~70×10cm(나물콩) / 표준 시비량 / 밑거름 (kg/10a) / 3요소량 / 시비량 / N / P / K / 요소 / 용성인비 / 염화가리 / 석회 / 퇴비 / 3.0 / 3.4 / 6.5 / 15.0 / 5.7 / 200 / 1,000 / 콩 전용복비(8-8-9) : 보통밭은 50㎏(2포), 개간밭은 75㎏(3포) / 추비 : 개화 10일 후 요소 4~6kg/10a 시용 / 지역과 필지별 비옥도에 따라 조정 / 잡초약 살포 / 파종 후 2~3일내 유제 또는 입제 살포 / 잡초 2~5엽기 경엽처리제 살포 / 콩 솎음시 손제초 / 수확과 저장 / 적기 수확 / 탈곡기 : 콩잎이 떨어진 7~14일후 수확, 수확후 2~3일 말린 후 탈곡 / 콤바인 : 성숙기 후 10일경(개화 후 60일 경) / 콤바인 수확 시 줄기수분이 많은 식물체 및 잡초는 사전에 제거함 / 수확시간 : 오전 10시부터 오후 5시",dtl_30715.xml,절0
풋콩,,재배법,파종 시기,"파종 방법 및 파종량 / 재배 형태 / 재배 지역 / 파종기(정식기) / 수확기 / 시설재배 / 남부 / 2~3월에 온상 또는 냉상에서 20~25일 육묘 / 3월 중하순 / 6월 중하순~7월 / 중북부 / 4월 상순 / 노지재배 / 중남부 / 4월 중순 / 개화 후 36~40일 / 4월 하순 / 시설재배 단일처리 : 조기출하 목적, 제1본엽 전개기부터 약 10일간 / 시설재배 일장처리 : 상품성 증대, 발아 시부터 10일정도, 16시간 이상 / 파종량 / 묘상 면적 및 파종량 : 50~55㎡/10a, 1.2ℓ/㎡ / 노지재배 : 9~10㎏/10a / 시기별 재식밀도 / 파종후 20~25일(복엽전개전)에 정식 / 재배방법 / 재식밀도(cm) / 비고 / 40~45 × 15~20 / 1주 2본 / 40~50 × 15~20 / 표준 시비량 (kg/10a) / 밑거름 : 전량 시용 / 시비량 / 3요소량 / N / P / K / 요소 / 용과린 / 염화가리 / 석회 / 퇴비 / 4.5 / 5.1 / 9.8 / 22.5 / 8.5 / 150~200 / 1,000~1,500 / 일반콩보다 50% 증비 : 콩복비 3포/10a / 지역과 필지별 비옥도에 따라 조정 / 수확 / 적기 수확 : 개화기 후 36~40일경 / 협색이 황변되기 직전 짙은 녹색시 / 품종별 수확적기 / 극조생종 : 파종후 85일 / 조생종 : 파종후 100일",dtl_30717.xml,절0
꿀벌,,재배법,구분,"봄(3월~5월) / 여름(6월~8월) / 가을(9월~11월) / 겨울(12월~2월) / 월동 후 벌집을 두세장으로 압축하여 온도유지 및 산란 촉진 / 초봄에는 대용 화분떡을 공급하고 청결한 물을 매일 공급 / 5월 이전에 가능한 많은 일벌을 확보하기 위하여 산란권 / * / 을 최대로 확장 / 산란권 : 여왕벌이 벌집 내에서 알을 낳으면 일벌들이 알을 보호하고 유충으로 성장시키는 범위 / 5월 이후 분봉을 억제하고 아카시아나무, 밤나무 꿀 생산에 주력 / 세력이 강한 봉군을 대상으로 인공 분봉을 통한 봉군 증식 / 우수한 여왕벌에서 여왕벌과 수벌을 양성하고 새로 교미한 신여왕벌로 구여왕벌 교체 / 혹서기에는 벌통이 직사광선을 받지 않도록 하고 충분한 먹이와 물 공급 / 병해충방제, 도봉방지에 주의 / 가을 밀원이 충분할 경우 채밀에 의해 꿀 생산 / 벌집을 축소하고 약군은 합봉하여 월동 봉군으로 편성 / 겨울 식량을 저장시키기 위해 설탕 용액(설탕 1.5, 물 1)을 9월 이후 충분히 공급 / 장수말벌의 봉군 공격을 방지하고 꿀벌 응애의 방제 적기인 월동전 육아 중단 시기를 이용하여 집중 방제 / 11월 초순 벌집을 축소시키면서 보온재를 이용하여 내부포장 / 기온이 영하로 떨어지는 시기에 보온덮개, 짚 등으로 벌통 외부 포장 / 외부 포장시 벌통이 놓인 땅 바닥에 비닐을 깔아 습기 차단 / 외부 수분이 스며들지 않도록 벌통 외부를 포장하되 태양 복사열 방지 / 양봉 착수 / 양봉장 입지 선정 / 반경 2km 안에 밀원이 풍부한 곳 / 햇볕이 잘 들고 습하지 않으며, 바람이 적은 곳 / 벌통 배치 : 남향 또는 동향으로 관리가 편하도록 배치 / 벌통 구입 : 월동 이후 유밀기 이전 3~4월 / 구입 벌통의 요건 / 전년도에 태어나 산란이 왕성한 여왕벌 보유 / 일벌의 수가 1만 마리 이상(착봉 벌집수 5장 이상) / 충분한 먹이가 저장(저밀 벌집 2장 이상) / 벌통이동 / 단거리 이동 / 같은 양봉장에서 벌통 이동시 매일 30cm~50cm 정도씩 점진적으로 이동 / 장거리 이동 / 이동하고자 하는 2㎞ 이상 먼 곳을 답사하여 벌통 위치 사전 점검 / 벌통 내부와 벌집을 철사로 고정하여 이동 중 움직이지 않도록 조치 / 저녁에 일벌들이 모두 벌통 안으로 모두 들어온 뒤에 벌통 문 차단 / 환기창을 열고 차량으로 신속 이동하여 벌통을 배치하고 문 개방 / 봉군증식 / 자연 분봉 / 봄철 일벌 수가 급증하여 여왕벌과 일벌 다수가 인근 나무가지에 운집 / 빈 통에 털어서 수용 후 빈 벌집 또는 소초광 삽입 / 인공 분봉 / 자연왕대, 변성왕대 또는 인공왕대와 착봉 벌집 3~5매를 빈 통에 수용 / 신여왕벌이 출생하여 공중교미 후 산란을 시작하면서 봉군 증식 완료 / 합봉과 세력조절 / 합봉이 필요할 경우 / 벌통에 있는 벌의 수가 적어 강한 벌 세력으로 회복이 불가능할 경우 / 여왕벌이 갑자기 없어지거나 산란능력이 약해져 회복이 어려울 경우 / 직접 합봉 / 유밀기에 일벌이 활동을 마치는 저녁 무렵 약한 벌을 강한 벌로 합봉 / 약군의 여왕벌 제거 후 이튿날 저녁 약군의 착봉 벌집을 강군에 삽입 / 벌끼리 싸움이 일어나지 않으면 다른 벌집들을 순차적으로 합봉 / 벌들이 적대감으로 싸움을 시작할 경우 연기를 쏘여 진정시킴 / 합할 일벌의 수가 적을 경우 약한 벌을 강군 벌통 문에 털어 합류시킴 / 간접 합봉 / 무밀기에 합봉하거나 비교적 세력이 비슷한 벌통을 합할 때 활용 / 합봉망 또는 송곳구멍을 뚫은 신문지를 경계로 두 봉군을 한 통에 수용 / 합봉망을 통하거나 신문지를 조금씩 갉아내며 친숙해지는 습성 이용 / 적대감이 없어진 후 합봉망 제거 / 세력조절 / 세력이 강한 봉군에서 약한 봉군으로 세력을 보강하는 방법 / 갓 태어나는 어린 벌들이 많은 벌집 또는 봉개 벌집을 이동 / 강군의 봉개 벌집 한두장을 꺼내 붙은 벌을 털고 약군에 삽입 / 약한 벌은 세력이 증강, 강군은 산란이 촉진되고 분봉열 해소되는 효과 / 먹이 급이법 / 당액 급이 : 설탕액을 녹여 급이통에 공급 / 설탕 : 물의 비율 = 1.5~2 : 1 / 화분떡 급이 : 이른 봄과 장마철에 벌집틀 위에 공급 / 대용화분떡 : 자연화분, 탈지분유, 탈지콩가루, 맥주효모, 백설탕을 혼합 반죽 / 꿀벌 질병 관리 / 질병예방 대책 / 매년 정기적으로 여왕벌을 교체하고 모든 봉군을 강군으로 관리 / 벌통의 청결 상태유지 / 봉군이동시 통풍을 철저히 하여 스트레스가 없도록 주의 / 양호한 영양 상태를 위해 항상 충분한 먹이가 확보 되도록 관리 / 도봉 발생을 방지하고 질병 매개체인 꿀벌 응애 철저 방제 / 미국부저병 / 전염성이 강하므로 감염증상이 발견되면 당일 저녁에 소각 조치 / 초기에는 항생제 200㎎과 설탕분말 30g을 섞어 벌통바닥에 투여 / 유럽부저병 / 철저한 봉군관리에 의해 예방이 가능 / 증세가 심하면 항생제 혼합 설탕 분말 투여 / 백묵병 / 방제 약제가 없으므로 예방에 주력 / 벌통이 습하지 않도록 환기 철저 / 오염 벌꿀, 화분, 벌집 공급 주의 / 벌집을 밀집하여 유충의 체온 유지, 일벌의 청소력 강화 / 백묵병 감수성 여왕벌 제거 / 노제마병 / 육안으로 진단이 어려워 현미경으로 관찰 필요 / 강군으로 관리하고 봄철 벌통을 습하고 차가운 곳 배치 삼가 / 치료 위해 노제마 전문 약제 처리 / 장수말벌 / 봄철 벌통 주변에서 활동하는 말벌 여왕벌을 포살하여 증식 억제 / 8~9월 집중공격 시기에는 끈적이판, 유인트랩을 이용하여 방제 / 꿀벌응애와 중국가시응애 / 정기적으로 수벌방을 검사하거나 시트지를 벌통 바닥에 깔고 24시간 후 시트지에 붙은 응애를 관찰하여 발생밀도 예찰 / 봄철과 유밀기에 자연 수벌집을 조성하여 여왕벌이 산란 후 20일 지난 다음 수벌 번데기를 제거하는 유인 포살법을 활용하여 방제 / 약제에 저항성이 생기는 것을 방지하기 위하여 플루발리네이트, 플루메트린, 아미트라즈 등 응애약제를 종류별로 교대 사용 / 개미산, 옥살산을 이용한 친환경 방제 병행 / 방제효과를 높이기 위해 방제 적기인 산란 육아가 없는 분봉기 및 월동 전후에 집중방제 실시",dtl_30720.xml,절0
돼지(비육),비육,재배법,돼지 예방 접종계획,"접종대상 / 전염병명 / 접종시기 / 임신돈 / 전염성위장염 + / 돼지유행성설사병 / 1차 : 분만 5~6주전 / 2차 : 분만 2~3주전 / 호흡기복합백신 / 분만 3~4주전 / 돼지파보바이러스 / 분만 3주 후 / 돼지열병+돈단독 / 분만 2주 후 / 종모돈 / 3월 3주 / 4월 1주 / 성돈 / 일본뇌염 / 4월 2주 / 후보돈 및 / 검정돈 / 1차 : 종부 4~6주전 / 2차 : 종부 2~3주전 / 1차 : 3월 3주, 2차 4월 2주 / 자돈 / 1차 : 생후 3~4주령 / 2차 : 생후 5~6주령 / 1차 : 생후 6주령 / 2차 : 생후 8주령 / 주요질병 / 질병명 / 전파 / 임상증상 / 구제역 / 발생한 수포의 파열, 비즙, 타액에 의한 접촉, 바람에 의한 전파 / 구강, 비경부의 수포, 파행, 자돈의 급사 / 돼지열병 / 발병돈의 분비물 및 배설 물에 의한 직접 또는 간접 접촉 / 식욕감퇴, 고열, 결막염, 변비 후 설사, 보행장애, 구토, 기침, 신경증상, 산자수 감소, 사산, 유산 / 돼지오제스키병 / 상처부위 감염, 경구, 기도감염 / 신생돈은 보통 72시간 내 폐사, 5~6개 월령의 경우 폐렴, 신경증상, 임신돈의 경우 유산 / 돼지브루셀라병 / 유사산시의 대량의 균배출 / 유사산 후 장궁내막염, 불임, 정소염, 정소상체염, 관절염 / 돼지생식기호흡기 / 증후군 / 콧물, 태아, 분변 및 정액으로 바이러스 배출 / 식욕감퇴, 원기소실, 발열, 조산, 사산, 비유정자, 반복유산, 정액 성상의 이상, 자돈의 사산 및 허약, 부종, 설사, 폐렴",dtl_258522.xml,절0
말,,재배법,번식관리 요점,"말은 계절번식 동물로서 봄과 여름에 발정이 유발되어 번식이 가능하지만 가을과 겨울은 발정 휴지기 상태로 번식이 불가능 함(말 발정주기 21~23일) / 겨울철 사양관리에 따라 봄철 발정이 시작되는 시기가 달라지므로 빠른 발정을 위해서 암말의 영양관리에 신경을 써야 함 / 말의 임신기간은 330~350일로 기간이 길며 빠른 발정으로 초기에 임신한 암말에서 태어난 망아지의 성장이 그해 태어난 다른 망아지보다 빨라 경주마로 이용할 경우 이점이 있음 / 말의 인공수정은 동결정액보다 냉장정액을 주로 이용하고 있으나 인공수정보다 자연교배로 번식이 이뤄지고 있음 / 인공수정시 암말의 난포 상태를 초음파로 확인해야하며 배란난포가 관찰될 경우 수정을 실시 하지만 배란의 시기를 정확히 예측할 수 없어 인공수정 성공률이 낮음 / 말 번식기술 확립을 위한 연구가 전 세계적으로 수행되고 있으나 번식 성공율이 낮은 상황임 / 말 전염병 예방 접종계획 / 예방접종명 / 접종대상 / 접종시기 / 접종방법 / 비고 / 말 인플루엔자 / 육성마 / 1차: 6개월령 / 2차: 7개월령 / 근육주사 / 말 인플루엔자 예방 / 성마 / 상반기: 4월~5월 / 하반기: 10월~11월 / 말 선역 / 1차: 3개월령 / 2차: 4개월령 / 3차: 5개월령 / 말 선역 예방 / 9월~11월 / 임신마 / 1차: 9월~11월 / 2차: 4월 / 말 비강폐렴 / 1차: 12월 / 2차: 2월 / 3차: 4월 / 말 비강폐렴 예방 / 2월~4월 / 말 일본뇌염 / 4월 / 임신초기말 제외 / (3개월 이하) / 1차: 3월 / 말 주요 질병 / 질병명 / 원인 / 전염경로 / 증상 / 예방 및 치료 / 클로스트리디움 / Clostridium / perfringens, / Clostridium difficile / 경구(입)감염 / 신생 망아지 설사증상, 급성 복통, 심한 탈수 / 젖빨기로 인한 경구감염을 예방하기 위해, 유두소독, 마방소독, 주기적인 깔짚교체 / 탈수증상 개선을 위한 수액요법 및 전해질 투여, Cephalsporins 계열 항생제 투여, metrinidazole 경구투여로 치료 / 대장균증 / E.coli, O111a, / K792 / 1개월 미만의 망아지 설사 유발, 전신성 패혈증, 수양성 설사 / 항생체 투여, 탈수증상 개선을 위한 수액 및 전해질 요법 / 로타바이러스 / Rotavirus / 경구감염 / 설사, 식욕결핍, 침울 / 2차 감염 예방을 위한 항생제 투여, 수액 및 전해질 요법 / 지아르디아 / 원충 Giardia / 설사 / 원충성 설사로 metronidazole 경구투여 / 로도고코커스증 / Rhodococus equi / 망아지의 화농성 기관지염, 폐렴, 대장염 / 초유섭취, 주위환경개선(위생개선), 마크로라이드계 항생제 주사(신장독성 유의) / 비강폐렴 / Equine hpesvirus 1, 4 / 콧물, 발열, 폐렴, 임신기 암말의 유·사산 / 비강폐렴 예방접종 / 마선역 / Strepococcus equi / 상부호흡기의 림프절, 볼점막의 화농성 농양, 심한콧물 / 마선역 예방접종, 감염말 격리, penicillin, chlortetracycline, tetracycline 항생제 주사 (장기접종 권고) / 제엽염 / 농후사료 과다급여, 장시간 운동, / 운동직후 냉수 과다섭취 / 내독소로 인해 제관부 염증, 운동하기 싫어함, 제관부 열감, 뒷다리를 뒤로 당기는 자세(톱모양자세) / 장내독소 배출을 위한 미네랄오일 경구투여, 농후사료 급여중지, 항생제·소염제 처치 / 산통 / 장내해부학적인 구조이상, 대장내 미생물총 불균형 / 복통으로 인한 불편함, 앞발 긁기, 복부쪽 쳐다보기, 구르기, 땀흘림, 잦은 배뇨 자세 / 증상이 약하면 가벼운 운동, 소염제 치료, 증상이 심하거나 증상이 오래 지속될 경우 수술적 치료 / 말회충증 / parascaris equorum, 경구감염 / 기침, 호흡기증상(자충의 기관지, 폐이행), 망아지 설사 / 말 전용 경구용 구충제 투여(이버멕틴 + 프라지콴텔)",dtl_258523.xml,절0
번식한우,,재배법,재배법,"분만간격 단축 → 송아지 1년에 1두 생산 / 분만 후 발정재귀 촉진을 위해 청결한 분만관리, 후산정체 예방 및 자궁 내 오염방지 / 초임우는 번식적령기(14~15개월령 / 체중 270㎏ 이상)에 인공수정 / 경산우는 분만 80일 이내에 수태되도록 분만 후 60일 이내 미발정우는 발정동기화 처리 / 프로게스테론 기구(progesterone device) : 7∼12일간 질내 삽입 후 제거와 동시에 황체퇴행제 5ml 주사, 56시간 후 인공수정 / 송아지가 감염성 질병에 저항성을 갖도록 출생 후 반드시 초유 급여 / 포유기 송아지는 위장발달 촉진과 조기이유를 위해 어린 송아지 사료와 양질 건초의 자유채식 / 양질 조사료 급여시 배합사료 급여량 2㎏ 이하 감소 / 조사료로 볏짚만 급여시 6㎏ 이상 자유채식 / 비타민 A,D,E 함유 축우용 비타민제 두당 매일 10g 급여, 번식기능 유지",dtl_30729.xml,절0
번식흑염소,,재배법,성장단계,"생후~이유기 / 육성기 / 비육기(거세) / 월령(월) / 0~3개월 / 4~8개월령 / 전기 / 후기 / 체중(kg) / 2~10 / 10 / 20 / 30 / 31~40 / 일일 증체량(g) / - / 50~100 / 24(21~26) / 100(85~100) / 사료영양 / 수준 / 조단백질(%) / 15 / 12 / 가소화 영양소 / 총량(TDN,%) / 72 / 53 / 73 / 일일사료 / 급여량(kg) / 0.5 / 0.7 / 0.9 / 1.1 / 체중비(%) / 3.7 / 2.8 / 2.6 / 2.0 / 사양관리 주의사항 / 농가 소득과 밀접합 관계 / 폐사율이 높은시기 : 새끼염소에 대한 관찰이 중요 / 폐사원인 : 축사환경이 좋지 않거나 초유섭취가 충분하지 못한 경우 주로 폐사 / 폐사율 낮추는 방법 / 분만실 설치를 통해 개체별로 충분히 초유를 섭취할 수 있도록 유도 / 생후 1개월 이후 어미의 포유량이 감소하므로 적절한 농후사료 급여를 통해 부족한 에너지를 보충해주는 것이 좋음 / 이유 후 구충 실시 / 초발정과 조기 임신이 되는 시기 / 분리 사육 실시 : 조기번식, 근친번식 예방 / 골격과 근육이 왕성하게 발달하는 시기로 충분한 단백질과 조사료 급여 / 충분한 단백질 급여를 위해 단백질 함량이 15% 이상인 농후사료를 급여하는 것이 좋음 / 방목관리 형태 또는 운동장 시설을 통해 밀집사육 방지 및 충분한 운동 실시 / 번식기록 및 개체관리 기록부를 작성하고 개체별 분만실을 통해 혈통관리를 실시 / 양질의 조사료를 급여하고 영양수준을 적절히 유지",dtl_258635.xml,절0
비육한우,,재배법,4~6개월령 거세 실시,"뼈, 반추위, 근육 발육 촉진기 / 개체별 사양관리기록 실시, 매달 체중 측정 후 체중비 적용 사료급여 / 양질 조사료 자유급여로 반추위 발달 촉진 및 비육후기 사료섭취량 저하예방 / 사료변경은 15일 이상 적응기간 필요 / 매일 이스트컬쳐 두당 10g 급여, 사료효율 개선 / 모 기르기 / 온도관리 : 18℃/16℃(주/야간) / 물주기 : 오전 중 20℃ 물주기 / 근육 발육, 근내지방 침착 개시기 / 농후사료 급여 조절로 일당증체 0.8㎏내외 유지 / 양질 조사료는 비육중기(16개월령)까지 급여 / 14~15개월령부터 요도구 집중 관찰, 요석 발견 시 식품첨가용 염화암모늄 급여(한달에 4일간 두당 20g 사료급여시 탑드레싱) / 조사료는 5~10㎝ 절단급여로 허실량 감소, 이용 효율 증가 / 비육전용 미네랄블록 급여 / 매일 이스트컬쳐 두당 10g 급여, 사료효율 개선 및 악취감소 / 체중 증가, 근내지방 침착 최성기 / 20개월령 초음파 육질측정으로 개체관리 / 근내지방 침착 및 지방색 개선용 보리 20%함유 사료 급여 / 바닥관리 철저로 편한 휴식 공간 제공 / 반추위 보호 비타민C, 아미노산 등 육질 개선 첨가제 급여",dtl_30730.xml,절0
비육흑염소,,재배법,성장단계,"생후~이유기 / 육성기 / 비육기(거세) / 월령(월) / 0~3개월 / 4~8개월령 / 9개월령~출하시 / 체중(kg) / 2~10 / 10 / 20 / 30 / 40 / 50 / 60 / 70 / 일일 증체량(g) / - / 50~100 / 사료영양 / 수준 / 조단백질(%) / 15 / 12 / 가소화 영양소 / 총량(TDN,%) / 72 / 일일사료 / 급여량(kg) / 0.5 / 0.7 / 0.8 / 1.0 / 1.1 / 1.3 / 1.4 / 체중비(%) / 3.9 / 3.0 / 2.5 / 2.3 / 2.2 / 2.0 / 1.9 / 사양관리 주의사항 / 농가 소득과 밀접합 관계 / 폐사율이 높은시기 : 새끼염소에 대한 관찰이 중요 / 폐사원인 : 축사환경이 좋지 않거나 초유섭취가 충분하지 못한 경우 주로 폐사 / 폐사율 낮추는 방법 / 분만실 설치를 통해 개체별로 충분히 초유를 섭취할 수 있도록 유도 / 생후 1개월 이후 어미의 포유량이 감소하므로 적절한 농후사료 급여를 통해 부족한 에너지를 보충해주는 것이 좋음 / 이유 후 구충 실시 / 분리 사육 실시 : 조기번식, 근친번식 예방 / 골격과 근육이 왕성하게 발달하는 시기로 충분한 단백질과 조사료 급여 / 초발정과 조기 임신이 되는 시기 / 충분한 단백질 급여를 위해 단백질 함량이 15% 이상인 농후사료를 급여하는 것이 좋음 / 농후사료 급여량을 체중의 2∼3%로 조정하고 비육을 위한 거세 실시 / 요로결석 예방을 위해 미네랄 블록 급여 및 충분한 물을 공급해 주어야 함 / 거세시기 : 생후 15일, 3개월, 5개월 비육형태와 사양관리에 따라 적정한 시기 선택 / 거세방법 : 외과적인 시술로 고환을 절개한 후 정관을 절단하여 묶은 후 강옥도로 소독, 항생제 주사 / 거세효과 / 근친번식을 에방하고 일반 수컷보다 사양관리가 용이 / 염소고기의 특이취를 감소시키고 육질특성을 변화시켜 농가의 소득 향상에 도움",dtl_30732.xml,절0
사슴,,재배법,번 식,"구분 / 꽃사슴 / 레드디어 / 엘크 / 발정기(월) / 10~12 / 9~11 / 발정주기(일) / 21 / 18.8±1.7 / 발정지속기간 / 12~24 / 임신기간(일) / 225±2 / 231±2 / 252±4 / 분만기(월) / 6~7 / 5~6 / 6 / 생시체중(kg) / 3~5 / 7~8 / 15~18 / 암컷과 수컷의 비율 = 암컷 10~15두 : 수컷 1두 / 사료급여 / 농후사료 / 성록(녹용성장기) :녹용전용사료(조단백질 17%) / (절각후) : 조단백질 14% 수준 / 자록 : 자록 전용사료 혹은 녹용전용사료 / 급여량(50㎏기준) : 1일 0.5㎏내외 / 조사료 선호도 / 꽃사슴 및 레드디어 : 관목류(60)〉광엽초본류(30)〉야초류(10) / 엘크 : 야초류(50)〉광엽초본류(40)〉관목류(10) / 계절별 관리 / 봄철 관리 / 청초 급여량 조절로 설사 및 고창증 예방 / 고영양 필요시기(녹용성장기, 포유기) / 분만대비 비만방지(조사료 위주 사양) / 여름철 관리 / 수컷의 절각은 서늘한 아침·저녁에 실시 / 차광시설 설치 및 분만후 구충실시 / 가을철 관리 / 숫사슴(종록제외)과 새끼사슴 격리사육 / 건초만들기 등 월동사료 확보 / 겨울철 관리 / 설사 및 위장염 예방 : 언사료 급여 금지 / 방역관리 / 건강상태 확인 정기정검 사항 / 운동 및 반추상태 / 피모 및 호흡상태 / 비점막의 건강상태 / 배뇨 및 배분상태 / 주요질병 예방관리 / 소화기성 질병 : 식체, 고창증, 장독혈증 등 / 호흡기성 질병 : 기관지염, 폐렴 등 / 생식기성 질병 : 난산, 자궁내막염, 자궁탈, 질탈 등 / 기타 질병 : 항문폐색, 제대염, 골절, 내출혈, 피부염, 등 / 사슴 주요 질병 / 질병명 / 원인 / 증상 / 예방 / 치료 / 장독혈증 / 병원체 : 콜로스트리튬균(Clostidium perfringens) / 과식 등에 의한 소화장애 / 출혈성 장염 / 심한 수양성 하리, 적리 / 순환기계와 신경계 장애 / 사료의 급격한 변화를 피한다 / 유사질병 발생시 곡물량 줄임 / 세팔로틴, 페니실린 및 크로람페니콜에 감수성이 있음 / 부제병 / (발굽질병) / 사육장내 바닥이 병원균으로 오염 / 정기적인 발굽 깍기를 못할 경우 발생 / 가볍게 다리를 전다 / 발굽에 열이 남, 염증 / 발굽의 변형과 탈락 / 정기적인 발굽깍기 / 습윤한 축사환경 개선 및 축사 바닥을 건조하게 유지 / 과망간산칼륨(KMnO4) 수조를 만들어 줌 / 발굽 손질 / 골수염 / 비위생적인 뿔의 절각 / 절각부위의 화농 발생 / 식욕부진 / 선회운동 / 위생적인 절각 / 환부소독 염증부위 외과적 치료 / 항생제 주사 / 세균성 / 설사병 / 병원체 : 대장균, 살모렐라균 / 초유섭취가 불충분 / 축사 위생 상태 불량 / 초기에는 코같은 점액과 검은 혈액이 섞인 설사 / 빈번한 배변자세를 취함 / 탈수, 빈혈에 의한 근육 떨림 / 위생적인 사양관리 / 습윤한 축사환경 개선 및 축사 바닥을 건조하게 함 / 최소 24시간 굶길 것 / 항생제 주사 및 급여 / 포도당 + 전해질액 급여 / 폐렴 / 병원체 : 파스튜렐라 헬모라이디카(Pasteurelloa haemol ytica),(Multocida) / 이유 후, 입식 후, 기온변화시 환기불량, 고온, 수송시 / 침울, 헐떡거림, 호흡 곤란, 기침, 점액성 콧물, 체온상승 / 영양상태 불량 예방 / 환기 개선 / 환기와 보온 / 설파제와 항생제 겸용 사용 / 골절 / 동종간의 투쟁 / 시설불량 / 다리를 절거나 걷지 못함 / 가끔 출혈동반 / 석고붕대로 깁스 / 절단수술이 필요 할때도 있음",dtl_258634.xml,절0
산란계,,재배법,주령,"0~5주 / 5~12주 / 12~16주 / 16~1% / (산란율) / (산란율)1% / ~도테 / 사료급여 / 사료종류 / 어린병아리 / 중병아리 / 큰병아리 / 산란전 / 산란사료 / 대사에너지 / (kcal/kg) / 2,900 / 2,800 / 2,750 / 1,700 / 조단백질 / (%) / 19 / 17 / 15 / 16 / 육성기 체중조절 / 체중 측정방법 / 4주령시 최초 측정, 그후 2~4주 간격실시 / 전체 계군의 10%정도를 오후 늦게나 새벽에 측정하여 기록관리 / 계군의 균일성 / 평균체중±10% 개체가 80%이상일 것 / 표준체중과 체중조절 / 표준제중은 품종 고유의 체중을 기준 / 체중 미달시는 사료교체 시기를 연장 / 체중 초과시는 사료급여량을 제한 / 제한급이 잇점 및 주의사항 / 사료절감 / 강건한 닭 육성 / 산란기간 중 폐사율 감소 / 산란기간 중 산란율증가, 난중증가 / 급여기준에 의한 것보다 실제체중에 중점을 두고 급여량 조절 / 백신접종 후 2~3일간 무제한 급이 / 점등관리 / 육성기간 중 점등시간 연장 금지 / 산란기간 중 점등시간 : 개방계사 17시간, 무창계사 14시간 / 광도 : 10~20 룩스 / 산란기간 중 점등시간 단축 및 광도저하 금지 / 자동타이머를 이용하여 규칙적으로 실시 / 균일한 조도 유지 및 그늘 발생 방지 / 일령이 다른 계군끼리 혼사 금지 / 전구는 규칙적으로 닦아주고 끊어진 전구는 즉시 교체 / 점등 및 소등시간 철저히 준수 / 탈항의 원인과 대책 / 원 인 / 대 책 / 카니발리즘(전체의 약 80% 차지) / 부리자르기 실시, 한번 식우성이 생긴 닭은 따로 격리 사육 / 너무 이른 점등으로 체성숙이 되기전에 성성숙이 먼저 되었을때 / 정확한 점등관리(초산시 점등시간을 일시에 증가시키지 않고 점증점등) / 육성중 지방계가 되어 항문 근육의 신축성 결여 / 육성기간중 정확한 체중조절(제한급이) / 소형 체구의 닭에 난중이 좋은 알을 계속 산란 / 환기관리, 급수관리, 영양 관리에 유의 / 닭의 품종에 따라 차이 / 탈항이 적은 품종 선택 / 연란 및 파란발생 방지 대책 / 여름철 사료의 단백질, 비타민 및 무기물 증량급여 / 온도, 습도, 환기의 조절 및 고온기간 중 일교차 활용 / 집란횟수 늘리기 / 집란된 난좌는 10단이상 적재 금지 / 노계는 적절한 시기에 도태 / 케이지 시설의 개선 / 질병의 예방, 백신접종 및 소독 철저 / 환경개선 및 스트레스 방지 / 관리자 매일 체크할 사항 / 계사내 온․습도 / 급수통 숫자 및 청결상태 / 계사 바닥 및 계분 상태 / 호흡기병 유무 / 닭의 활력 / 점등시간 및 밝기 / 산란율 및 사료 섭취량 / 난각질 조사",dtl_30724.xml,절0
오리,,재배법,주령,"입추준비 / 1주 / 2주 / 3주 / 4주 / 5주 / 6주 / 7주 / 8주 / 사료급여 / 사료종류 / (kcal, %) / 전기사료(2,900, 22) / 후기사료(3,000,18) / 육추계획과 준비 / 초생추 구입 / 우수한 품종 및 계통 선택 / 오리전문 부화장에서 직접 구입 / 육추사 / 약간 어둡고 건조하며 통풍이 잘 되도록 설계 및 시공 / 한무리는 55마리 정도가 적당 / 적정 수용수수 : 3.3m2당 15~20마리 / 깔짚 / 재료 : 톱밥, 왕겨, 볏짚 등 / 처음 2주간은 톱밥이나 왕겨가 적합, 이후에 볏짚을 사용해도 무방 / 적정두께 : 5~10cm / 쉽게 물기가 많아지기 때문에 깔짚관리에 유의 / 육추준비 / 육추사 소독 : 4~5일전 훈증소독 / 입추 하루 전에 육추기구 가동 확인 / 사료 및 급수관리 / 첫모이 급여 / 첫모이는 가능한 빠른 시간내 급여 / 사료를 주기 전에 충분히 급수 / 사료관리 / 사료중의 에너지․단백질 수준은 처음 3주간은 2,900kcal/kg, 22%, 4~8주간은 3,000kcal/kg. 18% / 구루병과 골연증 예방을 위해 무기물과 비타민을 충분히 급여 / 급여사료는 펠렛사료 또는 반죽 형태가 좋음 / 급수관리 / 자동급수기를 설치 / 깨끗한 물 상시 급수 / 급수섬 설치(급수기를 슬랫 위에 설치) / 급수기 부근에 단단한 재질의 것으로 낮게 울타리를 설치 / 처음 7일간 영양물통을 200마리당 1개씩 설치 / 환경관리 / 온도 / 처음 1주간 32℃ 유지 / 이후 매주 3~5℃씩 내려주고 3주 이후에 폐온 / 습도 / 적정습도 60~70% 유지 / 오리는 한데 뭉치는 성질이 강하므로 밀집되지 않도록 주의 / 점등 / 처음 1주간 24시간 종야점등 / 그 이후 자연일조 시간과 점등시간을 포함 14~16시간 유지 / 여름철 사육시 그늘막 설치 / 오리잡기(포획) 및 취급 / 주기적으로 체중 측정과 선별을 위해 오리 잡을때 포획망 이용 / 길이 2.5m 높이 0.7m의 와이어 메쉬를 이용해 만듬 / 병아리 잡을때 목 부위를 잡고, 다리는 잡고 들어올려서는 안됨 / 사료급이 전, 더위때를 피해 잡는다. / 논방사 / 효과 / 해충구제 및 제초 효과 / 배설물에 의한 시비효과 및 노동력 절감 / 요령 / 벼 이앙 후 2주령 부터 실시 / 3~4주령된 오리 방사 / 10a당 어린병아리 20~30수, 중병아리 10~15수, 큰병아리 7~8수 / 벼 이삭이 패기 전에 방사 완료 / 출하 / 체중 3.0~3.5kg(탈모용이)",dtl_30725.xml,절0
육계,,재배법,주령,"입추준비 / 1주 / 2주 / 3주 / 4주 / 5주 / 6주 / 사료급여 / 사료종류 / 전기사료 / 후기사료 / 사료섭취량 / (g/수) / 135 / 290 / 487 / 704 / 960 / 1,141 / 육추계획과 준비 / 병아리 선택 / 생산성이 높은 품종 선택 / 신용이 있고 위생적인 부화장 선택 / 부화장은 가급적 한 곳을 정해서 구입 / 약추는 구입하지 말 것 / 질병에 대한 항병력이 높을 것 / 입추전 준비사항 / 육추사 수리보완(샛바람, 쥐구멍, 파손부분) / 육추사 및 육추기구의 철저한 소독 / 점등시설 점검 / 첫모이 급여 / 첫모이는 빠른 시간내 급여(3시간 이내) / 첫모이는 물을 먹인 후에 급여 / 첫모이 급여시 첨가제는 1~3일간 급여 / 급이ㆍ급수관리 / 급이 관리 / 3주령까지 전기사료, 4주령 이후 후기사료 급이하며 교체시에는 서서히 변경 / 입추 직후부터 2~3일간 사료포대를 깔고 사료를 뿌려준다. / 자유채식으로 충분히 급여하되 허실이 없도록 한다. / 사료급이기는 충분히 설치하여 약추발생이 없도록 한다. / 급이기 높이는 병아리 등높이 / 효과적인 급수 요령 / 신선한 물을 항상 충분히 공급 / 급수기를 여유있게 반경 3m 이내에 설치 / 급수기 높이는 항상 일정 / 급수통은 매일 닦아주고 신선한 물을 공급 / 1주 2회 정도 소독 / 겨울철 찬물을 주지 않도록 한다. / 급수기 모양, 크기 등을 변경시 서서히 충분히 시간을 두고 교체 / 환경관리 / 온도관리 / 구분 / 열풍 급온시(℃) / 삿갓식 급온시(℃) / 1~2일령 / 34 / 32이상 / 3~4일령 / 32 / 5~7일령 / 30~32 / 2주령 / 28~29 / 30 / 3주령 / 26~27 / 28 / 4주령 / 24~25 / 26 / 5주령 / 22~23 / 24 / 6주령 / 21~22 / 22 / 7주령 / 18~21 / 습도관리 / 주령별 / 상대습도(%) / 비고 / 1 / 65~75 / 2 / 65 / 3주령 이후 / 60 / 일반관리 / 식우증 발생시 대책 / 직사광선 차단과 점등조절 / 적정 사육밀도 준수, 유해가스 방출 / 비타민․광물질 첨가제 보충 / 염분보충, 적정 계사온도 유지 / 양질의 녹사료 급여 / 올바른 품종 선택 / 약추발생 원인 / 지나친 밀사, 환기불량 / 고온 및 한냉 / 급이기 및 급수기 부족 / 질병감염 / 소음이나 놀램 등의 스트레스 / 관리소홀, 기생충 감염 / 수당 사육시설 소요면적 / 계종 / 시설형태 / 수당면적 / 육계 / 케이지 / 0.042m2/수 / 평사 / 무창 / 0.046m2/수 / 개방 / 0.066m2/수 / 계사내 유해가스 한계수준 / 치사 / 허용 / 감지 / 이산화탄소 / 30% 이상 / 1 이하 / - / 암노니아 / 500ppm 이상 / 50ppm 이상 / 10ppm / 계사 내 환기상태 평가 / 환기양호 : 온화하고 냄새와 먼지가 없음 / 환기불량 : 덮고 습하여 냄새가 나며 물방울 맺힘 / 환기과다 : 건조하고 먼지발생이 심함",dtl_30726.xml,절0
젖소(착유우),착유우,재배법,이유초기,"체중 감소기 / 산후 영양불균형 조기회복 사양 / 고에너지 고단백사료 급여로 섭취 부담 감소 / 반추위 우회공급용 고영양물질(에너지 및 단백질)의 보충 / 농후사료 비율은 70% 미만으로 최대 섭취량 유도 / 양질조사료(NDF 38% 미만) 충분히 공급하되 길이는 5cm 내외로 급여 / 완충제급여로 제1위 산도 유지 / 최적 BCS : 3.0(2.5~3.25) / 칼슘 등 광물질 공급 증가 / 비유중기 / 영양균형기 / 최고 산유량 유도 및 최적 BCS 유지 사양 / 농후사료 급여비율 50~60% / 사료건물 최대섭취량 유도 / 에너지 보충사료(면실, 전지 대두, 보호지방)와 반추위 미분해 단백질 사료급여 / 최적 BCS : 3.25(2.75~3.25) / 유방염 예방을 위한 개체별 정기적 유방과 유질관리(CMT검사 및 체세포수 검사) / 정기적 MUN 및 MPT검사로 젖소 건강관리 만전 / 비유후기 / 체중회복기 / 산유량 및 임신유지 사양 / 농후사료 급여비율 40~50% / 발굽병 예방 만전 / 조사료 최대 섭취량 유도, 농후사료 체중의 1.5% 미만 급여 / 최적 BCS : 3.5(3.0~3.5) / 건유기 / 농후사료 급여비율 30% 미만 / 조사료 최대 섭취량 유도, 농후사료 체중의 0.5% 미만 급여 / 최적 BCS : 3.5(3.25~3.75) / 건유기간 : 50~60일 / 건유요령 : 다즙사료 및 배합사료 급여 중단, 마지막 착유 후 유두소독, 유방염검사 및 유방염연고 주입 / 분만 2주전부터 착유사료 유도사양 / 대사성질병 예방 사양 / 칼슘수준이 낮은 사료 급여 / 사료 중 칼슘수준이 높은 경우 음이온 첨가제 보충 사양 / 젖소[송아지(생후 5개월까지) 및 육성우(생후 6개월부터 초임우까지)] / 분만 ~ 5일 / 신생송아지 면역력과 생존능력 부여 사양 / 출생시 조치 / 입코 및 기관지 이물 제거 / 탯줄 절단 : 소독된 가위를 이용 5~6cm 길이에서 절단 후 요오드 액을 침지 / 체온유지와 위생적 송아지 방 준비 : 송아지를 신속히 건조시키고 실내온도는 25℃로 유지, 깨끗한 깔짚과 방한 및 환기 주의 / 초유급여 / 출생 후 30분 이내에 초유를 섭취토록 하여 신속한 면역력 전달, 이후 가급적 자주(2시간 간격) 조금씩 (1L/회) 위생적 포유병과 젖꼭지를 이용하여 급여하고 적어도 생후 14시간 이내 체중의 10~15%(4~6kg)를 급여하도록 함 / 잉여 초유는 별도 저장 / 초유 공급이 안될 경우 / 저장된 잉여초유 등을 이용 / 제각과 개체인식표 부착 / 생후 5~10일령에 가성가리(KOH)봉 이나 제각용 연고를 이용 뿔이 날 자리를 태움 / 개체인식을 위한 이표 및 목걸이 부착, 외모그림이나 사진으로 개체 확인자료 보관 / 생우 5일 ~ 이유 / 강건한 이유송아지를 위한 포유사양 / 송아지 포유 / (생후 5일령~4주령) : 가급적 급여 간격을 일정하게(4~6시간 간격) 소량씩(1~1.8L/회) 포유, 최대 체중의 20%까지, 1주령부터 고형사료(송아지 사료와 세절한 양질건초) 자유채식, 청결 음수 제공 / (5주령~이유일 5일전) : 포유횟수를 줄이고(3회/일) 체중의 10%정도 급여, 고형사료(송아지사료와 세절한 양질건초) 자유채식량 증가 유도, 청결 음수충분 공급 / (이유 5일전~이유일) : 포유량 1회/일로 감량하고 고형사료(송아지 사료와 세절한 양질건초) 자유채식량 증가 유도, 청결 음수충분 공급 / 대용유는 가급적 모유와 비슷한 성분의 것으로 결정하고, 물 희석 비율은 7~8:1로하여 전유와 비슷한 농도로 공급하며, 송아지의 섭취 반응과 변의 상태를 관찰하면서 급여량 조절 / 이유 ~ 생후 3개월 / 이유송아지의 강건 육성사양 / 이유스트레스 최소화 및 반추위 발달촉진 사양 / 이유송아지의 이유 후 곡류사료 섭취량을 최대화하여 포유기 성장속도를 유지토록 개체 사양관리 만전 / 농후사료 및 조사료 섭취량 증가를 유도하여 반추위 발달을 촉진 / 어린송아지 개시(스타터) 사료 : 단백질 함량이 높은(18%이상) 어린 송아지 사료를 무제한 급여하다가 생후 3개월령부터는 중송아지용 사료로 서서히 교체하여 배합사료량은 1일 3kg를 초과하지 않도록 함 / 생후 4 ~ 12개월 / 성장기 사양 / 4~6개월령까지 중 송아지사료 급여 / 조사료위주사양 / 일당증체량 : 0.8kg 유지 / 생후 6개월 : 암수 격리수용 / 생후 7개월 이후 / 골격과 근육발달, 생식기관 발달 및 유방용적 확대 시기 / 육성우 외모심사를 통한 육성 용도 결정 / 큰송아지 사료급여 / 생후 13 ~ 22개월 / 초임기 사양 / 임신의 유지와 유사산 예방관리 / 적당한 운동, 조사료위주 사양 / 안전사고 예방조치 만전 / 임신 전 부유두 제거 / 건유기 유방염 관찰 및 예방 / 농후사료는 체중의 0.5~1% 급여 / 종부시기 : 340~360kg(14~15개월령) / 초산 2개월전 ~ 분만 2주전 / 정상분만과 조기회복 사양 / 개체별 사양관리 / 살찐 소 / 분만 2주전까지 조사료 위주, 농후사료는 2kg 이상 초과하지 않게 급여 / 야윈 소 / 조사료 이외 농후사료를 보충하되 4kg 이상 초과하지 않도록 급여 / 경산우에 비해 약 10~20% 높게 농후사료 보충 / 태아 과다 성장 예방 / 유방 외상주의 및 유방염 관찰",dtl_30727.xml,절0
토종닭,,재배법,주령,"입추준비 / 1주 / 2주 / 3주 / 4주 / 5주 / 6주 / 7주 / 8주 / 9주 / 10주 / 표준체중(g) / 110 / 237 / 404 / 610 / 859 / 1,123 / 1,395 / 1,680 / 1,967 / 2,248 / 사료 / 급여 / 사료종류 / 전기사료(0~5주령) / 중기사료(5~8주령) / 후기사료(8주령 이후) / 대사에너지 / (kcal/kg) / 3,025 / 3,100 / 3,150 / 조단백질 / (%) / 20 / 18 / 16 / 1일급여량 / (g) / 17 / 34 / 48 / 65 / 86 / 95 / 105 / 118 / 125 / 129 / 육추준비 및 사육밀도 / 육추기구의 준비 / 계사 소독 : 4~5일전 훈증소독 실시 / 입추 24시간 전에 육추기구 가동 확인 / 출하체중별 적정 사육밀도(수/㎡) / 겨울철에는 여름철에 비해 10~20% 더 수용하여도 무방하나 성장률 둔화, 사료효율 저하, 식우성 증가, 폐사율 증가, 계군 균일도 저하로 상품가치가 떨어진다. / 출하체중(kg) / 적정 사육수수/㎡당 / 1.8 / 12~13 / 2.0 / 11~12 / 2.3 / 9~11 / 2.5 / 8~10 / 2.8 / 8~9 / 첫모이 급여 / 첫모이는 빠른 시간내 급여 (3시간 이내) / 첫모이는 물을 먹인 후에 급여 / 첫모이 급여시 첨가제는 1~3일간 급여 / 환경관리 / 온도관리 / 구분 / 열풍 급온시(℃) / 비고 / 1~2일령 / 3~4일령 / 32 / 5~6일령 / 30~32 / 2주령 / 28~29 / 3주령 / 26~27 / 4주령 / 24~25 / 5주령 / 22~23 / 6주령 / 21~22 / 7주령 이후 / 18~21 / 습도관리 / 주령별 / 상대습도(%) / 1 / 70 / 2 / 3주령 이후 / 60 / 수용시설 및 환기 / 계사내 유해가스 한계수준 / 치사 / 허용 / 감지 / 이산화탄소 / 30% 이상 / 1% 이하 / - / 암노니아 / 500ppm 이상 / 50ppm 이하 / 10ppm / 계사 내 환기상태 평가 / 환기양호 : 온화하고 냄새와 먼지가 없음 / 환기불량 : 덥고 습하여 냄새가 나며 물방울 맺힘 / 환기과다 : 건조하고 먼지발생이 심함",dtl_30773.xml,절0
느타리버섯,,재배법,폐솜털기 및 물 축이기,"솜털기 / 물 축이기 / 균일한 수분 / 수분 70~75% / 야외발효 / 높이 150cm 야적 / 60℃에서 뒤집기 2~3회 / 고온기에는 낮게 쌓음 / 저온기에는 높게 쌓음 / 재배사 입상 / 과잉수분조절 / 균일한 균상 표면조절 / 살균 및 발효 / 60~65℃ 12시간 / 50~55℃에서 2~3일간 / 가온 시 습열 이용 / 가스빼기 작업 실시 / 바닥에 살충제 살포 / 종균접종 / 배지온도 23~25℃ / 수분 65~67% / 청결유지 / 버섯파리방제,약제처리 / 표면접종 / 균사생장 / 버섯파리 방제 / 재배사 청결 / 버섯형성 / 실내습도 85~90% / 광선 밝게 조절 / 온도 15~18℃ / 환기 조절 / 환경관리로 발아량 조절 / 균상표면 과습 방지 / 수확관리 / 실내습도 80~85% / 균상표면 청결유지",dtl_30733.xml,절0
양송이,,재배법,가퇴적,"퇴적장소 준비 / 물 축임 후 가퇴적(가로 180×세로 180, 높이 180cm) / 수분 흡수량이 최대가 되도록 조절(75%) / 본퇴적 / 가퇴적 2일 후 첨가제 사용(계분, 요소 등) / 1~3회 뒤집기 작업 : 요소 분시, 온도조절 / 4~6회 뒤집기 / 퇴비더미 균일발효 / 마지막 뒤집기 때 석고 첨가 / 입상 및 후발효 / 퇴비수분(70%) / 퇴비 두께조절(20~25cm) / 후발효 실시(60℃에서 8시간 유지) / 발효온도(4~6일간 50~55℃) / 종균접종 / 층별 재식 / 퇴비 내 온도유지(23~25℃) / 실내습도 95% 유지 / 흙덮기 및 균상관리 / 수분(65%), 산도(8.0) 조절 / 흙덮기 두께 균일(2~3cm) / 흙덮기 소독(증기, 약제) : 흙덮기 3~4일 후 적용 약제 살포 / 온도하강(15~17℃) / 물주기 및 환기 / 수확 / 1~3주기 / 환기량, 물주는 양 증가 / 주기 및 균상관리 철저 / 4~5주기 / 버섯개열방지 / 저온관리 / 품질관리 철저 / 병해충 방제 / 물주는 양 감소",dtl_30735.xml,절0
영지버섯,,재배법,원목 및 종균접종 준비,"원목 / 수종 : 상수리나무, 졸참나무, 갈참나무 / 벌채시기 : 11~2월(수액정지기) / 수분 : 38~40%로 절단 부위가 실금이 갈 정도 / 토막치기 : 종균접종 직전 20cm 내외(자른 순서대로 번호기입) / 종균 / 접종장소 : 신규재배사 활용(기존 재배사 활용 시 잡균 우려) / 종균소요량 : 3~4토막에 1병 정도(평당 10~15병) / 수분 흡수량이 최대가 되도록 조절(75%) / 종균접종, 균사배양 / 접종 / 원목을 토막 친 후 즉시접종(온도 20℃) / 종균을 부수어 큰 덩어리 접종(중앙부위 8mm, 가장자리 1cm) / 균배양 / 재배사 내 온도 : 초기 1개월 15~20℃, 중기 20~25℃, 후기 25~28℃ / 습도는 85~93℃ / 땅에 묻기 / 시기 : 5~8월 초순 / 원목 묻기 전 3~4일 간격으로 1일 2~3회 피복물 위에 물주기 / 버섯발생 및 관리 / 매일 2회 정도 물을 주어 실내습도 90~95%, 온도 26~32℃ 유지 / 버섯이 많이 발생하면 10~15cm 간격으로 솎음. / 버섯대가 2~3cm 자라면 환기해서 갓 형성 촉진(실내습도 70~80% 유지) / 건고 및 수확 / 갓 주변 부위 백색생장점이 점차 줄고 황색으로 변하여 버섯 두께가 계속 두꺼워질 때 물주기 중지 / 습도는 30~40%로 감소, 온도는 24~31℃ 유지 / 버섯 뒷면이 노란색일 때",dtl_30734.xml,절0
팽이,,재배법,재료준비,"코브 45% + 신선한 미강 40% + 비트펄프, 면실박 15% / 배지준비 / 수분 65% / 입병 / 적정량 입병 / 병 입구 청결 / 청결한 병마개 사용 / 살균 / 고압살균 : 121℃에서 90~100분 / 상압멸균 : 100℃에서 4~6시간 / 균접종 / 냉각 / 냉각실 소독 / 배지품온 17~18℃ / 접종 / 접종실 및 접종기 소독 / 우량종균(1병당 10~20mL 접종) / 배양 / 배양온도 : 16~18℃ / 탄산가스 농도 : 0.2~0.3% 이내 / 선별 및 균 긁기 / 선별 / 접종 후 5~10일째 잡균 선별 / 균 긁기 / 균 긁기 기구 소독 / 발이유기 / 온도(13±1℃) / 억제 / 온도(3~4℃) / 생육 / 온도(6~8℃) / 초음파 가습기 설치 / 수확 / 갓피기 전 대길이 11~13cm / 포장 / 100g, 150g 단위 랩포장 또는 진공 포장 / 탈병 / 수확 후 배지(폐배지) / 원거리 처리",dtl_30736.xml,절0
구기자,,재배법,꺽꽂이,"시기 : 3월 중순~하순 / 소요량 : 1,500본/10a(삽수길이 15~20cm) / 방법 : 150cm 두둑에 50cm 간격으로 꺾꽂이 / 거름주기 / 시비량(kg/10a) / 퇴비 4,000, 질소 40 인산 30, 칼리 30 / (질소, 칼리는 밑거름 60%, 웃거름 40%) / 산성토양 석회 150kg/10a 시용 / 잡초방제 / 잡초 방지포나 검은색 부직포로 이랑 사이 덮기 / 주요 관리작업 / 솎음 : 개체당 1~2줄기만 남기고 솎음 / 순지르기 / 삽식묘(1년차)의 경우 100cm 가량 자랐을 때 90cm 높이에서 실시 / 2년생 이상은 2월에 전정 작업 실시 / 4월 하순 1차 순지르기, 5월 하순 2차 순지르기 / 지주 설치 : 덩굴성이므로 지주를 설치하여 줄기가 땅에 닿지 않도록 묶어줌 / 습해방지 : 습해에 약하므로 배수로 정비 철저 / 병해충 방제 / 적용약제를 이용하여 예방위주로 방제 / 수확 및 조제 / 수확시기 : 8월 상순~11월 하순 / 건조 : 열풍건조기 이용 55℃ 이하에서 수분 15% 이하로 건조 / 보관 : 건조품은 마대에 비닐을 내장하여 보관(흡습방지) / 수량 : 320kg/10a",dtl_30739.xml,절0
도라지,도라지,재배법,씨뿌림,"씨앗준비 : 완숙 정선된 씨앗 3~4ℓ/10a / 시기 / 봄 : 3월 중순~4월 중순 / 가을 : 11월 상순~중순 / 방법 / 90~120cm 두둑에 6~9cm 간격 골뿌림 또는 흩뿌림 / 씨뿌림 후 얇게 흙덮기하고 볏짚으로 덮은 뒤 충분한 물주기로 발아 촉진 / 시비량 / 밑거름 / 퇴비 1,500kg, 계분 150kg, 질소 9kg, 인산 18kg, 칼리 15kg를 전면 살포 후 토양갈이 정지 / 웃거름(kg/10a) / 6월 하순 : 요소 14 / 7월 하순 : 요소 10, 염가 10 / 주요 관리작업 / 솎음 : 본잎 3~4매 시 포기사이 4~6cm 간격 솎음 / 김매기 : 6월 상순, 7월 상순 잡초가 크기 전 실시 / 꽃대제거 : 뿌리 굵기 촉진을 위한 꽃대 잘라주기 실시 / 6월 중하순경에 꽃망울 생길 때 제거 / 너무 일찍 제거 시 다시 꽃대 발생 우려 / 수확 및 조제 / 수확 : 씨뿌리고 2~3년생 수확 / 약재용은 3~4년 이상 재배 / 조제 / 백길경 : 물에 담갔다가 대칼로 껍질 벗김 / 피길경 : 물에 씻어 햇볕 건조 / 건조기 건조: 50~60℃유지",dtl_30740.xml,절0
더덕,양유,재배법,모 기르기,"모판설치 : 40㎡/10a / 씨앗관리 / 채종해서 120일 정도 휴면기간 지난 다음 2~5℃에서 7일간 저온처리 또는 채종 후 노천매장하여 씨뿌림 / 씨앗양 : 150~200g/40㎡ / 방법 / 흩뿌림 또는 10㎝ 간격 줄뿌림 / 씨뿌림 후 부드러운 토양을 5~10㎜ 두께로 덮기 / 짚 또는 건초 덮기로 발아율 향상 / 아주심기 / 시기 : 4월 상순 ~ 4월 중순 / 거리 : 30×10~15cm / 시비량(사양토, 10a 기준) / 퇴비 1,500kg, 질소, 인산, 칼리 각 6kg / 웃거름 : 1년 차는 7월 하순에 1회, 2년 차부터 6월 하순, 7월 하순 2회 / 씨모 크기 : 뿌리가 곧고 굵으며 잔뿌리가 적고 절단되지 않은 5g 이상의 묘 / 방법 : 가능하면 수직으로 곧게 심음 / 심기 전 씨뿌리 지베렐린 5ppm에 24시간 담가서 심으면 뿌리내림과 수량성 증대 / 주요 관리작업 / 김매기 작업 : 6월 하순, 7월 하순 웃거름과 동시 김매기 실시 / 지주 세우기 / 본잎 3~4매 시 2.0~2.5m의 지주 세워 통풍, 햇빛 쪼임을 좋게 해 생육 촉진 / 지주형태 : 1자형, 삼각형, 사다리형 등 / 꽃망우리 제거 : 꽃망우리 제거로 뿌리발육 촉진해 수량 증대 / 수확 시기 / 10월 중순 이후~봄에 싹이 나오기 전 / 아주심기 2~3년 차, 개당 무게 30~50g 이상인 것 수확",dtl_30741.xml,절0
두충,,재배법,모 기르기 및 옮겨심기,"씨뿌림 및 모판관리 / 밑거름 : 1m2당 요소 30g, 중과석 30g, 염화칼륨 15g, 토양 살충제 / 씨뿌림 양 : 0.2L/m2 / 노천매장씨앗(종자) 줄뿌림, 점뿌림 후 1~1.2cm 흙덮기 / 짚이나 건초덮기 후 출아되면 제거 / 출아 후 2개월 동안 해가림 설치 / 웃거름(6월 하순 이전) : 30g/m2 또는 유기질비료 1kg / 임시심기 및 관리 / 서릿발, 언피해 방지를 위해 양지에 임시심기 후 / 60cm 이상 : 본밭 아주심기 / 60cm 이하 : 20×20cm 간격으로 심은 후 지상 3cm에서 잘라 2년생 묘로 키움 / 아주심기 / 시기 / 봄 : 3월 하순~4월 상순 / 가을 : 10월 하순~11월 상순 / 간격 : 2×1.5m(330주/10a) / 밑거름 : 구덩이당 퇴비 4kg, 요소 60g, 용성인비 70g, 염화칼륨 30g / 방법 : 구덩이 파고 완숙퇴비 넣은 뒤 아주심기 / 수목관리 / 묘목을 5cm 정도 잘라 심고 곁눈이 자라면 세력이 좋은 2가지만 남기고 제거 / 곁가지는 수시로 제거 / 주요 관리 / 김매기 / 아주심기 2~3년간 나무 주위 김매기 실시 / 4년 후 잡초를 벤 후 덮어주기 / 웃거름 / 아주심기 2년부터 : 이른 봄 산림용 고형비료 60g을 나무 주변에 묻음 / 다 자란 나무 : 10a당 퇴비 1,200~1,500kg, 질소 8~12kg, 인산 8~12kg, 칼리 4~6kg 비료 주기 / 수확 / 두충 : 껍질 벗기는 5~6월 수확 / 두충잎 : 여름과 가을 다 자란 잎 수확",dtl_30743.xml,절0
마,마,재배법,씨앗,"씨앗의 선택 / 주아는 2g 이상 큰 것 사용, 노두는 절단하지 말고, 절편은 50g 정도로 모양이 좋은 것으로 절단 / 씨앗 소독 : 벤레이트티 분의 소독 / 아주심기 / 시기 / 남부 : 4월 상순 / 중부 : 4월 중순 / 씨마거리 / 절편, 주아, 종근 에세폰 10,000배액 30~60분 담그면 씨뿌림 발아율 향상 / 거름주기(kg/10a) / 밑거름 : 퇴비 3,000, 질소 14, 인산 28, 칼리 14 / 웃거름(kg/10a) / 1차(6월 중순) : 질소 10, 칼리 7 / 2차(7월 중순) : 질소 10, 칼리 7 / 제초제 : 아주심기 후 시마진 수화제 살포 / 심는거리 / 절편 : 60×20cm / 노두 : 30×15cm / 주아 : 20×10cm / 주요 작업관리 / 지주 설치 : 아주심기 후 1.5m 높이 지주 설치 / 병해충 방제 / 토양선충 : 3월 상순~4월 하순 / 탄저병 : 6월 상순 / 시듦병 : 7월 중순 / 수확 및 조제 / 수확 / 낙엽이 진 후 수확 / 주아는 서리 오기 전 수학 / 봄 수확 시 4월 이전 / 수확후 2~3일 예비저장하여 상처 치유 후 저장(5℃) / 조제 / 수확 후 껍질 벗겨 건조실에서 건조 후 조제 / 품질 불량, 부패 우려 시 수증기로 쪄서 말림 / 수량(kg/10a) / 생근 3,000, 건조 800",dtl_30747.xml,절0
오미자,,재배법,재배 적지,"표고 : 중북부 250, 남부 300m 이상 / 기후 : 여름철 기온 서늘한 지역(백두대간 주변 지역) / 자재 준비 / 구분 / 씨모 / 파이프 / 물주기 시설 / 유인줄 / 아치형 / 1,200주 / ø25mm, 9m / 스프링클러 / 2줄 / 심는 시기 / 봄 / 가을 / 시기 / 3월 상하순 / 10월 하순~12월 상순 / 거리 / 2줄재배 : 4.5m×40cm(공간초생재배) / 3줄재배 : 2.3m×40cm(3년 후 가운데 제거) / 비닐덮기 / (멀칭) / 0.02~0.03mm 흑색PE / (조기 수분유지 양호로 결주 방지 탁월) / 줄기유인 : 1주 1본 원칙, 30cm 이상부터 유인 / 가물 때 물주기 : 스프링클러, 점적관수 / 웃자라는 가지, 움튼 가지 : 수시 제거 / 김매기 : 부직포, 4중직 빛가림막 덮기 / 비료 주기 / 비료주는 양 (kg/10a) / 비료주는 양 / 요소 / 용성인비 / 염화칼리 / 1년생 / 9.4 / 11.0 / 4.6 / 2년생 / 14.0 / 16.0 / 6.9 / 3년 이상 / 23.7 / 27.0 / 11.6 / 비료 나누어 주는 방법 (%) / 50 / 100 / 70 / 25 / - / 30 / 수확 / 오미자 수확 / 조중생종 : 개화 후 120일(9월 20일 한) / 중만생종 : 개화 후 125~140일(10월 20일 한) / 수확 후 처리 / 생오미자 : 4℃, 9일 한 / 건오미자 : 40℃(열풍건조), 3일 / 보관 방법 / 즙액 : 오미자와 설탕 1 : 1, 100일 후 추출보관 / 건오미자 : 플라스틱 용기 6개월 4℃ 저장고 / 시기별 관리 / 주요내용 / 토양관리 / 산성토양 개량 : pH 5.5~6.5 / 미량요소 결핍 과다주의 : 마그네슘, 붕소 / 토양 : 배수, 통풍 양호하고 부식질 많은 사질양토 / 줄기관리 / 연중 / 울타리, 덕, 아치형 줄기 유인시설 후 유인 / 땅에서 올라오는 새줄기 세력 강한 것 1~2개 유인 / 2년 결실가지 굵고 강하게 키우기 / 불필요하게 출아하는 움튼 가지 및 여름철 웃자란 가지 제거 / 병해충 / 관리 / 생육기 / 검은점애바구미 : 노목 서식환경 깨끗하게 유지 / 흰가루병 : 고온건조 주의, 배게심기, 질소과잉, 이병 잔재물 제거 / 점무늬, 탄저병 : 전정을 통한 과번무 억제, 고온고습 주의 / 수확기 / 초파리 : 수확 후 곧바로 저온저장고로 이동 / 초기 가뭄 : 심은 후 볏짚이나 흑색 PE 바닥덮기(멀칭)로 수분증발 억제 / 장마기 습해 : 배수구 정비로 습해 예방, 조기낙엽 방지 / 기타 수확 후 나무자람새(수세)회복을 위하여 약간의 질소 시용 / 낙엽기 과도한 착과지 수세 회복을 위한 수확 후 유기물 시용",dtl_30749.xml,절0
천마,,재배법,토양선정 및 예정지 관리,"모래 함량이 높은 사양토와 양토 / pH 5~6 약산성, 비료성분 많지 않은 곳 / 햇볕이 덜 드는 북동향(북향) / 2~7% 약간 경사진 곳 / 예정지 선정 및 관리 / 유기물함량 2~3% 함유, 토양 오염이 없는 곳 / 가축분퇴비 3,700kg/10a(유기물 함량 0.5% 기준) / 예정지 작목 : 옥수수, 수단그라스 등 / 원목 준비 및 절단 / 알맞은 나무 : 참나무류(상수리나무, 물참나무 등) / 벌목 시기 : 12~2월(휴면기) / 지름 : 7~12×30~60㎝ 절단 / 필요량 : 21~30톤/10a / 종균 준비 및 필요량 / 식재 3~4개월 전 종균배양소 신청 / 필요량 : 900~1,000병/10a / 6~8등분/병으로 절단 / 자마(종마) 준비 / 상처가 없고 봄에 수확한 자마 / 종마 크기 및 필요량 / 길이 : 5cm 이상, 무게 10~20g / 필요량 : 100~150kg/10a / 천마 식재 / 원목배열 / 90~100cm 이랑에 원목 4~5열 배열 / 원목과 원목 사이 10~15cm 띄움 / 되도록 1열과 2열 엇갈려 배열 / 종균접종 / 종균이 마르지 않도록 식재 전 절단 / 원목과 원목 사이 되도록 밀착 접종 / 자마식재 / 종균 주위 자마 2~4개 놓음 / 자마가 하단 부위 종균 방향 / 심는 시기 : 지역마다 다르나 4월 중순~하순 / 지온이 10℃ 이상 되면 식재 가능 / 노지에서 종균활착 기간 2~3개월 소요 / 흙덮기 및 피복 / 흙덮기 : 원목 위 5~10cm 흙덮기 / 지역, 토성에 따라 다름 / 피복 : 볏짚 및 낙엽 5~10cm 피복 / 1년 차 가을 풀베기 및 볏짚 보충 / (포장 건조 및 고온·언(동해)피해 방지) / 포장관리 / 식재 후 충분한 물주기로 포화용수량 확보 / 오염된 물 사용 금지 / 봄·가을 40%, 여름 50~60%, 겨울 25~30% / 1년 차 수분 많아도 되나, 2년 차 수분 많으면 습해 발생 / 가뭄 지속 시 물주기 및 풀베기 작업 / 집중호우 시 배수로 정비 / 지온 25℃ 이상 시 설치 / 2년 차 고온 지속 및 많은 비에 물천마 발생 우려 / 수확시기 / 자마식재 18개월 뒤 수확 / 가을(10월 하순~11월 중순) 또는 이듬해 봄(3월 하순~4월 상순)",dtl_30756.xml,절0
황기,,재배법,씨뿌림,"시기 / 봄 : 3월 하순~4월 상순 / 가을 : 10월 하순~11월 상순 / 씨앗양 : 1.4~2.7kg/10a 소요 / 방법 : 90~120cm 두둑에 40cm 높이 이랑 / 1년생 수확 : 15×10cm 점뿌림 / 2년생 수확 : 15×10cm 점뿌림 후 0.5~1cm 흙덮기 / 비료 주기(kg/10a 기준) / 퇴비 1,000, 질소 2.4, 인산 8, 칼리 9 / 산성토양에는 고토석회 200~300kg 시용 / 주요 관리작업 / 덧심기 : 발아 후 20일 이내 덧뿌림 / 순지르기 : 뿌리발육 촉진 및 과번무와 쓰러짐 방지 / 1년생 : 6월 중순, 7월 중순, 8월 중순 1/4 정도 / 2년생 : 6월 상순, 7월 중순 1/3~1/4 정도, 생육이 왕성하면 8월 중하순 1/3~1/4 / 웃거름 : 순지르기 전 1.2~1.8kg 시용 / 과습 피해 방지 배수 철저 / 수확 및 조제 / 시기 : 10월 하순~11월 하순 / 수확 : 10월 중순경에 정선된 씨앗을 1~2일 음건 보관하여 씨앗으로 사용 / 조제 / 수확한 뿌리를 물에 씻어 껍질을 벗겨 단시일 내에 건조하여 품질향상 / 열풍건조 : 40~45℃에서 24시간 건조",dtl_30761.xml,절0
담근먹이 옥수수,,재배법,파종,"파종시기 : 4월 중·하순~5월 상순 / 파 종 량 : 20~25kg/ha / 파종방법 : 1구 1립 파종 / 기계파종 : 75×15~20cm / 조생종 일수록 밀식 / 시비량 (kg/ha) / 시비량 / 구분 / 질소 / 인산 / 칼리 / 200 / 150 / 시비방법 / 밑거름 50% / 웃거름 50% / 밑거름 100% / 퇴비 1,500~2,000kg/ha을 밑거름으로 시용 / 파종순서 : 퇴비살포 → 경운 → 땅고르기 → 로터리 → 파종·시비 → 눌러주기 → 제초제 살포 / 제초 / 제초제 살포 : 파종후 3일 이내 / 잡초약명 / 펜디메탈린 유제 / 리뉴론 수화제 / 알라클로르 유제 / 사용량(10a) / 300ml / 100~150g / 200ml / 병해충 방제 / 병해충명 / 발생시기 / 방제약제 / 조명나망 / 6월 중순, 7월 중순 / 델타메트린, 에토펜프록스, 카보퓨란 등 / 열대거세미나방 / 4월 하순~10월 하순 / 델타메트린 유제, 인독사카브 액상수화제 등 / 멸강나방 / 5월 하순, 6월 중순 / 인독사카브, 펜토에이트, 플루벤디아마이드 등 / 흑조위축병 / 4월 하순, 7월 중순 / 발병 후에는 방제가 안됨 / 수확이용 / 기계화에 따른 생산비 절감효과 / 건물 생산비 / (원/kg) / TDN 생산비 / 절감(%) / 관행 / 생 력 / 기계화 / 126.14 / 80.16 / 188.26 / 119.79 / 36.4 / 수확기 : 황숙기(수염 나온 후 35~42일) / 양질 담근먹이의 조건 / 재료의 수분조절, 절단 / 철저한 진압과 밀봉으로 공기배제",dtl_30763.xml,절0
동계 사료작물(곤포담근먹이),곤포담근먹이,재배법,곤포 담근먹이,"건초에 비해 단백질, 비타민, 및 카로틴 함량이 높음 / 저장기간 동안 영양소 손실이 적음 / 날씨에 대한 의존도가 낮음 / 가축의 기호성이 좋고, 잡초종자는 발효과정 동안 발아력을 잃음 / 담근먹이를 만들기 위한 특수한 기계나 시설이 필요 / 일시에 만들므로 노동력과 공동작업이 필요 / 담근먹이 제조시 많은 기술이 필요 / 건조과정 / 수분함량이 70~80%의 재료를 15~20%로 낮추는 과정 / 영양소 및 건물 손실을 줄이기 위해 가능한 빨리 건조 / 포장에서 건조와 저장 중의 건조로 구분 / 건초제조의 장단점 / 정장제 효과가 있어 설사를 방지 / 수분함량이 적어 운반과 취급이 용이 / 태양 건조시 비타민 D 함량이 높아짐 / 기상의 영향을 많이 받음 : 장기 건조 또는 강우시 품질저하 우려 / 화재의 위험",dtl_258480.xml,절0
볏짚(곤포담근먹이),곤포담근먹이,재배법,수확과 저장,볏짚의 사료가치 개선 / 볏짚 수거 이용율을 높임 / 신속한 수거로 동계 사료작물 적기 파종 / 가축의 기호성 증대 및 섭취량을 개선 / 이용방법 / 생볏짚 담근먹이는 45일 이후면 발효가 완료되어 급여가 가능 / 가축의 기호성이 좋아 건조볏짚보다 섭취량이 많아짐 / 담근먹이 제조시 첨가제를 사용하여 품질을 개선 / 급여방법 / 절단기를 추가로 구입하여 급여 / 비닐을 벗겨 세워두면 조금씩 풀림 / 곤포가 된 반대방향으로 굴리면 쉽게 풀림 / 곤포시 절단되는 기계를 사용하면 TMR 배합 시에도 효과적,dtl_258753.xml,절0
사료용 귀리,,재배법,파종 및 시비,"파종시기 / 봄 재배 : 3월 상순~중순 / 가을재배 : 8월 중순~하순 / 파종량 / 조파 : 150~160kg/ha / 산파 : 200kg/ha / 재배품종 / 봄 재배 : 중, 만생종 / 가을재배 : 조생종 / 파종방법 / 줄뿌림 : 이랑폭 20~25cm의 줄뿌림(세조파기 이용) / 흩어뿌림 : 미스트기, 비료살포기 활용 / 파종순서 : 로터리 → 파종･시비 → 로터리(복토) → 눌러주기 / 시비량 (kg/ha) / 시비량 / 구분 / 질소 / 인산 / 칼리 / 120 / 100 / 시비방법 / 밑거름 50% / 웃거름 50% / 밑거름 100% / 수확이용 / 수확 / 봄 재배 : 5월 하순~6월 상순 / 가을 재배 : 10월 하순~11월 상순 / 이용 / 청예, 건초, 담근먹이 등 어느 용도로도 이용 가능 / 청초·건초이용 : 출수기~출수 후 20일 / 담근먹이 이용: 출수기~출수 후 30일 / 건초는 비를 맞지 않게 하고 단시일 내 제조",dtl_258524.xml,절0
사료용 벼(총체벼),총체벼,재배법,육묘와 시비,"육묘기술 : 중묘, 어린묘, 부직포 육묘, 직파 등 / 중묘 관리 / 파종시기 : 4월 하순~5월 상순 / 파종량 : 120~140g/상자 (조파시 감량 100g) / 시비량 (kg/ha) / 시비량 / 구분 / 질소 / 인산 / 칼리 / 180 / 60 / 110 / 시비방법 / 밑거름 50% / 새끼거름 20% / 이삭거름 30% / 밑거름 100% / 밑거름 70% / 가축분퇴비 2,000∼2,600kg/ha, 규산 1,500kg 시용 / 재배순서 : 경운·로터리(시비) → 육묘 → 이앙 → 잡초 및 병해충 관리 → 웃거름 → 수확 / 제초관리 / 제초제 처리시기 / 초기 : 이앙 전∼이앙 후 5일경 / 중기 : 이앙 후 13∼15일경 / 처리 후 5일간 담수 유지 / 후기 : 잡초발생시 이앙 후 25일경 / 처리시기에 적용한 약제 선정 / 방제 가능 처리시기 준수 / 제초제 제형 및 성분별 주의사항 필독 / 성분중 메소트리온, 테퓨릴트리온 벤조비사이크론 등 약해 반응 / 병해충 방제 / 못자리 : 모잘록병, 모도열병, 키다리병 등 / 본답 초기(5월 중순∼6월 중순) : 잎도열병, 애멸구, 벼물바구미, 벼굴파리류 / 본답 중기(6월 하순∼8월 상순) : 잎도열병, 잎짚무늬마름병, 벼멸구, 애멸구, 이화명나방 등 / 본답 후기(8월 중순∼수확기) : 이삭도열병, 이삭 마름병, 흰등멸구, 혹명나방, 이화명나방 등 / 수확적기 / 완전낙수 : 출수 후 25일경(강우시 앞당김) / 담근먹이 : 출수 후 30일경 호숙기~황숙초기 / 벼 전용 수확기계로 수확·절단 후 원형곤포",dtl_258525.xml,절0
사료용 보리(청보리),청보리,재배법,적기파종,"벼 수확 후 적기파종 / 파종방법 : 파종기(세조파기)·비료 살포기·드론·미스트기 등 / 충분한 종자파종 : 200kg내외 / 가뭄시, 적기이후 파종시 10~ 20% 증량 파종 / 종자량이 충분하지 않을때 복토를 잘해 주어 입모율 제고 / 파종순서 : 로터리 → 파종·시비 → 로터리(복토) → 눌러주기 / 시비량 (kg/ha) / 시비량 / 구분 / 질소 / 인산 / 칼리 / 120 / 100 / 시비방법 / 밑거름 50% / 웃거름 50% / 밑거름 100% / 월동관리 / 배수로 정비 / 월동전·후 눌러주기 / 유기물 피복 / 월동 후 적기 추비시용 : 2월 하순~3월 상순 / 수확이용 / 수확 / 생초 : 출수시 / 담근먹이 : 호숙기~황숙기 / 생산물 이용 / 담근먹이 조제",dtl_258526.xml,절0
사료용 호밀,,재배법,적기파종,"벼 수확 후 적기파종 / 전면 산파 지양 / 조파 및 휴립로타리기 이용 파종면적 확대 / 파종 : 200kg/ha내외 / 가뭄시, 적기이후 파종시 10~20% 증량 파종 / 종자량이 충분하지 않을때 복토를 잘해주어 입모율 제고 / 파종순서 : 로터리 → 파종·시비 → 로터리(복토) → 눌러주기 / 시비량 (kg/ha) / 시비량 / 구분 / 질소 / 인산 / 칼리 / 150 / 120 / 시비방법 / 밑거름 50% / 웃거름 50% / 밑거름 100% / 월동관리 / 배수로 정비 / 월동전·후 진압 / 유기물 피복 / 월동 후 적기 추비시용 : 2월 하순~3월 상순 / 수확 / 담근먹이 : 출수 후 10일 이내",dtl_258527.xml,절0
"수수,수단그라스 교잡종",,재배법,파종과 시비,"파종시기 : 4월 하순~5월 하순 / 파 종 량 : 40~50kg/ha (산파시 증량) / 파종방법 : 흩어뿌림 또는 줄뿌림 (기계파종) / 줄뿌림 50cm 세조파 / 시비량 (kg/ha) / 시비량 / 구분 / 질소 / 인산 / 칼리 / 200 / 150 / 시비방법 / 밑거름 50% / 웃거름 50% / 밑거름 100% / 신개간지 등에는 ha당 퇴비 2,000kg, 석회 2,000kg 시용) / 2~3회 수확시 예취 3일이내 질소 60kg 추가 시용 / 파종순서 : 경운 → 로터리 → 파종･시비 → 로터리 → 눌러주기 / 제초 - 부득이한 경우만 사용 / 제초제 살포 : 파종후 3일 이내 / 제초 / 잡초약명 / 씨마네 수화제 / 메타벤 수화제 / 사용량(kg/ha) / 2 / 3 / ha당 희석물량 : 1,200~1,500ℓ / 가뭄이 계속시 물량 늘려 살포 / 퇴비를 시용한(부식토) 포장은 약량을 20~50% 늘려 살포 / 약해피해가 나타남 / 병해충 방제 / 멸강나방 : 5월 하순~6월 중순 : 디프 수화제 / 수확적기 / 담근먹이 : 개화후기~유숙기 / 청예이용 : 1차 출수기, 2차 초장 120cm 이상 / 방목이용 : 초장 120cm 이상 / 2~3회 예취 이용시 예취 높이를 8~10cm 유지하는 것이 재생에 유리",dtl_258528.xml,절0
이탈리안라이그라스,,재배법,적기파종,"적기파종 : 벼수확 즉시 파종 / 파종방법 : 파종기(점파기)·무인헬기·드론·미스트기 등 / 줄 뿌 림 : 30kg/ha / 흩어뿌리 : 40kg/ha / 시비량 (kg/ha) / 시비량 / 구분 / 질소 / 인산 / 칼리 / 140 / 150 / 시비방법 / 밑거름 30% / 웃거름 70% / 밑거름 50% / 웃거름 50% / 파종순서 : 로터리 → 파종·시비 → 눌러주기 / 입모중 파종 / 파종기 : 중부지방 10월 5일 이전 / 파종량 : 50kg/ha / 시비 : 볏짚 수거 후 살포 / 파종방법 / 논바닥에 고인물이 없이 과습상태 / 무인헬기·드론·미스트기로 파종 / 배수로 설치로 과습피해 방지 / 벼수확 : 파종 후 15일 이내 / 파종순서 : 파종 → 시비(벼수확 후) / 효과 : 파종 노력절감, 조기파종 / 월동관리 / 볏짚은 모두 수거 / 배수로 정비 / 가을가뭄 시 관수 / 눌러주기(진압) : 분얼촉진, 서릿발 피해 방지 / 월동 후 적기 추비시용 / 2월 상순~3월 상순 / 수확이용 / 수확 / 5월 상순~5월 하순까지 수확 / 생산물 이용 / 청초 : 생육시 / 건초 : 출수기 / 담근먹이 : 출수후기~개화기 / 수분조절 : 하루정도 건조시켜 담근먹이 제조",dtl_30765.xml,절0
초지,,재배법,이용관리,"초지조성 첫해관리 / 목초가 15cm 정도 자랐을 때 가벼운 1차 방목 / 1차 방목 후 20cm 정도 때 2차 방목 / 면적대비 적정이용 가축두수 확보 / 1ha 당 3~4두 방목(3회 방목시) / 목초 예취높이 / 목초가 잘 자랄 때 6cm / 7~8월 고온기 10cm / 월동을 위한 마지막 이용시 10cm 초장 유지 / 병해충 방제 / 멸강나방 / 조기예찰, 적기방제 / 살충제 살포 2~3주 경과후 청초이용 / PLS 위반되지 않도록 약제사용 / 신규초지 조성 / 30~35kg/ha / 지역별 적기 적량 파종 / 비료(N:P:K) = 100:250:100kg/ha / 경사 심하고 장애물 많은 곳 불경운 조성 / 월동기간 중 석회 및 퇴구비 시용 / 월동전･후 진압 또는 관리방목 실시",dtl_30766.xml,절0
트리티케일,,재배법,적기파종,"벼 수확 후 적기파종 / 파종방법 : 파종기(세조파기)·비료 살포기·드론·미스트기 등 / 충분한 종자파종 : 200kg내외 / 가뭄시, 적기이후 파종시 10~ 20% 증량 파종 / 종자량이 충분하지 않을때 복토를 잘해 주어 입모율 제고 / 파종순서 : 로터리 → 파종·시비 → 로터리(복토) → 눌러주기 / 시비량 (kg/ha) / 시비량 / 구분 / 질소 / 인산 / 칼리 / 120 / 100 / 시비방법 / 밑거름 50% / 웃거름 50% / 밑거름 100% / 월동관리 / 배수로 정비 / 월동전·후 눌러주기 / 유기물 피복 / 월동 후 적기 추비시용 : 2월 하순~3월 상순 / 수확이용 / 수확 / 생초 : 출수시 / 담근먹이 : 호숙기~황숙기 / 생산물 이용 / 담근먹이 조제",dtl_258529.xml,절0
포도,표준가온,생리적특성,생리적특성,"ㅇ 내습성과 내건성이 강하여 우수한 토양적응성으로 재배 범위 넓음 / ㅇ 가온시기가 빠를수록 꽃눈 분화가 불량하므로 전년도 가 / ㅇ 성숙기에 비가 많으면 일조부족으로 당도가 낮고, 노균병 및 탄저병을 비롯한 각종 병해와 열매터짐(열과) 심함 / ㅇ 과피색이 당도 및 산함량에 비하여 일찍 성숙기준에 도달하므로 과피색 위주로 수확하면 신맛 포도 생산 / ㅇ 가온재배는 수세를 저하시켜 안정재배를 위해 접목묘 권장",2024 포도(표준가온) 농작업일정.hwpx,표3/행5/0
포도,표준가온,기상재해대책,혹한 및 건조 (언피해),ㅇ 조기낙엽 및 과다 열매달림에 따른 성숙·등숙불량 주의 ㅇ 수확후부터 낙엽기까지 건강한 잎 관리로 저장양분을 축적시켜 내한성 증진 ㅇ 월동 전까지 충분한 물주기로 건조피해 방지,2024 포도(표준가온) 농작업일정.hwpx,표7/행1
포도,표준가온,기상재해대책,봄가뭄 및 저온피해,"ㅇ 관수 가능 시점부터 조기 관수 : 20톤/10a, 5일 간격 ㅇ 발아 후 최저온도 7℃ 이상 유지로 잎 생리장해 방지 ㅇ 축열물주머니 사용으로 저온피해 예방",2024 포도(표준가온) 농작업일정.hwpx,표7/행2
포도,표준가온,기상재해대책,수세안정,"ㅇ 적정 주간거리 확보로 수세 안정 - 결과모지 굵기(㎜) : 캠벨얼리 8∼10, 샤인머스켓·거봉 11∼13 ㅇ 개화 3∼5일전 순지르기로 꽃떨이현상 방지(캠벨얼리)",2024 포도(표준가온) 농작업일정.hwpx,표7/행3
포도,표준가온,기상재해대책,착색불량 및 물포도 방지,"ㅇ 착색기 이후에도 적정 관수량 유지 : 20톤/10a, 5일 간격 ㅇ 관수량 부족하면 광합성 효율 감소로 성숙장해 발생원인 - 성숙장해 : 착색불량, 물포도, 껍질 두껍고 질김 등",2024 포도(표준가온) 농작업일정.hwpx,표7/행4
포도,표준가온,기상재해대책,토양관리,ㅇ 개화기전 하우스 내 과습 방지를 위한 토양피복으로 병해 및 꽃떨이현상 예방 ㅇ 지하수위가 높은 과원은 집수정 설치로 배수 유도 ㅇ 하우스 내 작업효율성 향상을 위한 이랑재배보다 평탄재배 권장,2024 포도(표준가온) 농작업일정.hwpx,표7/행5
가지,,생리적특성,생리적특성,"ㅇ 고온성 작물로 저온에서는 개화결실이 불량하고 17℃ 이하에서는 생육이 정지됨 / ㅇ 토양은 토심이 깊고 물빠짐이 좋고 유기질이 풍부한 비옥한 토양이 좋다. / ㅇ 토양 pH는 6.0~6.8의 중성~약산성이 좋다. / ㅇ 광포화점이 4만Lux로 다른 과채류에 비해 낮다. / ㅇ 가지는 정지·전정을 하지 않고 방치하면 곁가지에서 나온 무성한 잎 때문에 일조부족으로 낙화되거나 과일색이 나빠지므로 수확 시에는 수확가지의 아랫잎을 따준다. / ㅇ 과일 형태는 구형, 난(卵)형, 중장형, 장형, 대장형 5가지 / ㅇ 고온성으로 습한 토양을 좋아하며 뿌리를 깊게 뻗음 / ㅇ 첫 번째 꽃은 7~14절에서 개화하며 2~3절 간격으로 다음 꽃이 달림 / ㅇ 영양생장과 생식생장을 동시에 하는 작물로 영양 균형 유지 필요 / ㅇ 가지는 자외선이 풍부해야 착색이 좋아진다. 시설재배 시에는 자외선 투과가 잘되는 피복재를 사용",가지 농작업일정.hwpx,표1/행4/0
가지,,기상재해대책,풋마름병,ㅇ 주로 3월부터 온도 상승기 발병 ㅇ 발병시 방제약제가 없으므로 반드시 토양소독 후 아주심기 ㅇ 토양소독 후에도 계속 발병하는 포장에는 다른 과 작물 돌려짓기 필요,가지 농작업일정.hwpx,표5/행1
가지,,기상재해대책,잿빛곰팡이병,ㅇ 저온다습 조건에서 주로 어린 과일에 많이 발병 ㅇ 방제가 어려우므로 환경적으로 예방하며 발병 초기 이병 부위는 제거해 비닐봉지에 담아 온실 밖으로 방출,가지 농작업일정.hwpx,표5/행2
가지,,기상재해대책,잎곰팡이병,ㅇ 3월 이후 온도 상승기에 발생하며 잎자람새(초세)가 약할 때 주로 발생 ㅇ 대책은 잿빛곰팡이병과 같음,가지 농작업일정.hwpx,표5/행3
가지,,기상재해대책,흰가루병,ㅇ 발생초기 방제가 잘되며 이병이 많이 되었을 때는 방제가 어려우므로 예방적 방제 필요,가지 농작업일정.hwpx,표5/행4
가지,,기상재해대책,차먼지응애,ㅇ 눈으로 충이 관찰되지 않고 발생 초기 생장점이 위축되며 어린잎이 상처를 받음 ㅇ 수시 예찰에 의한 적용약제 교호 살포,가지 농작업일정.hwpx,표5/행6
가지,,기상재해대책,일소과,"ㅇ 3월 이후 온도 상승기, 비온 다음 날 많이 발생 ㅇ 토양수분 부족, 오전 환기 시 급격한 온도 변화에 발생률이 높아지므로 주의",가지 농작업일정.hwpx,표5/행7
가지,,기상재해대책,마그네슘결핍,"ㅇ 저온기 일조 부족, 과다 열매달림 등에 따른 뿌리 발육 저하 시 발생",가지 농작업일정.hwpx,표5/행8
가지,,기상재해대책,열매달림제 장해,ㅇ 열매달림제 분무 시 저온기 생장점 주위에 분무됨으로써 발생 ㅇ 잎이 위축되며 심하면 열매가 달리지 않으므로 꽃에만 열매달림제 처리,가지 농작업일정.hwpx,표5/행9
가지,,기상재해대책,곡과,"ㅇ 일조 부족, 양분 부족, 과다 열매달림, 식물체 세력약화, 지베렐린 첨가에 따른 과일 양분 불균형",가지 농작업일정.hwpx,표5/행10
가지,,기상재해대책,돌가지,"ㅇ 저온기 광합성량 부족, 일조부족, 과번무, 단화주화 등에 따라 과일로 광합성 양분이 전해지지 않아 발생",가지 농작업일정.hwpx,표5/행11
감귤,노지재배,생리적특성,생리적특성,ㅇ 연평균 15~18℃ 이상 되는 지역에서도 -4~5℃에서 동결됨 / ㅇ 비가 많이 내리는 조건에서도 잘 견디나 건조한 토양조건 에서 성숙되어야 당도가 향상됨,감귤(노지재배) 농작업일정.hwpx,표2/행4/0
감귤,노지재배,기상재해대책,한풍해,ㅇ 방풍나무 정비 ㅇ 방풍망 설치 ㅇ 냉기류 침체지 외곽 방풍나무 키 낮추기,감귤(노지재배) 농작업일정.hwpx,표6/행1
감귤,노지재배,기상재해대책,부피현상,ㅇ 수관 상부 과실 수확 전 수상 선과 ㅇ 부피 방제 약제 3회 살포(칼슘제) ㅇ 부피 우려계통 제때 수확,감귤(노지재배) 농작업일정.hwpx,표6/행5
감귤,노지재배,기상재해대책,일소증상,"ㅇ 일소 발생 우려 과실 봉지, 천, 섬유로 덮기 ㅇ 발생 우려시 파라핀 코팅 피막제 살포 ㅇ 수관 상부 및 외곽에 달리는 열매양 조절, 발육지 발생 유도",감귤(노지재배) 농작업일정.hwpx,표6/행6
감귤,시설재배,생리적특성,생리적특성,ㅇ 가온 개시 후 고온에 의해 발아시기로 부터 개화기간까지 기간단축 / ㅇ 하우스 내 일정한 온도관리로 열매가 많이 달림 / ㅇ 과실비대기에 단수하여 과실비대를 억제하고 당도를 높임 / ㅇ 착색기 고온으로 착색 지연 / ㅇ 성숙기 물관리 미숙으로 품질차가 심함 / ㅇ 계속된 하우스 재배로 미량요소 결핍이 되기 쉬움,감귤(시설재배) 농작업일정.hwpx,표1/행5/0
감귤,시설재배,기상재해대책,꽃달림부족,"ㅇ 가을 순 발아억제, 토양 건조, 원가지 환상철사 조이기 ㅇ 제1인산칼륨 0.2%액 9월 중순부터 20일 간격 3회 엽면 살포",감귤(시설재배) 농작업일정.hwpx,표5/행1
감귤,시설재배,기상재해대책,미량요소 결핍,"ㅇ 구리 결핍 : 보르도액 또는 동제 수화제 살포 ㅇ 망간, 아연, 마그네슘, 붕소 등 결핍 : 적정 미량요소 살포",감귤(시설재배) 농작업일정.hwpx,표5/행2
감귤,시설재배,기상재해대책,수부증 발생,ㅇ 전정 후 고토석회 120kg/10a 살포 ㅇ 생리낙과 후 수용성 칼슘제 3~4회 살포 ㅇ 착색개시 후 수용성 칼슘제 3~4회 살포,감귤(시설재배) 농작업일정.hwpx,표5/행3
감귤,시설재배,기상재해대책,호우 및 태풍,"ㅇ 배수구 정비 ㅇ 하우스 버팀줄 고정, 비닐, 밴드끈 고정 ㅇ 열매 매달기 충분히 함",감귤(시설재배) 농작업일정.hwpx,표5/행4
감자,,기상재해대책,싹틔우는 시기 저온,"ㅇ 지역별 적기에 싹틔움상 설치 ㅇ 싹의 휴면이 발생하지 않도록 적정온도(18~25℃) 유지 ㅇ 싹틔우는 초기 거적, 부직포 등을 이용한 보온",감자 농작업일정.hwpx,표5/행1
감자,,기상재해대책,서리피해,"ㅇ 서리 때문에 새싹 끝부분이 갈색, 흑색으로 변하고 말라죽음 ㅇ 늦서리에 의해 1~2주일 정도 생육이 늦어지고 수량 감소 ㅇ 지역별 늦서리 시기를 고려하여 파종",감자 농작업일정.hwpx,표5/행2
감자,,기상재해대책,습해,"ㅇ 배수구 정비 ㅇ 토양에 수분이 많을 때는 수확 지양 ㅇ 봄감자 재배 시 잎과 줄기의 황변기부터 수확기까지는 장마기에 도달하여 과습의 피해가 많음 ㅇ 수확기에 24시간 침수되면 부패 발생 시작, 36시간 침수되면 41% 부패, 48시간 침수되면 100% 부패",감자 농작업일정.hwpx,표5/행3
감자,,기상재해대책,가뭄,ㅇ 봄감자가 싹이 나올 때부터 덩이줄기 비대기까지와 가을재배의 덩이줄기 비대기에는 강수량이 비교적 적어 가뭄 피해가 많이 발생 ㅇ 겉흙을 긁어주기로 수분 증발 억제 ㅇ 출현기~괴경비대 초기에는 물주기 ㅇ 볏짚 등을 이용하여 토양을 덮어주고 진딧물 방제,감자 농작업일정.hwpx,표5/행4
감자,,기상재해대책,중심공동,"ㅇ 덩이줄기 중심에 빈속 발생 및 변색 ㅇ 칼슘이 부족한 상태에서 덩이줄기가 너무 빨리 커질 때 발생 ㅇ 적정한 토양 수분 유지, 적정 재식거리를 지켜서 파종",감자 농작업일정.hwpx,표5/행5
감자,,기상재해대책,열개,"ㅇ 덩이줄기 표면이 갈라짐 ㅇ 내부압력, 바이러스, 수확할 때 마찰에 의해 감자 표면이 갈라짐 ㅇ 적정 시비량과 토양수분 유지, 수확기 온도가 높은 경우 빨리 수확",감자 농작업일정.hwpx,표5/행6
감자,,기상재해대책,흑색심부,ㅇ 덩이줄기 일부가 흑색으로 변함 ㅇ 고온의 밀폐된 저장고 저장 시 산소결핍에 의한 호흡장해 ㅇ 산광싹틔우기를 할 때 고온이 지속 ㅇ 저온에서 고온으로 갑자기 변할 때 ㅇ 장기 저장 시 적정온도(4℃) 유지 및 주기적 환기 필요,감자 농작업일정.hwpx,표5/행7
갓,,생리적특성,생리적특성,"ㅇ 서늘한 기후를 좋아하며 추위와 더위에 강한 편은 아님 / ㅇ 꽃눈분화와 꽃대신장은 모 나이에 관계없이 12℃ 이하의 저온에 감응하여 꽃눈분화가 촉진되고, 고온에 꽃대신장이 촉진됨 / ㅇ 자가 불화합성이 있어 계속 자식하면 세력 약화",갓 농작업일정.hwpx,표2/행4/0
갓,,기상재해대책,저온꽃대신장,ㅇ 4월 상순 이후 씨뿌림 ㅇ 생육 초기 저온에 감응되지 않도록 보온관리,갓 농작업일정.hwpx,표6/행1
갓,,기상재해대책,봄가뭄,"ㅇ 물주기 - 간이 저수장 설치 - 이동식 스프링클러 설치 ㅇ 짚, 비닐덮기",갓 농작업일정.hwpx,표6/행2
갓,,기상재해대책,가을가뭄,"ㅇ 물주기 : 이동식 스프링클러 설치 ㅇ 짚 덮기 ㅇ 망사덮기, 살충제 살포",갓 농작업일정.hwpx,표6/행4
강낭콩,,기상재해대책,초기 가뭄,ㅇ 비가 온 후 파종작업 ㅇ 골은 피복하여 수분 보존 ㅇ 적정 입모수 확보를 위하여 물주기 작업,강낭콩 농작업일정.hwpx,표5/행1
강낭콩,,기상재해대책,고온건조,"ㅇ 수정결실 조장을 위하여 골에 물주기 작업 ※ 30℃ 이상 고온에서는 낙화, 낙협, 불임화분 증가. 꼬투리 길 이가 짧아지고 꼬투리당 종자수 감소",강낭콩 농작업일정.hwpx,표5/행2
강낭콩,,기상재해대책,병해충 방제,"ㅇ 3~4년 윤작 ㅇ 연작피해가 심한 지역은 선충, 탄저병, 균핵병 방제 철저 ㅇ 탄저병, 녹병, 각반병, 갈색무늬병, 흰가루병 등은 개화 10일 전과 개화기 2회 방제 ㅇ 바이러스병은 매개충인 진짓물 방제 ㅇ 개화기에 콩나방, 노린재류 팥알락명나방 방제",강낭콩 농작업일정.hwpx,표5/행4
거베라,,기상재해대책,"경절현상 (수절, 경할)","ㅇ 꽃대(화경)가 가로로 갈라지는 현상 ㅇ 주요 원인 - 품종에 따라 차이가 심함 - 봄, 여름, 고온다습 시기 발생이 많음 - 미량원소(붕소) 결핍 - 생육속도와 양분흡수의 불균형 ㅇ 방지대책 - 저항성 품종 선택 - 온도 격변에 주의 - 미량원소 살포",거베라 농작업일정.hwpx,표6/행1
거베라,,기상재해대책,꽃송이 마름 현상,ㅇ 꽃목이 말라 꽃이 자라지 못하고 시드는 현상 ㅇ 주요원인 - 지나친 잎솎기로 탄수화물 부족 ㅇ 방지대책 - 개화에 필요한 최소 엽수(큰 잎 30매 정도)를 유지,거베라 농작업일정.hwpx,표6/행2
거베라,,기상재해대책,수분관리,ㅇ 물주는 방법 - 아주심기 직후 충분히 물주기하여 건조하지 않도록 관리 - 개화 이후 물주기 튜브에서 물이 꽃에 묻지 않도록 물주기 압력 조절,거베라 농작업일정.hwpx,표6/행3
거베라,,기상재해대책,잎솎기,ㅇ 잎이 많으면 채화량 감소 ㅇ 지나친 잎솎기는 꽃송이 마름현상의 원인 ㅇ 개화에 필요한 적정 엽수(큰잎 30매) 유지가 중요,거베라 농작업일정.hwpx,표6/행4
결구상추,,생리적특성,생리적특성,"ㅇ 국화과에 속하는 1년생 초본 / ㅇ 호냉성으로 고온 및 저온 시 이상 결구 / ㅇ 고온에서 꽃눈이 분화되고, 고온, 긴 볕에서 꽃대신장 촉진",결구상추 농작업일정.hwpx,표2/행5/0
결구상추,,기상재해대책,모 기를 때 저온,ㅇ 적기 씨뿌림 ㅇ 야간 10℃ 이상 유지 ㅇ 모잘록병 방제 ㅇ 예비 육묘판 설치 ㅇ 배수구 정비,결구상추 농작업일정.hwpx,표6/행1
결구상추,,기상재해대책,가 뭄,"ㅇ 물주기 후 아주심기 ㅇ 비닐덮기(멀칭) 재배 ㅇ 진딧물, 응애 등 병충해 방제 ㅇ 빛가림망 설치 ㅇ 물주기 실시 - 이동식 스프링쿨러 설치 - 점적관수 시설 설치",결구상추 농작업일정.hwpx,표6/행2
결구상추,,기상재해대책,"장마, 호우 및 태 풍","ㅇ 배수구 정비 ㅇ 병해충 종합방제 - 7~10일 간격으로 살균제와 살충제 살포 - 돌려짓기, 배수 철저, 퇴비 증시 ㅇ 엽면 비료주기",결구상추 농작업일정.hwpx,표6/행3
고구마,,기상재해대책,가 뭄,ㅇ 가식후 강우 즉시 심기 : 가식기간 15일 이내 ㅇ 급수가능지 물준 후 심기,고구마 농작업일정.hwpx,표6/행1
고구마,,기상재해대책,병해,"ㅇ 덩굴쪼김병(표피썩음병), 검은무늬병, 흰비단병(둥근 무늬병), 검은점박이병, 덩이줄기썩음병, 무름병, 더뎅이병 - 방제 : 저항성품종, 건전한 씨고구마 사용, 적용약제, 윤작",고구마 농작업일정.hwpx,표6/행7
고구마,,기상재해대책,충해,"ㅇ 굼벵이류, 뒷날개흰밤나방 - 방제 : (굼벵이류)본밭 조성 시 토양살충제, (뒷날개흰 밤나방)발생 초기 시 적용약제",고구마 농작업일정.hwpx,표6/행8
고들빼기,,생리적특성,생리적특성,"ㅇ 국화과 일년생 초본 또는 월년초로 줄기는 높이가 60cm 정도 곧개 자람 / ㅇ 잎은 길이 2.5∼5cm, 너비 1.4~1.7cm임 / ㅇ 뿌리는 굵기 1~2cm, 길이 10~20cm로 곧게 뻗음 / ㅇ 꽃은 5~6월경에 가지 끝에 여러개의 꽃이 뭉쳐 있어 가을 국화 모양을 하고 있으며 노란색임",고들빼기 농작업일정.hwpx,표2/행3/0
고들빼기,,기상재해대책,가뭄,"ㅇ 물주기 실시 : 이동식 스프링클러, 점적관수 ㅇ 너무 과습하거나 건조하면 수량 저하 ㅇ 웃거름은 관비 형태의 액비로 공급",고들빼기 농작업일정.hwpx,표6/행1
고사리,,생리적특성,생리적특성,"ㅇ 고사리과의 양치식물로 여러해살이 풀. / ㅇ 땅속에 굵고 검은 땅속줄기가 옆으로 뻗어가면 이른 봄부터 여름까지 마디에서 잎이 나옴 / ㅇ 잎은 굵고 긴 잎자루가 있으며 땅에서 돋아 날 때는 잎자루가 20~30cm로 긺 / ㅇ 잎이 될 부분은 주먹처럼 생겨 둥글게 감겨 있고 흰솜털로 감싸여 있는데, 이것을 채취하여 나물로 이용",고사리 농작업일정.hwpx,표2/행3/0
고사리,,기상재해대책,가 뭄,ㅇ 물주기 실시 : 아주심기 후 스프링클러나 점적관수 ㅇ 너무 건조하면 출아율 저조 및 생육 불량,고사리 농작업일정.hwpx,표6/행1
고사리,,기상재해대책,습 해,ㅇ 물에 잠기거나 과습하면 지하부 썩음병 등으로 말라 죽음 ㅇ 배수구 정비 철저,고사리 농작업일정.hwpx,표6/행3
고추,꽈리고추 반촉성,생리적특성,생리적특성,"ㅇ 중일성 작물로 가지과에 속하는 영년생 작물 / ㅇ 뿌리가 낮게 퍼져 가뭄과 장마에 약함 / ㅇ 개화, 열매달림 가능온도 : 15.5℃~28.5℃ / ㅇ 주당 600~1,200화가 개화하여 400~600화가 열매가 달리며 이 중 200~300개가 수확 가능 / ㅇ 꽃피는 주기 : 일시에 피는 것이 아니라 3~4회 주기 / ㅇ 열매 크는 시기는 낮과 밤을 가리지 않고 지속적으로 자라 지만 양분 이동 특성상 낮 70~80%, 초저녁 20~30% 비율로 자람",고추(꽈리고추 반촉성) 농작업일정.hwpx,표2/행5/0
고추,꽈리고추 반촉성,기상재해대책,모 기를 때 저온,ㅇ 적기 씨뿌림 ㅇ 야간 15℃ 이상 보온 ㅇ 잘록병 방제 ㅇ 예비 육묘상 설치,고추(꽈리고추 반촉성) 농작업일정.hwpx,표6/행1
고추,꽈리고추 반촉성,기상재해대책,낙과 및 낙화,"ㅇ 지나친 저온ㆍ고온 및 건조로 양분 불균형에 따른 수분ㆍ 수정 불량 ㅇ 보온 및 환기 철저, 적정한 토양수분 관리",고추(꽈리고추 반촉성) 농작업일정.hwpx,표6/행2
고추,꽈리고추 반촉성,기상재해대책,"혹한, 폭설, 폭풍",ㅇ 시설 받침대 보완 ㅇ 눈이 내리는 즉시 쓸어주기 ㅇ 하우스 주변 배수구 정비 ㅇ 난방기 등을 가동하여 적온 유지 ㅇ 비닐끈을 고정해 비닐이 날리지 않도록 함,고추(꽈리고추 반촉성) 농작업일정.hwpx,표6/행3
고추,보통재배,생리적특성,생리적특성,"ㅇ 중일성 작물로 가지과에 속하는 영년생 작물 / ㅇ 뿌리가 낮게 퍼져 가뭄과 장마에 약함 / ㅇ 개화, 열매달림 가능온도 : 15.5~28.5℃ / ㅇ 주당 300~400화가 개화하여 200화 정도 열매가 달리며, 이중 70~130개 수확이 가능함 / ㅇ 꽃피는 주기 : 1차 7월 상순, 2차 8월 상순, 3차 9월 중순 / ㅇ 붉은고추 수확이 가능한 개화·결실 한계기 : 중부 8월 하순, 남부 9월 상순",고추(보통재배) 농작업일정.hwpx,표2/행5/0
고추,보통재배,기상재해대책,모기를 때 저온,ㅇ 적기 씨뿌림 ㅇ 야간 15℃ 이상 보온 ㅇ 잘록병 방제 ㅇ 예비 육묘상 설치,고추(보통재배) 농작업일정.hwpx,표6/행1
고추,보통재배,기상재해대책,장 마,"ㅇ 배수구 정비, 웃거름 과용금지 ㅇ 병해충 종합방제 - 7~10일 간격 살균제 살포 - 돌려짓기, 퇴비증시",고추(보통재배) 농작업일정.hwpx,표6/행3
고추,보통재배,기상재해대책,"호우, 태풍","ㅇ 받침대 시설 보완 ㅇ 쓰러진 그루 세우기 ㅇ 잎면비료주기, 배수 철저 ㅇ 수확고추 열풍건조기 이용 건조",고추(보통재배) 농작업일정.hwpx,표6/행4
고추,보통재배,기상재해대책,여름 가뭄,ㅇ 물주기 및 고랑 짚덮기 - 이동식 스프링클러 설치 - 점적관수 시설 설치,고추(보통재배) 농작업일정.hwpx,표6/행5
고추,보통재배,기상재해대책,석회결핍,ㅇ 토양이 건조하거나 염류 농도가 높을 때 석회결핍 증상 발생 ㅇ 밑거름으로 석회 비료주기 : 100~120kg/10a ㅇ 토양 수분관리 및 염화칼슘(0.3%) 잎면비료주기,고추(보통재배) 농작업일정.hwpx,표6/행6
고추,촉성재배,생리적특성,생리적특성,"ㅇ 중일성 작물로 가지과에 속하는 영년생 작물 / ㅇ 뿌리가 낮게 퍼져 가뭄과 장마에 약함 / ㅇ 개화, 열매달림 가능 온도 : 15.5℃~28.5℃ / ㅇ 주당 600~1,200화가 개화하여 400~600화에 열매가 달리며, 이 중 200~300개 수확 가능 / ㅇ 꽃피는 주기 : 일시에 피는 것이 아니라 3~4회의 주기 / ㅇ 열매 크는 시기는 낮과 밤을 가리지 않고 지속적으로 자라지만 양분 이동 특성상 낮 70~80%, 초저녁에 20~30% 비율로 자람",고추(촉성재배) 농작업일정.hwpx,표2/행5/0
고추,촉성재배,기상재해대책,모 기를 때 저온,ㅇ 제때 씨뿌림 ㅇ 야간 15℃ 이상 보온 ㅇ 잘록병 방제 ㅇ 예비 육묘상 설치,고추(촉성재배) 농작업일정.hwpx,표6/행1
고추,촉성재배,기상재해대책,낙과 및 낙화,"ㅇ 지나친 저온, 고온, 건조로 양분 불균형에 따른 수분, 수정 불량 ㅇ 보온 및 환기 철저, 적정한 토양수분 관리",고추(촉성재배) 농작업일정.hwpx,표6/행2
고추,촉성재배,기상재해대책,"혹한, 폭설, 폭풍",ㅇ 시설 받침대 보완 ㅇ 눈이 내리는 즉시 쓸어주기 ㅇ 하우스 주변 배수구 정비 ㅇ 난방기 등을 가동하여 적온 유지 ㅇ 비닐끈으로 고정해 비닐이 날리지 않도록 함,고추(촉성재배) 농작업일정.hwpx,표6/행3
곰취,,생리적특성,생리적특성,ㅇ 국화과 다년생 초본으로 원줄기는 높이가 1m에 달함 / ㅇ 4∼6월까지 연한 녹색을 띠는 잎을 수확함 / ㅇ 독특하고 강한 향이 있음 / ㅇ 8~9월에 꽃대가 신장되어 총상화서로 노란 꽃을 피움,곰취 농작업일정.hwpx,표2/행3/0
곰취,,기상재해대책,가 뭄,"ㅇ 물주기 실시 : 이동식 스프링클러, 점적관수 ㅇ 과습하거나 건조하면 말라 죽음 ㅇ 웃거름은 관비 형태의 액비로 공급",곰취 농작업일정.hwpx,표6/행1
근대,,생리적특성,생리적특성,"ㅇ 유럽 남부 원산의 2년생 초본으로 원줄기는 높이가 1m에 달하고 가지가 많음 / ㅇ 근생엽은 달걀형 또는 긴 타원형으로 두껍고 연하며, 줄기 에서 나온 경생엽은 긴 타원형 또는 버들잎 같은 피침형 으로 끝이 뾰족함 / ㅇ 더위와 추위에 강하여 우리나라의 한여름에도 재배가 쉬움. / ㅇ 식물체가 어느 정도 자란 후 고온장일에 꽃대가 신장하여 꽃이 핌",근대 농작업일정.hwpx,표2/행3/0
근대,,기상재해대책,가뭄,"ㅇ 물주기 실시 : 이동식 스프링클러, 점적관수 ㅇ 발아 불량 ㅇ 잎은 생육 불량 ㅇ 웃거름은 관비 형태의 액비로 공급",근대 농작업일정.hwpx,표6/행1
글라디올러스,,기상재해대책,블라인드,"ㅇ 피해증상 : 꽃봉오리 말라 죽음 또는 꽃대 형성이 안됨 ㅇ 발생원인 : 4~5엽기 약광, 단일환경, 6엽기 저온, 아주 심기 후 고온 ㅇ 대책 - 촉성재배 작형은 전조재배, 6엽기 15℃ 이상 유지 - 작형별 적정 크기의 알뿌리 아주심기 - 작형별 적합한 품종 선정 - 생육 초기 충분한 물주기",글라디올러스 농작업일정.hwpx,표6/행1
글라디올러스,,기상재해대책,잎끝마름,"ㅇ 피해증상 : 잎끝이 갈변하는 증상 ㅇ 발생원인 : 불소피해, 배수불량, 불량 퇴비에 따른 뿌리 손상, 선충이나 뿌리응애의 가해 ㅇ 대책 - 불량퇴비 사용금지 - 불소 방출 공장 주변 회피 - 선충, 뿌리응애 방제",글라디올러스 농작업일정.hwpx,표6/행2
글라디올러스,,기상재해대책,꽃대 굽음 (수곡현상),"ㅇ 피해증상 : 출수 후 꽃대가 자라다가 굽어 상품성이 저하 ㅇ 발생원인 : 지나친 고온과 수분 과부족, 품종별 차이 큼 ㅇ 대책 - 시설 내 환기철저, 적정 토양수분 유지 - 작형별 적합한 품종 선정",글라디올러스 농작업일정.hwpx,표6/행3
금어초,,생리적특성,ㅇ 보통종,"ㅇ 씨앗은 상온에 1개월 저장하면 85%까지 발아하며 저장 기간이 길어지면 거의 100% 발아. 3개월 정도 저온저장 하면 100% 가까이 발아 / ㅇ 저온인 7.5~12.5℃에서 꽃눈분화가 촉진되고 꽃눈분화 이후 꽃눈 발달은 고온에서 촉진 / 여름종 : 5~9월 재배하는 노지용 품종, 장일에서 개화 / 겨울종 : 잎자람새(초세)가 강하고 일시 개화성이 좋음, 일장에 관계없이 잘 개화, 조생계 품종이 대부분 / ㅇ 1대잡종 : 겨울재배에 알맞은 촉성용 품종. 생육 왕성하고 추위에 강함 / 버터플라이(펜스테몬) 계통 / • 줄기가 굵고 꽃이 큼 / • 고온기에 생육장해 발생 / • 저온기 하우스재배에 적당 / 더블아잘레아 계통 / • 버터플라이 계통보다 장일성 / • 12~2월의 단일기 개화촉진에 전등조명 필요 / • 꽃 꺾은 후 반드시 물올림 필요",금어초 농작업일정.hwpx,표1/행3/0
금어초,,기상재해대책,부정아 및 곁순 제거,"ㅇ 순지르기 후 충실한 가지를 3대 정도 남기고 제거, 밑자리 에서 자라나는 부정아 제거 ㅇ 꽃대에서 자라는 곁순은 화수 부분만 남기고 잘라 버려야 절화 품질 향상",금어초 농작업일정.hwpx,표5/행1
금어초,,기상재해대책,온도관리,"ㅇ 절화 시기에 외기온도가 8℃ 이하가 되면 가온 실시 - 야간온도 8~10℃, 주간온도 23℃ ㅇ 일교차가 15℃ 이상 되면 생육이 불량해지고 야간온도가 5℃ 이하가 되면 개화가 늦어짐",금어초 농작업일정.hwpx,표5/행2
금어초,,기상재해대책,꽃눈분화,ㅇ 상대적 장일식물로 만생종일수록 장일에 개화 촉진 ㅇ 장일에서 꽃눈형성이 잘됨,금어초 농작업일정.hwpx,표5/행3
금어초,,기상재해대책,꽃뜀 현상,ㅇ 꽃이 맺히지 않는 현상 ㅇ 꽃대가 나오고 난 뒤 0℃에 3시간 이상 있으면 100% 발생,금어초 농작업일정.hwpx,표5/행4
금어초,,기상재해대책,저온피해,ㅇ 꽃대가 나온 후 0℃에서 3시간 이상 경과하면 저온 피해로 꽃봉오리가 시들어 말라 버리거나 식물체가 죽음,금어초 농작업일정.hwpx,표5/행5
꽃도라지,,생리적특성,ㅇ 로제트 타파,"ㅇ 원산지 : 미국 콜로라도, 네브래스카, 캔자스, 뉴멕시코, 텍사스와 멕시코 일부 / ㅇ 원예품종 : 5월경에 발아하여 로제트 상태로 월동한 후 다음 해 봄에 꽃대가 신장하여 6~9월에 개화하는 2년초 / ㅇ 자생지 : 연평균 기온이 10~20℃ 지역에 분포 / ㅇ 반내한성으로 0℃ 이하 저온으로만 내려가지 않으면 얼어 죽지 않고 로제트 상태로 월동하며, 0℃ 이상의 저온을 어느 정도 겪게 되면 마디 수가 증가하고 길이가 길어짐 / ㅇ 여름의 고온, 저습도, 토양수분 부족, 가을의 단일, 낮은 조도 등으로 로제트가 됨 / 묘 기를 때 고온을 받아 로제트화한 주는 생육조건에 두어도 개화하지 않지만 자연조건에 두면 12월 상순경 로제트가 타파되며, 13℃ 이상으로 온도를 높이면 줄기가 신장하여 개화함 / 로제트 타파 : 15℃ 이하, 10℃인 경우에는 4~5주 저온 처리 시 반드시 빛(약 100Lux)이 필요하고 암상태에 3주 정도 두면 말라 죽는 주가 많이 발생. 지베렐린 처리는 도중에 줄기 신장이 멈추어 다시 로제트화하는 데다 효과가 일시적이어서 자주 살포해야 하므로 비실용적임",꽃도라지 농작업일정.hwpx,표1/행3/0
꽃도라지,,기상재해대책,꽃목꺾임,"ㅇ 개화기가 가까울 무렵 꽃목이 꺾어지는 현상 ㅇ 꽃대가 단기간에 빨리 자라 연약해져서 꺾어짐 ㅇ 물주는 양을 줄이고 위에서 물을 주지 않음 ㅇ 밑거름을 과다하게 주지 말고 붕소결핍을 예방하며, 배게심기를 피하고 출수기 이후 환기를 충분히 하여 온도 교차가 적게 관리",꽃도라지 농작업일정.hwpx,표5/행1
꽃도라지,,기상재해대책,꽃목굽음,ㅇ 개화기 무렵 꽃목이 S자 모양으로 구부러지는 현상 ㅇ 토양이 건조하여 꽃목이 시들어 굽어졌다가 물주기 후에 다시 회복되었을 때 발생하며 정상으로 회복되지 않음 ㅇ 토양의 입단구조를 좋게 하고 환경관리를 잘하여 뿌리 뻗음을 좋게 함 ㅇ 뿌리 뻗음이 좋지 않으면 개화기에 너무 건조하지 않도록 주의,꽃도라지 농작업일정.hwpx,표5/행2
꽃도라지,,기상재해대책,선단 말라 죽음,ㅇ 윗부분의 연약한 잎끝이 마르거나 생장점이 말라 죽음 ㅇ 포기가 연약하게 자란 경우에 많이 발생 ㅇ 원인 : 고온과 강한 햇빛 ㅇ 환기를 철저히 하여 식물체를 튼튼하게 키우거나 빛가림,꽃도라지 농작업일정.hwpx,표5/행3
꽃도라지,,기상재해대책,생육정지 및 말라 죽음,ㅇ 아주심기 후 염류농도가 높거나 토양산도가 낮은 경우 생육이 멎고 잎이 담황색으로 되어 말라 죽음 ㅇ 아주심기 전에 토양분석을 하여 비료 주는 양을 조절하고 물 주기로 염류를 씻어 내거나 표면의 흙을 긁어냄,꽃도라지 농작업일정.hwpx,표5/행5
꽃해바라기,,생리적특성,생리적특성,"ㅇ 고온성 작물, 발아 후 물주기가 필요 없을 정도로 건조에 잘 견딤 / 10℃ 이하 저온환경에서는 생육부진 등 피해가 심함 / ㅇ 생육적온 : 주간 25~30℃, 야간 20~25℃ / ㅇ 햇빛을 좋아하고 장일 조건에서 개화 촉진 / ㅇ 수분관리는 직파 후 발아될 때까지만 충분히 물주기하고 그 후엔 건조하게 관리, 장마철 물 빠짐 주의 / ㅇ 기타 관리 : 측지, 측뢰 제거는 일찍 해야 상품성 있는 꽃 재배 가능",꽃해바라기 농작업일정.hwpx,표1/행4/0
꽃해바라기,,기상재해대책,저온,ㅇ 저온피해 온도 : 10℃ ㅇ 생육기 온도가 10℃ 이하가 되지 않는 시기 (중부지역 기준 8월 중)에 파종,꽃해바라기 농작업일정.hwpx,표5/행1
꽃해바라기,,기상재해대책,장마,ㅇ 줄기 지면부가 녹아버리거나 흑변해서 꺾어짐 ㅇ 예방살균제 살포 및 침수되지 않도록 주의,꽃해바라기 농작업일정.hwpx,표5/행2
꽃해바라기,,기상재해대책,바이러스,"ㅇ TSV(담배 줄무늬 바이러스) ㅇ 왜화, 생장점, 꽃 기형, 줄기와 잎 흑변화 ㅇ 저항성 품종 이용, 이형주 즉시 제거",꽃해바라기 농작업일정.hwpx,표5/행3
냉이,,생리적특성,생리적특성,ㅇ 뿌리는 흰색으로 10~50㎝로 곧게 뻗어 내려감. / ㅇ 잎은 16~28매 이며 새털 모양으로 땅 표면에 퍼짐 / ㅇ 꽃대는 5~6월에 나오며 꽃대 끝에서 흰색의 꽃이 핌. / ㅇ 열매 꼬투리 속에는 씨앗이 20~40개 들어 있음,냉이 농작업일정.hwpx,표2/행3/0
냉이,,기상재해대책,가뭄,ㅇ 물주기 실시 : 씨뿌림 후 스프링클러 활용 ㅇ 과습하거나 건조하면 발아율 저조,냉이 농작업일정.hwpx,표6/행1
녹두,,기상재해대책,초기 습해,ㅇ 본엽이 나오기 전 장마가 오면 입모확보 어려움 ㅇ 장마전에 본엽 확보할 수 있도록 파종기 조절 ㅇ 배수구 정비하고 이랑을 높게 하여 습해 방지 ㅇ 일찍 파종해 유묘기에 일교차가 크면 입고병 우려,녹두 농작업일정.hwpx,표5/행1
녹두,,기상재해대책,병해충 방제,"ㅇ <병해> 갈색무늬병, 흰가루병, 탄저병, 녹병, 시들음병, 바이러스병, 점무늬병, 불마름병 등 - 방제시기 : 2회 (개화10일전, 개화시) - 방제방법 : 종자소독, 적용약제, 매개곤충 진딧물방제 ㅇ <충해> 팥알락 명나방, 진딧물, 노린재류 등 - 방제시기 : 개화기 - 방제방법 : 적용약제",녹두 농작업일정.hwpx,표5/행4
단감,,기상재해대책,(변칙주간형),"ㅇ 원가지는 곧게 키우며 상하좌우로 겹치지 않도록 배치 ㅇ 곁가지는 50cm 간격으로 배치(여름전정 시 예비지 전정으로 주기적 곁가지 관리) ㅇ 결과모지는 최대한 곁가지에서 멀어지지 않게 관리 ㅇ 원가지 선단부분은 열매양을 최소한으로 유지하고, 절단전정 으로 세력 유지",단감 농작업일정.hwpx,표8/행2
단감,,기상재해대책,꼭지들림,ㅇ 봉오리따기 작업으로 꽃봉오리가 불충실한 것 조기 제거 ㅇ 수분수를 충분히 섞어 심어 과실 내 씨앗 수 확보 ㅇ 과실 성숙기에 급격한 양수분 변화 방지,단감 농작업일정.hwpx,표8/행4
단감,,기상재해대책,녹반중,"ㅇ 품종 : 송본조생, 부유, 상서조생, 이두 품종에 많이 발생 ㅇ 토양 개량 : 깊이갈이, 퇴비, 석회 시용",단감 농작업일정.hwpx,표8/행5
단감,,기상재해대책,오손과,"ㅇ 품종 : 이두와 갑주백목 품종에 많이 발생, 상서조생과 부유 등에서도 발생 ㅇ 전정법 개선 : 밀식과원 간벌, 아래로 처진 가지 제거 ㅇ 봉오리따기, 열매솎기 시 상향과 제거 ㅇ 다발생 과원 초생재배 지양 또는 풀베기 철저 ㅇ 과실 성숙기, 수확기에 약제 근접 살포 지양",단감 농작업일정.hwpx,표8/행6
담근먹이 옥수수,,기상재해대책,파종기 가뭄,ㅇ 관수 가능 재배지 관수 후 파종 ㅇ 파종깊이 조절 : 3cm → 5cm ㅇ 파종 후 진압 : 습도유지,담근먹이용 옥수수 농작업일정.hwpx,표11/행1
담근먹이 옥수수,,기상재해대책,병해충 방제,"ㅇ 검은줄오갈병 조기, 만기 파종시 많이 발생 - 내병성 품종 선정, 적기 파종 - 고온기나 가뭄시 관수 ㅇ 멸강나방 및 조명나방 - 적기약제 살포 (델타메트린, 에토펜프록스, 카보퓨란, 인독사카브, 펜토에이트, 플루벤디아마이드 등)",담근먹이용 옥수수 농작업일정.hwpx,표11/행2
담근먹이 옥수수,,기상재해대책,"장마, 태풍",ㅇ 배수로 정비 : 습해방지 ㅇ 병해충 방제 ㅇ 지역적응성 품종선택 ㅇ 적정시비 : 퇴비 + 3요소 균형시비,담근먹이용 옥수수 농작업일정.hwpx,표11/행3
담근먹이 옥수수,,기상재해대책,기타,ㅇ 적기수확 : 이용 - 황숙기 수확 (출사후 35~42일) - 담근먹이 조제 저장 이용 ㅇ 담근먹이 조제 40일정도 경과 후 사료 가축급여 - 월동기간 중 얼거나 변질에 유의 : 설사병,담근먹이용 옥수수 농작업일정.hwpx,표11/행4
당근,,생리적특성,생리적특성,"ㅇ 서늘한 기후를 좋아하며, 추위와 더위에 강한 편은 아님 / ㅇ 꽃눈분화와 꽃대신장은 모 나이에 관계없이 12℃이하 저온에 감응하여 꽃눈분화가 촉진되고, 고온으로 꽃대신장이 촉진됨 / ㅇ 고온에 품질이 낮아지는 페놀화합물 축적됨 / ㅇ 뿌리 발육에는 포장 용수량의 65~80%가 적당",당근 농작업일정.hwpx,표2/행5/0
당근,,기상재해대책,봄가뭄,"ㅇ 물주기 - 간이저수장 설치 - 이동식 스프링클러 설치 ㅇ 짚, 비닐덮기(멀칭), 살충제 살포",당근 농작업일정.hwpx,표6/행2
덴드로비움,,생리적특성,저온에서는 피해가 심함,ㅇ 고온 다습 강광을 좋아함 / ㅇ 겨울철 야간온도를 18℃ 이하 관리 시 개화 지연 / ㅇ 개화 시에는 비교적 단일조건하에서 촉진되는 것 같으나 정확하지 않음 / ㅇ 상록성 잎을 가지며 생장 후 원통형 위구경의 정부나 정부 아래 2~3마디 잎 사이 겨드랑눈에서 20~30cm의 꽃대가 발생하여 8~15송이 꽃이 핌,덴드로비움 농작업일정.hwpx,표1/행4/0
두릅,,생리적특성,생리적특성,"ㅇ 낙엽관목으로 높이 3~4m까지 자람 / ㅇ 잎은 어긋나며 길이는 40~100cm임 / ㅇ 꽃은 8~9월에 피며, 지름 3mm 정도의 백색임 / ㅇ 열매는 둥근 모양으로 10월에 흑색으로 익으며 5~6개의 씨앗이 있음 / ㅇ 흐르는 물에 5일 정도 침종(씨앗담그기)하여 과육을 벗긴 후 휴면처리를 위해 씨앗과 모래를 3:7 정도로 섞어 망사 자루에 담음. / 그 후 노천 매장하거나 습기가 마르지 않도록 육모상에 넣고, 흙으로 덮은 다음 3~5℃의 그늘에 두었다가 꺼내어 3~4월에 씨뿌림함",두릅 농작업일정.hwpx,표2/행3/0
두릅,,기상재해대책,가 뭄,ㅇ 물주기 실시 : 초기 어린 모 시기에 점적관수 ㅇ 과습하거나 건조하면 생육 저하 ㅇ 웃거름은 완효성 비료나 퇴비로 공급,두릅 농작업일정.hwpx,표6/행1
들깨,잎,기상재해대책,화아분화,"ㅇ 본엽 출현 후 야간 조명을 하지 않거나 갑작스러운 온도저하 또는 고온으로 인해 발생 ㅇ 야간조명 확인, 조명시간 확대(4시간 이상), 온도 유지, 잎전용 품종재배",들깨(잎) 농작업일정.hwpx,표5/행1
들깨,잎,기상재해대책,고온,ㅇ 생육초기(8~9월) 고온으로 인한 도장 및 병충해우려 ㅇ 도장방지를 위해 적절한 시기에 솎음작업 실시 ㅇ 꾸준한 관찰로 병충해 초기 방제 실시,들깨(잎) 농작업일정.hwpx,표5/행2
들깨,잎,기상재해대책,저온,"ㅇ 과도한 냉수 관수 또는 갑작스런 환기시 동해 또는 냉해로 인한 생육 저해 발생 ㅇ 직접적으로 찬물, 찬공기가 닿지 않도록 유의 ㅇ 수막재배, 적절한 피복자재 구비",들깨(잎) 농작업일정.hwpx,표5/행3
들깨,잎,기상재해대책,곰팡이병,"ㅇ 하우스내 과습으로 인해 잿빛곰팡이, 노균병 등 각종 곰팡이병 발생 ㅇ 적절한 환기로 하우스 내 습도 유지",들깨(잎) 농작업일정.hwpx,표5/행5
들깨,잎,기상재해대책,해충,"ㅇ 응애, 진딧물, 민달팽이 발생 ㅇ 주기적 예찰을 통한 예방 및 사전 방제 철저",들깨(잎) 농작업일정.hwpx,표5/행6
들깨,종실,기상재해대책,병해,"ㅇ 녹병, 잿빛곰팡이병, 노균병, 탄저병, 시들음병, 역병 등 - 방제 : 저항성 품종, 종자소득, 발병 전· 후 적용약제",들깨(종실) 농작업일정.hwpx,표6/행4
들깨,종실,기상재해대책,충해,"ㅇ 심식충, 진딧물, 응애류, 거세미나방, 잎말이명나방, 노린재류 등 - 방제 : 저항성 품종, 종자소득, 적용약제 적기방제",들깨(종실) 농작업일정.hwpx,표6/행5
들깨,종실,기상재해대책,생리장해,ㅇ 조도 5Lux 이상일때 종실수확 곤란 - 가로등 및 차량 불빛이 비치는 곳은 재배 지양,들깨(종실) 농작업일정.hwpx,표6/행6
딸기,사계성여름재배,생리적특성,생리적특성,ㅇ 여름생산용 딸기는 사계성 품종으로 고온장일에서 꽃눈 발생 / ㅇ 6~8월경 꽃눈분화와 열매달림 그리고 런너도 동시에 발생 하여 생산과 증식이 병행하여 진행,딸기(사계성여름재배) 농작업일정.hwpx,표1/행4/0
딸기,사계성여름재배,기상재해대책,과실 비대촉진,ㅇ 적정 잎면적과 과실수 유지 ㅇ 적정 심는 거리(주간 30cm 이상) ㅇ 겨드랑눈 억제(약한 겨드랑눈 제거),딸기(사계성여름재배) 농작업일정.hwpx,표5/행1
딸기,사계성여름재배,기상재해대책,고온피해,ㅇ 수확기인 6월부터 8월까지 25℃ 이상일 때 발생 ㅇ 과실이 작아지고 새잎 발생 저하,딸기(사계성여름재배) 농작업일정.hwpx,표5/행2
딸기,사계성여름재배,기상재해대책,기형과 (부정형과),"ㅇ 암술이 부위별로 성숙시기가 다른 기형화가 필 때 ㅇ 지나친 고온과 다습으로 화분 발아율이 낮을 때 ㅇ 고온기 약제 살포 피해로 화분발육이 불량 ㅇ 햇볕 쪼임을 좋게 하고, 개화기 약제살포 금지",딸기(사계성여름재배) 농작업일정.hwpx,표5/행3
딸기,사계성여름재배,기상재해대책,시들음병,ㅇ 고온기에 토양에서 가장 많이 발생하는 토양전염성 병균 ㅇ 사질토양에서 피해 범위가 넓음 ㅇ 노지 모 기르기 시 이어짓기 장해 발생 우려로 돌려짓기 ㅇ 모 기르기 시 이병 잔재물 철저히 버림,딸기(사계성여름재배) 농작업일정.hwpx,표5/행4
딸기,사계성여름재배,기상재해대책,철 결핍,"ㅇ 철 결핍으로 잎이 노랗게 변하는 증상 ㅇ 정식 후 초반이나 육묘 시에 영양생장 과다로 발생 * 고온장일 조건에서 영양생장 가속화로 경우 발생 ㅇ pH가 높거나, 중탄산 농도가 높은 토양, 염 제거가 덜 된 코이어 배지 등에 식물체를 정식한 경우 발생 우려",딸기(사계성여름재배) 농작업일정.hwpx,표5/행5
땅콩,,기상재해대책,가뭄,ㅇ 파종후 헛골에 피복 ㅇ 땅콩 개화기~등숙기의 가뭄 시 수량손실이 크므로 스프링클러 등을 이용 물뿌려주기 ㅇ 피복재배시 비닐이 바람에 잘리지 않도록 함,땅콩 농작업일정.hwpx,표5/행1
땅콩,,기상재해대책,제초,ㅇ 파종 복토 후 2~3일 이내 토양처리 ㅇ 잡초 3~5엽기에 적용약제 경엽처리,땅콩 농작업일정.hwpx,표5/행2
땅콩,,기상재해대책,습해,ㅇ 배수구 정비 ㅇ 침수기 조기배수 ㅇ 습해 시 엽면시비 등으로 생육회복 도모,땅콩 농작업일정.hwpx,표5/행3
땅콩,,기상재해대책,연작피해,"ㅇ 3년 1기 돌려짓기(병해 발생 재배지에 연작 지양) ㅇ 연작시 - 적용약제로 토양소독 - 퇴비 1,500kg 이상, 석회 100~150kg, 붕사 2kg/10a 등 시용",땅콩 농작업일정.hwpx,표5/행4
땅콩,,기상재해대책,병해,"ㅇ 갈색무늬병, 검은무늬병, 그물무늬병, 녹병 등 - 방제 : 윤작, 종자소독, 적용약제 1주일 또는 10일 간격 살포",땅콩 농작업일정.hwpx,표5/행5
땅콩,,기상재해대책,충해,"ㅇ 진딧물, 나방, 굼벵이, 총채벌레 등 - 방제 : 토양살충제(5~6㎏/10a), 적용약제 살포",땅콩 농작업일정.hwpx,표5/행6
마늘,,생리적특성,생리적특성,ㅇ 마늘쪽이 분화되려면 5℃이하에서 30일이상 경과되어야 함 / ㅇ 25℃이상의 고온에서는 생육의 정지 / ㅇ 줄기의 비대는 일장과 온도의 영향을 많이 받는데 12시간 장일에서 줄기 비대가 촉진되고 단일 조건에서 줄기비대 억제,마늘 농작업일정.hwpx,표2/행4/0
마늘,,기상재해대책,봄 가뭄,"ㅇ 물주기 : 이동식 스프링클러 설치 ㅇ 고자리파리 방제 ㅇ 흙, 짚 덮어주기, 물 비료 주기",마늘 농작업일정.hwpx,표6/행2
마늘,,기상재해대책,장 마,ㅇ 배수구 정비 ㅇ 무름병 방제 ㅇ 적기 수확 및 수확 후 건조 ㅇ 건가식 간이저장,마늘 농작업일정.hwpx,표6/행3
마늘,잎마늘,생리적특성,생리적특성,ㅇ 발아 촉진을 위해서는 씨알이 5℃ 이하에서 3주 지나야 함 / ㅇ 25℃ 이상 고온에서는 생육 정지 / ㅇ 11월 까지 낮 온도가 18℃ 이상에서 잎 생육이 촉진되고 겨울 동안 최저 4℃ 이상 조건에서 안정적 재배 가능,마늘(잎마늘) 농작업일정.hwpx,표2/행4/0
마늘,잎마늘,기상재해대책,봄 가뭄,"ㅇ 물주기 : 스프링클러 설치 ㅇ 고자리파리 방제 ㅇ 흙ㆍ짚 덮어주기, 물 비료 시용",마늘(잎마늘) 농작업일정.hwpx,표6/행2
마늘,잎마늘,기상재해대책,장 마,ㅇ 배수구 정비 ㅇ 무름병 방제 ㅇ 제때 수확 및 수확 후 건조 ㅇ 건가식 간이저장,마늘(잎마늘) 농작업일정.hwpx,표6/행3
마늘,잎마늘,기상재해대책,겨울철 고온,"ㅇ 잎마름병, 흑색썩음균핵병, 뿌리응애 발생 주의 - 살균제 및 살충제 살포 ㅇ 토양이 과습되지 않도록 물주는 양 조절",마늘(잎마늘) 농작업일정.hwpx,표6/행5
매실,,생리적특성,생리적특성,ㅇ 끝눈 우세성이 강함 : 새 발육지를 발생하게 하려면 강한 자름전정 / ㅇ 제1원가지와 곁가지 세력이 강해지기 쉬움 / ㅇ 잎눈이 많고 숨은 눈의 발아력이 강함 / ㅇ 휴면기가 짧고 개화기가 빨라 3월 서리피해에 약함,매실 농작업일정.hwpx,표2/행4/0
매실,,기상재해대책,불완전화,"ㅇ 원인 : 저온 및 늦서리 피해, 조기낙엽, 저장양분 부족 ㅇ 대책 : 조기낙엽 방지, 충실한 꽃눈 충실한 단과지 발생",매실 농작업일정.hwpx,표4/행1
매실,,기상재해대책,생리적 낙과,"ㅇ 원인 - 제1차 : 불완전화 - 제2차 : 수정불량 - 제3차 : 과실간, 과실 신초간 양분경합, 질소과잉 및 일조부족, 조기낙엽, 양분흡수 부족 ㅇ 대책 - 열매솎기, 조기낙엽 방지 - 여름전정 실시해 수관 내 광환경 개선 - 수분수 비율 높임",매실 농작업일정.hwpx,표4/행2
매실,,기상재해대책,한 파,ㅇ 대책 - 붕사 20~50g/10a 시용 - 5월 하순 붕산 0.2~0.3%(생석회 반량 가용) 1~2회 엽면 비료 주기,매실 농작업일정.hwpx,표4/행4
보리,,기상재해대책,제초,ㅇ 파종 후 3일 이내 제초제 처리 ㅇ 월동 후 2월 하순~3월 상순에 중기제초제 처리,맥주보리 농작업일정.hwpx,표6/행2
보리,,기상재해대책,파종 전,"ㅇ 안전재배 한계 지킬 것(1월 평균최저기온) ㅇ 내한성 품종재배 ㅇ 인산, 가리 20~30% 증시 ㅇ 유기물 덮기(절단된 볏짚 300kg/10a, 두엄․거친 퇴비 1,000kg) / 파종 후",맥주보리 농작업일정.hwpx,표6/행4
보리,,기상재해대책,병해,ㅇ 붉은곰팡이병 조기예찰(출수기 3일 이상 강우시에 발생) ㅇ 흰가루병(내병성 품종재배),맥주보리 농작업일정.hwpx,표6/행7
메밀,,기상재해대책,가뭄,ㅇ 관수 가능 지역 관수 후 파종 ㅇ 낮은 이랑 파종 ㅇ 줄뿌림시 휴폭을 넓혀 파종,메밀 농작업일정.hwpx,표7/행1
메밀,,기상재해대책,제초,ㅇ 파종 직후 및 생육 초기 관리 철저 ㅇ 파종 후 3일 이내 등록된 제초제 살포 ㅇ 출현 후 15~20일에 솎음과 김매기 작업 실시,메밀 농작업일정.hwpx,표7/행3
메밀,,기상재해대책,냉해 및 상해,ㅇ 냉해 방지제 살포해서 식물체 회복유도 ㅇ 도복 방지제 살포 ㅇ 서리가 내리기 10~12주 전으로 파종시기 조절,메밀 농작업일정.hwpx,표7/행5
메밀,,기상재해대책,도복,"ㅇ 질소비료 과다 시용금지 ㅇ 규산질 비료 시용 ㅇ 중경, 배토작업 실시",메밀 농작업일정.hwpx,표7/행6
메밀,,기상재해대책,조류 및 동물피해,ㅇ 파종 후 1주일간 방조망 덮음 ㅇ 종실 비대기부터 수확할 때까지 방조망 설치 ㅇ 음파설치기 설치,메밀 농작업일정.hwpx,표7/행9
멜론,,생리적특성,ㅇ 충분한 광이 필요,"ㅇ 건조한 것을 좋아하고, 비료가 많이 필요하지 않음. / ㅇ 저온에는 약하나 고온에는 강함. / ㅇ 토양공기(산소)의 요구도가 높음 / ㅇ 비가 많으면 병이 많이 발생하고 습도가 높으면 당도가 떨어짐",멜론 농작업일정.hwpx,표2/행5/0
멜론,,기상재해대책,"봄비, 저온가뭄","ㅇ 배수구를 정비하거나 배수구에 비닐을 깔아 빗물이나 초봄의 눈 녹은 물을 받아내어 외부 유입수를 차단 ㅇ 촉성재배시 기상이변에 대비한 보온시설 완비 ㅇ 가뭄으로 건조할 때 진딧물, 응애 등 충해 방제 철저",멜론 농작업일정.hwpx,표5/행1
멜론,,기상재해대책,열매터짐 (열 과),ㅇ 열매가 자랄 때 토양수분의 급변 주의 ㅇ 과실 생장기에 야간저온에 따른 과피가 단단해지는 것 주의 ㅇ 수확기까지 세력이 왕성하여 과피가 단단해진 후 비대 주의,멜론 농작업일정.hwpx,표5/행2
멜론,,기상재해대책,검은점뿌리썩음병,ㅇ 토양온도가 높아 식물체가 연약할 때 많이 발생 ㅇ 토양전염되므로 소독하거나 불가피할 때는 접목재배를 하거나 약제처리(리조렉스 등),멜론 농작업일정.hwpx,표5/행3
멜론,,기상재해대책,덩굴마름병,"ㅇ 밀식, 다습조건의 20~24℃에서 많이 발생 ㅇ 병이 발생된 부위는 깨끗이 제거하고 환기를 철저히 하며 지제부는 수분이 많지 않게 관리",멜론 농작업일정.hwpx,표5/행4
멜론,,기상재해대책,괴저반점바이러스,ㅇ 토양전염을 하며 접촉전염도 함. ㅇ 저온성으로 촉성재배 시 많이 발생하므로 지온 유지 ㅇ 반점이 발생하여 진전되면 포기 전체가 시듦,멜론 농작업일정.hwpx,표5/행5
무,,생리적특성,생리적특성,"ㅇ 서늘한 기후를 좋아하며, 추위와 더위에는 보통 / ㅇ 꽃눈분화와 꽃대신장은 모 나이에 관계없이 12℃ 이하의 저온에 감응하여 꽃눈분화가 촉진되고, 고온에 꽃대신장이 억제됨",무 농작업일정.hwpx,표2/행4/0
무,,기상재해대책,저온꽃대신장,"ㅇ 저온감응이 둔한 품종 선택 ㅇ 터널 시 주간 25~30℃, 야간 15℃ 내외 보온",무 농작업일정.hwpx,표6/행1
무,,기상재해대책,봄가뭄,"ㅇ 물주기 : 오전 10시 이후, 오후 4시 이전 물주기 ㅇ 짚이나 망사 덮기",무 농작업일정.hwpx,표6/행2
무,,기상재해대책,무름병,ㅇ 돌려짓기 및 석회 적정 시용 ㅇ 예방 위주 약제 살포 ㅇ 웃거름 등 영양관리,무 농작업일정.hwpx,표6/행5
무,고랭지재배,생리적특성,생리적특성,"ㅇ 서늘한 기후를 좋아하며 추위와 더위에는 보통 / ㅇ 꽃눈분화와 꽃대신장은 모 나이에 관계없이 12℃ 이하의 저온에 감응하여 꽃눈분화가 촉진되고, 고온에 꽃대신장 촉진",무(고랭지재배) 농작업일정.hwpx,표2/행4/0
무,고랭지재배,기상재해대책,봄가뭄,"ㅇ 물주기 - 오전 10시 이전, 오후 4시 이후 실시 - 이동식 스프링클러 이용 물주기",무(고랭지재배) 농작업일정.hwpx,표6/행2
무,고랭지재배,기상재해대책,"장마, 호우, 태풍","ㅇ 배수구 및 이랑 정비 ㅇ 살균제 및 살충제 살포 ㅇ 제나종 복비, 칼슘제 엽면 비료 주기 ㅇ 침수해 발생 시 대체품목 덧뿌림 및 다시 뿌리기 고려(열무)",무(고랭지재배) 농작업일정.hwpx,표6/행3
무,고랭지재배,기상재해대책,무름병,ㅇ 돌려짓기 및 석회 적정 시용 ㅇ 예방 위주 약제 살포 ㅇ 웃거름 등 영양관리,무(고랭지재배) 농작업일정.hwpx,표6/행4
무,고랭지재배,기상재해대책,뿌리혹병,ㅇ 배추과 채소 연작지 회피(돌려짓기) ㅇ 강우 시 집수되는 재배지 회피 ㅇ 석회 및 적용약제 사용으로 예방 ㅇ 이병개체 포장 밖으로 배출 및 비경작지에 깊이 묻기,무(고랭지재배) 농작업일정.hwpx,표6/행5
무화과,노지재배,생리적특성,생리적특성,"ㅇ 무한화서로 낙엽이 질 때까지 열매 맺음 / ㅇ 저온감응 기간이 아주 짧음(수 시간) / ㅇ 광보상점은 1,000Lux, 광포화점은 40,000Lux임 / ㅇ 중성이나 약한 알칼리성 토양에서 생육이 양호 / ㅇ 상온에서 저장기간은 1∼2일로 매우 짧고 과일껍질이 얇음",무화과(노지재배) 농작업일정.hwpx,표2/행5/0
무화과,노지재배,기상재해대책,언피해,ㅇ 냉기가 정체되는 곳을 피하기 ㅇ 지표면의 잡초 등을 제거하여 방열조건 해소 ㅇ 전년도의 신초를 건강하게 키워 내동성 키우기 ㅇ 서리 피해 방지대책 세우기,무화과(노지재배) 농작업일정.hwpx,표6/행1
무화과,노지재배,기상재해대책,습해,ㅇ 과원 내 과다한 수분이 정체되지 않도록 겉도랑과 속도랑에 배수구 설치. ㅇ 과원 주변 포장이 논이거나 지하수위가 높은 곳이 있으면 침투수가 들어오는 것을 차단.,무화과(노지재배) 농작업일정.hwpx,표6/행3
무화과,노지재배,기상재해대책,한해,"ㅇ 인위적인 물주기가 가능하도록 스프링클러, 점적관수 시설 등 설치 ㅇ 토양의 건조를 방지하도록 짚이나 보릿짚을 덮거나 비닐 바닥덮기(멀칭) 실시.",무화과(노지재배) 농작업일정.hwpx,표6/행4
무화과,노지재배,기상재해대책,일소,ㅇ 일소 피해는 직사광선에 따른 수체 온도상승으로 인한 피해 ㅇ 수체의 온도상승과 수분증발 방지를 위한 백색 도포제 등 도포 ㅇ 토양이 너무 건조하지 않도록 하고 조기낙엽 방지,무화과(노지재배) 농작업일정.hwpx,표6/행5
무화과,무가온 시설재배,기상재해대책,고온장해,ㅇ 발아 시 30∼35℃ 고온관리로 균일한 발아세 유지 ㅇ 열매달림 - 25∼30℃의 온도관리로 각 마디에 열매달림 유도 - 35℃ 이상 지속되면 열매가 달리지 않거나 어린 과일 낙과,무화과(무가온 시설재배) 농작업일정.hwpx,표5/행1
무화과,무가온 시설재배,기상재해대책,열매달림 불량,ㅇ 열매달림기 적정온도 25∼30℃ 유지 ㅇ 적정한 비료 주기 관리로 건강한 수체 유지,무화과(무가온 시설재배) 농작업일정.hwpx,표5/행2
무화과,무가온 시설재배,기상재해대책,과번무 (웃자람),ㅇ 적정한 비료 주기로 건강한 수세 유지 - 결과지의 줄기 굵기는 15∼18㎜ 유지 - 잎의 길이는 24∼26㎝ 유지 ㅇ 과번무가 계속될 때 잎의 일부를 제거해 착색 유도,무화과(무가온 시설재배) 농작업일정.hwpx,표5/행3
무화과,무가온 시설재배,기상재해대책,열매터짐 (열과),ㅇ 미숙과 터짐 - 배수가 불량하고 유효 토심이 낮은 고목에서 다량 발생하 므로 배수구 정비 등 근본적 대책 필요 ㅇ 수확기에 적정한 습도를 유지하고 급격한 수분변화를 줄임 ㅇ 물주기는 수확 3∼4일 전에 실시하고 수확 전일에는 금함,무화과(무가온 시설재배) 농작업일정.hwpx,표5/행4
무화과,무가온 시설재배,기상재해대책,해충발생,"ㅇ 응애 : 잎과 열매를 가해 - 발생시기 : 4∼11월(주 발생시기는 6월) ㅇ 총채벌레 - 발생시기 : 5∼9월(주 발생시기는 5월 하순, 9월 중순) ㅇ 방제법 - 시설하우스 내ㆍ 외부 잡초제거, 발생 시기 친환경 방제",무화과(무가온 시설재배) 농작업일정.hwpx,표5/행5
미나리,,생리적특성,생리적특성,"ㅇ 25℃에서 광포화점 60klux, 광보상점 2.3klux이고 내음성이 약하여 충분한 일조가 필요. / ㅇ 호습성이므로 물기가 많은 곳이면 어디서나 재배 가능 / ㅇ 단일조건에서 단축경에서 잎이 무더기로 발생하나, 장일조건에서는 포복경이 발생하고 마디 사이가 신장 / ㅇ 비옥도가 높고 유기물 함량이 1.5% 이상이며, pH 6~7의 약산성 토양에서 잘 자람.",미나리 농작업일정.hwpx,표2/행5/0
미나리,,기상재해대책,고온장해,ㅇ 여름재배 시 50% 빛가림 ㅇ 논미나리재배 시 물이 정체되지 않도록 관리,미나리 농작업일정.hwpx,표6/행3
배,,생리적특성,생리적특성,"ㅇ 꽃 한 과총에서 5~8개의 꽃이 밑에서 차례로 피어 올라가는데 3~4번째 꽃에서 열린 과실이 좋음 / ㅇ 꽃눈분화기는 6월 중순~8월이며, 수분수를 20% 이상 섞어 심음. / ㅇ ‘신고’배는 꽃가루가 없으므로 2품종의 수분수가 필요",배 농작업일정.hwpx,표3/행5/0
배,,기상재해대책,서 리,"ㅇ 서리방지 방상팬, 미세 살수장치 설치, 연소법 ㅇ 달린 열매가 부족할 때 수세 안정 위해 불량과도 달음",배 농작업일정.hwpx,표7/행1
배,,기상재해대책,가 뭄,"ㅇ 나무뿌리 주위에 퇴비, 짚, 풀 및 비닐 덮기 ㅇ 물주기 시설 설치 ㅇ 가물 때 7~10일 간격 물주기",배 농작업일정.hwpx,표7/행2
배,,기상재해대책,태 풍,ㅇ 덕 설치 및 느슨한 가지 유인선 단단히 유인 ㅇ 숙기가 된 과실은 5~7일 앞당겨 수확 ㅇ 피해과실 및 부러진 가지 정리,배 농작업일정.hwpx,표7/행4
배,,기상재해대책,바람들이,"ㅇ 전정법 개선, 원가지 솎음, 가지유인, 약전정 ㅇ 토양개량 : 깊이갈이, 퇴비, 석회사용 ㅇ 너무 익기전 수확",배 농작업일정.hwpx,표7/행5
배,,기상재해대책,과일껍질 흑변,"ㅇ 투광량이 많은 봉지 사용, 조기 수확 및 수확 후 예비 건조, 저장고 환기 및 적량 적재",배 농작업일정.hwpx,표7/행6
배추,,생리적특성,생리적특성,"ㅇ 서늘한 기후를 좋아하며, 저온성채소로 생육 초기에는 고온에 비교적 잘견디나 결구기에는 내고온성이 약함 / ㅇ 씨앗 춘화형의 식물로 12℃ 이하에서 7일 이상 지나면 꽃눈이 분화 되고, 고온에 꽃대신장 촉진 / ㅇ 자가불화합성이 있어 자식종자 채종이 어려우며, 뇌수분으로 자식할 경우 세력 약화",배추 농작업일정.hwpx,표2/행5/0
배추,,기상재해대책,저온꽃대신장,ㅇ 저온감응이 둔한 품종재배 ㅇ 5월 상순 이후 씨뿌림 ㅇ 배추모 재배 야간 10℃이상 보온,배추 농작업일정.hwpx,표6/행1
배추,,기상재해대책,봄가뭄,"ㅇ 물주기, 모 기르기, 아주심기 - 간이 저수장 설치 - 이동식 스프링클러 설치 ㅇ 짚 덮기, 비닐덮기 ㅇ 살충제 살포",배추 농작업일정.hwpx,표6/행2
배추,,기상재해대책,호 우,"ㅇ 배수구 정비 ㅇ 다시심기, 덧뿌림(조생종, 반결구종) ㅇ 엽면 비료주기, 살균제 살포",배추 농작업일정.hwpx,표6/행3
배추,,기상재해대책,가을가뭄,"ㅇ 이동식 스프링클러 설치 물주기 ㅇ 짚 덮 기 ㅇ 모기르기 아주심기 재배, 살충제 살포",배추 농작업일정.hwpx,표6/행4
배추,,기상재해대책,한 파,"ㅇ 언 피해 온도 : -3~-4℃ ㅇ 섬피ㆍ 비닐덮기(멀칭) ㅇ 적기수확, 임시저장, 움저장",배추 농작업일정.hwpx,표6/행5
배추,고랭지재배,생리적특성,생리적특성,"ㅇ 서늘한 기후를 좋아하는 저온성 채소로 생육 초기에는 고온에 비교적 잘 견디나 결구기에는 내고온성이 약함 / ㅇ 종자춘화형의 식물로 12℃ 이하에서 7일 이상 지나면 꽃눈이 분화되고, 고온에 꽃대신장 촉진 / ㅇ 자가 불화합성이 있어 계속 자식하면 세력 약화",배추(고랭지재배) 농작업일정.hwpx,표2/행4/0
배추,고랭지재배,기상재해대책,가 뭄,"ㅇ 물주기 - 간이 저수장 설치 - 이동식 스프링클러 설치 - 짚 덮기, 비닐 덮기, 살충제 살포",배추(고랭지재배) 농작업일정.hwpx,표6/행1
배추,고랭지재배,기상재해대책,호 우,"ㅇ 배수구 정비 ㅇ 다시 뿌리기, 덧뿌림(조생종, 반결구종) ㅇ 엽면시비, 살균제 살포",배추(고랭지재배) 농작업일정.hwpx,표6/행2
벼,,기상재해대책,가뭄,"ㅇ 늦모내기 강한 품종 선택 및 논두렁 등 정비 ㅇ 예비못자리 설치 및 모 노화 방지 ㅇ 용수확보 곤란 시 건답직파 재배(조,중생종) ㅇ 늦모내기 포기수 확보(평당 110~130포기) ㅇ 논물가두기 및 물 걸러대기 실천",벼(기계이앙) 농작업 일정.hwpx,표15/행1
벼,,기상재해대책,침관수,"ㅇ 조생, 중생, 중만생종 고루재배 ㅇ 질소비료 20~30% 덜주기 ㅇ 침관수논 서둘러서 물빼주기 ㅇ 흙앙금 씻기, 물걸러 대기로 생육촉진 ㅇ 도열병, 벼흰잎마름병 등 병해충방제",벼(기계이앙) 농작업 일정.hwpx,표15/행2
벼,,기상재해대책,태풍,"ㅇ 증간낙수, 이삭거름 칼리시용 등 쓰러짐 대책 실천 ㅇ 출수기때 흰 이삭 방지(태풍 통과 직후 10a당 물 600L 살포) ㅇ 쓰러진 벼 묶어 세우기 ㅇ 태풍 후 병해충 방제(벼흰잎마름병, 멸구류 등)",벼(기계이앙) 농작업 일정.hwpx,표15/행3
벼,,기상재해대책,저온,"ㅇ 규산질비료, 퇴비주기 ㅇ 인산, 칼리비료 20~30% 더주기 ㅇ 새끼칠거름 유안으로 주기 ㅇ 이삭거름에 질소비료 안주고 칼리만 전필지 주기 ㅇ 물온도 높여대기(비닐호스, 돌림도랑) ㅇ 밤은 깊게, 맑은 날 낮에는 얕게 물 대기 하여 수온 높이기",벼(기계이앙) 농작업 일정.hwpx,표15/행4
복숭아,,생리적특성,생리적특성,"ㅇ 꽃눈 분화기는 대체로 7월 하순에서 8월 하순 / ㅇ 눈은 홑눈, 겹눈이 있으며 겹눈인 경우 대체로 꽃눈 2개, 잎눈 1개가 정상 / ㅇ 자가 결실률 양호, 꽃가루 없는 품종은 꽃가루 많은 품 종과 섞어 심어야 함",복숭아 농작업일정.hwpx,표4/행1/0
복숭아,,기상재해대책,언피해,ㅇ 흙덮기 : 지제부에서 30~45cm 높이까지 ㅇ 짚 싸주기 : 지상에서 80~100cm 높이까지 ㅇ 질소의 비료 주기 제한,복숭아 농작업일정.hwpx,표10/행1
복숭아,,기상재해대책,가뭄,"ㅇ 뿌리가 분포된 지면에 퇴비, 짚, 풀, 비닐 덮기 ㅇ 물주기 : 20~30t/10a ㅇ 생육 불량 시 요소 0.3%액 엽면 살포",복숭아 농작업일정.hwpx,표10/행2
복숭아,,기상재해대책,태풍,ㅇ 익은 과실은 3~4일 앞당겨 수확 ㅇ 피해 과실 및 부러진 가지 정리,복숭아 농작업일정.hwpx,표10/행4
복숭아,,기상재해대책,수지병,"ㅇ 배수 대책 철저, 유리나방 유충 방제 철저 ㅇ 상처 부위는 긁어내고 전정도포제 처리",복숭아 농작업일정.hwpx,표10/행6
복숭아,,기상재해대책,생리적 낙과,"ㅇ 땅 얼기 전 밑거름 시용, 질소과다 비료 주기 지양, 깊이 갈이 ㅇ 충분한 수분수 확보로 꽃가루 없는 품종 수분, 수정 철저 ㅇ 토양의 배수 대책 마련으로 과습 방지 ㅇ 강전정 지양, 붕소 결핍 방지, 석회 시용 ㅇ 단·중과지 위주로 착과",복숭아 농작업일정.hwpx,표10/행7
부추,,생리적특성,생리적특성,ㅇ 부추는 단위생식으로 씨앗을 맺어 잡종 품종으로 부터 씨 받이 하여도 씨앗이 유전적으로 균일 / ㅇ 저온단일(10월 하순부터)에 휴면 시작. 품종 간 정도 차이 있음 / ㅇ 고온장일에 꽃눈분화를 하고 7~8월에 꽃대신장 / ㅇ 이어짓기 장해가 있으며 이어짓기 시 염류장해와 병해충 등 문제 해결 필요,부추 농작업일정.hwpx,표2/행4/0
부추,,기상재해대책,잎끝 말라 죽음,ㅇ 성숙한 잎의 끝부분이 백색으로 말라 죽음 ㅇ 하우스 내 : 급격한 온도상승 방지 위해 환기 ㅇ 노지 초봄 : 건조한 경우 충분히 물주기,부추 농작업일정.hwpx,표6/행1
부추,,기상재해대책,과습,ㅇ 생육이 불량해지고 식물체 말라 죽음 ㅇ 습해 예상지역은 이랑을 높게 하고 주변 배수로 정비,부추 농작업일정.hwpx,표6/행2
부추,,기상재해대책,가뭄,ㅇ 가뭄에 비교적 잘 견디나 섬유질이 증가하여 품질이 떨어짐 ㅇ 주기적으로 물주기를 하여 품질 감소 방지,부추 농작업일정.hwpx,표6/행4
부추,,기상재해대책,곰팡이병,ㅇ 하우스 내 과습으로 잿빛곰팡이 등 각종 곰팡이병 발생 ㅇ 적절한 환기로 하우스 내 습도 유지,부추 농작업일정.hwpx,표6/행5
브로콜리,녹색꽃양배추 고랭지재배,생리적특성,생리적특성,o 십자화과에 속하는 2년생 초본 / o 꽃눈분화에 저온 경과 필요 / o 꽃봉오리 비대충실기에 저온 경과 시 밥풀현상 발생,"브로콜리(녹색꽃양배추,고랭지재배) 농작업일정.hwpx",표2/행5/0
브로콜리,녹색꽃양배추 고랭지재배,기상재해대책,모 기를 때 저온,o 제때 씨뿌림 o 야간 10~18℃ 유지 o 모잘록병 방제 o 예비 육묘상 설치,"브로콜리(녹색꽃양배추,고랭지재배) 농작업일정.hwpx",표6/행1
브로콜리,녹색꽃양배추 고랭지재배,기상재해대책,가뭄,"o 물주기 후 아주심기 o 진딧물, 응애 등 병해충 방제 o 비닐덮기(멀칭) 재배 o 물주기 실시 - 이동식 스프링클러 설치 - 점적관수 시설 설치","브로콜리(녹색꽃양배추,고랭지재배) 농작업일정.hwpx",표6/행2
브로콜리,녹색꽃양배추 고랭지재배,기상재해대책,"장마, 호우 및 태풍","o 배수구 정비 o 병해충 종합방제 o 돌려짓기, 배수 철저, 퇴비 증시, 엽면비료 주기","브로콜리(녹색꽃양배추,고랭지재배) 농작업일정.hwpx",표6/행3
브로콜리,평야지재배,생리적특성,생리적특성,"ㅇ 더위와 추위에 강하나 생육에는 온난한 기후가 알맞음 / ㅇ 생육적온은 18~20℃이나 주야 온도교차가 3∼5℃ 필요 / ㅇ 녹식물 춘화형으로 어느 정도 식물체가 크면 저온에 감응 / ㅇ 25℃ 이상에서는 웃자람, 5℃이하에서는 생육저해 / ㅇ 꽃봉오리 발육 온도는 16~18℃로 생육적온 보다 낮으며 평균기온이 25℃ 이상이 되면 이상 꽃봉오리 발생 / ㅇ 작형에 따라 품종이 분화되어 있으므로 알맞는 품종 선택",브로콜리(평야지재배) 농작업일정.hwpx,표2/행5/0
브로콜리,평야지재배,기상재해대책,모 기를 때 저온 및 노화묘 아무심기,"ㅇ 저온장해 : 양분·수분 흡수 및 생육저조, 바닥덮기 재배 ㅇ 야간 10℃ 이상 유지, 적기 아주심기",브로콜리(평야지재배) 농작업일정.hwpx,표6/행1
브로콜리,평야지재배,기상재해대책,아주심기 후 고온 및 저온,ㅇ 꽃봉오리 형성기 25℃ 이상 관리 시 불량 꽃봉오리 발생 ㅇ 터널 아주심기 : 7∼8℃ 이상,브로콜리(평야지재배) 농작업일정.hwpx,표6/행2
브로콜리,평야지재배,기상재해대책,가 뭄,"ㅇ 물주기 : 주기적 물주기 실시 ㅇ 겨울철 극단적인 건조 : 내한성 저하, 안토시아닌 착색 및 꽃봉오리를 상하게 함",브로콜리(평야지재배) 농작업일정.hwpx,표6/행5
브로콜리,평야지재배,기상재해대책,저 장,"ㅇ 예냉 후 저온유통 : 0℃(90∼95%) ㅇ 수확 시 꽃봉오리를 약간 붙여 자르고, 출하 직전에 다시 자름",브로콜리(평야지재배) 농작업일정.hwpx,표6/행6
블루베리,,생리적특성,생리적특성,"ㅇ 적합한 토양 조건은 물이 잘 스며들고 공기가 잘 통하며 물 빠짐이 좋을 것 / ㅇ 산성조건의 토양에서 잘 자람 / 칼슘과 마그네슘의 요구량이 적으며 암모니아태 질소, 아연, 철 등의 요구량이 많음 / ㅇ 습기를 좋아하나 과습한 상태는 싫어함 / 뿌리는 대부분 얕은 뿌리성으로 토양 20~30cm 깊이에 위치 / 정상적 생장을 위해서 1주일에 25~50mm의 강수량이 필요 하며, 적합한 수분장력은 20~40kPa / ㅇ 전정을 적절하게 잘해야 건강한 나무 유지 / 1~2년 열매가 달리지 않게 하고 나무를 튼튼하게 만듦 / 나무는 가능한 한 수직으로 넓게 자라게 하여 공기 유통을 좋게 함 / 전정은 휴면기에 실시하며 나무에 물이 오르기 전 실시",블루베리 농작업일정.hwpx,표2/행2/0
블루베리,,기상재해대책,저온 및 서리피해,ㅇ 묘목의 나이가 어릴수록 저온 피해가 심하므로 처음 구입 해서 심을 때 많은 주의가 필요 ㅇ 늦은 봄서리 피해를 받기 쉬우므로 사전 대책 필요 - 상습 서리 발생지역을 피하며 방상팬과 미세살수 등 시설 설치 ㅇ 월동 전 저장양분의 충분한 축적,블루베리 농작업일정.hwpx,표6/행1
블루베리,,기상재해대책,열매달림 불량,ㅇ 타가수정 필요 - 여러 품종 심기 - 꿀벌과 야생벌 등 충분한 매개곤충 방사,블루베리 농작업일정.hwpx,표6/행2
블루베리,,기상재해대책,생리장해,"ㅇ 질소 결핍, 인산 결핍, 칼륨 결핍, 마그네슘 결핍, 붕소 결핍, 철 결핍 등 생리장해가 발생될 수 있음 - 심기 전 토양분석을 실시하여 사전에 적절한 비료 주기 필요 - 미량원소 결핍 시 엽면 비료 주기 실시 * 붕소 결핍 : 붕사 0.2%, 철 결핍 : 황산철 0.1~0.3%",블루베리 농작업일정.hwpx,표6/행3
블루베리,,기상재해대책,토양수분 장해,ㅇ 적절한 토양수분 유지(토양 건조 및 배수 불량 피해 발생) - 토양 건조 및 배수 불량 시 생장력이 약해지고 심하면 말라 죽음 - 암거배수(배수 불량 과원) 및 물주기 시설 설치,블루베리 농작업일정.hwpx,표6/행4
비트,,생리적특성,생리적특성,"ㅇ 아프리카와 유럽 남부 원산의 2년생 초본 / ㅇ 서늘한 기후를 좋아하고 추위에 강함 / ㅇ 녹식물 춘화형, 고온장일에서 꽃대신장",비트 농작업일정.hwpx,표2/행3/0
비트,,기상재해대책,가뭄,"ㅇ 물주기 실시 : 이동식 스프링클러, 점적관수 ㅇ 발아 불량 ㅇ 잎 생육 불량 ㅇ 웃거름은 관비 형태의 액비로 공급",비트 농작업일정.hwpx,표6/행1
비트,,기상재해대책,고온,ㅇ 발아 불량 ㅇ 지상부 생육 불량 ㅇ 30℃ 이상에서 자라면 잎은 윤기와 광택이 없고 퇴색한 느낌이 들어서 쌈채소로는 상품성이 떨어짐,비트 농작업일정.hwpx,표6/행2
사료용 귀리,,기상재해대책,봄 가뭄,ㅇ 한발이 지속 될 때 스프링클러 및 단시간 관수 ㅇ 가능한 한 조기파종으로 건물수량 증대 ㅇ 파종 후 복토 및 눌러주기(진압)으로 발아율 향상,사료용 귀리 농작업일정.hwpx,표8/행1
사료용 귀리,,기상재해대책,도복,ㅇ 밀파 및 비료 시용량이 많을 때 도복 발생 ㅇ 파종량 및 표준시비량 준수,사료용 귀리 농작업일정.hwpx,표8/행2
사료용 귀리,,기상재해대책,병해충 방제,ㅇ 깜부기병 예방 - 병에 걸리지 않은 종자 채종 사용 - 맥류 종자소독약 사용 ㅇ 멸강나방 발생 시 조기 수확,사료용 귀리 농작업일정.hwpx,표8/행3
사료용 보리(청보리),청보리,기상재해대책,파종기 잦은 비,"ㅇ 적기내 파종 : 벼 수확 즉시 파종 ㅇ 전면 산파 지양 : 휴립 로타리 파종, 세조파 ㅇ 충분한 종자 파종 : 200kg/ha 내외",사료용 보리(청보리) 농작업일정.hwpx,표8/행1
사료용 보리(청보리),청보리,기상재해대책,"저온, 과습","ㅇ 배수로 설치 및 정비 ㅇ 눌러주기(진압)로 분얼 촉진, 웃자람 억제 ㅇ 유기물 피복 ㅇ 월동 전･후 서릿발 피해 방지 토양 눌러주기 ㅇ 적기 추비시용 생육 촉진 - 2월 중순~3월 상순",사료용 보리(청보리) 농작업일정.hwpx,표8/행2
사료용 보리(청보리),청보리,기상재해대책,기 타,ㅇ 액비 등을 이용한 추비시용 ㅇ 이용목적별 적기수확 - 담근먹이 : 호숙기~황숙기,사료용 보리(청보리) 농작업일정.hwpx,표8/행3
사료용 호밀,,기상재해대책,파종기 잦는 비,ㅇ 적기파종 : 벼 수확 후 10월 30일까지 ㅇ 충분한 종자 파종 : 200kg/ha 내외,사료용 호밀 농작업일정.hwpx,표8/행1
사료용 호밀,,기상재해대책,"저온, 과습","ㅇ 배수로 설치 및 정비 ㅇ 파종상에 물이 고이지 않도록 배수 ㅇ 눌러주기(진압) 분얼촉진, 웃자람 억제 ㅇ 월동전･후 토양 눌러주기(진압) - 어린식물의 건조피해 예방 및 이른 봄철 서릿발 피해 방지 ㅇ 적기 추비시용 생육 촉진 - 2월 중순~3월 상순",사료용 호밀 농작업일정.hwpx,표8/행2
산호수,,기상재해대책,저온장해,ㅇ 아열대성 관목으로 동절기 야간온도 8℃ 이하에서 신초가 말라 죽고 낙엽되는 현상 주의,산호수 농작업일정.hwpx,표5/행1
산호수,,기상재해대책,고두병(열과),ㅇ 잎색을 짙게 하고자 마그네슘(Mg) 비료 과용 시 칼슘과 길항작용으로 과피가 터지는 현상 주의,산호수 농작업일정.hwpx,표5/행2
산호수,,기상재해대책,급성위조증,ㅇ 과습과 건조에 모두 강하나 시듦현상이 시작되면 급격히 시드는 현상 주의,산호수 농작업일정.hwpx,표5/행4
산호수,,기상재해대책,엽소현상,ㅇ 여름철 빛이 강할 경우 잎색이 누렇게 변색되고 생육이 저하 되므로 적정 빛가림 조건(90% 빛가림)을 유지,산호수 농작업일정.hwpx,표5/행5
살구,,생리적특성,생리적특성,ㅇ 뿌리는 침수에 매우 약하므로 지하수위가 높거나 물빠짐이 나쁜 과원에서는 나무가 말라 죽음 / ㅇ 경사지 재배의 경우 경사가 남~남서향이면 언피해나 줄기 마름병 발생 우려 / ㅇ 최근 도입된 품종은 자가 불화합성이 있어 수분수를 섞어 심기 필요 (주품종의 20~30%),살구 농작업일정.hwpx,표2/행5/0
살구,,기상재해대책,결실량 확보,"ㅇ 열매솎기로 결실량 조절 ㅇ 지나친 질소질 비료 주기 및 강전정을 피함 ㅇ 수확 후 약제방제로 조기낙엽 방지 ㅇ 언 피해 및 늦서리 피해 예상지역은 연소법, 살수법, 송풍법으로 피해 예방 ㅇ 수분수 섞어 심기와 방화곤충 확보",살구 농작업일정.hwpx,표4/행1
살구,,기상재해대책,결실량 조절,"ㅇ 안정생산을 위해 열매 수는 개화수의 20~30% 착과 ㅇ 열매솎기 시기 : 만개후 20~30일에 시작하여 40일까지는 마침 ㅇ 열매솎기 정도 : 중간 크기의 과실은 2~3cm당 1과, 큰 품종은 4~7cm에 1과",살구 농작업일정.hwpx,표4/행2
살구,,기상재해대책,열매터짐 현상,ㅇ 과피와 과육 조직 간의 비대속도가 균형을 이루지 못할 때 발생 ㅇ 수확 직전에 비가 잦으면 많이 발생 ㅇ 방지대책 - 열매터짐이 적은 품종 선택 - 경핵기 이전에 물주기 시설로 토양건조 방지 - 수관 밑 바닥덮기(멀칭) 재배 - 풀베기로 잡초와 수분 경쟁을 줄임,살구 농작업일정.hwpx,표4/행3
살구,,기상재해대책,붕소결핍 현상,ㅇ 신개간지 토양에서 발생하기 쉬움 ㅇ 증상 : 과실 표피 아랫 부분이 코르크화되어 과면이 움푹 들어감 ㅇ 방지대책 : 3~4년에 주당 20~100g 붕소 살포,살구 농작업일정.hwpx,표4/행4
상추,,생리적특성,생리적특성,"ㅇ 상추는 서늘한 기후에서 생장이 잘되는 호냉성 채소로 더위에는 약한 편 / ㅇ 생육기간 중 온도가 높아지면 꽃대신장, 쓴맛 증가, 생리적 장해 증가. / ㅇ 꽃대신장은 적산온도 1,400~1700℃에서 나타남",상추 농작업일정.hwpx,표2/행5/0
상추,,기상재해대책,고온 다습,ㅇ 35% 이하의 흑색 빛가림망 이용 ㅇ 환기 철저 ㅇ 예방적 병해충 방제 (농약안전사용기준 준수),상추 농작업일정.hwpx,표6/행2
상추,,기상재해대책,"호우, 태풍","ㅇ 시설 안전관리 철저 ㅇ 예방적 병해충 방제 (농약안전사용기준 준수) ㅇ 엽면시비, 배수철저",상추 농작업일정.hwpx,표6/행3
상추,,기상재해대책,"저온, 혹한","ㅇ 보온 덮개 또는 터널이용 보온 ㅇ 수막재배 ㅇ 투광성, 보온성 높은 덮기자재 설치",상추 농작업일정.hwpx,표6/행4
상추,,기상재해대책,석회결핍,"ㅇ 충분한 석회 시용, 적습유지 ㅇ 토양이 건조하다가 수분이 많아져 생육이 빨라지면 많이 발생 ㅇ 질소, 칼리 과다시용 금지, 합리적인 비료주기 및 토양수분 관리 철저",상추 농작업일정.hwpx,표6/행5
생강,,생리적특성,생리적특성,"ㅇ 고온성이며 다년생 초본식물이지만 1년생 초본식물로 분류 / ㅇ 광포화점이 낮아 반음지에서 생육이 양호한 내음성 작물 / ㅇ 뿌리는 길게 뻗지 않고, 잔뿌리가 적어 건조, 습해에 약하며 양분 흡수력도 약하므로 웃거름 시용 / ㅇ 토양 적응성은 좋으나 사양토나 양토에서 수량성이 좋음 / ㅇ 이어짓기 하면 뿌리줄기부패병이 심하게 발생하므로 3~4년 간격으로 돌려짓기",생강 농작업일정.hwpx,표2/행4/0
생강,,기상재해대책,저 온,ㅇ 종강 저장 중 적온(15℃) 유지 ㅇ 아주심기 전 종강관리 시 저온상태가 되지 않도록 관리 ㅇ 너무 일찍 심지 않고 아주심기 후 볏짚 덮기 관리 철저,생강 농작업일정.hwpx,표6/행1
생강,,기상재해대책,"강우, 장마","ㅇ 아주심기 전에 이랑을 높여 심고, 물빠짐이 잘 되도록 배수구 설치 ㅇ 병해 예방과 방제를 위해 살균제 살포",생강 농작업일정.hwpx,표6/행2
생강,,기상재해대책,"고온, 다습","ㅇ 빛가림망 설치가 가능한 곳은 30% 정도 햇볕가림 ㅇ 잎집무늬마름마름병, 백성병 방제를 위해 살균제 살포",생강 농작업일정.hwpx,표6/행3
생강,,기상재해대책,가 뭄,"ㅇ 적당한 습도를 유지하도록 물주기-이랑 물주기 금지 ㅇ 생육 후기 가물 때 해충(파밤나방, 조명나방) 방제",생강 농작업일정.hwpx,표6/행4
생강,,기상재해대책,저 장,"ㅇ 저장 전에 온도 30~33℃, 습도 90~95%에서 8일 정도 큐어링 실시 후 저장",생강 농작업일정.hwpx,표6/행5
선인장,,기상재해대책,배양토,"ㅇ 모래 : 돈분(50:50)으로 무게비로 조성 ㅇ 배수성, 통기성 및 보수력이 양호하도록 조성 ㅇ 삼각주 절단된 후 아주심기 되므로 배양토 소독 권장",선인장 농작업일정.hwpx,표5/행1
선인장,,기상재해대책,물주기,"ㅇ 11~12월 : 오전 중에 적당량 물주기 ㅇ 3~5월 : 충분한 물주기 ㅇ 6~7월, 9~10월 : 맑을 날 물주고 낮에 환기 ㅇ 8월 : 적당량 물주고 낮에 환기",선인장 농작업일정.hwpx,표5/행2
선인장,,기상재해대책,광과 온도관리,ㅇ 하우스내 온도가 30℃ 이상일 때 환기 ㅇ 광선차광 : 봄과 가을 15~30% 여름 45~55%,선인장 농작업일정.hwpx,표5/행3
셀러리,양미나리,생리적특성,생리적특성,ㅇ 산형화과에 속하는 2년생 초본 / ㅇ 뿌리는 얕은 뿌리성으로 토양 표면 60cm 내외에 분포 / ㅇ 씨뿌림 후 90일경부터 잎과 줄기의 발육이 급격히 증가 / ㅇ 꽃대신장은 꽃눈분화 후 고온장일 조건에서 촉진,셀러리(양미나리) 농작업일정.hwpx,표2/행4/0
셀러리,양미나리,기상재해대책,모 기를 때 저온,ㅇ 제때 씨뿌림 ㅇ 야간 13℃ 이상 유지 ㅇ 모잘록병 방제 ㅇ 예비 육묘상 설치,셀러리(양미나리) 농작업일정.hwpx,표6/행1
셀러리,양미나리,기상재해대책,가뭄,"ㅇ 물주기 후 아주심기 ㅇ 진딧물, 응애 등 해충 방제 ㅇ 비닐덮기(멀칭) 재배 및 빛가림망 설치 ㅇ 물주기 설치 : 이동식스프링클러, 점적관수 시설",셀러리(양미나리) 농작업일정.hwpx,표6/행2
셀러리,양미나리,기상재해대책,"장마, 호우 및 태풍","ㅇ 배수로 정비 - 7~10일간격 살균제 및 살충제 살포 - 돌려짓기, 배수 철저, 퇴비증시 ㅇ 엽면 비료 주기",셀러리(양미나리) 농작업일정.hwpx,표6/행3
수국,,기상재해대책,황화현상,ㅇ 번식~개화기까지 배양토 pH가 너무 높을 때 일어남(pH 8.0 이상) ㅇ 어린잎에서 시작되어 심하게 진전 ㅇ pH 6.5 이하로 조절 ㅇ 생육 초기에 철분킬레이트 공급하면 일시적 회복,수국 농작업일정.hwpx,표3/행2
수박,,생리적특성,생리적특성,"ㅇ 호온성 작물로 고온에서 생육 양호 / ㅇ 개화에서 성숙까지의 적산온도 : 800~1,000℃ / ㅇ 건조에는 강하나 다습에는 약하여 피해 발생 / ㅇ 이어짓기를 싫어하는 작물로 반드시 돌려짓기를 해야 함 / ㅇ 덩굴쪼김병 방지 및 불량 환경에 대한 적응성을 높이기 위해 접목재배 실시",수박 농작업일정.hwpx,표3/행5/0
수박,,기상재해대책,과도한 덩굴신장 (과번무),ㅇ 질소질 거름 적정 시용 ㅇ 거름이 너무 많거나 비가 자주 올 때 많이 발생 ㅇ 열매달림 불량으로 영양생장이 너무 왕성할 때,수박 농작업일정.hwpx,표7/행2
수박,,기상재해대책,속 빈과일 (공동과),"ㅇ 꽃필 때 저온과 건조, 동화양분의 불균형 ㅇ 꽃이 피고 열매 달릴 때 적온, 적습유지 ㅇ 동화양분의 전류촉진, 원활한 양분 공급",수박 농작업일정.hwpx,표7/행3
수박,,기상재해대책,급성 시듦증,"ㅇ 적절한 양, 수분 관리 ㅇ 알맞은 초세 및 뿌리 활력 강하게 관리 ㅇ 미숙퇴비 및 가축분뇨 다량 시용 금지 ㅇ 연작지에서 박에 접목할 때 발생증가, 피해가 심한 지역에서는 대목(뿌리) 교체 고려",수박 농작업일정.hwpx,표7/행4
수박,,기상재해대책,과실 터짐 (열 과),"ㅇ 비닐, 짚 덮기 재배 및 토양수분 적습유지 ㅇ 과피가 너무 얇은 품종재배는 피함 ㅇ 토양수분을 적습으로 유지 ㅇ 열매가 햇빛을 직접 받지 않도록 가려줌",수박 농작업일정.hwpx,표7/행5
수수,,기상재해대책,가뭄,"ㅇ 관수가능 지역은 관수 후 파종 및 이식 할 것 ㅇ 제초를 겸한 김매기, 북주기 - 새뿌리 발생 촉진, 무효경 발생억제 및 도복 경감",수수 농작업일정.hwpx,표3/행1
수수,,기상재해대책,잦은 강우,ㅇ 배수구 정비로 사전 습해 예방 ㅇ 토양 유실에 의한 뿌리 노출 - 흙덮기 작업,수수 농작업일정.hwpx,표3/행3
수수,,기상재해대책,병해,"ㅇ 줄무늬세균병, 탄저병, 이삭곰팡이병 등 - 방제대책 : 윤작, 질소과용 금지, 적용약제 살포",수수 농작업일정.hwpx,표3/행5
수수,,기상재해대책,충해,"ㅇ 왕담배나방, 조명나방, 멸강나방, 노린재 등 - 방제대책 : 친환경농자재 방제, 적용약제 살포",수수 농작업일정.hwpx,표3/행6
"수수,수단그라스 교잡종",,기상재해대책,파종기 가뭄 및 저온,ㅇ 관수가 가능한 지역은 파종 후 관수 ㅇ 파종깊이 조절 : 2.5~3.0cm(가뭄시 3.5~4.5cm) ㅇ 파종 후 진압 : 습도 유지로 발아 촉진 ㅇ 일찍 파종시 중북부 산간지 저온 및 우박 피해,"수수,수단그라스 교잡종 농작업일정.hwpx",표9/행1
"수수,수단그라스 교잡종",,기상재해대책,병해충 방제,ㅇ 매문병 발생에 의한 수량 감소 - 고온 다습 조건(남서부 해안 및 내륙 분지) - 1차 예취 후 재생시 발생 심함 - 발생시는 즉시 예취하고 질소비료 시용 ㅇ 멸강나방 - 지역별 발생주기에 따라 약제 살포 철저,"수수,수단그라스 교잡종 농작업일정.hwpx",표9/행2
"수수,수단그라스 교잡종",,기상재해대책,수확 이용,ㅇ 기상조건에 따른 예취시기 및 방법 결정 - 강우기 예취시는 재생 불량 - 가뭄 계속시는 예취 높이 15cm 이상 유지,"수수,수단그라스 교잡종 농작업일정.hwpx",표9/행4
스타티스,,생리적특성,생리적특성,"ㅇ 서늘한 기후를 좋아하고, 저온에 강하며 무가온 하우스 에서 월동이 가능 / ㅇ 사계성 품종은 10℃ 이상으로 가온하면 겨울철 꽃꺾기가 가능하나 포기가 약해져 봄 이후 꺾은 꽃 품질이 나빠짐 / ㅇ 여름철 고온기에는 환기가 부족하면 개화가 불균일하며, 아랫부분의 가지가 꽃눈분화가 되지 않고 선단부가 말라 죽음",스타티스 농작업일정.hwpx,표1/행3/0
스타티스,,기상재해대책,녹지경 발생,"ㅇ 꽃대신장이 되나 개화하지 못하고 녹색 가지만 신장하는 현상 ㅇ 원인 : 광 부족, 통풍 불량, 절화지 과다 ㅇ 방지대책 - 적정 절화본수 확보 : 5개/1주 - 수광량 확보 및 환기 철저",스타티스 농작업일정.hwpx,표5/행1
스타티스,,기상재해대책,절화 후 불개화 현상,ㅇ 절화 후 봉오리가 개화하지 못하는 현상 ㅇ 원인 : 미숙 개화지를 빨리 꺾음 ㅇ 대책 : 절화 적기 준수 - STS 등 전처리제 사용으로 꺾은 꽃 수명 연장,스타티스 농작업일정.hwpx,표5/행2
스타티스,,기상재해대책,불개화지 발생,ㅇ 하부의 가지가 유엽(어린잎)이 되거나 꽃봉오리의 맺힘이 나빠지거나 맺히지 않는 현상 ㅇ 발생시기 : 여름 고온을 받은 후 가을 ㅇ 경감방법 - 번무하지 않도록 수확본수 조절 : 꽃대신장한 화경을 적절히 순지르기 - 인산과 칼리를 질소의 2∼3배 되게 비료 주기,스타티스 농작업일정.hwpx,표5/행3
스타티스,,기상재해대책,화경선단 말라죽음,ㅇ 화경의 생장부가 흑갈색으로 변하고 성장 중단 ㅇ 원인 : 석회 결핍 ㅇ 대책 - 질소 시비량을 줄이고 P.K의 비율을 높임 - 화경의 꽃대신장 시 토양을 너무 건조하게나 과습하지 않도록 조절,스타티스 농작업일정.hwpx,표5/행4
시금치,,생리적특성,ㅇ 자웅이주의 1년생 식물,"ㅇ 영하의 추위에는 강하나 25℃ 이상 더위에 약하다. / ㅇ 씨앗의 가시에 따라 각씨앗과 환(둥근)씨앗 두 종류가 있음 / ㅇ 저온발아성 작물로 4℃에서도 발아하고 10℃ 정도면 발아에 지장이 없으나, 고온에서는 발아장해를 받아 30℃ 이상에 서는 발아율이 50% 이하로 감소 / ㅇ 대표적인 장일성 식물로 일장이 길어지면 꽃대신장 촉진 / ㅇ 산성에 아주 약한 작물로 pH 6 이하에서는 경제적 재배 어려움",시금치 농작업일정.hwpx,표3/행3/0
시금치,,기상재해대책,가 뭄,"ㅇ 물주기 - 이동식 스프링클러 설치 물주기 - 시설 내에서는 고정식으로 분수테이프, 분수호스 이용 물주기 - 적기 씨뿌림",시금치 농작업일정.hwpx,표7/행1
시금치,,기상재해대책,고온,"ㅇ 25℃ 이상에서는 발아, 생육 불량 ㅇ 고온, 장일에서 꽃대신장 발생 ㅇ 빛가림망 이용 및 만추대성 품종 재배",시금치 농작업일정.hwpx,표7/행3
시금치,,기상재해대책,토성,ㅇ 사질토나 점질토에서도 토양수분이 적당하면 생육 가능 ㅇ 토양의 pH가 6~7 범위에서 유지,시금치 농작업일정.hwpx,표7/행4
시클라멘,,생리적특성,ㅇ 생리특성,"ㅇ 원산지 : 지중해 연안 / ㅇ 원예품종 : 연평균기온이 10~20℃ 지역에 분포 / ㅇ 자생지 : 그리이스에서 시리아 지방까지의 지중해 산악지 경사진 곳이나 숲속의 바위틈 / 잎은 가장자리가 톱니 모양의 하트형이 대부분 / 잎무늬는 흰색줄무늬가 안쪽, 바깥쪽, 띠 모양, 전체 등 다양 / 꽃자루가 잎처럼 뿌리에서 바로 올라와 길게 자란 후 꽃이 핌 / 꽃은 5갈래로 갈라진 모습이 보편적 / 수정 후에 꽃자루는 나선형으로 말려 아래쪽으로 늘어짐 - 성숙한 과실은 구형이고 씨앗은 갈색이며 크기는 다양 / 야생종은 향기가 강하나 원예종은 조금 약한편",시클라멘 농작업일정.hwpx,표1/행4/0
시클라멘,,기상재해대책,시듦현상,ㅇ 고온기에 잎자루 및 잎이 시드는 현상 ㅇ 여름철에는 반드시 빛가림(35%)하고 충분히 환기하여 온도를 내림,시클라멘 농작업일정.hwpx,표5/행1
시클라멘,,기상재해대책,기형화현상,"ㅇ 꽃자루가 짧아지고 꽃잎의 미전개 ㅇ 급격한 온도 및 수분 변화, 양액 공급 과다 시 생리불균형으로 발생 ㅇ 생육적온 20℃ 전후 온도를 전 생육 기간에 유지 ㅇ 과습, 건조의 반복은 금물",시클라멘 농작업일정.hwpx,표5/행2
시클라멘,,기상재해대책,꽃눈 말라 죽음,ㅇ 꽃눈 정상적으로 분화 후 말라 죽음 ㅇ 원인 : 고온과 강한 햇빛 ㅇ 환기를 철저히 하여 식물체를 튼튼하게 키우거나 빛가림,시클라멘 농작업일정.hwpx,표5/행3
시클라멘,,기상재해대책,생육정지 및 말라 죽음,ㅇ 아주심기 후 고온기 도래로 국내 적응가능 품종이 아닐 경우 생육정지 및 말라 죽음 ㅇ 국내 기후 적합 우량품종 선택,시클라멘 농작업일정.hwpx,표5/행4
신선초,,생리적특성,생리적특성,ㅇ 아열대지방 원산의 다년생 초본으로 원줄기는 높이가 1m에 달함 / ㅇ 미나리 처럼 7∼8월에 연한 녹색을 띠는 흰꽃을 피움 / ㅇ 독특하고 강한 향이 있음,신선초 농작업일정.hwpx,표2/행3/0
신선초,,기상재해대책,가 뭄,"ㅇ 물주기 실시 : 이동식 스프링클러, 점적관수 ㅇ 과습하거나 건조하면 말라 죽음 ㅇ 웃거름은 관비 형태로 액비로 공급",신선초 농작업일정.hwpx,표6/행1
심비디움,,기상재해대책,"꽃떨림 현상 (Blasting, 화비현상)","ㅇ 30℃ 이상의 고온이 되면 꽃대가 자라지 못하고 누렇게 변해 고사 ㅇ 조생 품종은 고랭지 재배, 여름철 저온관리",심비디움 농작업일정.hwpx,표5/행1
심비디움,,기상재해대책,엽소현상,ㅇ 잎이 고광도에 의해 누렇게 되면서 타 버림 (장마 이후 최소 30% 빛가림 요망),심비디움 농작업일정.hwpx,표5/행2
심비디움,,기상재해대책,꽃눈형성과 온도관리,"ㅇ 잎의 기부마다 절이 있고 벌브 한 개에는 12~14절이 있음 ㅇ 곁눈은 아래쪽 1~4번째가 크고 그 위에 있는 것은 아주 작으며 2~4번째에서 꽃눈이 생김 ㅇ 꽃눈의 발달과 신장은 온도 영향이 큼 ㅇ 7~8월의 고온기에 생긴 꽃눈은 15℃ 내외의 야간온도일 때 가장 순조롭고, 20℃ 이상 고온이 되면 개화 지연 ㅇ 10월 이후에 생긴 꽃눈은 야간온도가 높을수록 개화",심비디움 농작업일정.hwpx,표5/행3
심비디움,,기상재해대책,촉성재배 꽃눈분화,"ㅇ 7월 이전 꽃눈이 분화되도록 생육 촉진 ㅇ 7월 상순~9월 하순까지 2개월 정도 표고 800~1,000m의고랭지에서 자연 저온처리 후 온실로 옮김",심비디움 농작업일정.hwpx,표5/행4
쑥갓,,생리적특성,ㅇ 고온장일에서 꽃대신장,"ㅇ 1년생 초본으로 더위에 강하고, 병해충의 피해가 적으며 생육이 빠름 / ㅇ 추위에도 비교적 강한 편이어서 10℃까지는 생육하고 겨울 에는 방한 시설만으로 재배가 가능하므로 연중재배 가능 / ㅇ 주요 품종은 대엽종, 중엽종, 소엽종이 있음",쑥갓 농작업일정.hwpx,표2/행3/0
쑥갓,,기상재해대책,가 뭄,"ㅇ 물주기 실시 : 이동식 스프링클러, 점적관수 ㅇ 발아 불량 ㅇ 잎은 생육 불량 ㅇ 웃거름은 관비 형태로 액비로 공급",쑥갓 농작업일정.hwpx,표6/행1
아스파라거스,,생리적특성,생리적특성,"ㅇ 서늘한 기후에서 수명이 길고 재배도 쉬움, 우리나라 전국 재배 가능 / ㅇ 휴면 중인 지하경은 추위에 강해 저온에 잘 견딤 / 어린순은 5℃ 정도에서 움이 트나 순의 신장에는 10℃ 이상의 온도가 필요함 / ㅇ 토양적응성은 넓은 편이나 토양수분에 민감하므로 지하 수위가 낮아야 함 / ㅇ 경제적 수명은 10~15년이며 이후 갱신",아스파라거스 농작업일정.hwpx,표2/행6/0
아스파라거스,,기상재해대책,토양 건조,"ㅇ 곡경 등 생리장해 발생 : 초기에는 전면살수, 줄기를 세운 후에는 점적관수 ㅇ 바닥덮기(멀칭) 재배",아스파라거스 농작업일정.hwpx,표6/행2
아스파라거스,,기상재해대책,가을가뭄,"ㅇ 물주기 : 주기적 물주기 실시 ㅇ 짚 등 바닥덮기(멀칭) ㅇ 망사덮기, 살충제 살포",아스파라거스 농작업일정.hwpx,표6/행5
아스파라거스,,기상재해대책,한 파,ㅇ 어린순 언피해 온도 : 0℃ ㅇ 휴면포기 언피해 방지 : 퇴비나 흙 등으로 덮기,아스파라거스 농작업일정.hwpx,표6/행6
아욱,,생리적특성,생리적특성,ㅇ 1년초로 키가 60~90cm에 달하며 포기 전체에 거친 털이 있음 / ㅇ 원산지는 중국을 중심으로 북부온대에서 아열대로 추정되며 아시아 및 유럽 남부에서 오래전부터 약초로 재배됨 / ㅇ 우리나라에는 고려시대 이전에 전파된 것으로 추정 / ㅇ 햇빛이 많이 드는 습한 땅을 좋아함 / ㅇ 칼슘 성분이 특히 많아 성장기 어린이에게 좋으며 여름철 훌륭한 알칼리성 식품,아욱 농작업일정.hwpx,표2/행2/0
아욱,,기상재해대책,가뭄,ㅇ 물주기 - 이동식 스프링클러 설치 물주기 - 시설 내에서는 고정식으로 소형 스프링클러 물주기 - 제때 씨뿌림,아욱 농작업일정.hwpx,표6/행1
아욱,,기상재해대책,토성,ㅇ 수분이 충분한 땅을 좋아하며 토양 적응성이 넓음 ㅇ 토양의 pH를 6~7 범위에서 유지,아욱 농작업일정.hwpx,표6/행4
아이리스,,기상재해대책,블라인드,"ㅇ 피해 증상 : 꽃대가 생기지 않고 새로운 알뿌리 형성 ㅇ 발생 원인 : 작은 알뿌리, 휴면 덜 깸, 지나친 저온처리 (온도, 기간) ㅇ 대책 - 촉성재배 작형은 대형 알뿌리 이용 - 고온처리, 저온처리(9℃에 4~6주) 후 아주심기 - 작형별 적합한 품종 선정 - 뿌리내림되지 않은 알뿌리를 아주심기",아이리스 농작업일정.hwpx,표6/행1
아이리스,,기상재해대책,블라스팅,"ㅇ 피해 증상 : 영양 부족으로 꽃눈이 발육하지 못하고 일찍 말라 죽음 ㅇ 발생 원인 - 작은 알뿌리 또는 이병 알뿌리 이용 - 생육 중 뿌리의 발육 부진 - 재배 중 물주기 불량 : 과습 및 건조 - 지나친 밀식 - 생육 초기 및 중기에 25℃ 이상 고온 - 고온처리 및 저온처리 부적합 - 햇빛 부족 ㅇ 대책 - 큰 알뿌리 사용, 저장 및 생육 중 병해충 방제 철저 - 뿌리내림이 되지 않은 알뿌리 이용 - 아주심기 후 수분관리 및 토양 병해충 방제 철저 - 밀식, 질소질 과용 피할 것 - 생육 중 온도관리(주간 16~17℃, 야간 13℃) - 반드시 고온처리(30~35℃에 2주) 후 저온처리",아이리스 농작업일정.hwpx,표6/행2
안개초,,생리적특성,ㅇ 꺾꽂이묘의 생육특성,"ㅇ 추위에 강한 작물로 가을에 로제트 상태로 되어 월동 / ㅇ 매우 추운 곳에서는 지상부가 죽고 지표면에 월동아가 발생하여 월동 / ㅇ 봄에 온도가 올라가면 로제트가 타파되어, 줄기가 신장한 후 초여름에 개화 / 저온, 장일, 강광 → 생육, 개화 / 고온, 장일 → 조기 꽃대신장 / 고온 → 저온, 단일, 약광 → 로제트 형성 / 저온 → 생육정지 → 저온, 장일, 강광 → 왕성한 생육, 개화 → 고온, 장일 → 조기 꽃대신장 / 저온→ 생육정지 → 고온 → 로제트 유도 → 저온, 단일, 약광 및 양분ㆍ 수분 부족 → 로제트 형성",안개초 농작업일정.hwpx,표1/행4/0
안개초,,기상재해대책,로제트,"ㅇ 가을-봄철에 생육이 정지되어 총생하는 현상 ㅇ 주요 원인 : 저온 및 일조시간 부족 - 온도 : 10℃ 이하, 일장 : 8시간(생육정지) 이하 ㅇ 방지대책 - 가을-봄철 저온기에 10℃이상, 12시간 이상의 일장으로 유지 - 생육 초기에 충분한 물주기",안개초 농작업일정.hwpx,표5/행1
안개초,,기상재해대책,기형화,"ㅇ 꽃잎이 많아져 꽃이 경단 모양으로 커지는 현상 ㅇ 주요 원인 : 온도가 30℃ 이상 계속될 때 많이 발생 ㅇ 대책 : 빛가림, 환기 등으로 25℃ 이하 되도록 관리",안개초 농작업일정.hwpx,표5/행2
안개초,,기상재해대책,이어짓기 장해,"ㅇ 이어짓기에 따른 돌림병 발생 및 절화 수량 감소하는 현상 ㅇ 주요 원인 - 이어짓기에 따른 토양 전염병 발생 - 토양의 이화학적 특성의 변화 ㅇ 방지대책 - 토양소독 철저 및 건전묘 심기 - 수확 후 담수하여 제염하거나, 다른 작목으로 돌려 짓기 - 유기물 증시 및 과잉 비료주기 금지 - 주기적인 예방 위주의 병해충 방제",안개초 농작업일정.hwpx,표5/행3
양배추,,생리적특성,생리적특성,"ㅇ 서늘한 기후를 좋아하며, 저온성 채소로 생육 초기에는 고온에 비교적 잘 견디나 결구기에는 고온에 약함 / ㅇ 잎수가 8~10매 이상 되어 14℃ 이하의 저온을 만나면 꽃눈이 분화하는 녹식물체 춘화형 식물",양배추 농작업일정 -.hwpx,표2/행5/0
양배추,,기상재해대책,저온 꽃대신장,ㅇ 저온 감응이 둔한 품종재배 ㅇ 5월 상순 이후 씨뿌림 ㅇ 모 기르기 시 야간 10℃ 이상 보온,양배추 농작업일정 -.hwpx,표6/행1
양배추,,기상재해대책,봄가뭄,"ㅇ 물주기, 모 기르기, 아주심기 - 간이 저수장 설치 - 이동식 스프링클러 설치 ㅇ 짚 덮기, 비닐덮기(멀칭) ㅇ 살충제 살포",양배추 농작업일정 -.hwpx,표6/행2
양배추,,기상재해대책,호 우,"ㅇ 배수구 정비 ㅇ 다시 뿌림, 덧뿌림(조생종, 반결구종) ㅇ 엽면 비료 주기, 살균제 살포",양배추 농작업일정 -.hwpx,표6/행3
양배추,,기상재해대책,가을가뭄,"ㅇ 이동식 스프링클러 설치 물주기 ㅇ 짚 덮기 ㅇ 망사덮기, 모 기르기, 아주심기 재배, 살충제 살포",양배추 농작업일정 -.hwpx,표6/행4
양배추,,기상재해대책,한 파,"ㅇ 언 피해 온도 : -3~-4℃ ㅇ 섬피, 비닐 덮기 ㅇ 적기 수확, 임시저장, 움저장",양배추 농작업일정 -.hwpx,표6/행5
체리,체리,생리적특성,ㅇ 일조량이 많을수록 좋음,"ㅇ 추위에 약함, 언피해 및 늦서리 피해 주의 / ㅇ 자가불화합성 및 타가불화합성이 강하므로 친화성이 있는 수분수를 20~30% 섞어 심어야 함 / ㅇ 뿌리 발육에는 포장 용수량의 65~80%가 적당",양앵두(체리) 농작업일정.hwpx,표2/행4/0
체리,체리,기상재해대책,마그네슘 결핍,"ㅇ 증상 : 5월 하순부터 신초 기부엽부터 발생엽맥 간에 황록~ 황색 증상 발생 ㅇ 원인 : 토양 중 치환성 마그네슘 부족, 칼륨(K) 과잉흡수로 길항작용에 의한 마그네슘(Mg) 흡수 저하 ㅇ 대책 - 고토석회 시용(늦가을~이른 봄) - 황산마그네슘 1.5% 엽면 살포 - 칼륨(K) 비료 과잉 공급을 피함",양앵두(체리) 농작업일정.hwpx,표4/행1
체리,체리,기상재해대책,붕소 결핍,"ㅇ 증상 : 열매지름이 짧고 열매 맺는 비율 저하, 꽃눈착생 불량, 과실비대기에 축과증상, 배(胚)발달 불량 ㅇ 원인 : 붕소 부족, 토양 산성화에 따른 붕소 용탈 ㅇ 대책 - 붕소 시용(과잉 시용 금지) - 엽면 비료 주기(붕사 0.2%) - 토양 건조 방지 및 퇴비 시용",양앵두(체리) 농작업일정.hwpx,표4/행2
체리,체리,기상재해대책,열매터짐 (열과),ㅇ 증상 : 성숙기 및 수확 직전 과실이 갈라지는 현상 ㅇ 원인 : 강우에 따른 수분흡수로 과실표면 팽창 ㅇ 대책 - 토양수분의 급격한 변화 방지 - 변색기 비가림 시설(비가림 높이는 나무 키의 1.5~2m 위에 설치),양앵두(체리) 농작업일정.hwpx,표4/행3
양파,,생리적특성,생리적특성,"ㅇ 양파 씨앗은 광이 없는 어두운 조건에서 발아 잘 됨 / ㅇ 25℃ 이상의 고온에서는 생육 정지 및 휴면 / ㅇ 양파 줄기비대에는 일정한 시간 이상의 일장이 있어야 하며 조생종은11.5~13시간, 중만생종은 13~14.3시간이 필요",양파 농작업일정.hwpx,표2/행4/0
양파,,기상재해대책,호 우,"ㅇ 모판설치 : 배수 양호한 곳 ㅇ 씨뿌림 후 빛가림망, 짚, 왕겨 등 덮기 ㅇ 발아 직후 덮기물 제거 ㅇ 모잘록병약 토양관주",양파 농작업일정.hwpx,표6/행1
양파,,기상재해대책,가 뭄,ㅇ 물주기 : 스프링클러 설치 ㅇ 비닐 위에 흙을 흩어 뿌려 증발 억제 ㅇ 파총채벌레 방제,양파 농작업일정.hwpx,표6/행3
양파,,기상재해대책,장 마,"ㅇ 배수구 정비, 습해예방, 살균제 살포 ㅇ 적기 수확, 수확 후 건조 철저",양파 농작업일정.hwpx,표6/행4
양파,,기상재해대책,"꽃대신장, 분구","ㅇ 꽃대신장 및 분구가 적은 품종 선택 ㅇ 적기 씨뿌림 및 아주심기, 합리적인 비료주기 관리",양파 농작업일정.hwpx,표6/행5
양파,,기상재해대책,"알터짐(열구), 변형구","ㅇ 토양수분 급격한 변화 지양, 웃거름 늦게 안 주기 ㅇ 적당한 심는 거리 유지, 포장 정지작업 철저",양파 농작업일정.hwpx,표6/행6
연근,,생리적특성,ㅇ 수생의 여러해살이 식물,"ㅇ 땅속줄기 선단에 뿌리줄기(연근)을 형성 / ㅇ 수온이 낮거나 수심이 너무 깊으면 연근비대 억제 / ㅇ 6~8월의 일조 부족 및 태풍은 감수 원인이 됨 / ㅇ 끝눈, 곁눈, 잎눈을 동시에 갖고 있음 / ㅇ 아주심기 후 끝눈이 신장하여 차례로 마디를 증가 시킴 / ㅇ 사질토는 조기 재배가 가능하고 육질이 희어 시장성이 좋으나 육질이 연하여 품질이 떨어짐 / ㅇ 이어짓기 하면 부패병 다발생",연근 농작업일정.hwpx,표2/행4/0
연근,,기상재해대책,아주심기 시기 저온,"ㅇ 기온 15℃ 이상, 지온 12℃ ㅇ 낮에는 물을 낮게, 밤에는 깊게 댐",연근 농작업일정.hwpx,표6/행1
연근,,기상재해대책,병해충방제,ㅇ 부패병 - 적지재배(유기질이 많은 진흙땅) - 무병지에서 씨받이 한 씨뿌리 아주심기 - 씨앗 소독 후 아주심기 ㅇ 연 밤근나방 - 연 4~5회 발생(가물 때 많이 발생) - 초기 약제 살포,연근 농작업일정.hwpx,표6/행5
오리엔탈나리(촉성재배),촉성재배,생리적특성,생리적특성,ㅇ 오리엔탈 촉성재배 저온처리 : 2∼5℃에 8∼10주 / ㅇ 촉성재배 시 싹을 5cm 정도 틔워서 아주심기 / ㅇ 억제재배를 위해 알뿌리는 -1.5℃에 장기저장 / (9개월 이내가 적당하며 그 이상은 알뿌리 영양 소모가 많아 어려움) / ㅇ 야간온도는 주간온도보다 5∼10℃ 낮게 관리 / ㅇ 햇빛이 너무 강하면 엽소현상(잎이 타는 현상) 발생 / ㅇ 여름철 재배는 30∼40% 빛가림 필요,오리엔탈나리(촉성재배) 농작업일정.hwpx,표2/행3/0
오리엔탈나리(촉성재배),촉성재배,기상재해대책,저온 및 동해,"ㅇ 겨울철 촉성재배 시 주로 발생 ㅇ 야간 13℃ 이상 보온 ㅇ 저온 피해는 5℃ 이하, 동해는 0℃ 이하 장시간 노출 시 발생",오리엔탈나리(촉성재배) 농작업일정.hwpx,표6/행1
오리엔탈나리(촉성재배),촉성재배,기상재해대책,엽소현상,ㅇ 촉성 및 억제재배 시 주로 발생 ㅇ 아주심기 후 초장 30~40cm에서 발생 ㅇ 하우스 내 고온다습 시 발생 ㅇ 일시적 칼슘 부족 현상 ㅇ 아주심기 전 충분한 물주기 및 충실한 알뿌리 이용 ㅇ 겨울재배 시 주간 20℃ 이상 되지 않게 관리 ㅇ 엽소에 민감한 품종은 꽃봉오리 출현 전부터 염화 칼슘 0.1% 용액을 2일 간격으로 살포 ㅇ 큰 알뿌리를 이용하지 말고 고온기에는 깊게 아주심기,오리엔탈나리(촉성재배) 농작업일정.hwpx,표6/행2
오리엔탈나리(촉성재배),촉성재배,기상재해대책,블라인드 및 블라스팅,ㅇ 블라인드는 외적 조건에 따라 꽃눈분화 안 됨 ㅇ 블라스팅은 분화된 꽃눈이 발달하지 못하거나 발달 도중 꽃봉오리가 떨어지는 현상 ㅇ 방제 방법 - 충실한 알뿌리 이용 및 수분관리 철저 - 생육 초기 5℃ 이하의 저온에 장시간 노출 금지 - 주야간 온도차 심하지 않게 관리 - 생육적온 범위 내에서 관리 - 충분한 일조량과 알뿌리 식재 시 알뿌리가 건조하지 않도록 주의,오리엔탈나리(촉성재배) 농작업일정.hwpx,표6/행3
오이,,생리적특성,생리적특성,"ㅇ 암꽃과 수꽃이 한 주에 따로 피는 식물로 성분화에는 온도와 일장이 주로 관여 / ㅇ 모 기르기 시 15℃ 정도의 야간저온과 8~10시간의 단일조건에서 암꽃 분화 촉진 / ㅇ 단위 결과성이 높은 열매채소 / ㅇ 덩굴쪼김병 방제, 저온신장성·내서성 강화, 잎자람새(초세) 유지를 위해 접목재배",오이 농작업일정.hwpx,표2/행5/0
오이,,기상재해대책,재해대책,"ㅇ 폭설, 폭풍대비 하우스 시설 보강 ㅇ 피해 발생시 즉시 응급복구 ㅇ 강풍대비 비닐끈 고정",오이 농작업일정.hwpx,표6/행1
오이,,기상재해대책,순멎이현상,"ㅇ 저온, 단일에서 발생 ㅇ 모 기르기 시 건조하거나 질소가 부족할 때 ㅇ 적온관리 : 낮 23~25℃, 밤 12℃이상 ㅇ 알맞은 물주기, 웃거름 주기",오이 농작업일정.hwpx,표6/행2
오이,,기상재해대책,"부정형과 (곡과, 선세과, 곤봉과)","ㅇ 열매자람이 나쁠 때 ㅇ 고온, 저온 및 햇볕이 부족할 때 ㅇ 질소거름이 적을 때 ㅇ 저온에 강한 품종을 선택하고 적온관리 ㅇ 질소 웃거름 주기 및 충분한 물주기",오이 농작업일정.hwpx,표6/행3
오이,,기상재해대책,쓴맛과,"ㅇ 질소가 너무 많거나 인산 및 칼리가 부족할 때 ㅇ 저온, 고온 건조, 다습 및 햇빛이 부족할 때 ㅇ 거름주기를 알맞게 하고 보온 및 햇볕을 잘 쪼이게 함 ㅇ 알맞은 품종선택 및 토양적습 유지",오이 농작업일정.hwpx,표6/행4
옥수수,,기상재해대책,가뭄,ㅇ 생육초기 중경을 다소 깊게 해주어 지표면에 가까운 뿌리를 끊어 뿌리가 깊게 자라도록 유도 ㅇ 물을 이랑사이에 흠뻑 젖도록 관수,옥수수 농작업일정.hwpx,표5/행1
옥수수,,기상재해대책,습해,"ㅇ 저습지나 과습지에 객토, 명거배수, 암거배수 ㅇ 고휴재배 ㅇ 유기물, 토양개량제 시용하여 토양통기 및 투수성 증진 ㅇ 요소, 미량원소 등 엽면시비 : 요소 2%액",옥수수 농작업일정.hwpx,표5/행2
옥수수,,기상재해대책,서리,"ㅇ 늦서리가 오는 날로부터 15일전, 평균기온 10~15℃ 이상일 때 파종 ㅇ 옥수수를 늦게 심은 경우 파종한계기 이전에 파종",옥수수 농작업일정.hwpx,표5/행3
옥수수,,기상재해대책,냉해,"ㅇ 저온에 강한 품종선택 ㅇ 이중커튼, 거적, 이동난로 이용 보온 ㅇ 퇴비, 인산을 충분히 시용, 추비 주기, 일찍 중경",옥수수 농작업일정.hwpx,표5/행4
온시디움,,기상재해대책,고온장해,ㅇ ‘샤리베이비’라는 품종의 잎에는 바이러스에 따른 괴저로 검은 반점과 비슷한 증상이 나타나는데 이 증상은 30℃ 이상 고온이 되면 생김 ㅇ 개화주는 고랭지에 옮기거나 온도를 낮추어 관리,온시디움 농작업일정.hwpx,표3/행1
온시디움,,기상재해대책,주야간 온도차,ㅇ 주야간 온도 교차가 심할 경우 새 벌브에서 전개되는 잎이 융단처럼 포개져 주름이 생김,온시디움 농작업일정.hwpx,표3/행2
온시디움,,기상재해대책,엽소현상,ㅇ 빛이 강할 경우 엽색이 누렇게 변색되고 생육이 저하되므로 적정 빛가림 조건(50% 빛가림) 유지,온시디움 농작업일정.hwpx,표3/행3
온시디움,,기상재해대책,개화특성,"ㅇ 온도와 개화 - 보이시엔스의 신경생장과 화경출현은 고온에서 촉진. 화경의 분지수와 화경당 작은 꽃송이는 오히려 15℃에서 많아짐. 즉 꽃눈형성과 개화 속도는 고온에서, 꽃송이 증가는 저온에서 촉진. 따라서 10℃ 이하에서는 화경이 출현하지 않고, 30℃에서는 신장하기 시작한 화서가 말라 죽음 ㅇ 일장과 개화 일장의 영향은 벌브 생장단계에 따라 반응이 다름",온시디움 농작업일정.hwpx,표5/행2
유자,,생리적특성,생리적특성,"ㅇ 가지·뿌리 생장기 : 봄, 여름, 가을 3회 / ㅇ 발아시기 : 4월 초순 시작, 4월 25일 전후 최성기 / ㅇ 세포분열기는 5월 하순경으로 개화수와 꽃의 종류(직화, 유엽화) 등이 개화기의 기온과 영양상태에 따라 결정",유자 농작업일정.hwpx,표1/행4/0
유자,,기상재해대책,언피해,ㅇ 병해충 관리로 낙엽방지 ㅇ 과다 열매달림 방지 ㅇ 월동 전 저장양분의 충분한 축적 ㅇ 월동 전 충분한 물주기 ㅇ 수관 피복,유자 농작업일정.hwpx,표5/행1
유자,,기상재해대책,"조풍해, 한풍해","ㅇ 10시간 이내 염분세척(3톤/10a) ㅇ 상처 부위 도포제 처리 및 열매솎기 ㅇ 8월 이내 내습 시 요소 비료 주기 ㅇ 방풍림 조성, 방풍망 설치",유자 농작업일정.hwpx,표5/행2
유자,,기상재해대책,부피과,"ㅇ 적기수확, 성숙기 질소질 적정 시용 ㅇ 착색 초기 탄산칼슘 200배 살포",유자 농작업일정.hwpx,표5/행3
유자,,기상재해대책,일소과,"ㅇ 과실의 직사광선 노출 차단 ㅇ 봉지씌우기 ㅇ 과실비대 중기 붕소, 칼리 엽면 살포",유자 농작업일정.hwpx,표5/행4
유채,,기상재해대책,파종,ㅇ 파종 적기 준수 및 파종 후 복토 ㅇ 파종시기 가뭄시 스프링클러 이용 관수 및 답압 ㅇ 파종 후 3일 이내에 제초제(나프로파마이드 수화제) 살포 ㅇ 논 재배의 경우 논둑 바깥까지 배수로 작업 실시,유채 농작업일정.hwpx,표7/행1
유채,,기상재해대책,생육 재생기,ㅇ 잡초 발생시 고랑 사이에 제초제(글루포시네이트암모늄 액제) 살포 ㅇ 물이 고이는 부분의 배수구 정비,유채 농작업일정.hwpx,표7/행2
유채,,기상재해대책,병해,"ㅇ 균핵병 - 약제 : 플루디옥소닐 액상수화제, 보스칼리드 입상수화제, 카벤다짐, 디에토펜카브 수화제 - 방제시기 : (1차) 개화가 50% 되었을 때 → (2차) 10일 후 ㅇ 흰가루병 - 약제 : 플루티아닐 유제, 트리플루미졸 수화제, 펜티오피라드 유제, 플룩사피록사드 액상수화제 - 방제시기 : 발병 발생 초기",유채 농작업일정.hwpx,표7/행3
유채,,기상재해대책,충해,"ㅇ 양배추가루진딧물, 무테두리진딧물 - 약제 : 아세타미프리드 수화제, 피메트로진 수화제 - 방제시기 : 개화기 및 착협기, 진딧물 발생 초기(잎 뒷면에 서식 하므로 골고루 살포) ㅇ 유럽좁쌀바구미 - 약제 : 비펜트린 수화제, 티아클로프리드 액상수화제, 델타메트린 유제 - 방제시기 : 개화기 및 결실기",유채 농작업일정.hwpx,표7/행4
이탈리안라이그라스,,기상재해대책,파종기 강우,ㅇ 벼 수확 전 입모중 파종 ㅇ 벼 수확 즉시 파종 ㅇ 적기파종 : 중부지방 파종 한계기 10월 5일 ㅇ 배수로 정비,이탈리안라이그라스 농작업일정.hwpx,표8/행1
이탈리안라이그라스,,기상재해대책,저온 (월동관리),"ㅇ 적기파종 월동력 향상 - 분얼 3개, 엽수 3엽, 초장 15~20cm 정도 ㅇ 파종 후 눌러주기(진압) : 분얼촉진, 동해예방, 서릿발 방지 ㅇ 밑거름 보다 월동 후 웃거름 위주 시비 ㅇ 배수로 정비 : 빗물이 고이지 않도록 배수로 정비",이탈리안라이그라스 농작업일정.hwpx,표8/행2
이탈리안라이그라스,,기상재해대책,봄가뭄,ㅇ 월동 후 토양 눌러주기(진압) 서릿발 피해 예방 ㅇ 오랜 가뭄이 지속될 때 액비 등을 이용한 추비 시용 ㅇ 관수 가능지역은 1일 관수,이탈리안라이그라스 농작업일정.hwpx,표8/행3
이탈리안라이그라스,,기상재해대책,도복 및 기타,"ㅇ 수확 시 도복된 것은 2~3일 후 일어 선 후 수확 ㅇ 병충해 발생 시 조기 수확 ㅇ 이용 목적별 적기 수확 : 청초, 건초, 담근먹이",이탈리안라이그라스 농작업일정.hwpx,표8/행4
자두,,생리적특성,생리적특성,"ㅇ 대부분 자가불화합성이므로 반드시 수분수를 섞어 심어야 함 / ㅇ 세 번 생리적 낙과기가 있음 / 1기 낙과 : 개화기 직후 불완전화에 의한 낙과 / 2기 낙과 : 개화 20일 후 발생, 수정이 이루어지지 않은 과일 낙과, 낙과의 대부분은 2기에 발생 / 3기 낙과 : 과일이 콩 크기만 할 때부터 수확 전까지 발생, 양분 경쟁에 의한 배 발육 정지로 낙과",자두 농작업일정.hwpx,표3/행2/0
자두,,기상재해대책,착과조절,"ㅇ 열매솎기 시기 : 1차(만개 후 30일경), 2차(만개 후 50~60일까지) ㅇ 열매솎기 정도 : 중과성 품종은 6~8cm 당 1과, 대과성 품종은 8~10cm 당 1과 ㅇ 열매솎는 방법 : 기형과, 병해충 피해과를 솎아내고 모양이 원형에 가까운 것보다는 길쭉한 과일을 남김",자두 농작업일정.hwpx,표5/행1
자두,,기상재해대책,토양관리,"ㅇ 깊이갈이 - 연차 간 계획 아래 휴면기에 실시 - 깊이 40cm 구덩이에 석회, 완숙퇴비 시용",자두 농작업일정.hwpx,표5/행2
자두,,기상재해대책,겨울약제,"ㅇ 기계유유제 - 석회유황합제 살포 20~30일 전 - 진딧물, 응애, 나방, 깍지벌레 등 방제에 효과 - 기계유유제 20-25배액 ㅇ 석회유황합제 - 만개 20~30일 전 살포 - 검은별무늬병, 잿빛무늬병, 깍지벌레, 응애 등 방제에 효과 ㅇ 석회보르도액 - 만개 1주~ 직전 살포 - 검은점무늬병, 세균구멍병, 탄저병 방제에 효과 ※ 각 겨울약제 살포는 최소 2주간 간격을 주어야 약해 피해가 없음 ※ 겨울 약제는 1년 병해충 발생에 큰 영향을 미치므로 바람이 불지 않는 시간을 택하여 나무에 골고루 약제가 묻을 수 있도록 꼼꼼히 쳐줌",자두 농작업일정.hwpx,표5/행3
장미,,기상재해대책,블라인드 현상,"ㅇ 꽃눈분화가 되지 않고 퇴화되는 현상 ㅇ 주요 원인 - 광조건 불량, 낮은 야간온도 조건 - 잎수 부족에 따른 영양생리 장해 ㅇ 방지 대책 - 겨울 동안 광조건 개선 - 야간의 최저온도를 14℃ 이상 관리 - 환경 불량이나 병해충 발생에 의한 낙엽현상 방지",장미 농작업일정.hwpx,표6/행1
장미,,기상재해대책,기형화 발생,ㅇ 화변이 짧고 화변 수가 많아서 꽃봉우리가 짧고 단단해 지는 현상 ㅇ 주요원인 : 화아분화 초기의 저온에 접했을 경우 ㅇ 방지 대책 : 꽃눈 분화기 보온관리 철저,장미 농작업일정.hwpx,표6/행2
장미,,기상재해대책,화색변화,"ㅇ 박카라 등의 품종에서 꽃색깔이 검게 나타나는 현상 ㅇ 주요원인 : 온도의 일교차가 심하고 햇빛조건이 불량할 때 ㅇ 방지대책 : 광선, 온도 등 재배환경 개선 관리 철저",장미 농작업일정.hwpx,표6/행3
적채,,생리적특성,ㅇ 추위에 강함(-4℃),"ㅇ 2년생 초본으로 결구 시 18~20매 엽수 필요 / ㅇ 물주기 불량 시 결구비대 불량, 쓴맛 증가",적채 농작업일정.hwpx,표2/행4/0
적채,,기상재해대책,모 기를 때 저온,ㅇ 제떼 씨뿌림 ㅇ 야간 15℃ 이상 보온 ㅇ 모잘록병 방제 ㅇ 예비 육묘상 설치,적채 농작업일정.hwpx,표6/행1
적채,,기상재해대책,가뭄,"ㅇ 물주기 후 아주심기 ㅇ 진딧물, 응애 등 해충 방제 ㅇ 비닐덮기(멀칭) 재배 ㅇ 물주기 실시 - 이동식 스프링클러 설치 - 점적관수 시설 설치",적채 농작업일정.hwpx,표6/행2
적채,,기상재해대책,"장마, 호우 및 태풍","ㅇ 배수구 정비 ㅇ 병해충 종합방제 - 돌려짓기, 배수 설치. 퇴비증시 ㅇ 엽면 비료 시비",적채 농작업일정.hwpx,표6/행3
쪽파,,생리적특성,ㅇ 짧은 생육 기간,ㅇ 서늘한 기후에서 생육이 잘됨 / ㅇ 일장이 길어지고 온도가 높아지면 잎끝이 마르면서 시듦 현상이 발생하고 구를 형성함,쪽파 농작업일정.hwpx,표3/행3/0
쪽파,,기상재해대책,봄가뭄,"ㅇ 물주기 : 이동식 스프링클러 ㅇ 짚 덮기, 비닐 덮기(멀칭) ㅇ 고자리파리 방제",쪽파 농작업일정.hwpx,표7/행1
쪽파,,기상재해대책,노균병,"ㅇ 봄철 이슬비, 강우 후 안개가 자주 있을때 발생 ㅇ 질소과다 시, 다습할 때 발생 ㅇ 적용약제를 전착제와 섞어 살포",쪽파 농작업일정.hwpx,표7/행3
참깨,,기상재해대책,기상재해 가뭄,ㅇ 골에 부직포 등 엎기로 수분증발 억제 ㅇ 덮은 비닐이 바람에 날리지 않도록 함,참깨 농작업일정.hwpx,표5/행1
참깨,,기상재해대책,장마(습해),ㅇ 배수구 정비로 습해 사전 예방 ㅇ 습해로 인한 병 발생 식물체 조기 제거,참깨 농작업일정.hwpx,표5/행3
참깨,,기상재해대책,병해방제,ㅇ 3년 1기 돌려짓기 ㅇ 비닐덮기 재배 ㅇ 발병 상습지역 재배시기 조정(장마기간 회피),참깨 농작업일정.hwpx,표5/행4
참다래,,생리적특성,생리적특성,ㅇ 휴면타파를 위해 6~7℃에서 600~800시간 저온기간 요구 / ㅇ 암나무와 수나무가 분리된 자웅이주로 자가열매맺음성이 없어 인공수분 필요 / ㅇ 암꽃은 결과지 기부 2~3마디와 6~7마디에 착생 / ㅇ 수꽃은 기부 1~9마디에 착생,참다래 농작업일정 -.hwpx,표1/행4/0
참다래,,기상재해대책,"언 피해, 건조해","ㅇ 월동 전 저장양분의 충분한 축적 ㅇ 월동 전 충분한 물주기 ㅇ 지제부 보온자재 덮기 ㅇ 과다 열매달림 방지 ㅇ 미니스프링클러, 점적관수 설치",참다래 농작업일정 -.hwpx,표5/행1
참다래,,기상재해대책,"기형과, 일소과, 속빈 과일(공동과)","ㅇ 인공수분 후 과실표면 수술, 꽃밥 제거 ㅇ 기부 쪽 과실 열매솎기 ㅇ 과실의 직사광선 노출 차단 ㅇ 조기 낙엽 방지 ㅇ 9월 중순 이전 조기 낙엽 시 열매솎기 - 50% 이상 낙엽→50% 이상 열매솎기 ㅇ 속 빈 과일 선별 저장, 출하 - 물에 담가 바닥에서 뜨는 과실 제거",참다래 농작업일정 -.hwpx,표5/행3
참외,,생리적특성,생리적특성,"ㅇ 고온성 채소로 이른 봄 저온에 민감하여 피해를 받음 / ㅇ 건조와 일조를 좋아하여 흐리고 비가 많이 오는 곳에서는 재배 곤란 / ㅇ 암꽃, 수꽃 양전화가 한주에 따로 핌",참외 농작업일정.hwpx,표2/행5/0
참외,,기상재해대책,발효과 방지,"ㅇ 접목재배 시 질소질 비료 과다 주기 금지 ㅇ 적정 환경관리(적온유지, 후기 수분공급 억제) ㅇ 적정 열매달림(6~8과) 및 적절한 순지르기",참외 농작업일정.hwpx,표6/행1
참외,,기상재해대책,과실터짐 (열 과),ㅇ 열매가 자랄 때에 토양수분의 급변 및 저온 시 ㅇ 열매가 자랄 때 적온 및 토양 적습 유지,참외 농작업일정.hwpx,표6/행2
참외,,기상재해대책,배꼽과,ㅇ 꽃눈 분화기에 지나친 고온 또는 저온 시 ㅇ 생장조정제를 고농도로 처리할 때 ㅇ 열매 자랄 때 토양수분이 부족할 때 ㅇ 생장조정제를 알맞은 농도로 사용,참외 농작업일정.hwpx,표6/행3
참외,,기상재해대책,급성 시듦병,"ㅇ 수분흡수 곤란 시 발생, 적습관리 철저 ㅇ 과당 8~10매 잎수 확보 ㅇ 지나치게 촘촘히 심지 말 것 ㅇ 적온유지 및 햇빛 투과량을 많게 할 것 ㅇ 뿌리혹선충 및 덩굴쪼김병 방제 철저",참외 농작업일정.hwpx,표6/행4
참취,,생리적특성,ㅇ 독특한 향이 있음,ㅇ 국화과 다년생 초본으로 원줄기는 높이가 1m에 달함 / ㅇ 꽃대신장되는 잎줄기나 잎을 수확 / ㅇ 8~9월에 꽃대신장되어 두상화서로 흰 꽃을 피움,참취 농작업일정.hwpx,표2/행3/0
참취,,기상재해대책,가뭄,"ㅇ 물주기 실시 : 이동식 스프링클러, 점적관수 ㅇ 과습하거나 건조하면 말라 죽음 ㅇ 웃거름은 관비 형태의 액비로 공급",참취 농작업일정.hwpx,표6/행1
철쭉,,기상재해대책,광과 온도관리,ㅇ 하우스 내 온도가 20℃ 이상일 때 환기 ㅇ 꽃눈 발달 후 4~7℃ 40일 처리로 개화기 촉진 ㅇ 차광 : 여름 50% 빛가림,철쭉 농작업일정.hwpx,표5/행1
철쭉,,기상재해대책,병해충방제,"ㅇ 근부병 : 잘록병, 돌림병약 주기 ㅇ 떡병 : 옥시동, 리도밀동 등 살포 ㅇ 반점병 : 탄저병약 대체 살포 ㅇ 온실가루이 : 수프라사이드 등 적용약제 4~5회 연속 살포 ㅇ 응애 : 살비제 살포",철쭉 농작업일정.hwpx,표5/행2
청경채,,생리적특성,생리적특성,ㅇ 1년생 초본으로 차고 서늘한 기후에서 잘 자라지만 더위 에도 강함 / ㅇ 저온에서 꽃눈분화가 되어 장일조건에서 꽃대신장 / ㅇ 광적응성은 상당히 높지만 상추와 광포화점은 비슷함,청경채 농작업일정.hwpx,표2/행4/0
청경채,,기상재해대책,모 기를 때 저온,ㅇ 제때 씨뿌림 ㅇ 야간 15℃ 이상 보온 ㅇ 모잘록병 방제 ㅇ 예비 육묘상 설치,청경채 농작업일정.hwpx,표6/행1
청경채,,기상재해대책,가 뭄,"ㅇ 물주기 후 아주심기 ㅇ 진딧물, 응애 등 해충 방제 ㅇ 비닐덮기(멀칭) 재배 ㅇ 한여름 한랭사 재배 ㅇ 물주기 실시 - 이동식 스프링클러 설치 - 점적관수 시설 설치",청경채 농작업일정.hwpx,표6/행2
청경채,,기상재해대책,"장마, 호우 및 태풍","ㅇ 배수구 정비 ㅇ 병해충 종합방제 : 돌려짓기, 배수로 설치. 퇴비증시 ㅇ 엽면 비료 주기",청경채 농작업일정.hwpx,표6/행3
초지,,기상재해대책,봄가뭄,ㅇ 면적대비 적정이용 가축두수 확보 유지 ㅇ 적기 적량 추비시용 및 보파 ㅇ 방목 및 예취 이용시 적정 초장 유지 ㅇ 가벼운 방목실시로 눌러주기(진압)효과 유도 ㅇ 이동식 스프링클러 이용 관수,초지 농작업일정.hwpx,표7/행1
초지,,기상재해대책,병해충 방제,ㅇ 멸강나방 조기예찰 및 즉시 방제 - 1차 비래시기 : 5월 하순~6월 상순 - 2차 비래시기 : 7월 중순~7월 하순,초지 농작업일정.hwpx,표7/행2
초지,,기상재해대책,잡초방제,ㅇ 광엽잡초 방제 - MCPP 1.5배 약량으로 목초 예취 후 20일경 방제,초지 농작업일정.hwpx,표7/행3
초지,,기상재해대책,"하고, 기타",ㅇ 고온건조기의 초기관수 - 토양건조 및 지온상승 방지 - 목초 재생수량 증대 및 잡초발생 억제 ㅇ 고온기간 중 초지관리 - 적정초장 유지 (10cm 정도) - 충분한 재생기간을 줌 (6~7주 이상) - 질소비료 시용량을 줄임 ㅇ 장마전 목초이용으로 도복 및 습해방지,초지 농작업일정.hwpx,표7/행4
치커리,"쌈용, 잎치커리",생리적특성,생리적특성,"ㅇ 국화과에 속하는 다년생 초본 / ㅇ 호냉성 채소이지만 더위에도 강하고 뿌리는 추위에 강함 / ㅇ 꽃눈분화는 6℃ 이하 저온에서 하고 고온장일 조건에서 꽃대신장 / ㅇ 상추보다 광요구도가 조금 높음(약 25,000Lux)","치커리(쌈용, 잎치커리) 농작업일정.hwpx",표2/행4/0
치커리,"쌈용, 잎치커리",기상재해대책,모기를 때 저온,ㅇ 제때 씨뿌림 ㅇ 야간 15℃ 이상 보온 ㅇ 모잘록병 방제 ㅇ 예비 육묘상 설치,"치커리(쌈용, 잎치커리) 농작업일정.hwpx",표6/행1
치커리,"쌈용, 잎치커리",기상재해대책,가뭄,"ㅇ 물주기 후 아주심기 ㅇ 진딧물, 응애 등 해충 방제 ㅇ 비닐덮기(멀칭)재배 ㅇ 물주기 실시 - 이동식 스프링클러 설치 - 점적관수 시설 설치","치커리(쌈용, 잎치커리) 농작업일정.hwpx",표6/행2
치커리,"쌈용, 잎치커리",기상재해대책,"장마, 호우 및 태풍","ㅇ 배수구 정비 ㅇ 병해충 종합방제 : 돌려짓기, 배수로 설치, 퇴비증시 ㅇ 엽면 비료 주기","치커리(쌈용, 잎치커리) 농작업일정.hwpx",표6/행3
치커리,"치콘,뿌리치커리",생리적특성,생리적특성,"ㅇ 국화과에 속하는 다년생 초본 / ㅇ 호냉성 채소이지만 더위에도 강하고 뿌리는 추위에 강함 / ㅇ 꽃눈분화는 6℃ 이하 저온에서 하고 고온장일 조건에서 꽃대신장 / ㅇ 상추보다 광요구도가 조금 높음(약 25,000Lux)","치커리(치콘, 뿌리치커리) 농작업일정.hwpx",표2/행4/0
치커리,"치콘,뿌리치커리",기상재해대책,모 기를 때 저온,ㅇ 제때 씨뿌림 ㅇ 야간 15℃ 이상 보온 ㅇ 모잘록병 방제 ㅇ 예비 육묘상 설치,"치커리(치콘, 뿌리치커리) 농작업일정.hwpx",표6/행1
치커리,"치콘,뿌리치커리",기상재해대책,가뭄,"ㅇ 물주기 후 아주심기 ㅇ 진딧물, 응애 등 해충 방제 ㅇ 비닐덮기(멀칭)재배 ㅇ 물주기 실시 - 이동식 스프링클러 설치 - 점적관수 시설 설치","치커리(치콘, 뿌리치커리) 농작업일정.hwpx",표6/행2
치커리,"치콘,뿌리치커리",기상재해대책,"장마, 호우 및 태충","ㅇ 배수구 정비 ㅇ 병해충 종합방제 : 돌려짓기, 배수로 설치, 퇴비증시 ㅇ 엽면 비료 주기","치커리(치콘, 뿌리치커리) 농작업일정.hwpx",표6/행3
카네이션,,기상재해대책,악할,"ㅇ 꽃받침이 터져 꽃잎이 흩어져 나오는 현상으로 심계통의 중대형 꽃에서 많이 발생 ㅇ 주요원인 - 밤과 낮의 온도차가 심할 경우 - 유전적 다발생 품종 ㅇ 방지대책 - 발생이 적은 품종 선택 - 시설 내 환경개선을 통한 일교차 감소 - 질소(20ppm), 붕소(10ppm)의 적정수준 유지",카네이션 농작업일정.hwpx,표6/행1
카네이션,,기상재해대책,꽃잎말이 현상,"ㅇ 꽃잎이 안쪽으로 말리면서 위조증상을 보이는 현상 ㅇ 주요원인 - 여름철 혹서기 고온 ㅇ 방지대책 - 고온기 환기 철저 - 노화제거, 에틸렌 가스 발생원 제거",카네이션 농작업일정.hwpx,표6/행2
카네이션,,기상재해대책,잎말이 현상,"ㅇ 어린잎이 뒤틀리고 가늘고 곧게 자라는 현상으로 특히 어린 잎에 많이 발생 ㅇ 주요원인 - 겨울철 광부족, 질소질 부족 시 ㅇ 방지대책 - 겨울철 광조건 개선 - 질소(20ppm) 적정수준 유지",카네이션 농작업일정.hwpx,표6/행3
카네이션,,기상재해대책,노심현상,"ㅇ 꽃목이 구부러지고 꽃봉오리 바로 밑의 절간이 짧아지는 현상 ㅇ 주요원인 - 약광, 저온기 때 많이 발생 ㅇ 방지대책 - 광조건 개선 및 적정온도 유지 - 곁눈 제때 제거",카네이션 농작업일정.hwpx,표6/행4
칼라,,생리적특성,ㅇ 가온재배,"5∼6월 출하를 위해서는 2∼3월에 아주심기 / 저장온도는 5℃보다 10℃ 저장이 개화일수 짧게 함 / 모판에서 일정하게 발아시킨 후 지베렐린 처리 후 아주심기 / ㅇ 억제재배 / 5℃에 알뿌리를 저장하였다가 5∼6월 아주심기, 8∼9월 출하 / 10cm 깊이로 심고 짚을 두껍게 덮음 / 생육이 고온기이므로 서늘한 지역이 적합",칼라 농작업일정.hwpx,표2/행4/0
칼라,,기상재해대책,저온 및 언 피해,ㅇ 알뿌리를 2∼3월에 아주 심는 가온재배에서 발생 ㅇ 야간 10℃이상 ㅇ 언 피해는 0℃ 이하 장시간 노출 시 발생,칼라 농작업일정.hwpx,표6/행1
칼라,,기상재해대책,꽃의 기형화,"ㅇ 온도의 변화가 심하면 발생 ㅇ 지베렐린 처리 농도가 높으면 꽃이 녹색 또는 기형으로 변함 ㅇ 지베렐린 알뿌리 처리는 50ppm 농도로 5초 정도 순간 처리하는 것이 효과적이며, 너무 고농도 처리 시 꽃이 녹색으로 변하거나 이중으로 피는 등 기형이 많이 발생 ㅇ 지베렐린 처리한 알뿌리를 장기간 방치하면 알뿌리가 부패할 수 있으므로 아무심기 전에 처리하는 것이 효과적 ㅇ 처리한 알뿌리는 알뿌리 비대에 나쁜 영향을 미치므로 알뿌리 생산 시에는 사용하지 말아야 함",칼라 농작업일정.hwpx,표6/행2
칼라,,기상재해대책,알뿌리의 백화현상,ㅇ 알뿌리 상처 부위에 백색의 죽은 세포층 형성 ㅇ 상처가 아문 흔적으로 별문제는 안 되나 상처가 큰 것은 버림,칼라 농작업일정.hwpx,표6/행3
칼랑코에,,기상재해대책,수분관리,"ㅇ 다육식물이므로 수분 없이도 오랫동안 견디는데 이는 잎에 수분을 저장하기 때문이며, 고온기에 과습하면 기부가 부패",칼랑코에 농작업일정.hwpx,표5/행1
칼랑코에,,기상재해대책,고온,"ㅇ 개화 소요일수가 길어지거나 꽃눈분화가 전혀 안되는 경우가 있으며, 그외 여름 고온기에 꽃의 판통(floral tube)이 갈라 지는 품종이 있음",칼랑코에 농작업일정.hwpx,표5/행2
칼랑코에,,기상재해대책,광,"ㅇ 겨울철 광이 부족하면 기부 어린싹(shoot)이 덜 발생 ㅇ 강광 아래에서 잎 끝에 안토시아닌 색소가 착색되어 붉게 변하며, 심하면 잎 뒤면이 전체적으로 붉어짐",칼랑코에 농작업일정.hwpx,표5/행3
칼랑코에,,기상재해대책,개화특성,"ㅇ 온도와 개화 - 보이시엔스의 신경생장과 화경출현은 고온에서 촉진 - 화경의 분지수와 화경당 소화수는 오히려 15℃에서 많아짐 즉 꽃눈형성과 개화 속도는 고온에서, 꽃송이 증가는 저온에서 촉진 따라서 10℃ 이하에서는 화경이 출현하지 않고 30℃ 에서는 신장하기 시작한 화서가 말라 죽음 ㅇ 일장과 개화 - 일장의 영향은 벌브 생장단계에 따라 반응이 다름",칼랑코에 농작업일정.hwpx,표7/행2
컬리플라워(백색꽃양배추 고랭지재배),백색꽃양배추 고랭지재배,생리적특성,생리적특성,ㅇ 2년생 초본으로 꽃눈분화에 저온 경과 필요 / ㅇ 꽃봉오리 비대충실기에 저온 경과 시 밥풀현상 발생,컬리플라워(백색꽃양배추 고랭지재배) 농작업일정.hwpx,표2/행5/0
컬리플라워(백색꽃양배추 고랭지재배),백색꽃양배추 고랭지재배,기상재해대책,모 기를 때 저온,ㅇ 제때 씨뿌림 ㅇ 야간 10~18℃ 유지 ㅇ 모잘록병 방제 ㅇ 예비 육묘상 설치,컬리플라워(백색꽃양배추 고랭지재배) 농작업일정.hwpx,표6/행1
컬리플라워(백색꽃양배추 고랭지재배),백색꽃양배추 고랭지재배,기상재해대책,가뭄,"ㅇ 물주기 후 아주심기 ㅇ 진딧물, 응애 등 병해충 방제 ㅇ 비닐덮기(멀칭)재배 ㅇ 물주기 실시 - 이동식 스프링클러 설치 - 점적물주기 시설 설치",컬리플라워(백색꽃양배추 고랭지재배) 농작업일정.hwpx,표6/행2
컬리플라워(백색꽃양배추 고랭지재배),백색꽃양배추 고랭지재배,기상재해대책,"장마, 호우 및 태풍","ㅇ 배수구 정비 ㅇ 병해충 종합방제 : 돌려짓기, 배수 철저, 퇴비증시 ㅇ 엽면 비료 주기",컬리플라워(백색꽃양배추 고랭지재배) 농작업일정.hwpx,표6/행3
콩,,기상재해대책,가뭄,"ㅇ 파종준비 - 강우직후 파종 ㅇ 관수, 관수가 어려울 경우 질소 추비 ㅇ 짚, 산야초 등 덮기로 수분보존 ㅇ 이식묘판 설치 - 보식 ㅇ 김매기를 겸한 겉흙 긁어주기",콩 농작업일정.hwpx,표7/행1
콩,,기상재해대책,침수 및 습해,"ㅇ 배수불량지 논재배 회피 ㅇ 논 가장자리 배수로(50~80cm 깊이) 설치 ㅇ 습해에 강한 콩 품종선택 ㅇ 고휴재배, 지표배수, 암거배수 ㅇ 요소 0.5~1%(10~20g/물 20ℓ) 엽면시비",콩 농작업일정.hwpx,표7/행2
토란,,생리적특성,생리적특성,"ㅇ 열대원산으로 고온, 다습한 조건을 좋아하고 많은 일조량 요구 / ㅇ 뿌리 발달은 깊이 1m, 반경 1m 범위 / ㅇ 보통재배 시 모구는 7월, 자구와 손구는 8월부터 비대함 / ㅇ 줄기와 잎자루 밑부분이 비대해져 어미토란 형성 / ㅇ 어미토란의 겹눈이 자라서 아들토란이 됨",토란  농작업일정.hwpx,표2/행4/0
토란,,기상재해대책,모 기를 때 저온,ㅇ 터널재배 시 아주심기 1개월 전 온상에 씨토란을 뉘어놓고 고온다습 조건에서 발아(25~30℃) ㅇ 바닥덮기(멀칭) 조숙재배 : 싹을 틔어 아주심기 후 바닥 덮기 3월 상순에 바닥덮기(멀칭) 제거 후 북주기 및 웃거름 주기,토란  농작업일정.hwpx,표6/행1
토란,,기상재해대책,장마,"ㅇ 배수구 정비, 웃거름 과용금지 ㅇ 돌림뱡 방제 및 배수시설 ㅇ 돌려짓기",토란  농작업일정.hwpx,표6/행3
방울토마토,,생리적특성,생리적특성,"ㅇ 광포화점은 7만Lux로 강한 광에서 잎과 줄기가 두껍고 생육이 충실 / ㅇ 호온성 채소이나 고온다습하면 열매달림 불량, 과실비대 부진, 열매터짐(열과), 품질저하 및 병해 발생 증가 / ㅇ 모 기르기 시 야간온도가 12℃ 이하의 저온이 되면 기형과 발생 증가 / ㅇ 일장에 대해서는 중일성 작물이나 꽃눈분화는 16시간 정도 장일에서 빨라지고, 제1화방의 열매 달리는 절위는 8시간 정도 단일에서 낮아짐","토마토,방울토마토 농작업일정.hwpx",표1/행5/0
방울토마토,,기상재해대책,재해대책,"ㅇ 폭설과 강풍 대비 하우스 시설 보강, 강풍대비 비닐끈 고정 ㅇ 눈이 내리는 즉시 응급 복구, 피해 발생 시 즉시 응급 복구","토마토,방울토마토 농작업일정.hwpx",표5/행1
방울토마토,,기상재해대책,줄기이상비대,ㅇ 아주심기 후 20~30일에 제3~4화방에서 발생 ㅇ 토양수분 및 비료과다 특히 암모니아태 질소의 과잉흡수로 석회 및 붕소의 흡수 저해 ㅇ 질소과용을 회피하고 과습을 방지 ㅇ 붕사를 밑거름으로 10a당 1~2kg 시용,"토마토,방울토마토 농작업일정.hwpx",표5/행2
방울토마토,,기상재해대책,배꼽썩음병,"ㅇ 충분한 석회 시용, 질소질 과용 금지 ㅇ 상시적습 및 적온 유지 ㅇ 염화칼슘 0.3~0.5%액을 3~4일 간격으로 2~3회 엽면살포","토마토,방울토마토 농작업일정.hwpx",표5/행4
방울토마토,,기상재해대책,속빈 과일,ㅇ 씨앗 주위의 과육 발달 부족 ㅇ 햇빛 부족 시 ㅇ 야간온도가 높지 않게 관리 ㅇ 생장조정제 적정 사용(2회 살포 및 고농도 엄금),"토마토,방울토마토 농작업일정.hwpx",표5/행5
방울토마토,,기상재해대책,시듦증,"ㅇ 흙건습의 변화가 심할 경우 ㅇ 적절한 수분관리, 야간에 하우스 내의 과습 억제, 송풍 ㅇ 토양전염 병원균 : 흙 속 10~15년 생존 ㅇ 아랫잎이 황화, 도관이 갈변, 뿌리도 부패 탈락","토마토,방울토마토 농작업일정.hwpx",표5/행6
방울토마토,,기상재해대책,풋마름병,"ㅇ 토양전염성, 28℃의 고온다습 조건에서 주로 발생 ㅇ 여름철 강우가 계속된 후 기온급변 다발 ㅇ 포기전체 시듦, 도관부 갈변, 흰색의 세균액 누출 ㅇ 이어짓기 회피, 토양소독, 저항성 대목(흥진 101호, 내병 신교1호, LS-89, BF 등) 접목재배, 석회 시용하여 토양 산성화 방지","토마토,방울토마토 농작업일정.hwpx",표5/행7
튤립,,생리적특성,생리적특성,ㅇ 꽃눈분화는 6∼8월 초에 이루어짐 / ㅇ 꽃눈분화 후 2∼5℃에서 6∼8주 처리 후 아주심기 / ㅇ 개화는 일장에 큰 영향을 받지 않는 중성식물 / ㅇ 저온처리 중 0℃ 이하가 되면 블라인드 발생 / ㅇ 25℃ 이상에서는 도장해서 식물이 연약함,튤립 농작업일정.hwpx,표2/행3/0
튤립,,기상재해대책,저온 장해,"ㅇ 겨울철 촉성재배시 주로 발생 ㅇ 야간 8℃ 이상 유지하되 주간 15∼20℃, 야간 15℃ 유지",튤립 농작업일정.hwpx,표6/행1
튤립,,기상재해대책,꽃목부러짐 및 잎갈라짐 현상,"ㅇ 원인 : 보트리티스 또는 급격한 온도상승, 지나친 과습 등으로 일시적 칼슘 부족 ㅇ 방제 : 칼슘나이트레이트 0.06%액을 2∼3회 살포 후 통풍 양호하게 하고 재배온도 18∼20℃로 유지",튤립 농작업일정.hwpx,표6/행2
튤립,,기상재해대책,블라인드 예방 및 품질향상,"ㅇ 생장조절제 GA3 + BA ㅇ 농도 : GA3 200ppm, BA 5∼10ppm ㅇ 처리시기 : 길이 5∼10cm일 때 ㅇ 1주당 1ml를 엽통 내 적하 ㅇ 꽃눈분화 개시는 비교적 고온에서 양호 ㅇ 꽃눈발달은 20℃ 전후에서 촉진됨 ㅇ 꽃눈발달은 35℃ 이상에서는 억제되므로 여름철 알뿌리 저장 시 주의 필요 ㅇ 꽃눈이 완전하게 발달한 다음에는 충분한 저온을 받아야 화경이 신장하므로 저온처리 할 경우에도 꽃눈 발달 정도를 확인한 후 저온처리 ㅇ 저온을 충분히 받지 못할 경우 화경신장 불량",튤립 농작업일정.hwpx,표6/행3
파,,생리적특성,생리적특성,ㅇ 다년생 초본으로 외대파는 새끼치기를 하거나 비늘줄기를 만들지 않음 / ㅇ 선선한 기후를 좋아함 추위ㆍ건조ㆍ더위에 강하나 토양 과습에는 매우 약함 / ㅇ 일장이 길어지고 온도가 높아지면 잎 끝이 마르는 증상이 발생,파 농작업일정.hwpx,표4/행3/0
파,,기상재해대책,봄 가뭄,ㅇ 물주기 : 이동식 스프링클러 ㅇ 짚 덮기 및 비닐 덮기 ㅇ 고자리파리 방제,파 농작업일정.hwpx,표8/행1
파,,기상재해대책,노균병,"ㅇ 봄철 이슬비, 강우 후 안개가 자주 있을때 발생 ㅇ 질소과다 시, 다습할 때 발생 ㅇ 적용약제를 전착제와 혼용하여 살포",파 농작업일정.hwpx,표8/행3
파,,기상재해대책,파 총채벌레,ㅇ 토양 살충제를 아주심기 전 5~6kg 시용 ㅇ 2~3일간 물주기하여 해충 번식 방지,파 농작업일정.hwpx,표8/행4
파드득나물,,생리적특성,생리적특성,ㅇ 다년생 초본으로 원줄기는 높이가 1m에 달함 / ㅇ 잎은 3개씩 갈라지는데 난형이고 끝이 뾰족하며 가장 자리에 톱니가 있음 / ㅇ 독특하고 강한 향이 있음 / ㅇ 7월에 흰색의 작은 꽃이 원줄기와 가지 끝에 복산형화서로 핌,파드득나물 농작업일정.hwpx,표2/행3/0
파드득나물,,기상재해대책,가뭄,"ㅇ 물주기 실시 : 이동식 스프링클러, 점적관수 ㅇ 과습하거나 건조하면 말라 죽음 ㅇ 웃거름은 관비 형태의 액비로 공급",파드득나물 농작업일정.hwpx,표6/행1
파슬리(향미나리),향미나리,생리적특성,ㅇ 습해에 약함,"ㅇ 발아 : 11~18℃의 변온에서 발아 잘됨, 25℃ 이상에서는 발아 떨어짐 / ㅇ 뿌리는 직근성으로 곧고 깊게 뻗음, 사질양토나 점질양토가 적당 / ㅇ 토양 pH 5.5~6.8 적당, pH 5 이하에서 생육 불량 / ㅇ 산형화과에 속하는 2년생 초본 / ㅇ 호냉성으로 고온과 건조에 약하나 저온에는 강함 / ㅇ 전개잎 3~4매 이상, 최저기온 0℃ 이하의 낮은 온도에서 2개월 정도 경과 시 꽃눈분화",파슬리(향미나리) 농작업일정.hwpx,표2/행4/0
파슬리(향미나리),향미나리,기상재해대책,모 기를 때 저온,ㅇ 제때 씨뿌림 ㅇ 야간 16℃ 이상 보온 ㅇ 모잘록병 방제 ㅇ 예비 육묘상 설치,파슬리(향미나리) 농작업일정.hwpx,표6/행1
파슬리(향미나리),향미나리,기상재해대책,가뭄,"ㅇ 물주기 후 아주심기 ㅇ 진딧물, 응애 등 해충 방제 ㅇ 비닐덮기(멀칭) 재배 ㅇ 물주기 실시 - 이동식 스프링클러 설치 - 점적관수 시설 설치 ㅇ 배수구 정비",파슬리(향미나리) 농작업일정.hwpx,표6/행2
파슬리(향미나리),향미나리,기상재해대책,바이러스병,"ㅇ 병해충 종합방제 - 돌려짓기, 배수로 설치. 퇴비증시 ㅇ 엽면 비료 주기",파슬리(향미나리) 농작업일정.hwpx,표6/행3
파프리카,,생리적특성,생리적특성,"ㅇ 가지과, 고추 속, 고추 종에 속하는 단고추(Sweet pepper) / ㅇ 잎은 난형이며 엽병의 길이는 0.5~2.5㎝ / ㅇ 화관은 8~15㎜, 수술은 5~6개, 자방은 2~4개실 / ㅇ 1번 꽃은 8~10마디에 착생, 양측에 영양아가 발생 / ㅇ 각각의 분지점에서 꽃눈 발육",파프리카 농작업일정.hwpx,표1/행4/0
파프리카,,기상재해대책,"돌림병, 잘록병","ㅇ 모 기르기 시기, 아주심기 후 뿌리내림기에 발생 ㅇ 옮겨심기 할 때 등록된 약제의 50% 농도로 예방 ㅇ 아주심기 5일 후 등록약제 관주",파프리카 농작업일정.hwpx,표5/행1
파프리카,,기상재해대책,담배나방,ㅇ 주로 모 기르기 시기나 생육 초기에 발생 ㅇ 예방 위주로 등록약제 살포,파프리카 농작업일정.hwpx,표5/행2
파프리카,,기상재해대책,바이러스,"ㅇ 모 기르기 시기에 매개충(진딧물, 담배가루이 등) 집중 관리 ㅇ 바이러스 조기진단으로 확산방지",파프리카 농작업일정.hwpx,표5/행3
파프리카,,기상재해대책,흰가루병,ㅇ 초기 열매가 달릴 때 배지건조 상황에서 발생 시작 ㅇ 고온건조의 발생 확산 조건을 피함 ㅇ 유황훈증이나 등록된 약제로 조기방제,파프리카 농작업일정.hwpx,표5/행4
파프리카,,기상재해대책,배꼽썩음과,"ㅇ 열매달림 시 낮은 함수율에 칼슘 결핍 발생 ㅇ 환경이 급변하는 3월 이후, 어린 과실에 발생 많음 ㅇ 배지 함수율 65% 유지, 급액방법 조절 ㅇ 염화칼슘이나 질산칼슘 0.1%액 살포",파프리카 농작업일정.hwpx,표5/행6
파프리카,,기상재해대책,미세열과,ㅇ 성숙단계의 과실에서 많이 발생 ㅇ 시설 내 습도 및 첫 급액시간 조절,파프리카 농작업일정.hwpx,표5/행7
팔레놉시스,,생리적특성,생리적특성,"ㅇ 고온성작물, CAM성 식물이며 건조한 지역 잘 견딤, 저온에서는 피해가 심함 / ㅇ 생육적온 : 주간 25~30℃, 야간 20~25℃ / ㅇ 화아분화는 온도 18~23℃, 단일조건에서 촉진. 주간 25℃ 야간 18℃에서 꽃대발생 100% / 온도가 높고 장일조건이면 꽃눈이 잎눈으로 변화하여 고아로 발달 / ㅇ 적정광도는 15,000~30,000Lux임 / ㅇ 수분관리는 재배온도에 따라 다르게 하며 약간 건조하게 관리.",팔레놉시스 농작업일정.hwpx,표1/행4/0
팔레놉시스,,기상재해대책,고온,"ㅇ 물주기 ㅇ 빛가림, 환기, 팬과 패드 설치 등 ㅇ 살충, 살균제 살포",팔레놉시스 농작업일정.hwpx,표5/행2
팥,,기상재해대책,초기가뭄,"o 파종준비 - 강우직후 파종 o 산야초, 부직포 등 덮기로 수분보존 o 이식묘판 설치 - 보식",팥 농작업일정.hwpx,표5/행1
포도,무가온,생리적특성,생리적특성,"ㅇ 척박한 토양에도 잘 견디며 내습성, 내건성이 강해 재배 범위 넓음 / ㅇ 꽃눈분화가 5월 하순~6월 상순에 시작하므로 그해의 개화, 열매맺음과 동시에 진행 / ㅇ 착립촉진을 위한 순지르기, 과립비대 및 성숙을 위한 부초 관리 등 수체 생장관리 필요 / ㅇ 성숙기에 비가 많으면 당 함량이 떨어지고 탄저병을 비롯한 각종 병해와 열매터짐(열과) 심함 / ㅇ 캠벨얼리의 경우 껍질색이 당도 및 산도에 비하여 성숙기준에 조기에 도달하므로 껍질색 위주로 수확하면 신맛 포도 생산",포도(무가온) 농작업일정.hwpx,표2/행4/0
포도,무가온,기상재해대책,혹한 및 건조 (언피해),"ㅇ 전년도 조기낙엽, 과다 열매달림에 따른 성숙지연 방지 ㅇ 월동 전 저장양분의 충분한 축적 ㅇ 월동 전 충분한 물주기",포도(무가온) 농작업일정.hwpx,표6/행1
포도,무가온,기상재해대책,꽃떨이 현상,ㅇ 적정 주간거리 확보로 수세 안정(결과모지 굵기 8~10mm) ㅇ 대립계 포도 하향유인 전정 : 착립증진제 살포,포도(무가온) 농작업일정.hwpx,표6/행3
포도,무가온,기상재해대책,열매터짐 (열과),"ㅇ 수확기 단수 금지 : 수확기 강우에 따른 열과방지를 위해 지속적인 물주기 필요 ㅇ 과다착립방지 : 적정 과방중 유지, 과립밀착에 따른 열과 방지",포도(무가온) 농작업일정.hwpx,표6/행4
포도,무가온,기상재해대책,포장과습에 따른 생리장해,"ㅇ 이랑재배 : 넓고 완만한 형태의 이랑 필요, 이랑 사이 배수는 겉도랑 물빼기(명거배수) ㅇ 토양 물리성 개량 및 집수정 설치 : 심토 파쇄기, 집수 정형 배수 장치로 배수 유도",포도(무가온) 농작업일정.hwpx,표6/행5
포인세티아,,기상재해대책,잿빛곰팡이병,"ㅇ 잎과 줄기에 갈색의 타원형 반점 발생 ㅇ 방제 : 시설내부 과습방지, 칼리질비료 시용, 여러 약제의 교호 살포",포인세티아 농작업일정.hwpx,표3/행1
포인세티아,,기상재해대책,돌림병,"ㅇ 수생성 곰팡이균이 줄기, 잎, 뿌리에 침입하여 지제부 줄기가 검게 변하며 지상부가 급격히 시들어버리는 증상 ㅇ 방제 : 장마철, 환절기 등 다습한 시기에 살균제를 충분히 주어 처리",포인세티아 농작업일정.hwpx,표3/행2
포인세티아,,기상재해대책,온실가루이,"ㅇ 잎 뒷면에서 흡을 빨아 퇴색 및 위축현상 발생. 심할 경우 말라죽거나 온실가루이가 배출한 감로에 그을음병이 발생 하여 상품가치 저하 ㅇ 방제 : 수프라사이드, 데시스 등으로 방제. 알, 유충, 성 충은 잎 뒷면에 붙어 있으므로 약제가 잎 뒷면에 골고루 묻도록 살포",포인세티아 농작업일정.hwpx,표5/행1
포인세티아,,기상재해대책,꽃노랑총채벌레,"ㅇ 어린 잎을 주로 가해하며 흡즙한 상처 부위는 잎이 전개 되면서 비뚤어지거나 기형이 되어 상품가치 하락 ㅇ 방제 : 코니도, 올스타, 리전트 등을 2~3일 간격으로 연속 방제",포인세티아 농작업일정.hwpx,표5/행2
포인세티아,,기상재해대책,세갈래 줄기 갈라짐,ㅇ 순지르기하지 않은 줄기선단이 자연적으로 세 갈래로 갈라지는 현상 ㅇ 대책 : 충분한 일장조건과 광도에서 영양생장. 6~8매 이상 다 자란 잎이 부착된 과숙한 가지는 삽수로 사용하지 않음,포인세티아 농작업일정.hwpx,표7/행1
포인세티아,,기상재해대책,배상화서 조기 탈락,"ㅇ 실제 꽃인 배상화서가 성숙하기 전에 탈락 ㅇ 대책 : 낮은 광도, 고온, 수분 스트레스에 주로 발생하므로 충분한 광조건, 재배 후반기 온도 강하, 수분 스트레스 방지가 중요",포인세티아 농작업일정.hwpx,표7/행2
풋콩,,기상재해대책,가뭄,ㅇ 파종전 관수작업에 파종 ㅇ 파종후 관수작업으로 적정입모수 확보 ㅇ 개화기 한낮에 관수하고 등숙기 적정 습도 유지,풋콩 농작업일정.hwpx,표5/행1
풋콩,,기상재해대책,저온,ㅇ 육묘시 야간에 섬피 등 피복으로 보온작업 ㅇ 육묘상내 가온 시설 설치,풋콩 농작업일정.hwpx,표5/행2
풋콩,,기상재해대책,도복,"ㅇ 육묘시 방빗자루 이용 쓸어주기 - 방법 : 1일 2회정도 6일간 - 효과 : 경장 17, 배축장 11, 제1절 간장 21% 단축",풋콩 농작업일정.hwpx,표5/행3
프리지아,,기상재해대책,꽃봉오리 조기낙화,"ㅇ 피해증상 : 꽃봉오리 또는 꽃 핀 후 일찍 꽃이 떨어지는 증상 ㅇ 발생원인 : 봉오리와 꽃 발육기간 중 햇빛 부족, 고온, 바이러스 ㅇ 대책 : 생육초기에 충분한 햇빛을 받게 하거나 전조하고, 생육 온도가 18℃ 이상 되지 않게 관리",프리지아 농작업일정.hwpx,표6/행1
프리지아,,기상재해대책,기형화와 꽃떨이,"ㅇ 피해증상 : 기형화, 또는 꽃과 꽃 사이 길이가 길고 불균일, 심하면 꽃대가 수직으로 피는 글라디올러스형 피기. ㅇ 발생원인 : 아주심기 직후~꽃눈분화기 고온(18℃ 이상)이 원인 ㅇ 대책 : 아주심기 직후 2주간 8~13℃, 생육기 18℃ 이하 관리. 기형화 발생이 적은 품종 선택",프리지아 농작업일정.hwpx,표6/행2
프리지아,,기상재해대책,잎끝마름,"ㅇ 피해증상 : 잎끝이 갈변하는 증상 ㅇ 발생원인 : 불소 피해, 배수 불량, 불량 퇴비에 따른 뿌리 손상, 선충이나 뿌리응애의 가해 ㅇ 대책 : 불량 퇴비 사용금지. 불소 방출 공장 주변 회피. 선충, 뿌리응애 방제",프리지아 농작업일정.hwpx,표6/행3
프리지아,,기상재해대책,2단구 현상,ㅇ 피해증상 : 아주심기 후 싹이 나지 않고 새로운 알뿌리만 형성 ㅇ 발생원인 : 저온처리 기간이 지나치게 길었기 때문 ㅇ 대책 : 충분히 뿌리내림된 알뿌리를 13℃ 이하 49일 미만 저온처리,프리지아 농작업일정.hwpx,표6/행4
플럼코트,,생리적특성,ㅇ 수분수 섞어 심기,"ㅇ 뿌리는 침수에 매우 약하므로 지하수위가 높거나 배수가 나쁜 과원에서는 나무가 말라 죽음 / 플럼코트 품종은 꽃가루가 없어 수분수(살구) 필요 / 수분수는 개화기 유사한 살구 품종 권장 / 수분수 비율은 주품종의 20~30% / 살구 꽃가루 품종 : ‘초하’ ‘B360’ ‘하코트’ 등 / ㅇ 과실 수확 / 만개 후 80일 경과, 과피색 착색 30% 진행 시 / 낙과 방지를 위하여 착색 정도 고려 분산수확 / ㅇ 여름철 웃자람가지 제거 : 광환경 개선으로 과실 품질 향상, 충실한 꽃눈분화 촉진",플럼코트 농작업일정.hwpx,표1/행6/0
플럼코트,,기상재해대책,결실량 확보,"ㅇ 언피해 및 늦서리 피해 예상지역은 연소법, 살수법, 송풍법 으로 피해 예방 ㅇ 수분수 섞어 심기와 방화곤충 확보 ㅇ 결실 안정을 위한 인공수분 - 만개 후 2~3일 내 인공수분(2~3화/화총), 평균기온 13℃ 이상에서 인공수분 권장 - 서리 피해 발생 시 추가 인공수분",플럼코트 농작업일정.hwpx,표3/행1
플럼코트,,기상재해대책,결실량 조절,"ㅇ 열매솎기로 열매양 조절 : 열매 달리는 거리, 엽과비 확보하여 과중 향상",플럼코트 농작업일정.hwpx,표3/행2
플럼코트,,기상재해대책,수확 전 낙과 방지,ㅇ 살구와 유사하게 수확 전 낙과가 많은 경향 ㅇ 수확 직전에 비가 잦으면 많이 발생 ㅇ 굵은 가지 낙과 많이 발생 ㅇ 방지 대책 - 착색 정도를 고려하여 분산 수확 - 굵은 가지보다 단과지 위주 착과 - 6월 가뭄에 건조하지 않도록 물주기 실시 - 낙과율 낮은 품종 선택,플럼코트 농작업일정.hwpx,표3/행3
플럼코트,,기상재해대책,붕소 결핍현상,ㅇ 신개간지 토양에서 발생하기 쉬움 ㅇ 증상 : 과실 표피 아랫부분이 코르크화되어 과면이 움푹 들어감 ㅇ 방지대책 : 3~4년에 주당 20~100g 붕소 살포,플럼코트 농작업일정.hwpx,표3/행4
피망,,생리적특성,생리적특성,"ㅇ 중일성 작물로 가지과에 속하는 영년생 작물 / ㅇ 줄기는 목본성, 저목형이며 비교적 약함 / ㅇ 처음에 외줄기로 자라다가 가지 2개로 분지 / ㅇ 첫번째 분지점에서 1번화인 버들눈(Crown Bud) 생성 / ㅇ 열매가 달린 후 35일경에 비대가 완료되어 수확",피망 농작업일정(시비).hwpx,표2/행4/0
피망,,기상재해대책,"돌림병, 잘록병","ㅇ 모 기르기, 아주심기 후 뿌리내림기에 발생 ㅇ 등록된 약제의 50% 농도로 예방 - 뿌리내림 후 등록약제 관주",피망 농작업일정(시비).hwpx,표6/행1
피망,,기상재해대책,바이러스,"ㅇ 모 기르는 시기에 매개충(진딧물, 담배가루이 등) 집중관리 ㅇ 바이러스 조기진단으로 확산방지",피망 농작업일정(시비).hwpx,표6/행2
피망,,기상재해대책,흰가루병,ㅇ 고온건조의 발생 확산 조건을 피함 ㅇ 유황훈증이나 등록된 약제로 조기방제,피망 농작업일정(시비).hwpx,표6/행3
피망,,기상재해대책,배꼽썩음과,"ㅇ 토양 건조조건으로 칼슘결핍 발생 ㅇ 환경이 급변하는 3월 이후, 어린 과실에 발생 많음 ㅇ 염화칼슘이나 질산칼슘 0.1%액 살포",피망 농작업일정(시비).hwpx,표6/행4
한라봉(부지화),부지화,생리적특성,생리적특성,"ㅇ 청견 폰칸 교배육성, 당도가 높고 품질 우수 / ㅇ 열매가 달리기 시작하면 수세가 약해지기 쉬움. / ㅇ 크기는 300g 내외, 당도 13~14°Bx",한라봉(부지화) 농작업일정.hwpx,표1/행4/0
한라봉(부지화),부지화,기상재해대책,호우 및 태풍,"ㅇ 하우스 외부 배수구 정리 ㅇ 하우스 버팀줄 고정, 비닐 또는 밴드끈으로 고정 ㅇ 침수 피해 및 정전 피해 대비",한라봉(부지화) 농작업일정.hwpx,표5/행1
한라봉(부지화),부지화,기상재해대책,주름과,ㅇ 과실 비대기에 나무의 건조예방 ㅇ 건조와 과습 상태가 반복되지 않도록 물관리 철저,한라봉(부지화) 농작업일정.hwpx,표5/행2
한라봉(부지화),부지화,기상재해대책,껍질뜬과,ㅇ 적절한 질소비료 시용 ㅇ 착색기 이후 강우와 이슬 등 맞지 않도록 관리,한라봉(부지화) 농작업일정.hwpx,표5/행3
한라봉(부지화),부지화,기상재해대책,열매터짐 (열과),ㅇ 과피와 과육이 발육균형 유지(유과기 고온방지) ㅇ 건조 시 잎과 과실에 물을 뿌려준 후 물주기,한라봉(부지화) 농작업일정.hwpx,표5/행4
한라봉(부지화),부지화,기상재해대책,수부증,ㅇ 성숙기 이후 과실에 물방울이 묻지 않도록 관리 ㅇ 과피의 충실도모를 위하여 칼슘제 살포 ㅇ 착색기 이후 살균제 살포,한라봉(부지화) 농작업일정.hwpx,표5/행5
호박,,생리적특성,생리적특성,ㅇ 생육적온 18~21℃ 고온에 약하고 서리 피해를 입기 쉬움 / ㅇ 모 기르기 시 암꽃 분화는 8시간 정도 단일 조건에서 촉진 / ㅇ 고온 및 질소가 과다할 경우 암꽃 분화가 늦어짐,호박 농작업일정.hwpx,표3/행4/0
호박,,기상재해대책,모 기르기 시 관리,"ㅇ 야간 13℃ 이상 보온 ㅇ 모잘록병, 진딧물 및 잎굴파리 방제 ㅇ 잎굴파리, 진딧물, 응애 등 살충제 살포 및 방충망을 이용한 격리 모 기르기",호박 농작업일정.hwpx,표7/행1
호박,,기상재해대책,가뭄,ㅇ 물주기 : 점적 호스를 이용한 점적 관수 ㅇ 바닥덮기 재배로 토양 수분 보존,호박 농작업일정.hwpx,표7/행2
호박,,기상재해대책,장마,ㅇ 배수구 정비 및 바닥덮기로 토양 유실 억제 ㅇ 병해충 방제 : 10~14일 간격 살균제 살포,호박 농작업일정.hwpx,표7/행3
호박,,기상재해대책,온도 장해,ㅇ 35℃ 이상의 고온과 15℃ 이하 저온에서는 수정 불량 및 화기 변형과 발생 ㅇ 환기 및 보온으로 적온 유지,호박 농작업일정.hwpx,표7/행4
호박,,기상재해대책,낙과현상,"ㅇ 모 기르기 시 고온과 저온, 수정불량, 일조부족, 비료 부족에 의한 생육 약화로 과실의 비대가 불량할 때 ㅇ 17~24℃의 적온관리, 햇볕을 많이 받게 관리하며, 적정 비료 주기 ㅇ 토마토톤 80배 살포",호박 농작업일정.hwpx,표7/행5
호박,늙은호박,생리적특성,생리적특성,"ㅇ 생육적온 18~30℃ 고온에 약하고, 서리 피해를 입기 쉬움 / ㅇ 암꽃 착생은 8시간 정도의 단일 조건에서 촉진 / 저온 단일조건에서 제1암꽃은 7~ 8절에 착생되며, 그 후 에는 4~5절 마다 착생",호박(늙은호박) 농작업일정.hwpx,표2/행4/0
호박,늙은호박,기상재해대책,가뭄,"ㅇ 물주기 : 이동식 스프링클러, 점적관수 설치 ㅇ 진딧물, 응애 등 살충제 살포 ㅇ 터널 재배",호박(늙은호박) 농작업일정.hwpx,표6/행2
호박,늙은호박,기상재해대책,온도 장해,ㅇ 35℃ 이상의 고온과 15℃ 이하의 저온에서는 수정 불량 ㅇ 보온으로 적온 유지,호박(늙은호박) 농작업일정.hwpx,표6/행4
호박,늙은호박,기상재해대책,낙과현상,"ㅇ 모 기르기 시기 저온, 수정불량, 일조부족, 비료부족에 따른 생육 약화로 과실 비대가 불량할 때 발생 ㅇ 17~24℃의 적온관리, 햇볕을 많이 받게 관리, 적정 비료주기",호박(늙은호박) 농작업일정.hwpx,표6/행5
호박,단호박,생리적특성,생리적특성,"ㅇ 원산지는 남미의 고원지대의 서늘한 기후지역 / ㅇ 평균기온 23℃ 이상에서는 당분질의 축적이 낮아지며, 그 후 고온에서는 생장 및 과일비대 등이 저하 / ㅇ 9℃이하, 35℃ 이상 시 화기에 이상 초래 / ㅇ 암꽃착생 마디는 저온단일의 영향(본잎 2매, 야간온도 10℃) / ㅇ 토양은 크게 가리지 않으며 건조에 견디는 힘이 크고 이어짓기 장해가 적음 / ㅇ 질소 과다 시 영양생장이 왕성하여 암꽃착생이 적어지고 식물체 생육 정도가 약하면 난과",호박(단호박) 농작업일정_수정.hwpx,표2/행5/0
호박,단호박,기상재해대책,모 기르기 시 온도장해,"ㅇ 저온장해 : 양분·수분 흡수 및 생육저조, 비닐덮기 재배유도 ㅇ 고온 : 열매달림 절위가 높아짐, 빛가림 등 조치",호박(단호박) 농작업일정_수정.hwpx,표6/행1
호박,단호박,기상재해대책,아주심기 후 터널관리,ㅇ 터널 내 온도는 9℃ 이상 유지하며 30∼32℃ 이상 되지 않도록 관리 ㅇ 순차적으로 터널 환기구멍을 크게 할 것 : 터널은 외기온도 최저 11℃ 이상 되면 완전 제거,호박(단호박) 농작업일정_수정.hwpx,표6/행2
호박,단호박,기상재해대책,"호우, 침수","ㅇ 돌림병 발생 ㅇ 높은 이랑재배, 배수구 정비 ㅇ 엽면 비료 주기, 살균제 살포",호박(단호박) 농작업일정_수정.hwpx,표6/행3
호박,단호박,기상재해대책,저 장,"ㅇ 환기 불량 시 부패과 발생, 포개서 쌓지 말 것 ㅇ 수확 시 기상이 불량할 경우 수확시기 연장 ㅇ 일률적 수확 금지 : 잘 익은 과일만 수확 ㅇ 수확해서 큐어링 처리 후 저장",호박(단호박) 농작업일정_수정.hwpx,표6/행6
