issue_year,issue_no,ordinal,period_from,period_to,crop_group,pest_name,level,crop_names,body,source_file
2023,10,1,2023-08-01,2023-08-15,식량작물,열대거세미나방,주의보,"수수,옥수수","❍ 열대거세미나방은 아메리카 대륙의 열대·아열대 지역이 원산으로아프리카(‘16), 동남아(’18), 중국(‘19.1), 한국(’19.6) 등으로 확산됨
❍ 올해 4월 18일 제주에서 성충이 첫 발견 되었으며, 유충은 전북부안에서 5.19일 발견됨. 최근 4년간 가장 빠른 시기에 성충과유충 발견(작년 대비 약 한달 빠름)⇒ 작년 발생지역과 주 비래지역(충남, 전남‧북, 경남, 제주 등)은성페로몬트랩 예찰 및 어린 옥수수 포장 중심 철저한 관찰이 필요
⇒ 유충기(애벌레)에 식물의 잎과 줄기를 갉아먹어 피해를 발생시키며기주식물은 80여 작물(옥수수, 수수 등)로 알려져 있음
⇒ 적기방제하면 피해가 최소화(1%이내) 되지만, 방제시기를 놓칠경우 10~30%이상 피해가 발생 될 수 있음
❍ 방제를 위해 발생초기(유충1~3령) 등록약제로 살포하되, 약제를살포할 때는 약액이 골고루 작물에 묻도록 충분히 살포□ 열대거세미나방 유충형태 및 피해 사진열대거세미나방 유충(왼쪽, 2령), 피해 사진(오른쪽)",10호.txt
2023,10,2,2023-08-01,2023-08-15,식량작물,멸강나방,주의보,"벼,옥수수","❍ 멸강나방은 해외에서 날아와 피해를 주는 장거리 비래 해충으로화본과 목초류, 옥수수 등에 발생해 피해를 줌
❍ 보통 5월말 ~6월초에 비래하며 올해는 5월 중순에 가장 비래가많이 된 것으로 확인되었으며 벼, 옥수수와 목초 등 사료작물에 피해를 줌. 주로 피해를 주는 기주식물 재배지역을 예찰하여 어린벌레가 발견되면 등록 약제로 발생 초기에 방제멸강나방 유충(왼쪽)과 피해(오른쪽) 사진",10호.txt
2023,10,3,2023-08-01,2023-08-15,식량작물,"벼멸구, 흰등멸구, 혹명나방",주의보,벼,"❍ 벼멸구․흰등멸구는 중국 남부지방에서 기류를 타고 날아와 볏대에알을 낳는 시기임. 중국 흰등멸구, 혹명나방 등의 발생 동향은 전년보다 적은 것으로 보고되었으나 장마기간이 길어짐에 따라 비래에 적합한 기류가 형성될 경우 국내로 유입될 가능성 있음
⇒ 비래해충은 초기방제가 중요하므로 볏대 아래쪽을 잘 살펴보아발생이 많으면 적용약제로 방제
❍ 혹명나방은 논을 살펴보아 포장에 피해 잎이 1~2개정도 보일 때방제를 실시해야 함
⇒ 막대기로 벼 포기를 쳐서 나방이 나는 모습을 보거나 유충 피해인벼 잎이 세로로 말리는 증상이 보이면 방제",10호.txt
2023,10,4,2023-08-01,2023-08-15,식량작물,먹노린재,예보,벼,"❍ 전남‧북, 경남, 경북 등 지역에 발생이 확인되고 있으며, 발생 시·군이늘어나고 있음. 먹노린재 피해가 발생했던 지역에서는 철저한예찰과 방제 필요
❍ 7∼8월에 약충과 성충이 벼 줄기에 구침을 박고 흡즙하여 심하면수확량에 큰 영향을 줌, 주로 논 가장자리에 피해증상이 많이나타나는데 생육초기에 심하게 피해를 받으면 초장이 짧아지고이삭이 나오지 않을 수 있음
⇒ 성충의 방제적기는 겨울을 지난 성충의 이동 최성기인 6월 하순∼7월 상순으로 주변 논두렁이나 배수로 등 서식처가 될 만한곳까지 약제를 살포하면 방제효과를 높일 수 있음",10호.txt
2023,10,5,2023-08-01,2023-08-15,식량작물,벼 잎도열병,주의보,벼,"❍ 잎도열병은 거름기가 많은 논에서 비가 자주 내리거나 장마가지속되면 발생함.
❍ 일부 지역에서 도열병 병징이 확인되고 있고 도열병에 약한 품종에서는 국지적인 강우로 인해 추가발생할 가능성 있음
⇒ 발생 초기에 적용약제로 방제하고 벼가침수됐을 경우에는 필요에 따라 추가적으로 방제 실시⇒ 전년도 생육 후기 병해 발생이 많아 전염원이 포장 등에 잔존하고 있을 가능성이 높으므로 사전방제가 필요하며,발생이 우려되는 지역에서는 예찰을통해 발생 초기에 적용 약제로 방제가 중요함
⇒ 또한, 8월 중하순 남서쪽에서 다가오는 저기압의 영향으로 많은비의 예보가 있어 이삭도열병 발생 예방을 위해 출수기 전후에정밀한 예찰과 방제가 필요
⇒ 경남, 경북 등 도열병 감수성 품종 재배포장은 정밀예찰 필요",10호.txt
2023,10,6,2023-08-01,2023-08-15,식량작물,"잎집무늬마름병, 흰잎마름병",주의보,,"❍ 잎집무늬마름병은 장마 이후에 온·습도가 높아 병 발생에 유리한환경이 지속되면 확산이 우려됨
⇒ 중간물떼기를 잘하여 주고, 논을 잘 살펴 병든 줄기가 20%이상이면 등록 약제를 살포
❍ 흰잎마름병은 전남, 전북에서 발생이 확인되었으며 최근 집중호우로 인해 침수지역으로 병이 급속히 번질 우려가 있으므로등록 약제를 선택하여 잎도열병과 동시에 방제",10호.txt
2023,10,7,2023-08-01,2023-08-15,채소,"담배나방(고추 등), 파밤나방(고추, 콩 등)",주의보,고추,"❍ 담배나방은 피해가 전국적으로 발생하고 있는데 장마가 끝나고 기온이높아지면 담배나방, 파밤나방 등의 발생이 증가할 우려가 있음
⇒ 담배나방 등 나방류 유충은 3령 이상 자라면 약제저항성이커져서 방제효과가 떨어지므로 새 잎을 중심으로 자세히 살펴보고 알이나 유충을 발견하는 즉시 등록 약제로 방제",10호.txt
2023,10,8,2023-08-01,2023-08-15,채소,바이러스‧역병‧탄저병(고추),주의보,"고추,방울토마토,오이","❍ 최근 고온으로 인해 진딧물, 총채벌레의 밀도가 높아져서 이들매개충들이 전파하는 바이러스병 확산이 우려됨
⇒ 오이모자이크바이러스(CMV)를 매개하는 진딧물과 토마토반점위조바이러스(TSWV)의 매개충인 총채벌레의 효율적인 방제는기작이 다른 등록 약제를 선택하여 방제⇒ 바이러스병에 감염되면 방제가 어려우므로 예방 위주로 방제 철저⇒ 바이러스병이 이미 진전된 포장에서는 고추의 주간 부위에서자란 세력이 강한 측지 관리로 고추 수량 확보
❍ 역병은 비가 오는 다습한 환경조건에서 발생이 증가하며 토양에있는 병원균이 물을 통하여 전염되는 병으로 일단 발병하면 급속하게 번지고 방제 효과가 낮음
⇒ 병 발생이 많았던 곳은 두둑을 높여 준 후 배수로를 정비하고병든 포기 발견 즉시 제거하여 전염원을 제거하고 비오기 전후등록 약제를 주기적으로 살포
❍ 고추 탄저병은 지난해 버려진 병든 잔재물이 가장 중요한 1차 전염원이고, 장마가 길고 비가 잦은 해에 발생이 많음
⇒ 병든 과실을 그냥 두거나 이랑사이에 버리면 방제효과는 50%이상 감소하므로 병든 과실은 발견 즉시 매립 또는 제거하는것이 효과적이며, 재식거리를 넓히고 두둑을 높게 하고 물 빠짐을좋게 하여 발병에 좋은 환경을 차단함
* 고추 관찰포 탄저병 병든과율 : (7.16.) 0.09%→ (8.1.) 0.60%로 조사됨",10호.txt
2023,10,9,2023-08-01,2023-08-15,채소,"고랭지 무·배추 무름병, 뿌리혹병",주의보,"무,배추","❍ 무름병은 세균에 의한 병으로 온도가 높을 때 많이 발생하며땅과 맞닿은 부분의 잎자루와 줄기부터 발병해서 결구 속까지무르고 부패하게 됨
❍ 장마 이후 기온이 올라가고 습도가 높아지면 발생이 증가할 가능성이 높음
⇒ 병원균은 건조에 약하므로 배수와 통풍이 잘 되도록 관리하며약제 방제 시 등록약제를 본잎이 5∼6매 이후에 7∼10일 간격으로 살포하고 땅 닿는 부분까지 약제가 잘 묻도록 처리
❍ 뿌리혹병은 뿌리에 크고 작은 혹이 생기면서 지상부가 말라죽는병으로 사전에 방제를 철저하게 하지 않은 밭에서 발생⇒ 병원균은 물이나 흙을 통하여 이동하므로 물 빠짐이 좋도록배수로를 잘 정비하고 병 발생 후에는 방제가 어려우므로 병든포기는 발견즉시 제거",10호.txt
2023,10,10,2023-08-01,2023-08-15,채소,진딧물류,예보,고추,"❍ 진딧물류가 고추 등 일부 포장에 발생하기 시작하고 있어 기온이올라가면 급속히 확산되어 피해가 우려됨
⇒ 작물의 신초 부위를 육안으로 관찰하여 예찰하고, 발생포장은초기부터 유효성분과 계통이 다른 약제를 번갈아 가며 방제 필요",10호.txt
2023,10,11,2023-08-01,2023-08-15,채소,"총채벌레류, 응애류, 가루이류",예보,"방울토마토,수박,오이,파프리카","❍ 시설재배 작물에서 꽃노랑총채벌레, 온실가루이, 담배가루이 등 기온이올라가면 확산 가능성이 있어 주의가 필요함
❍ 시설재배에서 발생하는 해충은 대부분 크기가 작고 연중 발생하고있으나, 발생 초기에 예찰이 어려워 피해를 입는 경우가 많음. 특히이 해충들은 식물체에 직접적인 피해를 줄 뿐만 아니라 그을음병을유발하거나 바이러스병을 전염시켜 작물에 피해를 줌⇒ 이들 해충은 끈끈이트랩 등을 활용하여 주의 깊게 예찰하고 발견즉시 계통이 다른 적용약제를 바꾸어가며 방제
❍ 꽃노랑총채벌레 등 총채벌레류가 오이, 파프리카 등에서 초기에방제가 이루어지지 않으면 확산 및 피해가 예상⇒ 황색 끈끈이트랩이나 타락법(흰색 종이를 이용 꽃과 잎을 두드려서 예찰) 등으로 예찰하고, 발생포장은 초기에 방제⇒ 꽃노랑총채벌레는 번데기 방제용으로 아큐레이퍼응애를 토양에투입하고, 지상부 유충과 성충 방제용으로는 유럽애꽃노린재,지중해이리응애 등 천적을 활용하면 효과적으로 방제가 가능함
❍ 담배가루이와 온실가루이는 남부와 중부지방 수확기에 있는 토마토와 하우스수박을 중심으로 밀도 증가가 예상되나 관리가소홀해질 시기로 품질저하 및 다음 작기 재배 작물에 피해가 우려됨
⇒ 수확 완료시기 까지 정밀예찰과 지속적인 방제 및 관리가 필요",10호.txt
2023,10,12,2023-08-01,2023-08-15,과수,과수화상병,주의보,사과,"❍ (과수화상병) 사과, 배 등의 병든 꽃은 수침상이 되고 쭈그러든후 흑갈색으로 변해 떨어지거나 나무에 매달려 있게 되고 꽃이달린 가지나 인접한 가지로 진전되어 잎맥을 따라 흑갈색의병반이 생기고 병이 진전됨에 따라 병든 잎은 말리고, 쭈그러들어보통은 가지에 매달려 있음. 병든 가지의 나무껍질은 흑갈색으로변하면서 물러졌다가 후에 위축되고 단단해져 궤양병반을 형성⇒ 한번 걸리면 방제가 불가능하기 때문에 예방을 위하여 과수원을 청결하게 관리하고 농작업을 하는 사람의 과수원 출입시사람과 작업도구 등을 수시로 소독⇒ 의심증상 발견 시에는 전국 대표전화(1833-8572) 또는 가까운농업기술센터·농업기술원에 즉시 신고, 병균의 밀도가 낮아 진단되지 않더라도 갈변궤양은 끝에서 40~70cm 아래를 절단․제거
❍ (과수가지검은마름병) 과수화상병과 증상이 비슷하여 육안으로는구분이 불가하며, 발생시기와 전파경로, 피해증상이 유사함.
사과나무병징엽맥따라갈색병반형성 신초마름병징(지팡이모양) 과실 줄기 병징배나무병징꽃전체가시들고마름 신초마름병징(지팡이모양) 과실 줄기 병징",10호.txt
2023,10,13,2023-08-01,2023-08-15,과수,탄저병,주의보,"복숭아,사과,포도","❍ 사과, 복숭아, 포도 등에 발생하는 탄저병은 주요 관리 과수병으로병원균은 주로 습기가 많은 기후조건과 25℃ 전후 온도에서 감염이잘 이루어지므로 장마기 이후에 주의가 필요함
❍ 탄저병에 감염된 과실은 초기에 검정색 작은 반점이 껍질에 나타나며, 병이 커질수록 과실 표면이 움푹 들어가면서 과실 내부가갈색으로 변하면서 과실 표면에 많은 분생포자가 생겨 주변 건전한 과실을 감염. 특히 장마기나 바람이 많이 부는 날씨에는 분생포자들이 이동되는 시기이므로 철저한 관리가 필요
⇒ 지난해에 탄저병이 많이 발생했던 농가는 과원 내에 탄저병균이 남아 있을 수 있으므로 탄저병균의 밀도를 줄이기 위해 예방적으로 적용 살균제를 살포⇒ 또한 탄저병은 습한 환경조건에서 잘 발생하므로 과원 내 통풍이잘되게 하고 물 빠짐이 좋도록 관리",10호.txt
2023,10,14,2023-08-01,2023-08-15,과수,사과갈색무늬병,주의보,사과,❍ 사과 갈색무늬병은 포자의 공기전염에의해 병이 발생되며 포자의 비산은 7월이후에 증가 하여 8월에 가장 많은 양이 비산됨으로 8월 까지 가능한 강우전에 정기적으로 적용약제를 수관 내부까지 골고루 묻도록 충분한 양을 살포하여야 함,10호.txt
2023,10,15,2023-08-01,2023-08-15,과수,새눈무늬병·갈색무늬병,예보,포도,"❍ 포도 새눈무늬병은 잎에서 잎맥이 흑갈색으로 변하고, 진전되면 흑색 반점으로 확대되어 구멍이 뚫리며 열매와 가지에서는 초기에 흑갈색의 반점이 나타남⇒ 비가 많이 올 때 발생이 많으므로,병든 부위는 즉시 제거하고 봉지 씌우기 전에 등록약제로 방제
❍ 포도 갈색무늬병․노균병은 비가 자주 내리고 습도가 높을 때 발생이 많음
⇒ 잎과 과실을 자세히 살펴보아 발생 초기에 등록약제로 잎 뒷면까지 방제하되 가능한 비 오기 전․후 방제실시",10호.txt
2023,10,16,2023-08-01,2023-08-15,과수,"갈색날개매미충, 미국선녀벌레, 꽃매미",주의보,,"❍ 과수원의 돌발해충(갈색날개매미충, 미국선녀벌레, 꽃매미)은 높은온도로 인해 대부분 지역에서 부화가 완료되었으며, 약충기 방제가소홀한 과수원과 주변 산림에 밀도가 늘어날 것으로 예상되므로발생 과수원과 인접 산림 등에 대한 철저한 방제가 필요
⇒ 5∼6월에 약충 방제가 소홀했던 과원은 적용약제로 반드시 방제
❍ 돌발해충 성충 방제적기 및 구역 설정을 위한 성충 전국 발생 조사를7월 하순에서 8월 상순 추진 예정",10호.txt
2023,10,17,2023-08-01,2023-08-15,과수,복숭아순나방 ‧ 복숭아심식나방,예보,"복숭아,사과","❍ 과실 가해 나방류 중 복숭아순나방(3세대), 복숭아심식나방(2세대)이장마기를 거치면서 발생하므로 성페로몬트랩을 정기적으로 조사
❍ 주로 사과의 꽃받침 부분과 과경부에 산란하며, 부화한 유충이 과실을뚫고 들어가 피해를 줌.
⇒ 성페로몬트랩을 사과나무에 설치하여 5일 동안 끈끈이판에10마리 이상 포획되면 그로부터 7일 후에 적용 약제를 살포⇒ 교미교란제(성페로몬을 이용해 나방류 교미 방해)를 나무 상단부에걸어 복숭아심식나방의 교미를 저해하여 복숭아심식나방 다음
세대의 발생 밀도를 낮출 수 있음",10호.txt
2023,10,18,2023-08-01,2023-08-15,과수,"응애류, 노린재류",예보,사과,"❍ 점박이응애는 7∼8월에 많이 발생하며 비가 적을 때 발생이 급증하기 때문에 잎 뒷면을 잘 관찰하여 발생 초기에 방제 필요
⇒ 등록약제 살포시 잎 뒷면까지 약제가 골고루 묻을 수 있도록 방제기의 노즐을 미세하게 조절하여 정밀 살포 방제
❍ 갈색날개노린재, 썩덩나무노린재는 사과 흡즙 주요 노린재류는성충으로 월동하다가 4∼5월부터 발생을 시작해 7∼8월에 사과과실에 집중적으로 가해⇒ 노린재류가 과원에서 발견되면 심식나방류와 동시에 방제 가능한클로르피리포스 수화제, 비펜트린 수화제 등을 2∼3회 골고루 살포",10호.txt
2023,10,19,2023-08-01,2023-08-15,과수,점무늬낙엽병,예보,,"❍ 과실에서 5~6월부터 과점으로 감염되기 시작하여 8~9월까지감염되며, 흑색의 작은 반점을 형성하여 병반은 크게 확대되지않고 과실이 성숙하면 병반 주변이 적자색으로 됨
❍ 과실의 감염은 7~8월에 가장 많이 일어남으로 겹무늬썩음병 ,갈색무늬병과 동시 방제하는 것이 효과적임
1개월 기상전망            (출처 : 국립농업과학원, 기상청)기온은 1주, 3주는 평년과 비슷하거나 높겠고, 2주, 4주는 평년보다 높겠음
강수량은 1주는 평년보다 많겠고, 2주, 4주는 평년과 비슷하겠으며, 3주는평년과 비슷하거나 많겠음
❍ 1주(8.7~8.13): 북태평양고기압의 영향을 주로 받아 덥고 습한 날이 많겠고, 남서쪽에서 다가오는 저기압의 영향으로 많은 비가 오는 때가 있겠음
- 기온은 평년과 비슷하거나 높겠고, 강수량은 평년보다 많겠음
❍ 2주(8.14~8.20): 북태평양고기압의 영향을 주로 받겠으며, 대기불안정에의해 많은 비가 오는 때가 있겠음
- 기온은 평년보다 높겠고, 강수량은 평년과 비슷하겠음
❍ 3주(8.21~8.27): 북태평양고기압의 영향을 받겠으나, 남서쪽에서 다가오는 저기압의 영향으로 많은 비가 오는 때가 있겠음
- 기온은 평년과 비슷하거나 높겠고, 강수량은 평년과 비슷하거나 많겠음
❍ 4주(8.28~9.3): 북태평양고기압의 영향을 받겠으며, 대기불안정에 의해 많은 비가 오는 때가 있겠음
- 기온은 평년보다 높겠고, 강수량은 평년과 비슷하겠음
농업지대 지역 평균기온 강수량1주 2주 3주 4주 1주 2주 3주 4주(8.7~8.13) (8.14~8.20) (8.21~8.27) (8.28~9.3) (8.7~8.13) (8.14~8.20) (8.21~8.27) (8.28~9.3)1.태백고냉 대관령 조금높음 높음 조금높음 높음 많음 비슷 조금많음 비슷2.태백준고냉 인제,홍천,제천 조금높음 높음 조금높음 높음 많음 비슷 조금많음 비슷3.소백산간 충주,보은 조금높음 높음 조금높음 높음 많음 비슷 조금많음 비슷4.노령소백산간 임실 조금높음 높음 조금높음 높음 많음 비슷 조금많음 비슷5.영남내륙산간 추풍령,영주,문경 조금높음 높음 조금높음 높음 많음 비슷 조금많음 비슷6.중북부내륙 춘천,양평 조금높음 높음 조금높음 높음 많음 비슷 조금많음 비슷7.중부내륙 원주,이천 조금높음 높음 조금높음 높음 많음 비슷 조금많음 비슷8.소백서부내륙 청주,대전,금산 조금높음 높음 조금높음 높음 많음 비슷 조금많음 비슷9.노령동서내륙 정읍,남원,거창,산청 조금높음 높음 조금높음 높음 많음 비슷 조금많음 비슷10.호남내륙 광주,순천,장흥 조금높음 높음 조금높음 높음 많음 비슷 조금많음 비슷11.영남분지 대구,의성,구미,영천 조금높음 높음 조금높음 높음 많음 비슷 조금많음 비슷12.영남내륙 진주,합천,밀양 조금높음 높음 조금높음 높음 많음 비슷 조금많음 비슷13.중서부평야 서울,인천,수원,서산,강화,천안,보령 조금높음 높음 조금높음 높음 많음 비슷 조금많음 비슷14.차령남부평야 군산,전주,부여,부안 조금높음 높음 조금높음 높음 많음 비슷 조금많음 비슷15.남서해안 목포,완도,해남,고흥 조금높음 높음 조금높음 높음 많음 비슷 조금많음 비슷16.남부해안 부산,통영,여수,거제,남해 조금높음 높음 조금높음 높음 많음 비슷 조금많음 비슷17.동해안북부 속초,강릉 조금높음 높음 조금높음 높음 많음 비슷 조금많음 비슷18.동해안중부 울진,영덕 조금높음 높음 조금높음 높음 많음 비슷 조금많음 비슷19.동해안남부 포항,울산 조금높음 높음 조금높음 높음 많음 비슷 조금많음 비슷20.제주 제주,성산,서귀포 조금높음 높음 조금높음 높음 많음 비슷 조금많음 비슷평균 조금높음 높음 조금높음 높음 많음 비슷 조금많음 비슷10일(2023.07.30.~08.06.) 예보(기상청, 2023.07.27., 06:00)<기상예보>
❍ (기온) 아침 기온은 24~26℃, 낮 기온은 29~34℃로 평년(최저기온 22~25℃, 최고기온 29~33℃)과 비슷하겠음
❍ (강수) 30일~8월 2일 전국이 구름 많겠고, 8월 3일~6일 전국이 대체로 흐리겠음",10호.txt
2023,10,20,2023-08-01,2023-08-15,과수,점무늬낙엽병,예보,,"<날씨><최저/최고기온>최근 경과기상과 향후 기상전망<기온><강수량>연도별 평균기온
❍ ‘23년 1월부터 7월 4주차까지의 평균기온은 12.9℃로, 평년(11.7)보다
1.2℃ 높았음
- ’23년 7월 4주차의 평균기온은 25.9℃로, 평년(25.7)보다 0.2℃ 높았음
기 간 1월 2월 3월 4월 5월 6월7월 분석기간1.1~7.26 7.20~7.261주(6.29~7.5)2주(7.6~7.12)3주(7.13~7.19)4주(7.20~7.26)평균(℃)편차(℃)평균(℃)편차(℃)2023년 0.0 3.0 9.7 13.3 18.0 22.4 24.9 24.8 24.8 25.9 12.9 1.2 25.9 0.22022년 -0.2 0.4 8.0 13.9 18.2 22.5 26.8 26.7 25.0 25.1 12.5 0.8 25.1 -0.62021년 -0.4 3.9 9.0 13.4 16.9 21.9 23.4 25.0 26.7 27.5 12.7 1.0 27.5 1.82020년 3.0 3.8 8.0 10.9 17.7 22.7 21.4 23.3 21.5 23.0 12.5 0.8 23.0 -2.72019년 0.5 2.6 7.6 12.0 18.5 21.2 23.4 22.8 23.9 26.2 12.2 0.5 26.2 0.52018년 -1.8 0.0 8.2 13.3 17.8 22.1 23.9 23.1 27.8 29.3 12.0 0.3 29.3 3.62017년 0.3 1.8 6.4 13.8 18.6 21.7 25.2 26.1 26.5 27.5 12.5 0.8 27.5 1.82016년 -0.6 1.9 7.3 13.8 18.5 22.2 23.5 25.0 24.1 26.5 12.3 0.6 26.5 0.82015년 0.8 2.2 6.8 12.7 18.5 21.5 22.0 22.9 23.6 25.6 12.1 0.4 25.6 -0.12014년 0.7 2.7 7.7 13.3 18.3 21.7 23.2 24.7 24.7 26.4 12.6 0.9 26.4 0.72013년 -1.8 0.8 6.7 10.3 17.7 22.4 24.9 25.9 26.3 26.8 11.5 -0.2 26.8 1.110년평균 0.0 2.0 7.6 12.7 18.1 22.0 23.8 24.6 25.0 26.4 12.3 0.6 26.4 0.7평 년 -0.4 1.7 6.5 12.3 17.5 21.5 23.3 23.8 24.5 25.7 11.7 0.0 25.7 0.0* 10년 평균 : 최근 10년(2013~2022년)동안의 평균기온의 평균** 평년 : 30년(1991～2020년)동안의 평균기온의 평균*** 편차 : 평년의 평균기온에 대한 연도별 평균기온의 차이연도별 강수량
❍ ‘23년 1월부터 7월 4주차까지의 강수량의 합은 1,072.9㎜로, 평년(735.9)보다 337.0㎜ 많았음(평년대비 145.8%)
- ’23년  7월  4주 차 의  강 수 량 의  합 은  72.2㎜로, 평 년(51.8)보 다  20.4㎜  많 았 음
(평년대비 139.4%)기 간 1월 2월 3월 4월 5월 6월7월 분석기간1.1~7.26 7.20~7.261주(6.29~7.5)2주(7.6~7.12)3주(7.13~7.19)4주(7.20~7.26)합계(㎜)대비(%)합계(㎜)대비(%)2023년 44.9 20.0 30.5 70.2 207.2 210.1 118.0 94.7 265.0 72.2 1072.9 145.8 72.2 139.42022년 5.0 5.5 89.5 62.7 6.3 181.9 58.1 29.5 79.0 39.0 504.6 68.6 39.0 75.32021년 25.4 23.4 112.
1 77.5 138.9 94.7 93.4 118.0 17.8 0.4 698.1 94.9 0.4 0.82020년 85.7 62.1 34.4 44.0 107.4 194.3 76.0 76.3 101.5 139.8 854.8 116.2 139.8 269.92019년 9.7 34.5 42.6 80.8 65.0 151.5 32.5 33.5 61.2 112.3 591.7 80.4 112.3 216.82018년 25.5 36.6 116.",10호.txt
2023,10,21,2023-08-01,2023-08-15,과수,점무늬낙엽병,예보,"고구마,고추,녹두,멜론,무화과,미나리,복숭아,사과,상추,시금치,아욱,오리,자두,쪽파,치커리,포도,호박","2140.
3 135.2 147.2 166.2 23.6 0.0 0.0 767.7 104.3 0.0 0.02017년 18.6 36.0 26.1 72.8 31.0 63.1 91.2 80.7 58.5 36.5 506.2 68.8 36.5 70.52016년 32.9 50.6 62.8 163.
2 103.4 76.4 190.9 44.3 33.1 9.7 763.3 103.7 9.7 18.72015년 31.9 31.0 47.8 135.
6 70.1 103.3 16.8 118.4 6.5 52.2 598.7 81.4 52.2 100.82014년 14.0 34.8 82.3 89.3 84.2 85.7 37.7 29.8 56.0 32.2 544.7 74.0 32.2 62.22013년 29.7 53.9 60.9 79.9 132.3 105.9 100.4 45.3 66.0 43.8 717.6 97.5 43.8 84.610년평균 27.8 36.8 67.5 94.6 87.4 120.4 86.3 59.9 48.0 46.6 654.7 89.0 46.6 90.0평 년 30.6 37.5 63.0 90.7 108.0 151.4 76.0 77.2 70.5 51.8 735.9 100.0 51.8 100.0* 10년 평균 : 최근 10년(2013~2022년)동안의 강수량의 평균** 평년 : 30년(1991～2020년)동안의 강수량의 평균*** 대비 : 평년의 강수량에 대한 연도별 강수량의 비율
❍ 여름철 집중 호우·태풍 대비 농작물 및 농업시설물 안전관리요령
❍ 여름철 폭염(고온) 대비 농작물 관리요령8월 주요 품목별 농약 사용 주의보8월 주요 품목별 농약 사용 주의보★8월에 검출된 75개 조합(39품목/48성분)★* 이 자료는 국립농산물품질관리원 안전성조사 결과 중 ’22년도 부적합 발생 품목 및농약 성분을 바탕으로 작성했습니다.
□ 지역별 부적합 발생 우려 정보
❍ 주요 부적합 우려 품목(성분)
- [부산광역시] 근대(플루벤디아마이드, 터부포스),상추(카보퓨란), 시금치(리뉴론)
- [인천광역시] 치 커 리(플 룩 사 메 타 마 이 드, 터 부 포 스)
- [대전광역시] 아욱(플루벤디아마이드)
- [울산광역시] 아 로 니 아(프 로 클 로 라 즈, 피 디 플 루 메 토 펜)
- [경기도] 근대(플룩사메타마이드), 들깻잎(다이아지논), 바나나(스피노사드), 사과(프로사이미돈),상추(테부코나졸), 참나물(플루벤디아마이드), 포도(펜프로파트린), 호박잎(페노트린)
- [강원도] 단호박(프로파모카브), 당귀잎(카바릴,리뉴론, 티오벤카브), 멜론(테트라코나졸), 파슬리(다이아지논, 테부피림포스)
- [충청북도] 복숭아(펜토에이트), 자두(프로파자이트), 쪽파(포레이트)
- [충청남도] 가지(이미시아포스), 고구마(벤타존),고추(카보퓨란, 엔도설판, 플루벤디아마이드,이프로벤포스, 설폭사플로르), 대파(포레이트),들깻잎(펜디메탈린), 복숭아(디메토에이트, 오메토에이트), 사과(플루톨라닐), 상추(이미시아포스), 상황버섯(비펜트린, 클로르페나피르), 쪽파(이미시아포스), 포도(프로클로라즈)
- [전라북도] 고추(오리사스트로빈, 설폭사플로르),대추(아미설브롬), 복분자(메토밀, 피플루뷰마이드),복숭아(테트라메트린), 상추(이미시아포스, 오리사스트로빈, 테부코나졸), 참나물(플루벤디아마이드)
- [전라남도] 고 추(디 메 토 에 이 트, 오 메 토 에 이 트, 엔 도설판, 이피엔), 대파(터부포스), 들깻잎(포레이트),무화과(사이플루트린), 복숭아(펜프로파트린),쌀(페노트린), 취나물(알라클로르, 아이소프로티올레인, 테부코나졸), 패션푸룻(플룩사메타마이드),포도(피리달릴)
- [경상북도] 고추(플 루트 리 아폴), 녹 두(헥사 코 나졸),미나리(페니트로티온), 복숭아(트리사이클라졸),자두(페니트로티온), 취나물(플룩사메타마이드,아이소프로티올레인, 오리사스트로빈, 티아클로프리드), 케일(플룩사메타마이드, 프로클로라즈)",10호.txt
2023,10,22,2023-08-01,2023-08-15,과수,점무늬낙엽병,예보,"고추,당근,포도","- [경상남도] 고추(클로르페나피르, 디노테퓨란,설폭사플로르), 고춧잎(보스칼리드, 클로로탈로닐, 사이플루메토펜, 디페노코나졸, 플룩사메타마이드, 프로사이미돈, 피디플루메토펜,피리프록시펜), 근대(터부포스), 당근(카두사포스), 들깻잎(피리다벤), 바나나(스피노사드),포도(페노뷰카브, 네리이스톡신)
- [제주특별자치도] 밀(벤타존, 테부페노자이드)※ 전국적으로 토양처리 살충제 농약(입제) 성분인 터부포스,포레이트 잔류농약 부적합이 많이 발생되고 있습니다.
농업인께서는 해당 성분의 농약을 사용이 등록된 작물에만안전사용기준을 반드시 준수하여 살포하시기 바랍니다.
□ 부적합 발생 우려 품목/성분의 잔류허용기준 및 농약 등록 유무품목 검출성분 잔류허용기준(mg/kg) 잔류허용기준적용 근거농약 안전사용기준등록 유무‘22.8. ‘23.7.",10호.txt
2023,10,23,2023-08-01,2023-08-15,과수,점무늬낙엽병,예보,"감자,고구마,고추,녹두,당근,딸기,매실,멜론,무화과,미나리,복숭아,부추,상추,시금치,아욱,양송이,오이","가지 Imicyafos 0.01 0.01 일률기준 미등록고구마 Bentazone 0.01 0.01 일률기준 미등록고추Carbofuran 0.05 0.05 당해성분 당해품목 미등록(벤퓨라카브, 카보설판 등록)Dimethoate 0.01 0.01 일률기준 미등록Endosulfan(Total) 0.01 0.01 당해성분 당해품목 미등록Flubendiamide 1.0 1.0 당해성분 당해품목 등록(단제, 합제)Omethoate 0.01 0.01 일률기준 미등록Orysastrobin 0.01 0.01 일률기준 미등록Chlorfenapyr 1.0 1.0 당해성분 당해품목 등록(단제, 합제)Dinotefuran 2.0 2.0 당해성분 당해품목 등록(단제, 합제)EPN 0.01 0.01 일률기준 미등록Flutriafol 0.01 0.01 일률기준 미등록Iprobenfos 0.01 0.01 일률기준 미등록Sulfoxaflor 0.5 0.5 당해성분 당해품목 등록(단제, 합제)고춧잎Boscalid 0.01 0.01 일률기준 미등록Chlorothalonil 0.01 0.01 일률기준 미등록Cyflumetofen 0.01 1.0(기준변경) 당해성분 당해품목 미등록Difenoconazole 0.01 0.01 일률기준 미등록Fluxametamide 0.01 0.01 일률기준 미등록Procymidone 0.2 0.2 소분류기준(엽채류) 미등록Pydiflumetofen 0.01 0.01 일률기준 미등록Pyriproxyfen 0.01 0.01 일률기준 미등록근대Flubendiamide 0.01 0.01 일률기준 미등록Fluxametamide 0.01 0.01 일률기준 미등록Terbufos 0.01 0.01 일률기준 미등록녹두 Hexaconazole 0.05 0.05 당해성분 당해품목 등록(단제)당근 Cadusafos 0.05 0.05 당해성분 당해품목 등록(단제, 합제)당귀잎Carbaryl 0.01 0.01 일률기준 미등록Linuron 0.01 0.01 일률기준 미등록Thiobencarb 0.01 0.01 일률기준 미등록대추 Amisulbrom 0.01 0.01 일률기준 미등록대파 Phorate 0.05 0.05 당해성분 당해품목 등록(단제, 합제)Terbufos 0.05 0.05 당해성분 당해품목 등록(단제, 합제)들깻잎Diazinon 0.01 0.01 일률기준 미등록Pendimethalin 0.01 0.01 일률기준 미등록Phorate 0.05 0.05 당해성분 당해품목 미등록Pyridaben 0.01 0.01 일률기준 미등록멜론 Tetraconazole 0.01 0.01 일률기준 미등록무화과 Cyfluthrin 0.01 0.01 일률기준 미등록미나리 Fenitrothion 0.01 15(기준변경) 당해성분 당해품목 등록(단제)밀 Bentazone 0.01 0.02(기준변경) 당해성분 당해품목 미등록Tebufenozide 0.01 0.01 일률기준 미등록바나나 Spinosad 0.01 0.01 일률기준 미등록복분자 Methomyl 0.01 0.01 일률기준 미등록Pyflubumide 0.01 0.01 일률기준 미등록복숭아Dimethoate 0.01 0.01 일률기준 미등록Fenpropathrin 0.01 0.01 일률기준 미등록Omethoate 0.01 0.01 일률기준 미등록Phenthoate 0.01 0.01 일률기준 미등록□ 부적합 발생 주요 농산물 품목 현황(6월 기준)2022년 6월 2023년 6월번호 품목명 발생(건) 번호 품목명 발생(건)1 감자 9 1 감자 182 들깻잎 6 2 상추 73 상추 4 3 부추 54 오이 4 4 아욱 55 매실 3 5 취나물 5기타 시금치, 양송이버섯, 열무 등 51 기타 케일, 고춧잎, 들깻잎, 딸기, 매실 등 59합계 77 합계 99품목 검출성분 잔류허용기준(mg/kg) 잔류허용기준적용 근거농약 안전사용기준등록 유무‘22.8. ‘23.7.",10호.txt
2023,10,24,2023-08-01,2023-08-15,과수,점무늬낙엽병,예보,"감귤,복숭아,사과,상추,시금치,아욱,자두,쪽파,치커리,포도,호박","복숭아 Tetramethrin 0.01 0.01 일률기준 미등록Tricyclazole 0.01 0.01 일률기준 미등록사과 Flutolanil 0.01 0.01 일률기준 미등록Procymidone 0.01 0.01 일률기준 미등록상추Carbofuran 0.01 0.01 일률기준 미등록Imicyafos 0.01 0.01 일률기준 미등록Orysastrobin 0.01 0.01 일률기준 미등록Tebuconazole 0.05 0.05 당해성분 당해품목 등록(단제, 합제)상황버섯 Bifenthrin 0.01 0.01 일률기준 미등록Chlorfenapyr 0.01 0.01 일률기준 미등록시금치 Linuron 0.01 0.01 일률기준 미등록쌀 Phenothrin 0.01 0.01 일률기준 미등록아로니아 Prochloraz 0.01 0.01 일률기준 미등록Pydiflumetofen 0.01 0.01 일률기준 미등록아욱 Flubendiamide 0.01 0.01 일률기준 미등록자두 Fenitrothion 0.01 0.01 일률기준 미등록Propargite 0.01 0.01 일률기준 미등록쪽파 Imicyafos 0.01 0.01 일률기준 미등록Phorate 0.05 0.05 당해성분 당해품목 등록(단제, 합제)참나물 Flubendiamide 0.01 0.01 일률기준 미등록취나물Alachlor 0.01 0.01 일률기준 미등록Fluxametamide 0.01 0.01 일률기준 미등록Isoprothiolane 0.01 0.01 일률기준 미등록Orysastrobin 0.01 0.01 일률기준 미등록Tebuconazole 0.05 0.05 당해성분 당해품목 등록(단제)Thiacloprid 0.01 0.01 일률기준 미등록치커리 Fluxametamide 0.01 0.01 일률기준 미등록Terbufos 0.01 0.01 일률기준 미등록케일 Fluxametamide 0.01 0.01 일률기준 미등록Prochloraz 0.01 0.01 일률기준 미등록파슬리 Diazinon 0.01 0.01 일률기준 미등록Tebupirimfos 0.01 0.01 일률기준 미등록패션푸룻 Fluxametamide 0.01 0.01 일률기준 미등록포도Fenobucarb 0.01 0.01 일률기준 미등록Fenpropathrin 0.01 0.01 일률기준 미등록Nereistoxin 0.01 0.01 일률기준 미등록Prochloraz 1.0 1.0 당해성분 당해품목 등록(단제, 합제)Pyridalyl 0.01 0.5(기준변경) 당해성분 당해품목 등록(단제)호박(단호박) Propamocarb 0.01 0.01 일률기준 미등록호박잎 Phenothrin 0.01 0.01 일률기준 미등록□ 농약안전정보시스템(https://psis.rda.go.kr) 활용자료제공 및 검토 전문가 명단구분 성명 /  소속 / 직급1 김지성 / 농촌지원국 재해대응과 / 과장2 채의석 / 농촌지원국 재해대응과 / 농촌지도관3 김기형 / 농촌지원국 재해대응과 / 농촌지도관4 김상목 / 농촌지원국 재해대응과 / 농업연구관5 박승무 / 농촌지원국 재해대응과 / 농촌지도관6 이우일 / 농촌지원국 재해대응과 / 농촌지도사7 최효원 / 농촌지원국 재해대응과 / 농업연구사8 양미숙 / 농촌지원국 재해대응과 / 농촌지도사9 맹권재 / 농촌지원국 재해대응과 / 농업주사보10 박명일 / 농촌지원국 재해대응과 / 주무관11 최인후 / 농촌지원국 재해대응과 / 기술전문위원12 박해융 / 농촌지원국 재해대응과 / 기술전문위원13 성신상 / 농촌지원국 재해대응과 / 기술전문위원14 강신곤 / 농촌지원국 기술보급과 / 농촌지도관15 고창호 / 농촌지원국 기술보급과 / 농촌지도관16 김현철 / 농촌지원국 기술보급과 / 농촌지도사17 장진경 / 농촌지원국 기술보급과 / 농촌지도사18 노석원 / 농촌지원국 식량산업기술팀 / 농촌지도관19 엄미옥 / 농촌지원국 식량산업기술팀 / 농촌지도사20 윤  송 / 농촌지원국 식량산업기술팀 / 농촌지도사21 이세원 / 국립농업과학원 작물보호과 / 과장22 박병용 / 국립농업과학원 작물보호과 / 농업연구관23 박동석 / 국립농업과학원 작물보호과 / 농업연구관24 이봉춘 / 국립농업과학원 작물보호과 / 농업연구관25 이용환 / 국립농업과학원 작물보호과 / 농업연구관26 이관석 / 국립농업과학원 작물보호과 / 농업연구사27 이영기 / 국립농업과학원 작물보호과 / 농업연구사28 강미형 / 국립농업과학원 작물보호과 / 농업연구관29 정인홍 / 국립농업과학원 작물보호과 / 농업연구사30 류현주 / 국립농업과학원 작물보호과 / 농업연구사31 심교문 / 국립농업과학원 기후변화평가과 / 농업연구관32 허지나 /국립농업과학원 기후변화평가과 / 농업연구사33 최준열 / 국립농업과학원 작물기초기반과 / 과장34 김상민 / 국립식량과학원 작물기초기반과 / 농업연구사35 최낙중 / 국립식량과학원 작물기초기반과 / 농업연구사36 김현주 / 국립식량과학원 기술지원과 / 농업연구관37 김은영 / 국립식량과학원 재배환경과 / 농업연구사38 김동환 / 국립원예특작과학원 원예특작환경과 / 과장39 이성찬 / 국립원예특작과학원 원예특작환경과 / 농업연구관40 조인숙 / 국립원예특작과학원 원예특작환경과 / 농업연구관41 한유경 / 국립원예특작과학원 원예특작환경과 / 농업연구사42 이선영 / 국립원예특작과학원 원예특작환경과 / 농업연구사43 서미혜 / 국립원예특작과학원 원예특작환경과 / 농업연구사44 윤정범 / 국립원예특작과학원 원예특작환경과 / 농업연구사45 이동혁 / 국립원예특작과학원 사과연구소 / 소장46 양상진 / 국립원예특작과학원 사과연구소 / 농업연구관47 송장훈 / 국립원예특작과학원 배연구소 / 농업연구관48 강아랑 / 국립원예특작과학원 배연구소 / 농업연구사49 한승갑 / 국립원예특작과학원 감귤연구소 / 농업연구관2023년 농작물 병해충 발생정보(제10호)집 필 인김지성 , 채의석 , 김기형 , 김상목 , 박승무 , 이우일 , 최효원 , 양미숙 , 맹권재 ,박명일 , 강권희발 행 처 농촌진흥청 재해대응과주소 54875 전북 전주시 덕진구 농생명로 300전화 (063) 238–1045~1049homepage : http://www.nongsaro.go.kr",10호.txt
2023,11,1,2023-08-16,2023-08-31,식량작물,이삭도열병,주의보,벼,"❍ 지난 몇 년간 도열병 발생 증가로 병원균의 밀도가 높은 상태로이삭도열병 발생이 우려됨. 도열병에 약한 품종과 잎색이 짙고잎이 늘어진 논 등에서 발생이 늘어날 것으로 우려되어 주의가필요함
* 도열병에약한품종:화성벼․청아벼등(중생종),추청벼․일품벼․일미벼․새일미벼․신동진벼․호평벼․청담벼․진백벼 등(중만생종)
- 이삭도열병은 이삭 패는 시기에 병원균이 침입하여 병이 발생한후에는 방제효과가 높지 않아 피해가 크므로 예방 위주로 출수전에 방제⇒ 잎도열병 발생이 심한 논, 도열병에 약한 품종, 거름기가 늦게까지나타나는 논 등은 유․수화제로 2회 필수 방제(1차 : 이삭이 팰 때, 2차 : 1차 방제 후 7일경 2차 방제)",11호.txt
2023,11,2,2023-08-16,2023-08-31,식량작물,잎집무늬마름병,주의보,,"❍ 고온 다습한 환경과 조기이앙, 밀식재배, 비료를 많이 줄 때 발생이많이 되고 곰팡이 병균에 의해 잎집에서 반점 또는 얼룩무늬 증상이나타나며 최고 50% 감수됨
❍ 7∼8월 잦은 강우로 습도가 높아 병 발생에 유리한 환경이 지속되어 발생이 많이 늘어나고 병무늬가 윗 잎집으로 번질 가능성 높음
❍ 최근 4주간(7. 20.∼8. 16.) 기상 경과를 보면 기온은 27℃로, 평년(26.1)보다 0.9.℃ 높고, 강수량은 216.5㎜로, 평년(226.6)보다 10.1㎜ 적었음
❍ 특히, 집중호우 이후 온도가 높아지면 침수지역을 중심으로발생이 늘어날 가능성이 높음
⇒  30℃ 전후의 다습한 환경이 병 발생에 최적 조건으로 잎집,잎에 증상이 생기며 심하면 식물체 전체가 고사하므로 발병초기의 빠른 방제가 중요",11호.txt
2023,11,3,2023-08-16,2023-08-31,식량작물,흰잎마름병,주의보,벼,"❍ 흰잎마름병은 물을 통하여 전염되는 세균병으로 고온, 집중호우로인한 침수, 강풍 및 논둑이나 수로에 겨풀‧줄풀 등 기주식물 많을때 발생이 많고 발병 후는 방제가 불가능함
⇒ 집중호우로 인해 침관수된 지역은 병이 급속히 번질 우려가 있음
으로 탁수에 의한 벼의 흙앙금 및 오물을 세척하고 맑은 물을여러번 갈아 넣어 새뿌리의 발생을 돕도록 해야함. 동시에 이삭도열병, 잎집무늬마름병의 발생 우려가 크므로 물이 빠진 후 등록약제를 살포하여 동시 방제실시",11호.txt
2023,11,4,2023-08-16,2023-08-31,식량작물,세균벼알마름병,주의보,벼,"❍ 세균벼알마름병은 감염 초기에왕겨 부분이 갈색으로 변하기시작하여 점차 전체가 갈색으로 변하고 낟알이 차지 않고 쭉정이가 되므로 이삭이꼿꼿하게 서 있음
❍ 특히, 발병 최적 온도는 30 ~ 35℃(최저 10, 최고 43℃), 습도90% 이상(벼알이 4시간 이상 젖으면 발병조건 충족)으로 습하고 고온일 때 발병이 늘어남⇒ 출수기 전·후 합 5일간의 평균 최저기온이 23℃ 부근이고수㎜에서 30㎜정도의 강우가 지속될 때 감염에 최적임
❍ 올해 세균벼알마름병은 포장내 전염원 세균의 누적과 최근고온에 의한 병원균 발생 호조건으로 벼 생육후기 대폭 증가할 가능성이 있음
❍ NCPMS 발생 예측 결과 7월 하순~8월 중순까지 감염위험도가매우 높음을 보이고 있으며, 신동진벼 재배 비율이 높은 전북,전남지역에 출수기 강우에 의해 발생이 우려됨
⇒ 종자를 통해 전염되므로 건전 종자 사용이 중요하며 이삭이 한두 개보일 때부터 7일 간격 2회 약제살포가 효과적(세균병 전용 성분<가스가마이신, 옥솔린산 등>을 포함한 도열병 약제로 이삭도열병동시 방제 가능)[세균벼알마름병 예측(좌), 예찰(우) 비교 지도(NCPMS, 8.16.)]",11호.txt
2023,11,5,2023-08-16,2023-08-31,식량작물,혹명나방,주의보,벼,"❍ 6 ~ 9월 중국 남부지방에서 기류를 타고 날아와 발생하며 애벌레가벼 잎을 긴 원통형으로 말고 그 속에서 잎을 갉아 먹는 피해를 줌
❍ 올해 주요 상습 발생지역인 서남해안을 포함한 대부분의 지역에서발생이 관찰되고 있어 철저한 예찰과 방제 필요
⇒ 막대기로 벼 포기를 두드려 나방이 나는 모습이 확인되거나유충이 벼 잎을 세로로 말고 갉아먹어 표피만 남기는 피해증상이 보이면 즉시 방제",11호.txt
2023,11,6,2023-08-16,2023-08-31,식량작물,흰등멸구,주의보,벼,"❍ 벼멸구․흰등멸구는 중국 남부지방에서 기류를 타고 날아와 피해를주는 해충으로 올해는 벼멸구 보다 흰등멸구의 비래량이 많은것으로 조사 되었음
⇒ 특히, 강우 이후 고온이 지속되면 세대가 짧아지고 밀도가 높아질것으로 예상되므로 방제를 요하는 필지는 신속한 방제 필요
〈방제를요하는벼멸구,흰등멸구밀도기준(마리/20주)〉구 분 ～8월상순 8월중순 8월하순 9월상중순벼멸구조생종 20 100 400 -중만생종 15 50(단시형 20)100(단시형 40) 400흰등멸구 100 400 400 400",11호.txt
2023,11,7,2023-08-16,2023-08-31,식량작물,열대거세미나방,주의보,,"❍ 올해 4월 18일 제주에서 성충이 첫 발견 되었으며, 유충은 전북부안에서 5.19일 발견됨. 최근 4년간 가장 빠른 시기에 성충과유충 발견(작년 대비 약 한달 빠름)⇒ 적기방제하면 피해가 최소화(1%이내) 되지만, 방제시기를 놓칠경우 10~30%이상 피해가 발생 될 수 있음
❍ 방제를 위해 발생초기(유충1~3령) 등록약제로 살포하되, 약제를살포할 때는 약액이 골고루 작물에 묻도록 충분히 살포□ 열대거세미나방 유충형태 및 피해 사진열대거세미나방 유충(왼쪽, 2령), 피해 사진(오른쪽)",11호.txt
2023,11,8,2023-08-16,2023-08-31,식량작물,먹노린재,예보,벼,"❍ 전남‧북, 경남, 경북 등 지역에 발생이 확인되고 있으며, 발생 시·군이 늘어나고 있음. 먹노린재 피해가 발생했던 지역에서는철저한 예찰과 방제 필요
❍ 먹노린재는 약충과 성충이 벼 줄기에 구침을 꽃아 즙액을 빨아먹는데 피해가 심하면 수확량에 큰 영향을 줌, 주로 논 가장자리에 피해증상이 많이 나타나는데 생육초기에 심하게 피해를받으면 초장이 짧아지고 이삭이 나오지 않을 수 있음
⇒ 작은 충격이나 소리에도 볏대사이나 물속으로 숨어 방제가어렵기 때문에 논물을 빼고 해질무렵 등록약제를 충분히 살포",11호.txt
2023,11,9,2023-08-16,2023-08-31,채소,역병·탄저병·바이러스,주의보,"고추,방울토마토,오이","❍ 고온이 지속될 경우 진딧물, 총체벌레 등 매개충들의 밀도가높아져 바이러스병이 확산될 가능성이 높음
⇒ 오이모자이크바이러스(CMV)를 매개하는 진딧물과 토마토반점위조바이러스(TSWV)의 매개충인 총채벌레의 효율적인 방제를 위해 계통이 다른 등록 약제를 번갈아 살포⇒ 바이러스병에 감염되면 방제가 어려우므로 예방위주로 방제 철저⇒ 바이러스병이 이미 진전된 포장에서는 고추의 주간부위에서 자란세력이 강한 측지 관리로 고추 수량 확보
❍ 역병은 토양에 있던 병원균이 물을통하여 전염되는 병으로 일단 발병하면 급속하게 번지고 방제효과가낮음. 잦은 강우로 인해 병 감염위험이 높음으로 배수불량 포장에서는급격히 발생 될 가능성이 있음
⇒ 땅 닿는 부분까지 약액이 충분히 묻도록적용약제로 예방위주 방제
❍ 고추 탄저병은 지난해 버려진 병든 잔재물이 가장 중요한 1차전염원이고, 올해는 국지적 집중호우가 계속되어 8월 방제를 소홀히 할 경우 피해가 우려됨
⇒ 병든 과실을 그냥 두거나 이랑사이에 버리면 방제효과는 50%이상 감소하므로 병든 과실은 발견 즉시 매립 또는 소각하며,심하게 발병하면 방제가 어려움으로 예찰과 적기방제 필요",11호.txt
2023,11,10,2023-08-16,2023-08-31,채소,고랭지 무·배추 무름병·뿌리혹병,주의보,"무,배추","❍ 무름병은 세균에 의한 병으로 온도가 높을 때 많이 발생하며 땅과맞닿은 부분의 잎자루와 줄기부터 발병해서 결구 속까지 무르고부패하게 됨
⇒ 병원균은 건조에 약하므로 배수와 통풍이 잘 되도록 관리하며약제 방제 시 등록약제를 본잎이 5∼6매 이후에 7∼10일 간격으로 살포하고 땅 닿는 부분까지 약제가 잘 묻도록 처리
❍ 뿌리혹병은 뿌리에 크고 작은 혹이 생기면서 지상부가 말라죽는병으로 사전에 방제를 철저하게 하지 않은 밭에서 발생⇒ 병원균은 물이나 흙을 통하여 이동하므로 물 빠짐이 좋도록배수로를 잘 정비하고 병 발생 후에는 방제가 어려우므로 병든포기는 발견 즉시 제거",11호.txt
2023,11,11,2023-08-16,2023-08-31,채소,고추 담배나방,주의보,고추,"❍ 담배나방은 피해가 전국적으로 발생하고 있는데 고온이 지속되면 담배나방, 파밤나방 등의 발생이 늘어날 우려가 높음
⇒ 담배나방 등 나방류 유충은 3령 이상 자라면 약제저항성이커져서 방제효과가 떨어지므로 새 잎을 중심으로 자세히 살펴보고 발생초기 등록약제로 방제",11호.txt
2023,11,12,2023-08-16,2023-08-31,채소,"총채벌레류, 응애류, 가루이류",예보,"방울토마토,수박,오이,파프리카","❍ 시설재배 작물에서 꽃노랑총채벌레, 온실가루이, 담배가루이 등이관리소홀 포장에서 발생하고 있는데 온도가 올라가면 확산 가능성이있어 주의가 필요함
❍ 시설재배에서 발생하는 해충은 대부분 크기가 작고 연중 발생하고있으나, 발생초기에 예찰이 어려워 피해를 입는 경우가 많음. 특히이 해충들은 식물체에 직접적인 피해를 줄 뿐만 아니라 그을음병을유발하거나 바이러스병을 전염시켜 작물에 피해를 줌⇒ 이들 해충은 끈끈이트랩 등을 활용하여 주의 깊게 예찰하고 발견즉시 계통이 다른 등록약제를 바꾸어가며 방제
❍ 꽃노랑총채벌레 등 총채벌레류가 오이, 파프리카 등에 발생량이증가하고 있어 방제가 이루어지지 않으면 확산 및 피해가 예상⇒ 황색 끈끈이트랩이나 타락법(흰색 종이를 이용 꽃과 잎을 두드려서 예찰) 등으로 예찰하고, 발생포장은 초기에 방제⇒ 꽃노랑총채벌레는 번데기 방제용으로 아큐레이퍼응애를 토양에투입하고, 지상부 유충과 성충 방제용으로는 유럽애꽃노린재,지중해이리응애 등 천적을 활용하면 효과적으로 방제가 가능함
❍ 담배가루이와 온실가루이는 남부와 중부지방 수확기에 있는 토마토와 하우스수박을 중심으로 밀도 증가가 예상되나 관리가 소홀해질 시기로 품질저하 및 다음 작기 재배 작물에 피해가 우려됨
⇒ 수확 완료시기까지 정밀예찰과 지속적인 방제 및 관리가 필요",11호.txt
2023,11,13,2023-08-16,2023-08-31,채소,진딧물류,예보,고추,"❍ 진딧물류가 고추 등 일부 포장에 발생이 확인되고 있어 기온이 올라가면 급속히 확산되어 피해가 우려됨
⇒ 작물의 신초 부위를 육안으로 관찰하여 예찰하고, 발생포장은 초기부터 유효성분과 계통이 다른 약제를 번갈아 가며 방제를 해줌",11호.txt
2023,11,14,2023-08-16,2023-08-31,과수,과수화상병,주의보,사과,"❍ (과수화상병) 사과, 배 등의 병든 꽃은 수침상이 되고 쭈그러든후 흑갈색으로 변해 떨어지거나 나무에 매달려 있게 되고 꽃이달린 가지나 인접한 가지로 진전되어 잎맥을 따라 흑갈색의병반이 생기고 병이 진전됨에 따라 병든 잎은 말리고, 쭈그러들어보통은 가지에 매달려 있음. 병든 가지의 나무껍질은 흑갈색으로변하면서 물러졌다가 후에 위축되고 단단해져 궤양병반을 형성⇒ 한번 걸리면 방제가 불가능하기 때문에 예방을 위하여 과수원을 청결하게 관리하고 농작업을 하는 사람의 과수원 출입시사람과 작업도구 등을 수시로 소독⇒ 의심증상 발견 시에는 전국 대표전화(1833-8572) 또는 가까운농업기술센터·농업기술원에 즉시 신고, 병균의 밀도가 낮아 진단되지 않더라도 갈변궤양은 끝에서 40~70cm 아래를 절단․제거
❍ (과수가지검은마름병) 과수화상병과 증상이 비슷하여 육안으로는구분이 불가하며, 발생시기와 전파경로, 피해증상이 유사함.
사과나무병징엽맥따라갈색병반형성 신초마름병징(지팡이모양) 과실 줄기 병징배나무병징꽃전체가시들고마름 신초마름병징(지팡이모양) 과실 줄기 병징",11호.txt
2023,11,15,2023-08-16,2023-08-31,과수,사과탄저병·사과갈색무늬병,주의보,"복숭아,사과,포도","❍ 사과, 복숭아, 포도 등에 발생하는 탄저병은 주요 관리 과수병으로병원균은 주로 습기가 많은 기후조건과 25℃ 전후 온도에서 감염이잘 이루어지므로 장마기 이후에 주의가 필요함
❍ 탄저병에 감염된 과실은 초기에 검정색 작은 반점이 껍질에 나타나며, 병이 커질수록 과실 표면이 움푹 들어가면서 과실 내부가갈색으로 변하면서 과실 표면에 많은 분생포자가 생겨 주변 건전한과실을 감염. 특히 장마기나 바람이 많이 부는 날씨에는 분생포자들이이동되는 시기이므로 철저한 관리가 필요함
⇒ 지난해에 탄저병이 많이 발생했던 농가는 과원 내에 탄저병균이남아 있을 수 있으므로 탄저병균의 밀도를 줄이기 위해 예방적으로 적용 살균제를 살포⇒ 탄저병은 병원균이 잠복하고 있다가 생육 후기에 병징을 나타내며,탄저병은 생육 초기에 감염된 경우 소형 반점 증상이 나타남⇒ 과원 내 통풍이 잘 되게 하고 물 빠짐이 잘 되도록 관리
❍ 사과 갈색무늬병은 포자의 공기전염에의해 병이 발생되며 포자의 비산은 7월이후에 증가하여 8월에 가장 많은 양이비산됨으로 8월까지 가능한 강우 전에정기적으로 적용약제를 수관 내부까지골고루 묻도록 충분한 양을 살포하여야 함",11호.txt
2023,11,16,2023-08-16,2023-08-31,과수,점무늬낙엽병,주의보,,"❍ 과실에서 5~6월부터 과점으로 감염되기 시작하여 8~9월까지 감염되며, 흑색의 작은 반점을 형성하여 병반은 크게 확대되지 않고과실이 성숙하면 병반 주변이 적자색으로 됨
❍ 과실의 감염은 고온다습한 7~8월에 가장 많이 일어남으로 겹무늬썩음병 , 갈색무늬병과 동시 방제하는 것이 효과적임",11호.txt
2023,11,17,2023-08-16,2023-08-31,과수,새눈무늬병·갈색무늬병,예보,포도,"❍ 포도 새눈무늬병은 잎에서 잎맥이 흑갈색으로 변하고, 진전되면 흑색 반점으로 확대되어 구멍이 뚫리며 열매와 가지에서는 초기에 흑갈색의 반점이 나타남⇒ 비가 많이 올 때 발생이 많으므로,병든 부위는 즉시 제거하고 봉지 씌우기 전에 등록약제로 방제
❍ 포도 갈색무늬병․노균병은 비가 자주 내리고 습도가 높을 때 발생이 많음
⇒ 잎과 과실을 자세히 살펴보아 발생 초기에 등록약제로 잎 뒷면까지 방제하되 가능한 비 오기 전․후 방제실시",11호.txt
2023,11,18,2023-08-16,2023-08-31,과수,복숭아순나방 ‧ 복숭아심식나방,주의보,"복숭아,사과","❍ 과실 가해 나방류 중 복숭아순나방(3세대), 복숭아심식나방(2세대)이장마기를 거치면서 발생하므로 성페로몬트랩을 정기적으로 조사
❍ 주로 사과의 꽃받침 부분과 과경부에 산란하며, 부화한 유충이 과실을뚫고 들어가 피해를 줌.
⇒ 피해를 받은 식물체(열매)를 발견하면 즉시 제거하여 땅에 묻고잡초나 사과나무에서 해충 발생이 관찰되면 많이 발생하는 곳을중심으로 적용약제로 방제",11호.txt
2023,11,19,2023-08-16,2023-08-31,과수,"갈색날개매미충, 미국선녀벌레, 꽃매미",주의보,,"❍ 과수원의 돌발해충(갈색날개매미충, 미국선녀벌레, 꽃매미)은 높은온도로 인해 대부분 지역에서 부화가 완료되었으며, 약충기 방제가소홀한 과수원과 주변 산림에 밀도가 늘어날 것으로 예상되므로발생 과수원과 인접 산림 등에 대한 철저한 방제가 필요
⇒ 5∼6월에 약충 방제가 소홀했던 과원은 적용약제로 반드시 방제",11호.txt
2023,11,20,2023-08-16,2023-08-31,과수,응애류·노린재류,예보,사과,"❍ 점박이응애는 7∼8월에 많이 발생하며 비가 적을 때 발생이 급증하기때문에 잎 뒷면을 잘 관찰하여 발생 초기에 방제 필요
⇒ 등록약제 살포시 잎 뒷면까지 약제가 골고루 묻을 수 있도록 방제기의노즐을 미세하게 조절하여 정밀 살포 방제
❍ 갈색날개노린재, 썩덩나무노린재는 사과 흡즙 주요 노린재류로성충으로 월동하다가 4∼5월부터 발생을 시작해 7∼8월에 사과과실에 집중적으로 가해⇒ 노린재류가 과원에서 발견되면 심식나방류와 동시에 방제 가능한적용약제를 2∼3회 골고루 살포1개월 기상전망            (출처 : 국립농업과학원, 기상청)기온은 1주는 평년보다 높겠고, 2주, 3주, 4주는 평년과 비슷하거나 높겠음
강수량은 1주는 평년보다 많겠고, 2주는 평년과 비슷하거나 많겠으며, 3주, 4주는평년과 비슷하겠음
❍ 1주(8.28~9.3): 북태평양고기압의 가장자리에 들겠으며, 기압골의 영향을 받을때가 많겠음
- 기온은 평년보다 높겠고, 강수량은 평년보다 많겠음
❍ 2주(9.4~9.10): 북태평양고기압의 가장자리에 들겠으며, 기압골의 영향을 받을때가 있겠음
- 기온은 평년과 비슷하거나 높겠고, 강수량은 평년과 비슷하거나 많겠음
❍ 3주(9.11~9.17): 이동성 고기압의 영향을 받겠음
- 기온은 평년과 비슷하거나 높겠고, 강수량은 평년과 비슷하겠음
❍ 4주(9.18~9.24): 이동성 고기압의 영향을 받겠음
- 기온은 평년과 비슷하거나 높겠고, 강수량은 평년과 비슷하겠음
농업지대 지역평균기온 강수량1주 2주 3주 4주 1주 2주 3주 4주(8.28~9.3) (9.4~9.10) (9.11~9.17) (9.18~9.24) (8.28~9.3) (9.4~9.10) (9.11~9.17)(9.18~9.24)1.태백고냉 대관령 높음 조금높음 조금높음 조금높음 많음 조금많음 비슷 비슷2.태백준고냉 인제,홍천,제천 높음 조금높음 조금높음 조금높음 많음 조금많음 비슷 비슷3.소백산간 충주,보은 높음 조금높음 조금높음 조금높음 많음 조금많음 비슷 비슷4.노령소백산간 임실 높음 조금높음 조금높음 조금높음 많음 조금많음 비슷 비슷5.영남내륙산간 추풍령,영주,문경 높음 조금높음 조금높음 조금높음 많음 조금많음 비슷 비슷6.중북부내륙 춘천,양평 높음 조금높음 조금높음 조금높음 많음 조금많음 비슷 비슷7.중부내륙 원주,이천 높음 조금높음 조금높음 조금높음 많음 조금많음 비슷 비슷8.소백서부내륙 청주,대전,금산 높음 조금높음 조금높음 조금높음 많음 조금많음 비슷 비슷9.노령동서내륙 정읍,남원,거창,산청 높음 조금높음 조금높음 조금높음 많음 조금많음 비슷 비슷10.호남내륙 광주,순천,장흥 높음 조금높음 조금높음 조금높음 많음 많음 비슷 비슷11.영남분지 대구,의성,구미,영천 높음 조금높음 조금높음 조금높음 많음 조금많음 비슷 비슷12.영남내륙 진주,합천,밀양 높음 조금높음 조금높음 조금높음 많음 많음 비슷 비슷13.중서부평야 서울,인천,수원,서산,강화,천안,보령 높음 조금높음 조금높음 조금높음 많음 조금많음 비슷 비슷14.차령남부평야 군산,전주,부여,부안 높음 조금높음 조금높음 조금높음 많음 조금많음 비슷 비슷15.남서해안 목포,완도,해남,고흥 높음 조금높음 조금높음 조금높음 많음 많음 비슷 비슷16.남부해안 부산,통영,여수,거제,남해 높음 조금높음 조금높음 조금높음 많음 많음 비슷 비슷17.동해안북부 속초,강릉 높음 조금높음 조금높음 조금높음 많음 조금많음 비슷 비슷18.동해안중부 울진,영덕 높음 조금높음 조금높음 조금높음 많음 조금많음 비슷 비슷19.동해안남부 포항,울산 높음 조금높음 조금높음 조금높음 많음 많음 비슷 비슷20.제주 제주,성산,서귀포 높음 조금높음 조금높음 조금높음 많음 많음 비슷 비슷평균 높음 조금높음 조금높음 조금높음 많음 조금많음 비슷 비슷10일(2023.08.20.~08.27.) 예보(기상청, 2023.08.17., 06:00)<기상예보>
❍ (기온) 아침 기온은 22~26℃, 낮 기온은 28~33℃로 평년(최저기온20~24℃, 최고기온 27~31℃)과 비슷하거나 조금 높겠음",11호.txt
2023,11,21,2023-08-16,2023-08-31,과수,응애류·노린재류,예보,,"❍ (강수) 20일 오후 전라권과 경북권에, 21일 오후 강원영서와 충청권,전라권, 경북권에, 20일~23일 오후에 제주도에 소나기가 내리겠으며, 22일 수도권과 강원영서, 충청권에, 23일 전국(강원영동과 경남권 제외)에 비가 오겠음
<날씨><최저/최고기온>최근 경과기상과 향후 기상전망<기온><강수량>연도별 평균기온
❍ ‘23년 1월부터 8월 3주차까지의 평균기온은 14.2℃로, 평년(13.1)보다
1.1℃ 높았음
- ’23년 8월 3주차의 평균기온은 25.7℃로, 평년(25.9)보다 0.2℃ 낮았음
기 간 1월 2월 3월 4월 5월 6월 7월8월 분석기간1.1~8.10 8.10~8.161주(7.27~8.2)2주(8.3~8.9)3주(8.10~8.16)평균(℃)편차(℃)평균(℃)편차(℃)2023년 0.0 3.0 9.7 13.3 18.0 22.4 25.6 28.0 28.4 25.7 14.2 1.1 25.7 -0.22022년 -0.2 0.4 8.0 13.9 18.2 22.5 26.1 27.1 28.2 26.6 13.8 0.7 26.6 0.72021년 -0.4 3.9 9.0 13.4 16.9 21.9 26.2 27.6 27.3 24.8 14.0 0.9 24.8 -1.12020년 3.0 3.8 8.0 10.9 17.7 22.7 22.7 24.7 25.6 27.2 13.7 0.6 27.2 1.32019년 0.5 2.6 7.6 12.0 18.5 21.2 24.7 27.8 28.0 27.7 13.6 0.5 27.7 1.82018년 -1.8 0.0 8.2 13.3 17.8 22.1 26.7 29.4 29.2 28.4 13.6 0.5 28.4 2.52017년 0.3 1.8 6.4 13.8 18.6 21.7 26.4 26.1 28.0 24.7 13.8 0.7 24.7 -1.22016년 -0.6 1.9 7.3 13.8 18.5 22.2 25.4 27.7 27.8 28.8 13.8 0.7 28.8 2.92015년 0.8 2.2 6.8 12.7 18.5 21.5 24.3 27.4 27.8 25.1 13.5 0.4 25.1 -0.82014년 0.7 2.7 7.7 13.3 18.3 21.7 24.9 25.8 24.8 23.3 13.7 0.6 23.3 -2.62013년 -1.8 0.8 6.7 10.3 17.7 22.4 26.2 26.7 28.2 28.4 13.0 -0.1 28.4 2.510년평균 0.0 2.0 7.6 12.7 18.1 22.0 25.4 27.0 27.5 26.5 13.7 0.6 26.5 0.6평 년 -0.4 1.7 6.5 12.3 17.5 21.5 24.7 26.4 26.4 25.9 13.1 0.0 25.9 0.0* 10년 평균 : 최근 10년(2013~2022년)동안의 평균기온의 평균** 평년 : 30년(1991～2020년)동안의 평균기온의 평균*** 편차 : 평년의 평균기온에 대한 연도별 평균기온의 차이연도별 강수량
❍ ‘23년 1월부터 8월 3주차까지의 강수량의 합은 1,217.3㎜로, 평년(910.7)보다 306.6㎜ 많았음(평년대비 133.7%)
- ’23년 8월 3주차의 강수량의 합은 104.5㎜로, 평년(58.8)보다 45.7㎜ 많았음",11호.txt
2023,11,22,2023-08-16,2023-08-31,과수,응애류·노린재류,예보,"멜론,복숭아,사과,상추,시금치,아욱,자두,쪽파,치커리,포도,호박","(평년대비 177.7%)기 간 1월 2월 3월 4월 5월 6월 7월8월 분석기간1.1~8.10 8.10~8.161주(7.27~8.2)2주(8.3~8.9)3주(8.10~8.16)합계(㎜)대비(%)합계(㎜)대비(%)2023년 44.9 20.0 30.5 70.2 207.2 210.1 497.0 7.4 32.4 104.5 1217.3 133.7 104.5 177.72022년 5.0 5.5 89.5 62.7 6.3 181.9 181.9 54.7 68.1 120.4 747.8 82.1 120.4 204.82021년 25.4 23.4 112.1 77.5 138.9 94.7 234.7 36.1 30.4 29.0 793.6 87.1 29.0 49.32020년 85.7 62.1 34.4 44.0 107.4 194.3 422.9 124.1 212.3 77.5 1268.7 139.3 77.5 131.82019년 9.7 34.5 42.6 80.8 65.0 151.5 238.3 34.1 30.0 40.6 696.4 76.5 40.6 69.02018년 25.5 36.6 116.2 140.3 135.2 147.2 170.7 4.0 19.4 23.5 814.6 89.4 23.5 40.02017년 18.6 36.0 26.1 72.8 31.0 63.1 297.1 41.3 18.9 99.4 665.8 73.1 99.4 169.02016년 32.9 50.6 62.8 163.2 103.4 76.4 290.8 22.6 13.1 6.2 805.2 88.4 6.2 10.52015년 31.9 31.0 47.8 135.6 70.1 103.3 189.4 15.7 7.5 28.7 650.6 71.4 28.7 48.82014년 14.0 34.8 82.3 89.3 84.2 85.7 167.2 66.9 74.8 48.7 735.1 80.7 48.7 82.82013년 29.7 53.9 60.9 79.9 132.3 105.9 290.2 42.9 30.8 7.0 798.2 87.6 7.0 11.910년평균 27.8 36.8 67.5 94.6 87.4 120.4 248.3 44.2 50.5 48.1 797.6 87.6 48.1 81.8평 년 30.6 37.5 63.0 90.7 108.0 151.4 290.4 52.1 63.9 58.8 910.7 100.0 58.8 100.0* 10년 평균 : 최근 10년(2013~2022년)동안의 강수량의 평균** 평년 : 30년(1991～2020년)동안의 강수량의 평균*** 대비 : 평년의 강수량에 대한 연도별 강수량의 비율
❍ 여름철 집중 호우·태풍 대비 농작물 및 농업시설물 안전관리요령
❍ 여름철 폭염(고온) 대비 농작물 관리요령8월 주요 품목별 농약 사용 주의보8월 주요 품목별 농약 사용 주의보★8월에 검출된 75개 조합(39품목/48성분)★* 이 자료는 국립농산물품질관리원 안전성조사 결과 중 ’22년도 부적합 발생 품목 및농약 성분을 바탕으로 작성했습니다.
□ 지역별 부적합 발생 우려 정보
❍ 주요 부적합 우려 품목(성분)
- [부산광역시] 근대(플루벤디아마이드, 터부포스),상추(카보퓨란), 시금치(리뉴론)
- [인천광역시] 치 커 리(플 룩 사 메 타 마 이 드, 터 부 포 스)
- [대전광역시] 아욱(플루벤디아마이드)
- [울산광역시] 아 로 니 아(프 로 클 로 라 즈, 피 디 플 루 메 토 펜)
- [경기도] 근대(플룩사메타마이드), 들깻잎(다이아지논), 바나나(스피노사드), 사과(프로사이미돈),상추(테부코나졸), 참나물(플루벤디아마이드), 포도(펜프로파트린), 호박잎(페노트린)
- [강원도] 단호박(프로파모카브), 당귀잎(카바릴,리뉴론, 티오벤카브), 멜론(테트라코나졸), 파슬리(다이아지논, 테부피림포스)
- [충청북도] 복숭아(펜토에이트), 자두(프로파자이트), 쪽파(포레이트)",11호.txt
2023,11,23,2023-08-16,2023-08-31,과수,응애류·노린재류,예보,"고구마,고추,녹두,당근,무화과,미나리,복숭아,사과,상추,오리,자두,쪽파,포도","- [충청남도] 가지(이미시아포스), 고구마(벤타존),고추(카보퓨란, 엔도설판, 플루벤디아마이드,이프로벤포스, 설폭사플로르), 대파(포레이트),들깻잎(펜디메탈린), 복숭아(디메토에이트, 오메토에이트), 사과(플루톨라닐), 상추(이미시아포스), 상황버섯(비펜트린, 클로르페나피르), 쪽파(이미시아포스), 포도(프로클로라즈)
- [전라북도] 고추(오리사스트로빈, 설폭사플로르),대추(아미설브롬), 복분자(메토밀, 피플루뷰마이드),복숭아(테트라메트린), 상추(이미시아포스, 오리사스트로빈, 테부코나졸), 참나물(플루벤디아마이드)
- [전라남도] 고 추(디 메 토 에 이 트, 오 메 토 에 이 트, 엔 도설판, 이피엔), 대파(터부포스), 들깻잎(포레이트),무화과(사이플루트린), 복숭아(펜프로파트린),쌀(페노트린), 취나물(알라클로르, 아이소프로티올레인, 테부코나졸), 패션푸룻(플룩사메타마이드),포도(피리달릴)
- [경상북도] 고추(플 루트 리 아폴), 녹 두(헥사 코 나졸),미나리(페니트로티온), 복숭아(트리사이클라졸),자두(페니트로티온), 취나물(플룩사메타마이드,아이소프로티올레인, 오리사스트로빈, 티아클로프리드), 케일(플룩사메타마이드, 프로클로라즈)
- [경상남도] 고추(클로르페나피르, 디노테퓨란,설폭사플로르), 고춧잎(보스칼리드, 클로로탈로닐, 사이플루메토펜, 디페노코나졸, 플룩사메타마이드, 프로사이미돈, 피디플루메토펜,피리프록시펜), 근대(터부포스), 당근(카두사포스), 들깻잎(피리다벤), 바나나(스피노사드),포도(페노뷰카브, 네리이스톡신)
- [제주특별자치도] 밀(벤타존, 테부페노자이드)※ 전국적으로 토양처리 살충제 농약(입제) 성분인 터부포스,포레이트 잔류농약 부적합이 많이 발생되고 있습니다.
농업인께서는 해당 성분의 농약을 사용이 등록된 작물에만안전사용기준을 반드시 준수하여 살포하시기 바랍니다.
□ 부적합 발생 우려 품목/성분의 잔류허용기준 및 농약 등록 유무품목 검출성분 잔류허용기준(mg/kg) 잔류허용기준적용 근거농약 안전사용기준등록 유무‘22.8. ‘23.7.",11호.txt
2023,11,24,2023-08-16,2023-08-31,과수,응애류·노린재류,예보,"감자,고구마,고추,녹두,당근,딸기,매실,멜론,무화과,미나리,복숭아,부추,상추,시금치,아욱,양송이,오이","가지 Imicyafos 0.01 0.01 일률기준 미등록고구마 Bentazone 0.01 0.01 일률기준 미등록고추Carbofuran 0.05 0.05 당해성분 당해품목 미등록(벤퓨라카브, 카보설판 등록)Dimethoate 0.01 0.01 일률기준 미등록Endosulfan(Total) 0.01 0.01 당해성분 당해품목 미등록Flubendiamide 1.0 1.0 당해성분 당해품목 등록(단제, 합제)Omethoate 0.01 0.01 일률기준 미등록Orysastrobin 0.01 0.01 일률기준 미등록Chlorfenapyr 1.0 1.0 당해성분 당해품목 등록(단제, 합제)Dinotefuran 2.0 2.0 당해성분 당해품목 등록(단제, 합제)EPN 0.01 0.01 일률기준 미등록Flutriafol 0.01 0.01 일률기준 미등록Iprobenfos 0.01 0.01 일률기준 미등록Sulfoxaflor 0.5 0.5 당해성분 당해품목 등록(단제, 합제)고춧잎Boscalid 0.01 0.01 일률기준 미등록Chlorothalonil 0.01 0.01 일률기준 미등록Cyflumetofen 0.01 1.0(기준변경) 당해성분 당해품목 미등록Difenoconazole 0.01 0.01 일률기준 미등록Fluxametamide 0.01 0.01 일률기준 미등록Procymidone 0.2 0.2 소분류기준(엽채류) 미등록Pydiflumetofen 0.01 0.01 일률기준 미등록Pyriproxyfen 0.01 0.01 일률기준 미등록근대Flubendiamide 0.01 0.01 일률기준 미등록Fluxametamide 0.01 0.01 일률기준 미등록Terbufos 0.01 0.01 일률기준 미등록녹두 Hexaconazole 0.05 0.05 당해성분 당해품목 등록(단제)당근 Cadusafos 0.05 0.05 당해성분 당해품목 등록(단제, 합제)당귀잎Carbaryl 0.01 0.01 일률기준 미등록Linuron 0.01 0.01 일률기준 미등록Thiobencarb 0.01 0.01 일률기준 미등록대추 Amisulbrom 0.01 0.01 일률기준 미등록대파 Phorate 0.05 0.05 당해성분 당해품목 등록(단제, 합제)Terbufos 0.05 0.05 당해성분 당해품목 등록(단제, 합제)들깻잎Diazinon 0.01 0.01 일률기준 미등록Pendimethalin 0.01 0.01 일률기준 미등록Phorate 0.05 0.05 당해성분 당해품목 미등록Pyridaben 0.01 0.01 일률기준 미등록멜론 Tetraconazole 0.01 0.01 일률기준 미등록무화과 Cyfluthrin 0.01 0.01 일률기준 미등록미나리 Fenitrothion 0.01 15(기준변경) 당해성분 당해품목 등록(단제)밀 Bentazone 0.01 0.02(기준변경) 당해성분 당해품목 미등록Tebufenozide 0.01 0.01 일률기준 미등록바나나 Spinosad 0.01 0.01 일률기준 미등록복분자 Methomyl 0.01 0.01 일률기준 미등록Pyflubumide 0.01 0.01 일률기준 미등록복숭아Dimethoate 0.01 0.01 일률기준 미등록Fenpropathrin 0.01 0.01 일률기준 미등록Omethoate 0.01 0.01 일률기준 미등록Phenthoate 0.01 0.01 일률기준 미등록□ 부적합 발생 주요 농산물 품목 현황(6월 기준)2022년 6월 2023년 6월번호 품목명 발생(건) 번호 품목명 발생(건)1 감자 9 1 감자 182 들깻잎 6 2 상추 73 상추 4 3 부추 54 오이 4 4 아욱 55 매실 3 5 취나물 5기타 시금치, 양송이버섯, 열무 등 51 기타 케일, 고춧잎, 들깻잎, 딸기, 매실 등 59합계 77 합계 99품목 검출성분 잔류허용기준(mg/kg) 잔류허용기준적용 근거농약 안전사용기준등록 유무‘22.8. ‘23.7.",11호.txt
2023,11,25,2023-08-16,2023-08-31,과수,응애류·노린재류,예보,"감귤,복숭아,사과,상추,시금치,아욱,자두,쪽파,치커리,포도,호박","복숭아 Tetramethrin 0.01 0.01 일률기준 미등록Tricyclazole 0.01 0.01 일률기준 미등록사과 Flutolanil 0.01 0.01 일률기준 미등록Procymidone 0.01 0.01 일률기준 미등록상추Carbofuran 0.01 0.01 일률기준 미등록Imicyafos 0.01 0.01 일률기준 미등록Orysastrobin 0.01 0.01 일률기준 미등록Tebuconazole 0.05 0.05 당해성분 당해품목 등록(단제, 합제)상황버섯 Bifenthrin 0.01 0.01 일률기준 미등록Chlorfenapyr 0.01 0.01 일률기준 미등록시금치 Linuron 0.01 0.01 일률기준 미등록쌀 Phenothrin 0.01 0.01 일률기준 미등록아로니아 Prochloraz 0.01 0.01 일률기준 미등록Pydiflumetofen 0.01 0.01 일률기준 미등록아욱 Flubendiamide 0.01 0.01 일률기준 미등록자두 Fenitrothion 0.01 0.01 일률기준 미등록Propargite 0.01 0.01 일률기준 미등록쪽파 Imicyafos 0.01 0.01 일률기준 미등록Phorate 0.05 0.05 당해성분 당해품목 등록(단제, 합제)참나물 Flubendiamide 0.01 0.01 일률기준 미등록취나물Alachlor 0.01 0.01 일률기준 미등록Fluxametamide 0.01 0.01 일률기준 미등록Isoprothiolane 0.01 0.01 일률기준 미등록Orysastrobin 0.01 0.01 일률기준 미등록Tebuconazole 0.05 0.05 당해성분 당해품목 등록(단제)Thiacloprid 0.01 0.01 일률기준 미등록치커리 Fluxametamide 0.01 0.01 일률기준 미등록Terbufos 0.01 0.01 일률기준 미등록케일 Fluxametamide 0.01 0.01 일률기준 미등록Prochloraz 0.01 0.01 일률기준 미등록파슬리 Diazinon 0.01 0.01 일률기준 미등록Tebupirimfos 0.01 0.01 일률기준 미등록패션푸룻 Fluxametamide 0.01 0.01 일률기준 미등록포도Fenobucarb 0.01 0.01 일률기준 미등록Fenpropathrin 0.01 0.01 일률기준 미등록Nereistoxin 0.01 0.01 일률기준 미등록Prochloraz 1.0 1.0 당해성분 당해품목 등록(단제, 합제)Pyridalyl 0.01 0.5(기준변경) 당해성분 당해품목 등록(단제)호박(단호박) Propamocarb 0.01 0.01 일률기준 미등록호박잎 Phenothrin 0.01 0.01 일률기준 미등록□ 농약안전정보시스템(https://psis.rda.go.kr) 활용자료제공 및 검토 전문가 명단구분 성명 /  소속 / 직급1 김지성 / 농촌지원국 재해대응과 / 과장2 채의석 / 농촌지원국 재해대응과 / 농촌지도관3 김기형 / 농촌지원국 재해대응과 / 농촌지도관4 김상목 / 농촌지원국 재해대응과 / 농업연구관5 박승무 / 농촌지원국 재해대응과 / 농촌지도관6 이우일 / 농촌지원국 재해대응과 / 농촌지도사7 최효원 / 농촌지원국 재해대응과 / 농업연구사8 양미숙 / 농촌지원국 재해대응과 / 농촌지도사9 맹권재 / 농촌지원국 재해대응과 / 농업주사보10 박명일 / 농촌지원국 재해대응과 / 주무관11 최인후 / 농촌지원국 재해대응과 / 기술전문위원12 박해융 / 농촌지원국 재해대응과 / 기술전문위원13 성신상 / 농촌지원국 재해대응과 / 기술전문위원14 강신곤 / 농촌지원국 기술보급과 / 농촌지도관15 고창호 / 농촌지원국 기술보급과 / 농촌지도관16 김현철 / 농촌지원국 기술보급과 / 농촌지도사17 장진경 / 농촌지원국 기술보급과 / 농촌지도사18 노석원 / 농촌지원국 식량산업기술팀 / 농촌지도관19 엄미옥 / 농촌지원국 식량산업기술팀 / 농촌지도사20 윤  송 / 농촌지원국 식량산업기술팀 / 농촌지도사21 이세원 / 국립농업과학원 작물보호과 / 과장22 박병용 / 국립농업과학원 작물보호과 / 농업연구관23 이봉춘 / 국립농업과학원 작물보호과 / 농업연구관24 이용환 / 국립농업과학원 작물보호과 / 농업연구관25 이관석 / 국립농업과학원 작물보호과 / 농업연구사26 이영기 / 국립농업과학원 작물보호과 / 농업연구사27 정인홍 / 국립농업과학원 작물보호과 / 농업연구사28 류현주 / 국립농업과학원 작물보호과 / 농업연구사29 심교문 / 국립농업과학원 기후변화평가과 / 농업연구관30 허지나 /국립농업과학원 기후변화평가과 / 농업연구사31 박진우 / 국립농업과학원 작물기초기반과 / 과장32 서보윤 / 국립농업과학원 작물기초기반과 / 농업연구관33 김상민 / 국립식량과학원 작물기초기반과 / 농업연구사34 최낙중 / 국립식량과학원 작물기초기반과 / 농업연구사35 김현주 / 국립식량과학원 기술지원과 / 농업연구관36 김은영 / 국립식량과학원 재배환경과 / 농업연구사37 김동환 / 국립원예특작과학원 원예특작환경과 / 과장38 이성찬 / 국립원예특작과학원 원예특작환경과 / 농업연구관39 조인숙 / 국립원예특작과학원 원예특작환경과 / 농업연구관40 한유경 / 국립원예특작과학원 원예특작환경과 / 농업연구사41 이선영 / 국립원예특작과학원 원예특작환경과 / 농업연구사42 서미혜 / 국립원예특작과학원 원예특작환경과 / 농업연구사43 윤정범 / 국립원예특작과학원 원예특작환경과 / 농업연구사44 이동혁 / 국립원예특작과학원 사과연구소 / 소장45 양상진 / 국립원예특작과학원 사과연구소 / 농업연구관46 송장훈 / 국립원예특작과학원 배연구소 / 농업연구관47 강아랑 / 국립원예특작과학원 배연구소 / 농업연구사48 한승갑 / 국립원예특작과학원 감귤연구소 / 농업연구관2023년 농작물 병해충 발생정보(제11호)집 필 인김지성 , 채의석 , 김기형 , 김상목 , 박승무 , 이우일 , 최효원 , 양미숙 , 맹권재 ,박명일 , 강권희발 행 처 농촌진흥청 재해대응과주소 54875 전북 전주시 덕진구 농생명로 300전화 (063) 238–1045~1049homepage : http://www.nongsaro.go.kr",11호.txt
2023,12,1,2023-09-01,2023-09-30,식량작물,"이삭도열병, 세균벼알마름병",주의보,벼,"❍ (이삭도열병) 지난 몇 년간 도열병 발생 증가로 병원균의 밀도가높은 상태로 8월 중순 출수기 잦은 강우 등 이삭도열병 발생이 우려됨
⇒ 출수가 늦은 벼의 경우 발생이우려되는 지역은 예방위주로 방제하고, 이미 출수한 벼의 경우에도도열병에 감수성 품종이면서 비가자주 오는 지역에서는 농약사용안전기준을 준수하여 추가방제 추진(1차 : 이삭이 팰 때, 2차 : 1차 방제 후 7일경 2차 방제)
❍ (세균벼알마름병) 충남, 전남, 경남지역에서 발생되고 있으며,벼 출수기에 습도가 많고 온도가 높을 경우에(2일 연속강우,최저기온 23℃이상) 많이 발생* ’23년 8월 5주차의평균기온은25.0℃로, 평년(24.0)보다
1.0℃높았음
⇒ 종자를 통해 전염되므로 건전 종자 사용이 중요
하며 이삭이 한두 개 보일 때부터 7일 간격 2회 약제살포가 효과적임
<세균벼알마름병 증상>",12호.txt
2023,12,2,2023-09-01,2023-09-30,식량작물,잎집무늬마름병·흰잎마름병·깨씨무늬병,주의보,,"❍ (잎집무늬마름병) 최근 습도가 높아 이들 병 발생에 유리한 환경이지속되어 발생이 늘어나고 병무늬가 윗 잎집으로 번질 가능성이높음
⇒ 논물 걸러대기를 잘하여 주고, 논을 잘 살펴 병든 줄기가 20%이상이면 등록약제를 살포
❍ (흰잎마름병) 대부분의 지역에서 발생이 확인되었으며, 강풍, 집중호우로 인한 침수지역 발생 시 급속히 번질 우려가 있으므로 주의가 필요함
⇒ 강풍을 동반한 태풍 내습시 식물체 상처 발생으로 세균 침입이 용이하여 발생·확산이 우려됨
❍ 깨씨무늬병은 노후화답 등 땅심이 낮은 논에서 주로 발생
- 잎에 형성된 병원균이 진전되어 이삭까지 감염시키는 병으로서 잎에 발생이 많으면 적용약제로 사전에 방제",12호.txt
2023,12,3,2023-09-01,2023-09-30,식량작물,"흰등멸구, 벼멸구",주의보,벼,"❍ 벼멸구․흰등멸구는 중국 남부지방에서 기류를 타고 날아와 피해를주는 해충으로 올해는 벼멸구 보다 흰등멸구의 비래량이 많은것으로 조사 되었음
⇒ 특히, 강우 이후 고온이 지속되면 세대가 짧아지고 밀도가 높아질것으로 예상되므로 방제를 요 하는 필지는 신속한 방제 필요
〈방제를요하는벼멸구,흰등멸구밀도기준(마리/20주)〉구 분 ～8월상순 8월중순 8월하순 9월상중순벼멸구조생종 20 100 400 -중만생종 15 50(단시형 20)100(단시형 40) 400흰등멸구 100 400 400 400",12호.txt
2023,12,4,2023-09-01,2023-09-30,식량작물,혹명나방,주의보,벼,"❍ 전국적으로 발생이 관찰되고 있으며, 올해 최초 비래 시기가 7월상순으로 빠른 것으로 조사 되었고, 비래량도 예년에 비해 증가하여 발생량이 증가된 것으로 조사됨
⇒ 충남, 전남, 경남 해안지역 일부 포장은 발생 밀도가 높아 피해가 발생, 성충과 유충이 동시에 관찰됨
⇒ 2모작지, 가루쌀재배포장에서는 추가 피해가 우려됨으로 발생밀도가 높은 포장은 광역방제기나, 붐스프레이를 이용하여 집중 공동방제 실시가 필요
* 질소시비량이 많을수록, 벼 잎의 엽록소 함량이 많을수록 혹명나방 피해가 증가함",12호.txt
2023,12,5,2023-09-01,2023-09-30,식량작물,먹노린재,주의보,,"❍ (먹노린재) 전남, 경남, 충남 등 지역에서 지속적으로 발생하고 있으며, 관찰포 조사결과 발생면적이 평년보다 증가하였으며 피해가 발생했던 지역에서는 철저한 예찰과방제가 필요                              【먹노린재 약충】⇒ 이삭을 흡즙하여 쭉정이나 반점미를 유발하여 품질 저하",12호.txt
2023,12,6,2023-09-01,2023-09-30,식량작물,열대거세미나방·멸강나방,예보,"수수,옥수수","❍ (열대거세미나방) 제주에서 첫 발견(5.17, 성충) 이후 20개 시군에 유충이발생하였으며 등록약제로 방제함
⇒ 유충시기에 식물의 잎과 줄기를 가해하여 피해를 줌(옥수수, 수수 등)⇒ 약제 방제는 발생초기에 품목별로 등록된 약제를 살포하도록 함
❍ (멸강나방) 중국에서 날아와서 피해를 주는 비래해충으로 충남,전남, 전북, 경기 등 발생하여 방제 조치함
⇒ 목초지나 옥수수 포장 등 기주식물 재배지역 예찰을 강화하여 후세대유충(어린벌레)이 발견되면 등록 약제로 발생 초기에",12호.txt
2023,12,7,2023-09-01,2023-09-30,채소,역병·탄저병·바이러스,주의보,"고추,방울토마토,오이","❍ 시설재배 작물 생육 후기 매개충들의 밀도가 높아져 바이러스병이 전국적으로 확산될 가능성이 높음
⇒ 오이모자이크바이러스(CMV)를 매개하는 진딧물과 토마토반점위조바이러스(TSWV)의 매개충인 총채벌레의 효율적인 방제를 위해 계통이 다른 등록 약제를 번갈아 살포⇒ 바이러스병에 감염되면 방제가 어려우므로 예방위주로 방제 철저⇒ 바이러스병이 이미 진전된 포장에서는 고추의 주간부위에서 자란세력이 강한 측지 관리로 고추 수량 확보
❍ 역병은 토양에 있던 병원균이 물을통하여 전염되는 병으로 일단 발병하면 급속하게 번지고 방제효과가낮음. 잦은 강우로 인해 병 감염위험이 높음으로 배수불량 포장에서는급격히 발생 될 가능성이 있음
⇒ 땅 닿는 부분까지 약액이 충분히 묻도록적용약제로 예방 위주 방제
❍ 고추 탄저병은 지난해 버려진 병든 잔재물이 가장 중요한 1차전염원이고, 장마가 길고 비가 잦은 시기에 발생이 많은데 올해기상환경이 동 병원체 발생에 적합하여 방제를 소홀히 할 경우피해가 우려됨
⇒ 병든 과실을 그냥 두거나 이랑사이에 버리면 방제효과는 50%이상감소하므로 병든 과실은 발견 즉시 매립 또는 소각하며, 심하게발병하면 방제가 어려움으로 예찰과 적기방제 필요",12호.txt
2023,12,8,2023-09-01,2023-09-30,채소,고랭지 무·배추 무름병·뿌리혹병,주의보,"무,배추","❍ 무름병은 세균에 의한 병으로 온도가 높을 때 많이 발생하며땅과 맞닿은 부분의 잎자루와 줄기부터 발병해서 결구 속까지무르고 부패하게 됨
⇒ 병원균은 건조에 약하므로 배수와 통풍이 잘 되도록 관리하며약제 방제 시 등록약제를 본잎이 5∼6매 이후에 7∼10일 간격으로 살포하고 땅 닿는 부분까지 약제가 잘 묻도록 처리
❍ 뿌리혹병은 뿌리에 크고 작은 혹이 생기면서 지상부가 말라죽는병으로 사전에 방제를 철저하게 하지 않은 밭에서 발생⇒ 병원균은 물이나 흙을 통하여 이동하므로 물 빠짐이 좋도록배수로를 잘 정비하고 병 발생 후에는 방제가 어려우므로 병든포기는 발견 즉시 제거",12호.txt
2023,12,9,2023-09-01,2023-09-30,채소,고추 담배나방,주의보,고추,"❍ 장마 이후 고온기가 지속 되면서 담배나방, 파밤나방 등의 발생이전국적으로 확인되고 있음
⇒ 담배나방 등 나방류 유충은 3령 이상 자라면 약제저항성이커져서 방제 효과가 떨어지므로 새잎을 중심으로 자세히 살펴보고발생 초기 등록 약제로 방제",12호.txt
2023,12,10,2023-09-01,2023-09-30,채소,총채벌레류·응애류·가루이류,예보,"방울토마토,수박,오이,파프리카","❍ 시설재배 작물에서 꽃노랑총채벌레, 온실가루이, 담배가루이 등이초기 발생 방제를 놓친 포장에서 발생하고 있는데 온도가 올라가면 빠르게 확산 가능성이 있어 주의가 필요함
❍ 시설재배에서 발생하는 해충은 대부분 크기가 작고 연중 발생하고 있으나, 발생초기에 예찰이 어려워 피해를 입는 경우가많음. 특히 이 해충들은 식물체에 직접적인 피해를 줄 뿐만 아니라 그을음병을 유발하거나 바이러스병을 전염시켜 작물에피해를 줌⇒ 이들 해충은 끈끈이트랩 등을 활용하여 주의 깊게 예찰하고 발견즉시 계통이 다른 등록약제를 바꾸어가며 방제
❍ 꽃노랑총채벌레 등 총채벌레류가 오이, 파프리카 등에 발생량이증가하고 있어 방제가 이루어지지 않으면 확산 및 피해가 예상⇒ 황색 끈끈이트랩이나 타락법(흰색 종이를 이용 꽃과 잎을 두드려서 예찰) 등으로 예찰하고, 발생포장은 초기에 방제⇒ 꽃노랑총채벌레는 번데기 방제용으로 아큐레이퍼응애를 토양에투입하고, 지상부 유충과 성충 방제용으로는 유럽애꽃노린재,지중해이리응애 등 천적을 활용하면 효과적으로 방제가 가능함
❍ 담배가루이와 온실가루이는 남부와 중부지방 수확기에 있는토마토와 하우스수박을 중심으로 밀도 증가가 예상되나 관리가소홀해질 시기로 품질저하 및 다음 작기 재배 작물에 피해가 우려됨
⇒ 수확 완료시기까지 정밀예찰과 지속적인 방제 및 관리가 필요",12호.txt
2023,12,11,2023-09-01,2023-09-30,채소,진딧물류,예보,고추,"❍ 진딧물류가 고추 등 일부 포장에 발생하기 시작하고 있어 기온이 올라가면 급속히 확산되어 피해가 우려됨
⇒ 작물의 신초 부위를 육안으로 관찰하여 예찰하고, 발생포장은 초기부터 유효성분과 계통이 다른 약제를 번갈아 가며 방제를 해줌",12호.txt
2023,12,12,2023-09-01,2023-09-30,과수,과수화상병,주의보,사과,"❍ (과수화상병) 사과, 배 등의 병든 꽃은 수침상이 되고 쭈그러든후 흑갈색으로 변해 떨어지거나 나무에 매달려 있게 되고 꽃이달린 가지나 인접한 가지로 진전되어 잎맥을 따라 흑갈색의병반이 생기고 병이 진전됨에 따라 병든 잎은 말리고, 쭈그러들어보통은 가지에 매달려 있음. 병든 가지의 나무껍질은 흑갈색으로변하면서 물러졌다가 후에 위축되고 단단해져 궤양병반을 형성⇒ 한번 걸리면 방제가 불가능하기 때문에 예방을 위하여 과수원을 청결하게 관리하고 농작업을 하는 사람의 과수원 출입시사람과 작업도구 등을 수시로 소독⇒ 의심증상 발견 시에는 전국 대표전화(1833-8572) 또는 가까운농업기술센터·농업기술원에 즉시 신고, 병균의 밀도가 낮아 진단되지 않더라도 갈변궤양은 끝에서 40~70cm 아래를 절단․제거
❍ (과수가지검은마름병) 과수화상병과 증상이 비슷하여 육안으로는구분이 불가하며, 발생시기와 전파경로, 피해증상이 유사함.
사과나무병징엽맥따라갈색병반형성 신초마름병징(지팡이모양) 과실 줄기 병징배나무병징꽃전체가시들고마름 신초마름병징(지팡이모양) 과실 줄기 병징",12호.txt
2023,12,13,2023-09-01,2023-09-30,과수,사과탄저병·사과갈색무늬병,주의보,"복숭아,사과,포도","❍ 사과, 복숭아, 포도 등에 발생하는 탄저병은 주요 관리 과수병으로 병원균은 주로 습기가 많은 기후조건과 25℃ 전후 온도에서감염이 잘 이루어지므로 장마기 이후에 주의가 필요함
❍ 탄저병에 감염된 과실은 초기에 검정색 작은 반점이 껍질에나타나며, 병이 커질수록 과실 표면이 움푹 들어가면서 과실내부가 갈색으로 변하면서 과실 표면에 많은 분생포자가 생겨주변 건전한 과실을 감염. 특히 장마기나 바람이 많이 부는 날씨에는 분생포자들이 이동되는 시기이므로 철저한 관리가 필요함
⇒ 지난해에 탄저병이 많이 발생했던 농가는 과원 내에 탄저병균이남아 있을 수 있으므로 탄저병균의 밀도를 줄이기 위해 예방적으로 적용 살균제를 살포⇒ 탄저병은 병원균이 잠복하고 있다가 생육 후기에 병징을 나타내며,탄저병은 생육 초기에 감염된 경우 소형 반점 증상이 나타남⇒ 과원 내 통풍이 잘 되게 하고 물 빠짐이 잘 되도록 관리
❍ 사과갈색무늬병은 포자의 공기전염에의해 병이 발생되며 포자의 비산은 7월이후에 증가하여 8월에 가장 많은 양이비산됨으로 8월까지 가능한 강우 전에정기적으로 적용약제를 수관 내부까지골고루 묻도록 충분한 양을 살포하여야 함",12호.txt
2023,12,14,2023-09-01,2023-09-30,과수,점무늬낙엽병,주의보,,"❍ 과실에서 5~6월부터 과점으로 감염되기 시작하여 8~9월까지감염되며, 흑색의 작은 반점을 형성하여 병반은 크게 확대되지않고 과실이 성숙하면 병반 주변이 적자색으로 됨
❍ 과실의 감염은 고온다습한 7~8월에 가장 많이 일어나므로겹무늬썩음병 , 갈색무늬병과 동시 방제하는 것이 효과적임",12호.txt
2023,12,15,2023-09-01,2023-09-30,과수,복숭아순나방 ‧ 복숭아심식나방,주의보,"복숭아,사과","❍ 과실 가해 나방류 중 복숭아순나방(3세대), 복숭아심식나방(2세대)이 장마기를 거치면서 발생하므로 성페로몬트랩 유살수를 지속적으로 조사하면서 방제대책 강구⇒ 피해를 받은 식물체(열매)를 발견하면 즉시 제거하여 땅에 묻고잡초나 사과나무에서 해충 발생이 관찰되면 많이 발생하는 곳을중심으로 동시 방제가 가능한 등록 약제를 살포",12호.txt
2023,12,16,2023-09-01,2023-09-30,과수,응애류·노린재류,예보,사과,"❍ 점박이응애는 7∼8월에 많이 발생하며 비가 적을 때 발생이 급증하기 때문에 잎 뒷면을 잘 관찰하여 발생 초기에 방제 필요
⇒ 등록약제 살포시 잎 뒷면까지 약제가 골고루 묻을 수 있도록 방제기의노즐을 미세하게 조절하여 정밀 살포 방제
❍ 갈색날개노린재, 썩덩나무노린재는 사과 흡즙 주요 노린재류는성충으로 월동하다가 4∼5월부터 발생을 시작해 7∼8월에 사과과실에 집중적으로 가해⇒ 노린재류가 과원에서 발견되면 심식나방류와 동시에 방제 가능한적용약제를 2∼3회 골고루 살포",12호.txt
2023,12,17,2023-09-01,2023-09-30,과수,"갈색날개매미충, 미국선녀벌레, 꽃매미",주의보,,"❍ 과수원의 돌발해충(갈색날개매미충, 미국선녀벌레, 꽃매미)은 높은온도로 인해 대부분 지역에서 부화가 완료되었으며, 약충기 방제가소홀한 과수원과 주변 산림에 밀도가 늘어날 것으로 예상되므로발생 과수원과 인접 산림 등에 대한 철저한 방제가 필요
⇒ 5∼6월에 약충 방제가 소홀했던 과원은 적용약제로 반드시 방제",12호.txt
2023,12,18,2023-09-01,2023-09-30,과수,응애류·노린재류,예보,사과,"❍ 점박이응애는 7∼8월에 많이 발생하며 비가 적을 때 발생이 급증하기때문에 잎 뒷면을 잘 관찰하여 발생 초기에 방제 필요
⇒ 등록약제 살포시 잎 뒷면까지 약제가 골고루 묻을 수 있도록 방제기의노즐을 미세하게 조절하여 정밀 살포 방제
❍ 갈색날개노린재, 썩덩나무노린재는 사과 흡즙 주요 노린재류로성충으로 월동하다가 4∼5월부터 발생을 시작해 7∼8월에 사과과실에 집중적으로 가해⇒ 노린재류가 과원에서 발견되면 심식나방류와 동시에 방제 가능한적용약제를 2∼3회 골고루 살포1개월 기상전망            (출처 : 국립농업과학원, 기상청)기온은 1주, 2주, 3주, 4주는 평년과 비슷하거나 높겠음
강수량은 1주는 평년과 비슷하거나 많겠고, 2주, 3주, 4주는 평년과비슷하겠음
❍ 1주(9.11~9.17): 북태평양고기압의 가장자리에 들겠으며, 기압골의 영향을받을 때가 있겠음
- 기온은 평년과 비슷하거나 높겠고, 강수량은 평년과 비슷하거나 많겠음
❍ 2주(9.18~9.24): 이동성 고기압의 영향을 받겠음
- 기온은 평년과 비슷하거나 높겠고, 강수량은 평년과 비슷하겠음
❍ 3주(9.25~10.1): 이동성 고기압의 영향을 받겠음
- 기온은 평년과 비슷하거나 높겠고, 강수량은 평년과 비슷하겠음
❍ 4주(10.2~10.8): 이동성 고기압의 영향을 받겠음
- 기온은 평년과 비슷하거나 높겠고, 강수량은 평년과 비슷하겠음
농업지대 지역 평균기온 강수량1주 2주 3주 4주 1주 2주 3주 4주(9.11~9.17) (9.18~9.24) (9.25~10.1) (10.2~10.8) (9.11~9.17) (9.18~9.24)(9.25~10.1)(10.2~10.8)1.태백고냉 대관령 높음 조금높음 조금높음 조금높음 비슷 비슷 비슷 비슷2.태백준고냉 인제,홍천,제천 높음 조금높음 조금높음 조금높음 비슷 비슷 비슷 비슷3.소백산간 충주,보은 조금높음 조금높음 조금높음 조금높음 조금많음 비슷 비슷 비슷4.노령소백산간 임실 조금높음 조금높음 조금높음 조금높음 조금많음 비슷 비슷 비슷5.영남내륙산간 추풍령,영주,문경 조금높음 조금높음 조금높음 조금높음 조금많음 비슷 비슷 비슷6.중북부내륙 춘천,양평 높음 조금높음 조금높음 조금높음 비슷 비슷 비슷 비슷7.중부내륙 원주,이천 높음 조금높음 조금높음 조금높음 비슷 비슷 비슷 비슷8.소백서부내륙 청주,대전,금산 조금높음 조금높음 조금높음 조금높음 조금많음 비슷 비슷 비슷9.노령동서내륙 정읍,남원,거창,산청 조금높음 조금높음 조금높음 조금높음 조금많음 비슷 비슷 비슷10.호남내륙 광주,순천,장흥 조금높음 조금높음 조금높음 조금높음 조금많음 비슷 비슷 비슷11.영남분지 대구,의성,구미,영천 조금높음 조금높음 조금높음 조금높음 조금많음 비슷 비슷 비슷12.영남내륙 진주,합천,밀양 조금높음 조금높음 조금높음 조금높음 조금많음 비슷 비슷 비슷13.중서부평야 서울,인천,수원,서산,강화,천안,보령 높음 조금높음 조금높음 조금높음 비슷 비슷 비슷 비슷14.차령남부평야 군산,전주,부여,부안 조금높음 조금높음 조금높음 조금높음 조금많음 비슷 비슷 비슷15.남서해안 목포,완도,해남,고흥 조금높음 조금높음 조금높음 조금높음 조금많음 비슷 비슷 비슷16.남부해안 부산,통영,여수,거제,남해 조금높음 조금높음 조금높음 조금높음 조금많음 비슷 비슷 비슷17.동해안북부 속초,강릉 높음 조금높음 조금높음 조금높음 비슷 비슷 비슷 비슷18.동해안중부 울진,영덕 조금높음 조금높음 조금높음 조금높음 조금많음 비슷 비슷 비슷19.동해안남부 포항,울산 조금높음 조금높음 조금높음 조금높음 조금많음 비슷 비슷 비슷20.제주 제주,성산,서귀포 조금높음 조금높음 조금높음 조금높음 조금많음 비슷 비슷 비슷평균 조금높음 조금높음 조금높음 조금높음 조금많음 비슷 비슷 비슷10일(2023.09.03.~09.10.) 예보(기상청, 2023.08.31., 06:00)<기상예보>
❍ (기온) 아침 기온은 19~25℃, 낮 기온은 26~32℃로 평년(최저기온17~22℃, 최고기온 26~30℃)과 비슷하거나 조금 높겠음",12호.txt
2023,12,19,2023-09-01,2023-09-30,과수,응애류·노린재류,예보,,"❍ (강수) 9월 3일 전국에, 4일 제주도에 비가 오겠음
<날씨><최저/최고기온>최근 경과기상과 향후 기상전망<기온><강수량>연도별 평균기온
❍ ‘23년 1월부터 8월 5주차까지의 평균기온은 14.9℃로, 평년(13.7)보다 1.2℃ 높았음
- ’23년 8월 5주차의 평균기온은 25.0℃로, 평년(24.0)보다 1.0℃ 높았음
기 간 1월 2월 3월 4월 5월 6월 7월8월 분석기간1.1~8.30 8.24~8.301주(7.27~8.2)2주(8.3~8.9)3주(8 .1 0~ 8 .1 6 )4주(8.17 ~ 8 .2 3)5주(8 .2 4~ 8 .3 0 )평균(℃)편차(℃)평균(℃)편차(℃)2 0 2 3년 0.0 3.0 9.7 13.3 18.0 22.4 25.6 28.0 28.4 25.8 27.0 25.0 14.9 1.2 25.0 1.02 0 2 2년 -0.2 0.4 8.0 13.9 18.2 22.5 26.1 27.1 28.2 26.6 25.4 21.9 14.4 0.7 21.9 -2.12 0 2 1년 -0.4 3.9 9.0 13.4 16.9 21.9 26.2 27.6 27.3 24.8 23.8 24.0 14.6 0.9 24.0 0.02 0 2 0년 3.0 3.8 8.0 10.9 17.7 22.7 22.7 24.7 25.6 27.2 26.7 27.2 14.4 0.7 27.2 3.22 0 1 9년 0.5 2.6 7.6 12.0 18.5 21.2 24.7 27.8 28.0 27.7 25.5 23.1 14.3 0.6 23.1 -0.92 0 1 8년 -1.8 0.0 8.2 13.3 17.8 22.1 26.7 29.4 29.2 28.4 26.2 24.8 14.3 0.6 24.8 0.82 0 1 7년 0.3 1.8 6.4 13.8 18.6 21.7 26.4 26.1 28.0 24.7 25.6 23.7 14.4 0.7 23.7 -0.32 0 1 6년 -0.6 1.9 7.3 13.8 18.5 22.2 25.4 27.7 27.8 28.8 27.9 22.8 14.4 0.7 22.8 -1.22 0 1 5년 0.8 2.2 6.8 12.7 18.5 21.5 24.3 27.4 27.8 25.1 24.6 22.9 14.1 0.4 22.9 -1.12 0 1 4년 0.7 2.7 7.7 13.3 18.3 21.7 24.9 25.8 24.8 23.3 23.3 22.9 14.2 0.5 22.9 -1.12 0 1 3년 -1.8 0.8 6.7 10.3 17.7 22.4 26.2 26.7 28.2 28.4 27.7 25.1 13.8 0.1 25.1 1.110년평균 0.0 2.0 7.6 12.7 18.1 22.0 25.4 27.0 27.5 26.5 25.7 23.8 14.3 0.6 23.8 -0.2평 년 -0.4 1.7 6.5 12.3 17.5 21.5 24.7 26.4 26.4 25.9 25.1 24.0 13.7 0.0 24.0 0.0* 10년 평균 : 최근 10년(2013~2022년)동안의 평균기온의 평균** 평년 : 30년(1991～2020년)동안의 평균기온의 평균*** 편차 : 평년의 평균기온에 대한 연도별 평균기온의 차이연도별 강수량
❍ ‘23년 1월부터 8월 5주차까지의 강수량의 합은 1,359.8㎜로, 평년(1,041.5)보다 318.3㎜ 많았음(평년대비 130.6%)",12호.txt
2023,12,20,2023-09-01,2023-09-30,과수,응애류·노린재류,예보,"고구마,부추,사과,상추,시금치,포도","- ’23년 8월 5주차의 강수량의 합은 95.7㎜로, 평년(68.6)보다 27.1㎜ 많았음 (평년대비 139.5%)기 간 1월 2월 3월 4월 5월 6월 7월8월 분석기간1.1~8.30 8.24~8.301주(7.27~8.2)2주(8.3~8.9)3주(8.10 ~ 8 .1 6)4주(8 .1 7~ 8 .2 3 )5주(8 .2 4~ 8 .3 0 )합계(㎜)대비(%)합계(㎜)대비(%)2 0 2 3년 44.9 20.0 30.5 70.2 207.2 210.1 497.0 7.4 32.3 103.8 47.6 95.7 13 5 9.8130.6 95.7 139.52 0 2 2년 5.0 5.5 89.5 62.7 6.3 181.9 181.9 54.7 68.1 120.4 40.9 38.0 8 26 .7 79.4 38.0 55.42 0 2 1년 25.4 23.4 112.1 77.5 138.9 94.7 234.7 36.1 30.4 29.0 107.0 83.5 9 84 .2 94.5 83.5 121.72 0 2 0년 85.7 62.1 34.4 44.0 107.4 194.3 422.9 124.1 212.3 77.5 10.1 67.5 13 4 6.2129.3 67.5 98.42 0 1 9년 9.7 34.5 42.6 80.8 65.0 151.5 238.3 34.1 30.0 40.6 36.6 32.9 7 66 .0 73.5 32.9 48.02 0 1 8년 25.5 36.6 116.2 140.3 135.2 147.2 170.7 4.0 19.4 23.5 33.9 183.3 10 3 1.8 99.1 183.3 267.22 0 1 7년 18.6 36.0 26.1 72.8 31.0 63.1 297.1 41.3 18.9 99.4 88.6 29.2 7 83 .6 75.2 29.2 42.62 0 1 6년 32.9 50.6 62.8 163.2 103.4 76.4 290.8 22.6 13.1 6.2 4.7 49.5 8 59 .4 82.5 49.5 72.22 0 1 5년 31.9 31.0 47.8 135.6 70.1 103.3 189.4 15.7 7.5 28.7 35.6 38.8 7 24 .9 69.6 38.8 56.62 0 1 4년 14.0 34.8 82.3 89.3 84.2 85.7 167.2 66.9 74.8 48.7 145.3 64.2 9 44 .6 90.7 64.2 93.62 0 1 3년 29.7 53.9 60.9 79.9 132.3 105.9 290.2 42.9 30.8 7.0 49.2 63.9 9 11 .4 87.5 63.9 93.110년평균 27.8 36.8 67.5 94.6 87.4 120.4 248.3 44.2 50.5 48.1 55.2 65.1 9 17 .9 88.1 65.1 94.9평 년 30.6 37.5 63.0 90.7 108.0 151.4 290.4 52.1 63.9 58.8 62.2 68.6 10 4 1.5100.0 68.6 100.0* 10년 평균 : 최근 10년(2013~2022년)동안의 강수량의 평균** 평년 : 30년(1991～2020년)동안의 강수량의 평균*** 대비 : 평년의 강수량에 대한 연도별 강수량의 비율
❍ 여름철 집중 호우·태풍 대비 농작물 및 농업시설물 안전관리요령9월 주요 품목별 농약 사용 주의보9월 주요 품목별 농약 사용 주의보★9월에 검출된 69개 조합(28품목/48성분)★* 이 자료는 국립농산물품질관리원 안전성조사 결과 중 ’22년도 부적합 발생 품목 및농약 성분을 바탕으로 작성했습니다.
□ 지역별 부적합 발생 우려 정보
❍ 주요 부적합 우려 품목(성분)
- [서울특별시] 들깻잎(다이아지논)
- [인천광역시] 고구마(클로르피리포스), 상추(피리다벤, 피리프록시펜)
- [울산광역시] 들깻잎(포레이트)
- [경기도] 배(아이소프로카브), 부추(퍼메트린),사과(클로로탈로닐), 시금치(터부포스), 포도(디 메 토 모 르 프, 이 미 다 클 로 프 리 드, 피 라 클 로 스 트 로 빈)",12호.txt
2023,12,21,2023-09-01,2023-09-30,과수,응애류·노린재류,예보,"고추,당근,멜론,미나리,복숭아,부추,사과,상추,시금치,아욱,오미자,자두,쪽파,참다래,치커리,포도","- [강원도] 고춧잎(디노테퓨란, 피플루뷰마이드),곤달비(플룩사메타마이드), 근대(플룩사메타마이드),시 금 치(테 부 피 림 포 스), 아 욱(클 로 로 탈 로 닐, 피 리 다 벤)
- [충청북도] 복 숭아(페 니트 로 티온, 트 리 사이 클 라졸),부추(카보퓨란, 포레이트, 설폭사플로르), 수삼(플루디옥소닐, 아이소프로티올레인), 치커리(플룩사메타이드)
- [충청남도] 고추(플루벤디아마이드), 고춧잎(크로마페노자이드, 페림존, 플룩사메타마이드, 프로클로라즈, 프로피코나졸), 당근(이프로디온), 대추(페림존, 트리사이클라졸),들깻잎(카두사포스, 에토프로포스), 멜론(포레이트), 시금치(터부포스),
- [전라북도] 배(카바릴, 테트라메트린), 복숭아(페니트로티온), 수삼(아족시스트로빈, 사이퍼메트린), 오미자(디노테퓨란), 포도(메토밀)
- [전라남도] 갓(디노테퓨란), 수삼(엔도설판),쪽파(포레이트), 포도(6-BA)
- [경상북도] 미나리(인독사카브), 복숭아(페니트로티온), 사과(클로로탈로닐), 상추(6-BA),오미자(카벤다짐, 클로로탈로닐, 메탈락실),자두(페니트로티온), 취나물(테부코나졸)
- [경상남도] 대추(카보퓨란), 멜론(피리벤카브),바질(사이클라닐리프롤, 디페노코나졸, 플루피라디퓨론, 루페뉴론, 피리다벤, 테트라코나졸),포도(테플루벤주론)
- [제주특별자치도] 참다래(디노테퓨란)※ 전국적으로 토양처리 살충제 농약(입제) 성분인 터부포스,포레이트 잔류농약 부적합이 많이 발생되고 있습니다.
농업인께서는 해당 성분의 농약을 사용이 등록된 작물에만안전사용기준을 반드시 준수하여 살포하시기 바랍니다.
□ 부적합 발생 우려 품목/성분의 잔류허용기준 및 농약 등록 유무품목 검출성분잔류허용기준(mg/kg) 잔류허용기준적용 근거농약 안전사용기준등록 유무‘22.9. ‘22.8.",12호.txt
2023,12,22,2023-09-01,2023-09-30,과수,응애류·노린재류,예보,"감자,강낭콩,고구마,고추,당근,멜론,미나리,복숭아,부추,사과,상추,시금치,양송이,오이","갓 Dinotefuran 0.1 0.1 당해성분 당해품목 등록(단제)고구마 Chlorpyrifos 0.05 0.05 당해성분 당해품목 미등록고추 Flubendiamide 1.0 1.0 당해성분 당해품목 등록(단제, 합제)고추잎Chromafenozide 0.01 0.01 일률기준 미등록Dinotefuran 0.01 0.01 일률기준 미등록Ferimzone 0.01 0.01 일률기준 미등록Fluxametamide 0.01 0.01 일률기준 미등록Prochloraz 0.01 0.05(기준변경) 당해성분 당해품목 미등록Propiconazole 0.01 0.01 일률기준 미등록Pyflubumide 0.01 0.01 일률기준 미등록곤달비 Fluxametamide 0.01 0.01 일률기준 미등록근대 Fluxametamide 0.01 0.01 일률기준 미등록당근 Iprodione 0.05 0.05 당해성분 당해품목 등록대추Carbofuran 0.01 0.01 일률기준 미등록Ferimzone 0.01 0.01 일률기준 미등록Tricyclazole 0.01 0.01 일률기준 미등록들깻잎Cadusafos 0.05 0.05 당해성분 당해품목 등록(단제, 합제)Diazinon 0.01 0.01 일률기준 미등록Ethoprophos 0.05 0.05 당해성분 당해품목 등록(단제, 합제)Phorate 0.05 0.05 당해성분 당해품목 미등록멜론Phorate 0.01 0.01 일률기준 미등록Pyribencarb 0.01 0.3(기준변경) 당해성분 당해품목 등록(합제)미나리 Indoxacarb 0.01 0.01 일률기준 미등록바질Cyclaniliprole 0.01 0.01 일률기준 미등록Difenoconazole 0.01 0.01 일률기준 미등록Flupyradifurone 0.01 0.01 일률기준 미등록Lufenuron 0.01 0.01 일률기준 미등록Pyridaben 0.01 0.01 일률기준 미등록Tetraconazole 0.01 0.01 일률기준 미등록배Carbaryl 0.01 0.01 일률기준 미등록Isoprocarb 0.01 0.01 일률기준 미등록Tetramethrin 0.01 0.01 일률기준 미등록복숭아 Fenitrothion 0.1 0.1 당해성분 당해품목 등록(단제)Tricyclazole 0.01 0.01 일률기준 미등록부추Carbofuran 0.01 0.01 일률기준 미등록Fluxametamide 3.0 3.0 당해성분 당해품목 등록(단제, 합제)Permethrin 0.01 0.01 일률기준 미등록Phorate 0.1 0.1 당해성분 당해품목 등록(단제, 합제)Sulfoxaflor 0.2 0.2 소분류기준(엽경채류) 등록(단제, 합제)사과 Chlorothalonil 2.0 2.0 당해성분 당해품목 등록(단제, 합제)Tricyclazole 0.01 0.01 일률기준 미등록산초 Flupyradifurone 0.01 0.01 일률기준 미등록□ 부적합 발생 주요 농산물 품목 현황(7월 기준)2023년 7월 2023년 7월번호 품목명 발생(건) 번호 품목명 발생(건)1 들깻잎 5 1 고추 142 고추 5 2 복숭아 63 감자 4 3 상추 64 부추 4 4 들깻잎 55 취나물 4 5 오이 4기타 시금치, 양송이버섯, 열무 등 50 기타 강낭콩, 근대, 취나물 등 43합계 72 합계 78품목 검출성분잔류허용기준(mg/kg) 잔류허용기준적용 근거농약 안전사용기준등록 유무‘22.9. ‘22.8.",12호.txt
2023,12,23,2023-09-01,2023-09-30,과수,응애류·노린재류,예보,"감귤,사과,상추,시금치,아욱,오미자,자두,쪽파,참다래,치커리,포도","상추6-Benzyl aminopurine 0.01 0.01 일률기준 미등록Pyridaben 0.01 0.01 일률기준 미등록Pyriproxyfen 0.01 0.01 일률기준 미등록수삼Azoxystrobin 0.1 0.1 당해성분 당해품목 등록(단제, 합제)Cypermethrin 0.1 0.1 당해성분 당해품목 등록(단제, 합제)Endosulfan 0.05 0.05 당해성분 당해품목 미등록Fludioxonil 0.5 0.5 당해성분 당해품목 등록(단제, 합제)Isoprothiolane 0.01 0.01 일률기준 미등록시금치 Tebupirimfos 0.01 0.01 당해성분 당해품목 등록(합제)Terbufos 0.05 0.05 당해성분 당해품목 등록(단제, 합제)아욱 Chlorothalonil 0.01 0.01 일률기준 미등록Pyridaben 0.01 0.01 일률기준 미등록오미자Carbendazim 1.5 1.5 당해성분 당해품목 등록(합제)Chlorothalonil 0.01 0.01 일률기준 미등록Dinotefuran 0.01 0.01 일률기준 미등록Metalaxyl 0.01 0.01 일률기준 미등록자두 Fenitrothion 0.01 0.01 일률기준 미등록쪽파 Phorate 0.05 0.05 당해성분 당해품목 등록(단제, 합제)참다래(키위) Dinotefuran 1.0 1.0 당해성분 당해품목 등록(단제, 합제)취나물 Tebuconazole 0.05 0.05 당해성분 당해품목 등록(단제)치커리 Fluxametamide 0.01 0.01 일률기준 미등록포도6-Benzyl aminopurine 0.01 0.01 일률기준 미등록Dimethomorph 2.0 2.0 당해성분 당해품목 등록(단제, 합제)Imidacloprid 1.0 1.0 당해성분 당해품목 등록(단제, 합제)Methomyl 1.0 1.0 당해성분 당해품목 미등록티오디카브(합제) 등록Pyraclostrobin 3.0 3.0 당해성분 당해품목 등록(단제, 합제)Teflubenzuron 0.01 0.01 일률기준 미등록□ 농약안전정보시스템(https://psis.rda.go.kr) 활용자료제공 및 검토 전문가 명단구분 성명 /  소속 / 직급1 김지성 / 농촌지원국 재해대응과 / 과장2 채의석 / 농촌지원국 재해대응과 / 농촌지도관3 김기형 / 농촌지원국 재해대응과 / 농촌지도관4 김상목 / 농촌지원국 재해대응과 / 농업연구관5 박승무 / 농촌지원국 재해대응과 / 농촌지도관6 이우일 / 농촌지원국 재해대응과 / 농촌지도사7 최효원 / 농촌지원국 재해대응과 / 농업연구사8 양미숙 / 농촌지원국 재해대응과 / 농촌지도사9 맹권재 / 농촌지원국 재해대응과 / 농업주사보10 박명일 / 농촌지원국 재해대응과 / 주무관11 최인후 / 농촌지원국 재해대응과 / 기술전문위원12 박해융 / 농촌지원국 재해대응과 / 기술전문위원13 성신상 / 농촌지원국 재해대응과 / 기술전문위원14 강신곤 / 농촌지원국 기술보급과 / 농촌지도관15 고창호 / 농촌지원국 기술보급과 / 농촌지도관16 김현철 / 농촌지원국 기술보급과 / 농촌지도사17 장진경 / 농촌지원국 기술보급과 / 농촌지도사18 노석원 / 농촌지원국 식량산업기술팀 / 농촌지도관19 엄미옥 / 농촌지원국 식량산업기술팀 / 농촌지도사20 윤  송 / 농촌지원국 식량산업기술팀 / 농촌지도사21 이세원 / 국립농업과학원 작물보호과 / 과장22 박병용 / 국립농업과학원 작물보호과 / 농업연구관23 이봉춘 / 국립농업과학원 작물보호과 / 농업연구관24 이용환 / 국립농업과학원 작물보호과 / 농업연구관25 이관석 / 국립농업과학원 작물보호과 / 농업연구사26 이영기 / 국립농업과학원 작물보호과 / 농업연구사27 정인홍 / 국립농업과학원 작물보호과 / 농업연구사28 류현주 / 국립농업과학원 작물보호과 / 농업연구사29 심교문 / 국립농업과학원 기후변화평가과 / 농업연구관30 허지나 /국립농업과학원 기후변화평가과 / 농업연구사31 박진우 / 국립농업과학원 작물기초기반과 / 과장32 서보윤 / 국립농업과학원 작물기초기반과 / 농업연구관33 김상민 / 국립식량과학원 작물기초기반과 / 농업연구사34 최낙중 / 국립식량과학원 작물기초기반과 / 농업연구사35 김현주 / 국립식량과학원 기술지원과 / 농업연구관36 김은영 / 국립식량과학원 재배환경과 / 농업연구사37 김동환 / 국립원예특작과학원 원예특작환경과 / 과장38 이성찬 / 국립원예특작과학원 원예특작환경과 / 농업연구관39 조인숙 / 국립원예특작과학원 원예특작환경과 / 농업연구관40 한유경 / 국립원예특작과학원 원예특작환경과 / 농업연구사41 이선영 / 국립원예특작과학원 원예특작환경과 / 농업연구사42 서미혜 / 국립원예특작과학원 원예특작환경과 / 농업연구사43 윤정범 / 국립원예특작과학원 원예특작환경과 / 농업연구사44 이동혁 / 국립원예특작과학원 사과연구소 / 소장45 양상진 / 국립원예특작과학원 사과연구소 / 농업연구관46 송장훈 / 국립원예특작과학원 배연구소 / 농업연구관47 강아랑 / 국립원예특작과학원 배연구소 / 농업연구사48 한승갑 / 국립원예특작과학원 감귤연구소 / 농업연구관2023년 농작물 병해충 발생정보(제12호)집 필 인김지성 , 채의석 , 김기형 , 김상목 , 박승무 , 이우일 , 최효원 , 양미숙 , 맹권재 ,박명일 , 강권희발 행 처 농촌진흥청 재해대응과주소 54875 전북 전주시 덕진구 농생명로 300전화 (063) 238–1045~1049homepage : http://www.nongsaro.go.kr",12호.txt
2023,13,1,2023-10-01,2023-10-31,식량작물,"[밀, 보리 종자소독 철저] 붉은곰팡이병, 깜부기병",예보,"밀,보리","❍ 전년 및 올해 붉은곰팡이병과 깜부기병 발생이 증가하는 추세⇒ 탈망기 및 정선체 등을 이용하여 정선을 철저히 하여 건전한종자를 사용하고, 전년에 병이 발생한 포장에서는 토양에서 겨울포자로 월동할 가능성이 높음으로 파종 전 종자에 약이 골고루묻도록 하여 파종[보리, 밀 붉은곰팡이병 병징]",13호.txt
2023,13,2,2023-10-01,2023-10-31,식량작물,열대거세미나방,예보,"수수,옥수수","❍ (열대거세미나방) 제주에서 첫 발견(5.17, 성충) 이후 22개 시군에 발생하였으며 등록 약제로 방제함
⇒ 유충시기에 식물의 잎과 줄기를 가해하여 피해를 줌(옥수수, 수수 등)⇒ 약제 방제는 발생 초기에 품목별로 등록된 약제를 살포하도록 함
<알덩어리(좌)와 애벌레> (사진 출처: FAO, 2017)",13호.txt
2023,13,3,2023-10-01,2023-10-31,채소,(무·배추) 뿌리혹병·노균병·바이러스,주의보,"무,배추","❍ 뿌리혹병은 뿌리에 크고 작은 혹이 생기면서 지상부가 말라죽는병으로 사전에 방제를 철저하게 하지 않은 밭에서 발생⇒ 병원균은 물이나 흙을 통하여 이동하므로 물 빠짐이 좋도록배수로를 잘 정비하고 병 발생 후에는 방제가 어려우므로 병든포기는 발견 즉시 제거
❍ (노균병) 기온이 낮아지면서 비가 자주 내릴 때 발생이 많은 병으로 물 빠짐이 나쁘거나 너무 촘촘히 심어 통풍이 나쁜 포장이나 생육 후기에 비료기가 떨어지는 포장에서 발생함
⇒ 물 빠짐이 잘되도록 배수로 정비를 잘하고 생육후기에 비료성분이떨어지지 않도록 충분히 시비를 해야 함. 또한 병든 포기는 일찍뽑아낸 후 등록약제로 농약안전사용기준에 따라 방제.
❍ (바이러스) 최근 진딧물에 의해 매개되는 모자이크바이러스병(TuMV)이 고랭지 배추에서 많이 발생하였으며, 이들 매개충방제를 소홀히 할 경우 가을배추에도 발생 가능성이 높음
⇒ 배추 정식 후에 진딧물을 발견하면 즉시 등록약제를 살포하고바이러스병 발병 시 병든식물은 즉시제거",13호.txt
2023,13,4,2023-10-01,2023-10-31,채소,(시설채소) 바이러스,예보,"고추,방울토마토,오이,파프리카,호박","❍ (토마토반점위조바이러스 TSWV) 파프리카, 고추, 토마토 등 시설재배지에서 총채벌레, 진딧물 등이 꾸준히 발생하고 있으며,방제시기를 놓칠 경우 피해가 커지기 때문에 조기예찰이 중요
⇒ 시설에는 방충망을 설치하고(10월) 정식 전에 토양훈증제 등을사용하여 토양소독을 실시하면 예방가능
❍ (토마토황화잎말림병 TYLCV) 가지과 작물에서 담배가루이가 동바이러스를 매개하므로 육묘 단계부터 정식 초기에 예찰을강화하여 감염여부를 판단하고 정식 후에는 잎 뒷면과 포장주위를 살펴보아 담배가루이를 철저히 방제⇒ 병을 전염시키는 담배가루이의 세대 기간이 짧아 연간 발생횟수가많으므로 방충망을 설치하여 시설 안으로 담배가루이가 들어오는것을 막고 발생 초기에 등록약제로 방제하는 등 철저한 관리로병이 확산되는 것을 예방
❍ (쥬키니황화모자이크바이러스 ZYMV) 호박, 오이 등 과채류에서 주로 발생이 예상되며, 진딧물이 동 바이러스를 매개하는한편 이병 식물의 접촉에 의한 전염도 가능하므로 농작업 시주의가 필요
⇒ 진딧물 방제를 철저히 하고 작물이 시설 내에 연중 재배되어항상 전염원은 있으므로 즙액에 의한 접촉전염을 막기 위해 병든식물체는 즉시 제거",13호.txt
2023,13,5,2023-10-01,2023-10-31,채소,(마늘․양파) 잎마름병 ․ 흑색썩음균핵병,주의보,"마늘,양파","❍ 마늘에 발생되는 잎마름병, 흑색썩음균핵병, 선충, 응애 등은종구를 통해서도 감염됨
⇒ 파종 전에 씨마늘을 적용약제 처리 후 그늘에서 말렸다가 파종전 토양살충제를 토양혼화처리하여 파종
❍ (흑색썩음균핵병) 마늘․양파 주산지를 중심으로 상습적으로 발생하는 포장이나 병든 종구를 사용했을 경우 발생이 예상⇒ 병에 걸리지 않은 건전한 종자를 사용하고 파종(정식)전 반드시소독을 실시하며, 지난해에 병이 발생했던 포장은 파종(정식)하기전후에 등록 약제를 토양에 처리하여 병 발생을 예방
❍ (양파 노균병) 묘상을 통해서 전염이 가능하므로 예방이 필요
⇒ 노균병이 발생하지 않은 밭에 묘상을 마련하거나 묘상 자리를토양훈증제를 활용하여 소독한 후 파종",13호.txt
2023,13,6,2023-10-01,2023-10-31,채소,파밤나방․담배거세미나방․목화바둑명나방,예보,"배추,오이","❍ (파밤나방, 담배거세미나방) 나방류가 피해를 주고 있는 무, 배추등 채소류와 밭작물 포장에서는 새잎을 중심으로 잘 살펴보아발생 초기에 방제
❍ (목화바둑명나방) 오이 등 박과류 일부 시설재배지에서 발생잎 뒷면을 갉아먹어 불규칙한 구멍을 내고 심하면 잎줄기만남김. 때로는 열매를 가해하여 상품 가치를 저하시키기도 해주의가 필요함
⇒ 나방류의 애벌레는 자라면(3령 이상) 약제에 대한 내성이 커져서방제 효과가 많이 떨어지므로 초기에 방제하고 계통이 서로 다
른 약제를 번갈아 살포",13호.txt
2023,13,7,2023-10-01,2023-10-31,채소,(시설채소) 총채벌레․응애․진딧물 등,예보,"감자,딸기,방울토마토,오이","❍ 시설작물에 오이총채벌레, 꽃노랑총채벌레, 아메리카잎굴파리등과 딸기의 점박이응애나 진딧물 등 해충 발생 우려⇒ 총채벌레는 토마토반점위조바이러스를 전염시키는 해충으로 최근발생이 증가 추세이므로 시설 내부로 유입되지 않도록 유의⇒ 이들 해충은 일단 발생되면 방제가 어려우므로 방충망을 설치하는 등 시설 안으로 들어오지 못하도록 막고, 크기가 작아 발생여부를 알기 어려우므로 끈끈이 트랩을 매달아 주의 깊게 관찰⇒ 해충에 따라 발생초기에 천적을 투입하거나 등록약제로 방제하고, 약제 살포 시에는 안전사용기준을 지켜 계통이 다른 약제를바꾸어 가면서 살포
❍ (작은뿌리파리) 밭작물, 채소 등에서 전 생육기간 동안 발생하며,성충은 유기물이 풍부한 상토 또는 양액 육묘의 암면 큐브 위이끼에 산란하고 부화유충은 지제부와 뿌리에 해를 입혀 시들음
병이나 청고병과 같은 지상부 시들음증상을 유발⇒ 유충은 감자 절편에 잘 유인되기 때문에 깍두기 모양의 크기로절단하여 작물의 뿌리 주변에 놓아두면 발생여부와 발생량을예찰할 수 있음
⇒ 노란색 끈끈이 트랩을 지상부 50㎝ 이하에 설치해 두면 성충발생 여부와 발생량 예찰에 도움이 됨",13호.txt
2023,13,8,2023-10-01,2023-10-31,과수,과수화상병,예보,사과,"❍ (과수화상병) 사과, 배 등의 병든 꽃은 수침상이 되고 쭈그러든후 흑갈색으로 변해 떨어지거나 나무에 매달려 있게 되고 꽃이달린 가지나 인접한 가지로 진전되어 잎맥을 따라 흑갈색의병반이 생기고 병이 진전됨에 따라 병든 잎은 말리고, 쭈그러들어보통은 가지에 매달려 있음. 병든 가지의 나무껍질은 흑갈색으로변하면서 물러졌다가 후에 위축되고 단단해져 궤양병반을 형성⇒ 한번 걸리면 방제가 불가능하기 때문에 예방을 위하여 과수원을 청결하게 관리하고 농작업을 하는 사람의 과수원 출입시사람과 작업도구 등을 수시로 소독⇒ 의심증상 발견 시에는 전국 대표전화(1833-8572) 또는 가까운농업기술센터·농업기술원에 즉시 신고, 병균의 밀도가 낮아 진단되지 않더라도 갈변궤양은 끝에서 40~70cm 아래를 절단․제거
❍ (과수가지검은마름병) 과수화상병과 증상이 비슷하여 육안으로는구분이 불가하며, 발생시기와 전파경로, 피해증상이 유사함.
사과나무병징엽맥따라갈색병반형성 신초마름병징(지팡이모양) 과실 줄기 병징배나무병징꽃전체가시들고마름 신초마름병징(지팡이모양) 과실 줄기 병징",13호.txt
2023,13,9,2023-10-01,2023-10-31,과수,"노린재류, 주경배나무이",예보,,"❍ (노린재류) 톱다리개미허리노린재, 썩덩나무노린재 및 갈색날개노린재 등의 밀도가 증가하여 수확기까지 지속적인 가해가우려되며, 노린재가 흡즙한 과실은 탄저병 발생이 증가할 수있어 적극적 방제 필요
⇒ 집합페로몬 트랩을 이용하여 톱다리개미허리노린재, 썩덩나무노린재, 갈색날개노린재를 효과적으로 포획할 수 있으며, 과원으로부터 15m이상 떨어진 곳에 트랩을 설치하고, 밀도가 높으면 등록약제를 오전 또는 해질 무렵 과원 경계지역을 더 집중적으로 살포
❍ (주경배나무이) 발생이 많았던 과수원에서는 수확 후 낙엽이 지기 전에 방제",13호.txt
2023,13,10,2023-10-01,2023-10-31,과수,"갈색날개매미충, 미국선녀벌레, 꽃매미",주의보,,"❍ 과수원의 갈색날개매미충, 미국선녀벌레, 꽃매미 성충기 발생 조사결과 전년 대비 17% 감소한 것으로 조사되었음. 일부 약충기 방제가 소홀했던 과수원과 주변 산림은 밀도가 늘어날 것으로 예상되므로 발생 과수원과 인접 산림 등에 대한 철저한 방제가 필요
⇒ 수확이 끝난 과수원에서도 밀도가 높을 경우에는 산란 전에 약제 방제1개월 기상전망            (출처 : 국립농업과학원, 기상청)기온은 1주는 평년과 비슷하겠고, 2주, 3주는 평년과 비슷하거나 높겠으며,4주는 평년보다 높겠음
강수량은 1주는 평년과 비슷하거나 적겠으며, 2주는 평년과 비슷하거나 많겠고,3주, 4주는 평년과 비슷하겠음
❍ 1주(10.16~10.22): 이동성 고기압의 영향을 받겠으며, 상층 찬 공기의 영향을 받을 때가 있겠음
- 기온은 평년과 비슷하겠고, 강수량은 평년과 비슷하거나 적겠음
❍ 2주(10.23~10.29): 이동성 고기압의 영향을 받겠으며, 남쪽을 지나는 저기압의 영향을 받을 때가 있겠음
- 기온은 평년과 비슷하거나 높겠고, 강수량은 평년과 비슷하거나 많겠음
❍ 3주(10.30~11.5): 이동성 고기압의 영향을 주로 받겠으며, 낮과 밤의 기온차가 큰 날이 많겠음
- 기온은 평년과 비슷하거나 높겠고, 강수량은 평년과 비슷하겠음
❍ 4주(11.6~11.12): 이동성 고기압의 영향을 주로 받겠으며, 남쪽을 지나는기압골의 영향을 받을 때가 있겠음
- 기온은 평년보다 높겠고, 강수량은 평년과 비슷하겠음
농업지대 지역 평균기온 강수량1주 2주 3주 4주 1주 2주 3주 4주(10.16~10.22) (1023~10.29) (10.30~11.5) (11.6~11.12) (10.16~10.22) (1023~10.29) (10.30~11.5) (11.6~11.12)1.태 백 고 냉 대관령 비슷 조금높음 조금높음 높음 조금적음 조금많음 비슷 비슷2.태 백 준 고 냉인제,홍천,제천 비슷 조금높음 조금높음 높음 조금적음 조금많음 비슷 비슷3.소 백 산 간 충주,보은 비슷 조금높음 조금높음 높음 조금적음 조금많음 비슷 비슷4.노 령 소 백 산 간임실 비슷 조금높음 조금높음 높음 조금적음 조금많음 비슷 비슷5.영 남 내 륙 산 간추풍령,영주,문경 비슷 조금높음 조금높음 높음 조금적음 조금많음 비슷 비슷6.중 북 부 내 륙춘천,양평 비슷 조금높음 조금높음 높음 조금적음 조금많음 비슷 비슷7.중 부 내 륙 원주,이천 비슷 조금높음 조금높음 높음 조금적음 조금많음 비슷 비슷8.소 백 서 부 내 륙청주,대전,금산 비슷 조금높음 조금높음 높음 조금적음 조금많음 비슷 비슷9.노 령 동 서 내 륙정읍,남원,거창,산청 비슷 조금높음 조금높음 높음 조금적음 조금많음 비슷 비슷10.호 남 내 륙광주,순천,장흥 비슷 조금높음 조금높음 높음 조금적음 조금많음 비슷 조금많음
11.영 남 분 지대구,의성,구미,영천 비슷 조금높음 조금높음 높음 조금적음 조금많음 비슷 비슷12.영 남 내 륙진주,합천,밀양 비슷 조금높음 조금높음 높음 조금적음 조금많음 비슷 조금많음
13.중 서 부 평 야서울,인천,수원,서산,강화,천안,보령비슷 조금높음 조금높음 높음 조금적음 조금많음 비슷 비슷14.차 령 남 부 평 야군산,전주,부여,부안 비슷 조금높음 조금높음 높음 조금적음 조금많음 비슷 비슷15.남 서 해 안목포,완도,해남,고흥 비슷 조금높음 조금높음 높음 조금적음 조금많음 비슷 조금많음
16.남 부 해 안부산,통영,여수,거제,남해 비슷 조금높음 조금높음 높음 조금적음 조금많음 비슷 조금많음
17.동 해 안 북 부속초,강릉 비슷 조금높음 조금높음 높음 조금적음 조금많음 비슷 비슷18.동 해 안 중 부울진,영덕 비슷 조금높음 조금높음 높음 조금적음 조금많음 비슷 비슷19.동 해 안 남 부포항,울산 비슷 조금높음 조금높음 높음 조금적음 조금많음 비슷 조금많음
20.제 주 제주,성산,서귀포 비슷 조금높음 조금높음 높음 조금적음 조금많음 비슷 조금많음",13호.txt
2023,13,11,2023-10-01,2023-10-31,과수,"갈색날개매미충, 미국선녀벌레, 꽃매미",주의보,,"평균 비슷 조금높음 조금높음 높음 조금적음 조금많음 비슷 비슷10일(2023.10.08.~10.15.) 예보(기상청, 2023.10.05., 06:00)<기상예보>
❍ (기온) 아침 기온은 9~17℃, 낮 기온은 20~24℃로 평년(최저기온 8~16℃,최고기온 20~24℃)과 비슷하겠음
❍ (강수) 8일 강원영동과 전남권, 경남권, 제주도에 비가 오겠음
<날씨><최저/최고기온>최근 경과기상과 향후 기상전망<기온><강수량>연도별 평균기온
❍ ‘23년 1월부터 10월 1주차까지의 평균기온은 15.8℃로, 평년(14.6)보다 1.2℃ 높았음
- ’23년 10월 1주차의 평균기온은 18.8℃로, 평년(17.9)보다 0.9℃ 높았음
기 간 1월 2월 3월 4월 5월 6월 7월 8월 9월10월 분석기간1.1~10.4 9.28~10.41주(9.28~10.4)평균(℃)편차(℃)평균(℃)편차(℃)2023년 0.0 3.0 9.7 13.3 18.0 22.4 25.6 26.6 22.8 18.8 15.8 1.2 18.8 0.92022년 -0.2 0.4 8.0 13.9 18.2 22.5 26.1 25.5 21.3 20.0 15.3 0.7 20.0 2.12021년 -0.4 3.9 9.0 13.4 16.9 21.9 26.2 25.0 21.7 21.3 15.5 0.9 21.3 3.42020년 3.0 3.8 8.0 10.9 17.7 22.7 22.7 26.6 20.4 18.5 15.2 0.6 18.5 0.62019년 0.5 2.6 7.6 12.0 18.5 21.2 24.7 26.1 21.8 21.8 15.2 0.6 21.8 3.92018년 -1.8 0.0 8.2 13.3 17.8 22.1 26.7 27.2 20.5 17.1 15.0 0.4 17.1 -0.82017년 0.3 1.8 6.4 13.8 18.6 21.7 26.4 25.5 20.6 17.9 15.1 0.5 17.9 0.02016년 -0.6 1.9 7.3 13.8 18.5 22.2 25.4 26.7 21.7 20.4 15.3 0.7 20.4 2.52015년 0.8 2.2 6.8 12.7 18.5 21.5 24.3 25.2 20.5 18.5 14.8 0.2 18.5 0.62014년 0.7 2.7 7.7 13.3 18.3 21.7 24.9 23.7 20.9 18.7 15.0 0.4 18.7 0.82013년 -1.8 0.8 6.7 10.3 17.7 22.4 26.2 27.2 21.2 18.8 14.7 0.1 18.8 0.910년평균 0.0 2.0 7.6 12.7 18.1 22.0 25.4 25.9 21.1 19.3 15.1 0.5 19.3 1.4평 년 -0.4 1.7 6.5 12.3 17.5 21.5 24.7 25.4 20.8 17.9 14.6 0.0 17.9 0.0* 10년 평균 : 최근 10년(2013~2022년)동안의 평균기온의 평균** 평년 : 30년(1991～2020년)동안의 평균기온의 평균*** 편차 : 평년의 평균기온에 대한 연도별 평균기온의 차이연도별 강수량
❍ ‘23년 1월부터 10월 1주차까지의 강수량의 합은 1,565.3㎜로, 평년(1,228.0)보다 337.3㎜ 많았음(평년대비 127.5%)",13호.txt
2023,13,12,2023-10-01,2023-10-31,과수,"갈색날개매미충, 미국선녀벌레, 꽃매미",주의보,"감자,배추,부추,상추,생강,시금치,아욱,양송이,오리,쪽파,참다래,호박","- ’23년 10월 1주차의 강수량의 합은 6.0㎜로, 평년(30.3)보다 24.3㎜ 적었음(평년대비 19.8%)기 간 1월 2월 3월 4월 5월 6월 7월 8월 9월10월 분석기간1.1~10.4 9.28~10.41주(9.28~10.4)합계(㎜)대비(%)합계(㎜)대비(%)2023년 44.9 20.0 30.5 70.2 207.2 210.1 497.0 286.3 196.9 6.0 1565.3 127.5 6.0 19.82022년 5.0 5.5 89.5 62.7 6.3 181.9 181.9 304.3 159.1 49.5 1045.6 85.1 49.5 163.42021년 25.4 23.4 112.1 77.5 138.9 94.7 234.7 291.0 167.8 31.5 1168.5 95.2 31.5 104.02020년 85.7 62.1 34.4 44.0 107.4 194.3 422.9 397.8 226.0 4.4 1577.8 128.5 4.4 14.52019년 9.7 34.5 42.6 80.8 65.0 151.5 238.3 143.6 241.3 145.0 1148.8 93.6 145.0 478.52018년 25.5 36.6 116.2 140.3 135.2 147.2 170.7 291.7 157.4 6.6 1222.9 99.6 6.6 21.82017년 18.6 36.0 26.1 72.8 31.0 63.1 297.1 239.0 100.6 45.7 929.8 75.7 45.7 150.82016년 32.9 50.6 62.8 163.2 103.4 76.4 290.8 86.1 209.6 44.0 1093.4 89.0 44.0 145.22015년 31.9 31.0 47.8 135.6 70.1 103.3 189.4 117.5 68.3 45.0 834.8 68.0 45.0 148.52014년 14.0 34.8 82.3 89.3 84.2 85.7 167.2 387.2 121.6 9.0 1068.5 87.0 9.0 29.72013년 29.7 53.9 60.9 79.9 132.3 105.9 290.2 161.6 117.3 40.6 1036.8 84.4 40.6 134.010년평균 27.8 36.8 67.5 94.6 87.4 120.4 248.3 242.0 156.9 42.1 1112.7 90.6 42.1 138.9평 년 30.6 37.5 63.0 90.7 108.0 151.4 290.4 277.6 161.7 30.3 1228.0 100.0 30.3 100.0* 10년 평균 : 최근 10년(2013~2022년)동안의 강수량의 평균** 평년 : 30년(1991～2020년)동안의 강수량의 평균*** 대비 : 평년의 강수량에 대한 연도별 강수량의 비율10월 주요 품목별 농약 사용 주의보10월 주요 품목별 농약 사용 주의보★10월에 검출된 67개 조합(36품목/49성분)★* 이 자료는 국립농산물품질관리원 안전성조사 결과 중 ’22년도 부적합 발생 품목 및농약 성분을 바탕으로 작성했습니다.
□ 지역별 부적합 발생 우려 정보
❍ 주요 부적합 우려 품목(성분)
- [인천광역시] 대추(클로티아니딘), 배추(터부포스) 쪽파(포레이트)
- [울산광역시] 참다래(만데스트로빈)
- [세종특별자치시] 상추(포레이트)
- [경기도] 감자(피페로닐부톡사이드), 대파(카보퓨란), 배추(다이아지논, 루페뉴론), 수삼(헵타클로르), 아욱(플룩사메타마이드), 쪽파(디메토에이트, 오메토에이트, 터부포스), 참나물(다이아지논, 페노트린), 케일(네레이스톡신)
- [강원도] 가지(플루아지남), 곤달비(플룩사메타마이드), 부추(카벤다짐), 상추(오리사스트로빈),생강(디페노코나졸, 플루아지남, 프로파모카브),수삼(플루디옥소닐), 시금치(피리다벤), 알타리무(디노테퓨란), 호박(쥬키니호박)(파목사돈)
- [충청북도] 근대(플룩사메타마이드), 부추(터부포스), 수삼(메톨라클로르)
- [충청남도] 감자(피페로닐부톡사이드), 들깻잎(페니트로티온), 배(펜토에이트), 양송이버섯(터부포스), 쪽파(디니코나졸, 오메토에이트, 포레이트, 터부포스), 취나물(플룩사메타마이드)",13호.txt
2023,13,13,2023-10-01,2023-10-31,과수,"갈색날개매미충, 미국선녀벌레, 꽃매미",주의보,"감귤,고추,단감,무화과,배추,부추,사과,상추,생강,쑥갓,아욱,오리,쪽파,포도,호박","- [전라북도] 건고추(이프로벤포스, 테부코나졸),대파(펜토에이트), 배추(카보퓨란), 사과(플루아지남), 상추(오리사스트로빈), 생강(터부포스),수삼(플루디옥소닐, 아족시스트로빈), 쑥갓(티오벤카브), 아욱(플룩사메타마이드), 포도(메토밀),표고버섯(프로클로라즈)
- [전라남도] 단감(프로사이미돈), 대추(아바멕틴),대파(아이소프로티올레인), 떫은감(플루피라디퓨론),무화과(네레이스톡신), 석류(사이플루메토펜), 풋고추(페림존)
- [경상북도] 대추(클로티아니딘), 방풍나물(플루벤디아마이드, 스피로테트라맷), 생강(디노테퓨란, 플루벤디아마이드, 이미다클로프리드), 쌀(카보퓨란), 포도(6-BA)
- [경상남도] 대추(클로티아니딘, 플루오피람),배추(펜피록시메이트), 부추(테트라코나졸),쪽파(리뉴론, 포레이트)
- [제주특별자치도] 감귤(카바릴), 호박(단호박)(프로파모카브)※ 전국적으로 토양처리 살충제 농약(입제) 성분인 터부포스,포레이트 잔류농약 부적합이 많이 발생되고 있습니다.
농업인께서는 해당 성분의 농약을 사용이 등록된 작물에만안전사용기준을 반드시 준수하여 살포하시기 바랍니다.
□ 부적합 발생 우려 품목/성분의 잔류허용기준 및 농약 등록 유무품목 검출성분잔류허용기준(mg/kg) 잔류허용기준적용 근거농약 안전사용기준등록 유무‘22.10. ‘23.9.",13호.txt
2023,13,14,2023-10-01,2023-10-31,과수,"갈색날개매미충, 미국선녀벌레, 꽃매미",주의보,"감귤,감자,고추,단감,멜론,무화과,방울토마토,배추,복숭아,부추,사과,상추,생강,포도","가지 Fluazinam 0.01 0.01 일률기준 미등록감귤 Carbaryl 0.01 0.01 일률기준 미등록감자 Piperonyl Butoxide 0.01 0.01 일률기준 미등록건고추 Iprobenfos 0.01 0.01 일률기준 미등록Tebuconazole 5.0 5.0 당해성분 당해품목 미등록곤달비 Fluxametamide 0.01 6.0(기준변경) 소분류기준(엽채류) 미등록근대 Fluxametamide 0.01 6.0(기준변경) 소분류기준(엽채류) 미등록단감 Procymidone 0.01 0.01 일률기준 미등록대추Abamectin 0.05 0.05 당해성분 당해품목 등록(단제, 합제)Clothianidin 0.01 0.01 일률기준 미등록Fluopyram 0.01 0.01 일률기준 미등록대파Carbofuran 0.05 0.05 당해성분 당해품목 등록(단제)Isoprothiolane 0.01 0.01 일률기준 미등록Phenthoate 0.01 0.01 일률기준 미등록들깻잎 Fenitrothion 0.05 0.05 당해성분 당해품목 등록(합제)떫은감 Flupyradifurone 0.01 0.01 일률기준 미등록무화과 Nereistoxin 0.01 0.01 일률기준 미등록방풍나물 Flubendiamide 0.01 0.01 일률기준 미등록Spirotetramat 5.0 5.0 당해성분 당해품목 등록(단제)배 Phenthoate 0.01 0.01 일률기준 미등록배추Carbofuran 0.05 0.05 당해성분 당해품목 미등록(카 보 설 판,  벤 퓨 라 카 브  등 록)Diazinon 0.05 0.05 당해성분 당해품목 등록(단제, 합제)Fenpyroximate 0.01 0.01 일률기준 미등록Lufenuron 0.3 0.3 당해성분 당해품목 등록(단제, 합제)Terbufos 0.05 0.05 당해성분 당해품목 등록(단제, 합제)부추Carbendazim 1.0 10(기준변경) 당해성분 당해품목 등록(합제)Terbufos 0.05 0.05 당해성분 당해품목 등록(단제, 합제)Tetraconazole 0.01 0.01 일률기준 미등록사과 Fluazinam 0.3 0.3 당해성분 당해품목 등록(단제. 합제)상추 Orysastrobin 0.01 0.01 일률기준 미등록Phorate 0.01 0.01 일률기준 미등록생강Difenoconazole 0.01 0.01 일률기준 미등록Dinotefuran 0.01 0.01 일률기준 미등록Fluazinam 0.01 0.01 일률기준 미등록Flubendiamide 0.01 0.01 일률기준 미등록Imidacloprid 0.05 0.05 당해성분 당해품목 등록(합제)Propamocarb 0.05 0.05 당해성분 당해품목 등록(단제)Terbufos 0.05 0.05 당해성분 당해품목 등록(단제, 합제)석류 Cyflumetofen 0.01 0.01 일률기준 미등록□ 부적합 발생 주요 농산물 품목 현황(8월 기준)2022년 8월 2023년 8월번호 품목명 발생(건) 번호 품목명 발생(건)1 상추 7 1 들깻잎 72 복숭아 6 2 상추 73 취나물 6 3 홍고추 44 홍고추 6 4 멜론 35 포도 5 5 방울토마토 3기타 풋고추, 들깻잎 등 52 기타 아로니아, 얼갈이배추 등 47합계 82 합계 71품목 검출성분잔류허용기준(mg/kg) 잔류허용기준적용 근거농약 안전사용기준등록 유무‘22.10. ‘23.9.",13호.txt
2023,13,15,2023-10-01,2023-10-31,과수,"갈색날개매미충, 미국선녀벌레, 꽃매미",주의보,"감귤,고추,사과,시금치,쑥갓,아욱,양송이,쪽파,참다래,포도,호박","수삼Azoxystrobin 0.1 0.1 당해성분 당해품목 등록(단제, 합제)Fludioxonil 0.5 0.5 당해성분 당해품목 등록(단제, 합제)Heptachlor 0.01 0.01 일률기준 미등록Metolachlor 0.01 0.01 일률기준 미등록시금치 Pyridaben 0.01 0.01 일률기준 미등록쌀 Carbofuran 0.02 0.02 당해성분 당해품목 등록(단제)쑥갓 Thiobencarb 0.01 0.01 일률기준 미등록아욱 Fluxametamide 0.01 0.01 일률기준 미등록알타리무 Dinotefuran 0.05 1.0(기준변경) 당해성분 당해품목 등록(단제, 합제)양송이버섯 Terbufos 0.01 0.01 일률기준 미등록쪽파Dimethoate 0.05 0.05 당해성분 당해품목 등록(단제, 합제)Diniconazole 0.3 0.3 소분류기준(엽경채류) 등록(단제)Linuron 0.01 0.01 일률기준 미등록Omethoate 0.05 0.05 당해성분 당해품목 미등록Phorate 0.05 0.05 당해성분 당해품목 등록(단제, 합제)Terbufos 0.05 0.05 당해성분 당해품목 등록(단제, 합제)참나물 Diazinon 0.01 0.01 일률기준 미등록Phenothrin 0.01 0.01 일률기준 미등록참다래(키위) Mandestrobin 0.05 0.05 당해성분 당해품목 등록(단제)Pyriproxyfen 0.01 0.01 일률기준 미등록취나물 Fluxametamide 0.01 6.0(기준변경) 소분류기준(엽채류) 미등록케일 Nereistoxin 0.01 0.01 일률기준 미등록포도6-Benzyl aminopurine 0.01 0.01 일률기준 미등록Methomyl 1.0 1.0 당해성분 당해품목 미등록(티오디카브 등록)표고버섯 Prochloraz 0.01 3.0(기준변경) 당해성분 당해품목 미등록풋고추 Ferimzone 0.01 0.01 일률기준 미등록호박(쥬키니) Famoxadone 0.01 0.01 일률기준 미등록호박(단호박) Propamocarb 0.01 0.01 일률기준 미등록□ 농약안전정보시스템(https://psis.rda.go.kr) 활용자료제공 및 검토 전문가 명단구분 성명 /  소속 / 직급1 김지성 / 농촌지원국 재해대응과 / 과장2 채의석 / 농촌지원국 재해대응과 / 농촌지도관3 김기형 / 농촌지원국 재해대응과 / 농촌지도관4 김상목 / 농촌지원국 재해대응과 / 농업연구관5 박승무 / 농촌지원국 재해대응과 / 농촌지도관6 이우일 / 농촌지원국 재해대응과 / 농촌지도사7 최효원 / 농촌지원국 재해대응과 / 농업연구사8 양미숙 / 농촌지원국 재해대응과 / 농촌지도사9 맹권재 / 농촌지원국 재해대응과 / 농업주사보10 박명일 / 농촌지원국 재해대응과 / 주무관11 최인후 / 농촌지원국 재해대응과 / 기술전문위원12 박해융 / 농촌지원국 재해대응과 / 기술전문위원13 성신상 / 농촌지원국 재해대응과 / 기술전문위원14 강신곤 / 농촌지원국 기술보급과 / 농촌지도관15 고창호 / 농촌지원국 기술보급과 / 농촌지도관16 김현철 / 농촌지원국 기술보급과 / 농촌지도사17 장진경 / 농촌지원국 기술보급과 / 농촌지도사18 노석원 / 농촌지원국 식량산업기술팀 / 농촌지도관19 엄미옥 / 농촌지원국 식량산업기술팀 / 농촌지도사20 윤  송 / 농촌지원국 식량산업기술팀 / 농촌지도사21 이세원 / 국립농업과학원 작물보호과 / 과장22 박병용 / 국립농업과학원 작물보호과 / 농업연구관23 이봉춘 / 국립농업과학원 작물보호과 / 농업연구관24 이용환 / 국립농업과학원 작물보호과 / 농업연구관25 이관석 / 국립농업과학원 작물보호과 / 농업연구사26 이영기 / 국립농업과학원 작물보호과 / 농업연구사27 정인홍 / 국립농업과학원 작물보호과 / 농업연구사28 류현주 / 국립농업과학원 작물보호과 / 농업연구사29 심교문 / 국립농업과학원 기후변화평가과 / 농업연구관30 허지나 /국립농업과학원 기후변화평가과 / 농업연구사31 박진우 / 국립농업과학원 작물기초기반과 / 과장32 서보윤 / 국립농업과학원 작물기초기반과 / 농업연구관33 김상민 / 국립식량과학원 작물기초기반과 / 농업연구사34 최낙중 / 국립식량과학원 작물기초기반과 / 농업연구사35 김현주 / 국립식량과학원 기술지원과 / 농업연구관36 김은영 / 국립식량과학원 재배환경과 / 농업연구사37 김동환 / 국립원예특작과학원 원예특작환경과 / 과장38 이성찬 / 국립원예특작과학원 원예특작환경과 / 농업연구관39 조인숙 / 국립원예특작과학원 원예특작환경과 / 농업연구관40 한유경 / 국립원예특작과학원 원예특작환경과 / 농업연구사41 이선영 / 국립원예특작과학원 원예특작환경과 / 농업연구사42 서미혜 / 국립원예특작과학원 원예특작환경과 / 농업연구사43 윤정범 / 국립원예특작과학원 원예특작환경과 / 농업연구사44 이동혁 / 국립원예특작과학원 사과연구소 / 소장45 양상진 / 국립원예특작과학원 사과연구소 / 농업연구관46 송장훈 / 국립원예특작과학원 배연구소 / 농업연구관47 강아랑 / 국립원예특작과학원 배연구소 / 농업연구사48 한승갑 / 국립원예특작과학원 감귤연구소 / 농업연구관2023년 농작물 병해충 발생정보(제13호)집 필 인김지성 , 채의석 , 김기형 , 김상목 , 박승무 , 이우일 , 최효원 , 양미숙 , 맹권재 ,박명일 , 강권희발 행 처 농촌진흥청 재해대응과주소 54875 전북 전주시 덕진구 농생명로 300전화 (063) 238–1045~1049homepage : http://www.nongsaro.go.kr",13호.txt
2023,14,1,2023-11-01,2023-11-30,시설채소,흰가루병,예보,"딸기,멜론,오이","❍ 분생포자에 의해 공기로 전염되며 건조하면서 일교차가 심하고15∼28℃에서 많이 발생하는데 11월 기온의 변화가 클 것으로예상돼 오이, 멜론, 딸기 등에 발생 증가가 우려됨
⇒ 일사량이 부족하고 비료기가 많은 조건에서 발생이 많으므로 질소질 비료를 알맞게 주며, 병든 잎과 과실은 신속히 제거하고 발생 초기에 등록 약제로 방제* 농촌진흥청 농사로 「딸기 주요 병해충 방제」 동영상 참고(https://www.nongsaro.go.kr/portal/ps/psb/psbo/vodPlay.ps?mvpNo=1727&mvpClipNo=&menuId=PS00069&cntntsNo=221247)",14호.txt
2023,14,2,2023-11-01,2023-11-30,시설채소,잿빛곰팡이병,예보,"딸기,오이","❍ 시설내의 온도가 20℃ 전후로 낮고 비닐 천정에 이슬이 맺힐정도의 습도가 높은 조건이 오래 지속되면 발생이 증가하는데오이, 딸기 등 일부 작물에서 발생되고 있어 주의가 필요함
⇒ 병든 식물은 시설 밖으로 빼내어 소각하거나 땅속에 묻어 전염원을차단하여야 함
⇒ 적절한 환기로 시설 내의 습도를 낮추어 주되 보온에 유의하고,시설 내에서 병이 발생되면 급속하게 번지는 특성이 있으므로발생 초기에 등록약제로 방제하되 약제를 바꾸어 가며 사용해야 함",14호.txt
2023,14,3,2023-11-01,2023-11-30,시설채소,노균병,예보,"멜론,오이","❍ 오이, 멜론 등 시설 내의 습도가 높고 온도가 낮은(20℃ 전후)조건에서 발생이 많고, 일조량이 부족하거나 거름기가 모자라작물 생육이 왕성하지 못할 때 발생이 많음
⇒ 야간에 보온관리를 잘하여 저온이 되지 않도록 하고, 웃거름주기와 열매솎기 및 햇볕 쪼임을 좋게 하여 튼튼하게 생육하도록함과 동시에 습도가 높아지지 않도록 환기를 철저히 해줌⇒ 특히 오이 시설재배 중 환기를 시키는 과정에서 찬바람이 식물체에직접 닿을 경우 노균병이 심하게 발생되므로 환기 할 때 유의⇒ 병이 발생된 포장은 병든 잎을 일찍 따낸 다음 발병 초기에등록약제로 방제",14호.txt
2023,14,4,2023-11-01,2023-11-30,시설채소,딸기 꽃곰팡이병,예보,딸기,"❍ 암술에 녹색 곰팡이가 발생하는 병으로 심할 경우 꽃 전체가 마르면서 기형과를 유발하는 피해를 입힘
❍ 병원균은 딸기꽃 외에도 시설 내 식물 잔재물, 토양, 유기물 등에서도 증식이 가능하며 저온과 습도가 높을 때 발생이 증가함
⇒ 시설 내 습도를 낮추고 식물체로 물방울이 떨어지지 않도록 하며식물체 잔재물을 제거하는 등 청결한 환경관리 필요",14호.txt
2023,14,5,2023-11-01,2023-11-30,시설채소,토마토반점위조바이러스(TSWV),예보,"고추,방울토마토,파프리카","❍ 총채벌레가 전염시키는 바이러스 병으로 파프리카, 고추, 토마토등 시설재배지에서 이들 매개충이 꾸준히 발생하고 있으며, 방제시기를 놓칠 경우 피해가 커지기 때문에 초기 예방이 중요
⇒ 병에 걸린 식물을 발견하면 즉시 제거하여 병이 확산되는 것을 예방",14호.txt
2023,14,6,2023-11-01,2023-11-30,시설채소,토마토황화잎말림병(TYLCV),예보,방울토마토,"❍ 가지과 작물에서 담배가루이가 병을 매개하므로 육묘 단계부터정식 초기에 예찰을 강화하여 감염여부를 판단하고 정식 후에는잎 뒷면과 포장주위를 살펴보아 담배가루이를 철저히 방제⇒ 병을 전염시키는 담배가루이의 세대 기간이 짧아 연간 발생횟수가많으므로 방충망을 설치하여 시설 안으로 담배가루이가 들어오는것을 막고 발생 초기에 등록약제로 방제하는 등 철저한 관리로병이 확산되는 것을 예방⇒ 발생된 시설재배 농가 주변지역은 담배가루이의 기주식물이 되는잡초와 병에 걸린 식물은 뽑아서 제거※ 기주식물 : 큰개불알풀, 광대나물, 별꽃,큰망초, 쑥, 머위* 농촌진흥청 농사로 「토마토 병해충 및 생리장해」 동영상 참고(https://www.nongsaro.go.kr/portal/ps/psb/psbo/vodPlay.ps?mvpNo=1822&mvpClipNo=&menuId=PS00069&cntntsNo=224778)",14호.txt
2023,14,7,2023-11-01,2023-11-30,시설채소,총채벌레류․가루이류․진딧물류․응애류․작은뿌리파리,예보,"감자,고추,방울토마토,오이","❍ (총채벌레류) 꽃노랑총채벌레, 오이총채벌레 등은 오이, 고추,토마토 등 시설 내에서 연중 발생하는 해충으로 방제시기를 놓칠경우 바이러스병을 전염시켜 큰 피해를 주는 해충임
❍ (가루이류·진딧물류) 온실가루이와 담배가루이는 가지과 작물에서, 진딧물은 엽채류와 과채류에서 주로 발생하며 식물체의즙액을 빨아먹는 직접적인 피해뿐만 아니라 그을음병과 바이러스병 등을 유발함
❍ (응애류) 작물이 피해를 받으면 잎이 누렇게 변하여 말라 죽게 됨
⇒ 이들 해충은 일단 발생하면 방제가 어려우므로 방충망을 설치하는등 시설 안으로 들어오지 못하도록 막고, 크기가 작아 발생을 알아보기가 어려우므로 끈끈이 트랩을 매달아 주의 깊게 살펴봄⇒ 해충에 따라 발생초기 천적을 투입하거나 등록약제로 방제하고,약제 살포 시에는 안전사용기준을 지키고 계통이 다른 약제로바꾸어 가면서 살포하여 저항성 유발을 최소화
❍ (작은뿌리파리 ) 밭작물, 채소, 화훼 등에서 전 생육기간 동안발생하며, 성충은 유기물이 풍부한 상토 또는 양액 육묘의 암면큐브 위 이끼에 산란하고 부화유충은 지제부와 뿌리에 해를입혀 시들음병이나 풋마름병과 같은 지상부 시들음증상을 유발⇒ 유충은 감자 절편에 잘 유인되기 때문에 깍두기 모양의 크기로절단하여 작물의 뿌리 주변에 놓아두면 발생여부와 발생량을예찰할 수 있음
⇒ 노란색 끈끈이 트랩을 지상부 50㎝ 이하에 설치해 두면 성충 발생여부와 발생량 예찰에 도움이 됨",14호.txt
2023,14,8,2023-11-01,2023-11-30,노지채소,"(무․배추) 뿌리혹병, 무름병",주의보,"배추,벼","❍ 뿌리에 크고 작은 혹이 생기면서 지상부가 말라 죽게 되는 병으로일부 포장에 발생이 확인되고 있으며 전년도에 병 발생이 심했던포장이나 사전에 방제를 철저하게 하지 않은 곳에서 발생이 심함
⇒ 병원균은 물이나 흙을 통하여 이동하므로 물 빠짐이 좋도록배수로 정비를 잘 해주고 병 발생 후에는 방제가 어려우므로병든 포기는 발견 즉시 제거
❍ 무름병은 세균에 의한 병으로 온도가 높고 비가 자주 오는 기상환경과 이어짓기에 의해 토양내 병원균 밀도가 증가할 경우 발생이 많음. 올해 무름병 발생이 많았던 포장은 벼과나 콩과 작물로 돌려짓기를 해야 하며, 수확 후 병든 식물체가 남지 않도록재배지 관리가 중요함
* 농촌진흥청 농사로 「무 주요 병해충 및 생리장해」 동영상 참고(https://www.nongsaro.go.kr/portal/ps/psb/psbo/vodPlay.ps?mvpNo=2167&mvpClipNo=&menuId=PS00069&cntntsNo=241958)",14호.txt
2023,14,9,2023-11-01,2023-11-30,노지채소,(당근) 검은잎마름병,예보,당근,"❍ 당근 검은잎마름병 병원균은 분생포자를 형성하여 공기 전염되므로비가 많이 오고 잎이 무성한 곳에서 잘 확산됨
⇒ 생육 중에 양분이 부족하지 않도록 주의하고, 등록약제를 발생초기부터 살포함",14호.txt
2023,14,10,2023-11-01,2023-11-30,화훼,국화줄기괴저바이러스,예보,"고추,국화,방울토마토","❍ 국화 줄기에 괴사증상을 보이고 잎이 황화 되거나 괴사반점이생기는데 감염이 심하게 되면 시들음 증상을 보임
❍ 꽃노랑총채벌레에 의해 영속전염을 하는 동시에 잎이나 줄기의상처 등을 통해서 전염되고, 특히 감염된 식물체에서 삽수를채취하여 증식할 경우 급속하게 다른 지역으로 전파됨
⇒ 토마토나 고추 같은 가지과 작물도 기주이기 때문에 이병을 방제하기 위해서는 감염된 식물체는 즉시 제거 소각하고, 총채벌레방제를 위해 청색끈끈이 트랩을 약 5m 간격으로 설치⇒ 적심 또는 절화 작업 시 바이러스 즙액 전염 억제용 가위를 사용하고, 발병된 포장이나 그 인근 포장에서 증식용 삽수 채취 금지【줄기의괴사증상】 【잎자루의괴사증상】 【잎의괴사반점증상】 【국화하우스주변고추잎괴사반점】",14호.txt
2023,14,11,2023-11-01,2023-11-30,과수,과수화상병,예보,사과,"❍ (과수화상병) 한번 걸리면 방제가 불가능하기 때문에 예방을위하여 과수원을 청결하게 관리하고 농작업을 하는 사람의과수원 출입시 사람과 작업도구 등을 수시로 소독⇒ 의심증상 발견 시에는 전국 대표전화(1833-8572) 또는 가까운농업기술센터·농업기술원에 즉시 신고, 병균의 밀도가 낮아 진단되지 않더라도 갈변궤양은 끝에서 40~70cm 아래를 절단․제거* 농촌진흥청 농사로 「과일나무 코로나, 과수화상병 발생 시 대처 요령」동영상 참고(https://www.nongsaro.go.kr/portal/ps/psb/psbo/vodPlay.ps?mvpNo=1815&mvpClipNo=&menuId=PS00069&cntntsNo=224771)
❍ (과수가지검은마름병) 과수화상병과 증상이 비슷하여 육안으로는구분이 불가하며, 발생시기와 전파경로, 피해증상이 유사함
사과나무병징엽맥따라갈색병반형성 신초마름병징(지팡이모양) 과실 줄기 병징배나무병징꽃전체가시들고마름 신초마름병징(지팡이모양) 과실 줄기 병징1개월 기상전망            (출처 : 국립농업과학원, 기상청)기온은 1주는 평년과 비슷하겠고, 2주, 3주, 4주는 평년보다 높겠음
강수량은 1주, 4주는 평년과 비슷하겠고, 2주, 3주는 평년과 비슷하거나 많겠음
❍ 1주(11.13~11.19): 이동성 고기압의 영향을 받겠으며, 북쪽을 지나는 기압골의 영향을 받을 때가 있겠음
- 기온은 평년과 비슷하겠고, 강수량은 평년과 비슷하겠음
❍ 2주(11.20~11.26): 이동성 고기압의 영향을 주로 받겠으며, 남쪽을 지나는 저기압의 영향을 받을 때가 있겠음
- 기온은 평년보다 높겠고, 강수량은 평년과 비슷하거나 많겠음
❍ 3주(11.27~12.3): 이동성 고기압의 영향을 주로 받겠으며, 남쪽을 지나는 저기압의 영향을 받을 때가 있겠음
- 기온은 평년보다 높겠고, 강수량은 평년과 비슷하거나 많겠음
❍ 4주(12.4~12.10): 이동성 고기압의 영향을 주로 받겠으며, 남쪽을 지나는 기압골의 영향을 받을 때가 있겠음
- 기온은 평년보다 높겠고, 강수량은 평년과 비슷하겠음",14호.txt
2023,14,12,2023-11-01,2023-11-30,과수,과수화상병,예보,,"농업지대 지역 평균기온 강수량1주 2주 3주 4주 1주 2주 3주 4주(11.13~11.19) (11.20~11.26) (11.27~12.3) (12.4~12.10) (11.13~11.19) (11.20~11.26) (11.27~12.3) (12.4~12.10)1.태백고냉 대관령 비슷 높음 높음 높음 비슷 조금많음 조금많음 비슷2.태백준고냉 인제,홍천,제천 비슷 높음 높음 높음 비슷 조금많음 조금많음 비슷3.소백산간 충주,보은 비슷 높음 높음 높음 비슷 조금많음 조금많음 비슷4.노령소백산간 임실 비슷 높음 높음 높음 비슷 조금많음 조금많음 비슷5.영남내륙산간 추풍령,영주,문경 비슷 높음 높음 높음 비슷 조금많음 조금많음 비슷6.중북부내륙 춘천,양평 비슷 높음 높음 높음 비슷 조금많음 조금많음 비슷7.중부내륙 원주,이천 비슷 높음 높음 높음 비슷 조금많음 조금많음 비슷8.소백서부내륙 청주,대전,금산 비슷 높음 높음 높음 비슷 조금많음 조금많음 비슷9.노령동서내륙 정읍,남원,거창,산청 비슷 높음 높음 높음 비슷 조금많음 조금많음 비슷10.호남내륙 광주,순천,장흥 비슷 높음 높음 높음 비슷 조금많음 조금많음 비슷11.영남분지 대구,의성,구미,영천 비슷 높음 높음 높음 비슷 조금많음 조금많음 비슷12.영남내륙 진주,합천,밀양 비슷 높음 높음 높음 비슷 조금많음 조금많음 비슷13.중서부평야 서울,인천,수원,서산,강화,천안,보령 비슷 높음 높음 높음 비슷 조금많음 조금많음 비슷14.차령남부평야 군산,전주,부여,부안 비슷 높음 높음 높음 비슷 조금많음 조금많음 비슷15.남서해안 목포,완도,해남,고흥 비슷 높음 높음 높음 비슷 조금많음 조금많음 비슷16.남부해안 부산,통영,여수,거제,남해 비슷 높음 높음 높음 비슷 조금많음 조금많음 비슷17.동해안북부 속초,강릉 비슷 높음 높음 높음 비슷 조금많음 조금많음 비슷18.동해안중부 울진,영덕 비슷 높음 높음 높음 비슷 조금많음 조금많음 비슷19.동해안남부 포항,울산 비슷 높음 높음 높음 비슷 조금많음 조금많음 비슷20.제주 제주,성산,서귀포 비슷 높음 높음 높음 비슷 조금많음 조금많음 비슷평균 비슷 높음 높음 높음 비슷 조금많음 조금많음 비슷10일(2023.11.05.~11.12.) 예보(기상청, 2023.11.02., 06:00)<기상예보>
❍ (기온) 5일~6일 아침 기온은 11~19℃로 평년(최저기온 2~11℃)보다
높겠고, 낮 기온은 14~23℃로 평년(최고기온 12~20℃)과 비슷하거나조금 높겠음. 7일~12일 아침 기온은 -1~14℃, 낮 기온은 7~20℃로 평년과 비슷하거나 조금 낮겠음
❍ (강수) 5일~6일 오전 전국에 비가 오겠음
<날씨><최저/최고기온>최근 경과기상과 향후 기상전망<기온><강수량>연도별 평균기온
❍ ‘23년 1월부터 11월 1주차까지의 평균기온은 15.8℃로, 평년(14.5)보다 1.3℃ 높았음
- ’23년 11월 1주차의 평균기온은 14.5℃로, 평년(11.6)보다 2.9℃ 높았음",14호.txt
2023,14,13,2023-11-01,2023-11-30,과수,과수화상병,예보,,"기간 1월 2월 3월 4월 5월 6월 7월 8월 9월 10월11월 분석기간1.1~11.1 10.26~11.11주(10.26~11.1)평균(℃)편차(℃)평균(℃)편차(℃)‘23년 0.0 3.0 9.7 13.3 18.0 22.4 25.6 26.6 22.8 15.2 14.5 15.8 1.3 14.5 2.9‘22년 -0.2 0.4 8.0 13.9 18.2 22.5 26.1 25.5 21.3 14.4 12.8 15.1 0.6 12.8 1.2‘21년 -0.4 3.9 9.0 13.4 16.9 21.9 26.2 25.0 21.7 15.6 12.6 15.4 0.9 12.6 1.0’20년 3.0 3.8 8.0 10.9 17.7 22.7 22.7 26.6 20.4 14.1 12.0 15.0 0.5 12.0 0.4‘19년 0.5 2.6 7.6 12.0 18.5 21.2 24.7 26.1 21.8 15.9 12.5 15.2 0.7 12.5 0.9‘18년 -1.8 0.0 8.2 13.3 17.8 22.1 26.7 27.2 20.5 13.1 9.6 14.8 0.3 9.6 -2.0‘17년 0.3 1.8 6.4 13.8 18.6 21.7 26.4 25.5 20.6 15.4 12.1 15.1 0.6 12.1 0.5‘16년 -0.6 1.9 7.3 13.8 18.5 22.2 25.4 26.7 21.7 15.9 10.8 15.3 0.8 10.8 -0.8‘15년 0.8 2.2 6.8 12.7 18.5 21.5 24.3 25.2 20.5 15.1 10.3 14.8 0.3 10.3 -1.3‘14년 0.7 2.7 7.7 13.3 18.3 21.7 24.9 23.7 20.9 14.9 13.0 15.0 0.5 13.0 1.4‘13년 -1.8 0.8 6.7 10.3 17.7 22.4 26.2 27.2 21.2 15.6 11.7 14.7 0.2 11.7 0.110년평균 0.0 2.0 7.6 12.7 18.1 22.0 25.4 25.9 21.1 15.0 11.7 15.0 0.5 11.7 0.1평년 -0.4 1.7 6.5 12.3 17.5 21.5 24.7 25.4 20.8 14.7 11.6 14.5 0.0 11.6 0.0* 10년 평균 : 최근 10년(2013~2022년)동안의 평균기온의 평균** 평년 : 30년(1991～2020년)동안의 평균기온의 평균*** 편차 : 평년의 평균기온에 대한 연도별 평균기온의 차이연도별 강수량
❍ ‘23년 1월부터 11월 1주차까지의 강수량의 합은 1,581.2㎜로, 평년(1,281.0)보다300.2㎜ 많았음(평년대비 123.4%)",14호.txt
2023,14,14,2023-11-01,2023-11-30,과수,과수화상병,예보,"단감,들깨,배추,부추,사과,상추,시금치,아욱,쪽파,치커리","- ’23년 11월 1주차의 강수량의 합은 3.0㎜로, 평년(10.3)보다 7.3㎜ 적었음 (평년대비 29.1%)기간 1월 2월 3월 4월 5월 6월 7월 8월 9월 10월11월 분석기간1.1~11.1 10.26~11.11주(10.26~11.1)합계(㎜)대비(%)합계(㎜)대비(%)‘23년 44.9 20.0 30.5 70.2 207.2 210.1 497.0 286.3 196.9 18.0 3.0 1581.2 123.4 3.0 29.1‘22년 5.0 5.5 89.5 62.7 6.3 181.9 181.9 304.3 159.1 77.7 2.6 1073.8 83.8 2.6 25.2‘21년 25.4 23.4 112.1 77.5 138.9 94.7 234.7 291.0 167.8 55.2 0.4 1220.6 95.3 0.4 3.9’20년 85.7 62.1 34.4 44.0 107.4 194.3 422.9 397.8 226.0 13.8 3.3 1591.8 124.3 3.3 32.0‘19년 9.7 34.5 42.6 80.8 65.0 151.5 238.3 143.6 241.3 165.6 1.3 1172.9 91.6 1.3 12.6‘18년 25.5 36.6 116.2 140.3 135.2 147.2 170.7 291.7 157.4 166.6 12.7 1387.3 108.3 12.7 123.3‘17년 18.6 36.0 26.1 72.8 31.0 63.1 297.1 239.0 100.6 77.9 1.6 962.2 75.1 1.6 15.5‘16년 32.9 50.6 62.8 163.2 103.4 76.4 290.8 86.1 209.6 156.1 8.3 1231.9 96.2 8.3 80.6‘15년 31.9 31.0 47.8 135.6 70.1 103.3 189.4 117.5 68.3 66.3 16.9 861.2 67.2 16.9 164.1‘14년 14.0 34.8 82.3 89.3 84.2 85.7 167.2 387.2 121.6 121.2 26.5 1189.7 92.9 26.5 257.3‘13년 29.7 53.9 60.9 79.9 132.3 105.9 290.2 161.6 117.3 66.7 0.4 1098.4 85.7 0.4 3.910년평균 27.8 36.8 67.5 94.6 87.4 120.4 248.3 242.0 156.9 96.7 7.4 1179.0 92.0 7.4 71.8평년 30.6 37.5 63.0 90.7 108.0 151.4 290.4 277.6 161.7 68.7 10.3 1281.0 100.0 10.3 100.0* 10년 평균 : 최근 10년(2013~2022년)동안의 강수량의 평균** 평년 : 30년(1991～2020년)동안의 강수량의 평균*** 대비 : 평년의 강수량에 대한 연도별 강수량의 비율리플릿 고농도 미세먼지 대응 농업인 행동요령리플릿 과수화상병 유입 차단 관리방법11월 주요 품목별 농약 사용 주의보11월 주요 품목별 농약 사용 주의보★11월에 검출된 72개 조합(31품목/44성분)★* 이 자료는 국립농산물품질관리원 안전성조사 결과 중 ’22년도 부적합 발생 품목 및농약 성분을 바탕으로 작성했습니다.
□ 지역별 부적합 발생 우려 정보
❍ 주요 부적합 우려 품목(성분)
- [서울특별시] 갓(플 루퀸 코 나졸, 플 룩 사메 타 마이 드)
- [대구광역시] 배추(뷰프로페진)
- [인천광역시] 대파(다이아지논, 터부포스), 배추(카보퓨란), 쪽파(터부포스)
- [광주광역시] 대파(터부포스), 떫은감(오메토이트),아욱(터부포스)
- [경기도] 고수(알라클로르), 근대(플룩사메타마이드), 돌나물(플룩사메타마이드), 배추(펜사이큐론), 부추(루페뉴론), 상추(피리다벤), 시금치(터부포스), 알타리무(포레이트), 치커리(카벤다짐)
- [강원도] 사과(트리사이클라졸), 쪽파(디메토에이트, 오메토에이트)
- [충청북도] 갓(플루벤디아마이드, 플룩사메타마이드), 대파(아이소프로티올레인, 메타벤즈티아주론), 들깨(에토펜프록스), 무(디노테퓨란, 포레이트), 배추(프로클로라즈), 수삼(피콕시스트로빈), 쪽파(카보퓨란, 터부포스)",14호.txt
2023,14,15,2023-11-01,2023-11-30,과수,과수화상병,예보,"감귤,감자,당근,딸기,배추,부추,상추,생강,시금치,아욱,양송이,오리,오이,쪽파,참다래,팥","- [충청남도] 고수(카두사포스, 포레이트), 대파(메타벤즈티아주론), 배(펜토에이트), 상추(테부코나졸, 양송이버섯(터부포스), 쪽파(펜디메탈린, 포레이트, 프로사이미돈, 터부포스)
- [전라북도] 고수(터부포스, 티아메톡삼), 당근(터부포스), 묘삼(페니트로티온), 무(디노테퓨란),배추(이프로디온), 상추(포레이트), 아욱(오리사스트로빈), 쪽파(티아디닐), 팥(스피로테르라맷)
- [전라남도] 무(카보퓨란), 부추(플룩사메타마이드),세발나물(디노테퓨란), 쪽파(디메토에이트, 오메토에이트, 펜디메탈린), 참다래(키위)(비터타놀, 델타메트린, 페니트로티온, 헥사코나졸)
- [경상북도] 감귤(프로사이미돈), 배추(아이소프로티올레인), 상추(터부포스), 생강(디노테퓨란,플루벤디아마이드), 오이(메트코나졸), 쪽파(메타벤즈티아주론, 포레이트)
- [경상남도] 감자(터부포스), 딸기(6-BA), 바질(아족시스트로빈, 카벤다짐, 에타복삼, 플루피라디퓨론, 메탈락실, 피리다벤), 상추(메타벤즈티아주론), 시금치(파목사돈)
- [제 주 특별 자 치도] 쪽 파(디 메 토에 이 트, 오메 토 에이 트)※ 전국적으로 토양처리 살충제 농약(입제) 성분인 터부포스,포레이트 잔류농약 부적합이 많이 발생되고 있습니다.
농업인께서는 해당 성분의 농약을 사용이 등록된 작물에만안전사용기준을 반드시 준수하여 살포하시기 바랍니다.
□ 부적합 발생 우려 품목/성분의 잔류허용기준 및 농약 등록 유무품목 검출성분 잔류허용기준(mg/kg) 잔류허용기준적용 근거농약 안전사용기준등록 유무‘22.11. ‘23.10.",14호.txt
2023,14,16,2023-11-01,2023-11-30,과수,과수화상병,예보,"감귤,감자,고추,단감,당근,들깨,딸기,배추,복숭아,부추,사과,상추,시금치,오미자,포도","감귤 Procymidone 0.01 0.01 일률기준 미등록감자 Terbufos 0.01 0.01 당해성분 당해품목 등록(단제, 합제)갓Flubendiamide 0.01 0.01 일률기준 미등록Fluquinconazole 0.05 0.05 소분류기준(엽채류) 미등록Fluxametamide 0.01 6.0(기준변경) 소분류기준(엽채류) 미등록고수Alachlor 0.01 0.01 일률기준 미등록Cadusafos 0.01 0.01 일률기준 미등록Phorate 0.01 0.01 일률기준 미등록Terbufos 0.01 0.01 일률기준 미등록Thiamethoxam 0.01 0.01 일률기준 미등록근대 Fluxametamide 0.01 6.0(기준변경) 소분류기준(엽채류) 미등록당근 Terbufos 0.05 0.05 당해성분 당해품목 등록(단제, 합제)대파Diazinon 0.01 0.01 일률기준 미등록Isoprothiolane 0.01 0.01 일률기준 미등록Methabenzthiazuron 0.01 0.01 일률기준 미등록Terbufos 0.05 0.05 당해성분 당해품목 등록(단제, 합제)돌나물 Fluxametamide 0.01 6.0(기준변경) 소분류기준(엽채류) 미등록들깨 Etofenprox 0.01 1.5(기준변경) 당해성분 당해품목 등록(단제, 합제)딸기 6-Benzyl aminopurine 0.01 0.01 일률기준 미등록떫은감 Omethoate 0.01 0.01 일률기준 미등록묘삼 Fenitrothion 0.01 0.01 일률기준 미등록무Carbofuran 0.01 0.03(기준변경) 당해성분 당해품목 미등록Dinotefuran 0.05 1.0(기준변경) 당해성분 당해품목 등록(단제, 합제)Phorate 0.05 0.05 당해성분 당해품목 등록(단제, 합제)Terbufos 0.05 0.05 당해성분 당해품목 등록(단제, 합제)바질Azoxystrobin 0.01 0.01 일률기준 미등록Carbendazim 0.01 0.01 일률기준 미등록Ethaboxam 0.01 0.01 일률기준 미등록Flupyradifurone 0.01 0.01 일률기준 미등록Metalaxyl 0.01 0.01 일률기준 미등록Pyridaben 0.01 0.01 일률기준 미등록배 Phenthoate 0.01 0.01 일률기준 미등록배추Buprofezin 0.01 0.01 일률기준 미등록Carbofuran 0.05 0.05 당해성분 당해품목 미등록(카 보 설 판,  벤 퓨 라 카 브  등 록)Iprodione 0.01 5.0(기준변경) 당해성분 당해품목 미등록Isoprothiolane 0.01 0.01 일률기준 미등록Pencycuron 0.05 0.05 당해성분 당해품목 미등록Prochloraz 0.01 0.01 일률기준 미등록□ 부적합 발생 주요 농산물 품목 현황(9월 기준)2022년 9월 2023년 9월번호 품목명 발생(건) 번호 품목명 발생(건)1 수삼 5 1 고추(풋고추, 홍고추) 52 포도 5 2 복숭아 53 부추 4 3 배 44 고춧잎 3 4 포도 45 들깻잎 3 5 대추 3기타 배, 복숭아, 사과, 시금치, 오미자 등 36 기타 들깻잎, 상추, 오미자 등 39합계 56 합계 60품목 검출성분 잔류허용기준(mg/kg) 잔류허용기준적용 근거농약 안전사용기준등록 유무‘22.11. ‘23.10.",14호.txt
2023,14,17,2023-11-01,2023-11-30,과수,과수화상병,예보,"감귤,부추,사과,상추,생강,시금치,아욱,양송이,오이,쪽파,참다래,치커리,팥","부추 Fluxametamide 3.0 3.0 당해성분 당해품목 등록(단제, 합제)Lufenuron 0.2 0.2 당해성분 당해품목 등록(단제)사과 Tricyclazole 0.01 0.01 일률기준 미등록상추Methabenzthiazuron 0.01 0.01 일률기준 미등록Phorate 0.01 0.01 일률기준 미등록Pyridaben 0.01 0.01 일률기준 미등록Tebuconazole 0.05 0.05 당해성분 당해품목 등록(단제, 합제)Terbufos 1.5 1.5 당해성분 당해품목 등록(단제)생강 Dinotefuran 0.01 0.01 일률기준 미등록Flubendiamide 0.01 0.01 일률기준 미등록세발나물 Dinotefuran 0.01 0.01 일률기준 미등록수삼 Picoxystrobin 0.3 0.3 당해성분 당해품목 등록(단제)시금치 Famoxadone 0.01 0.01 일률기준 미등록Terbufos 0.05 0.05 당해성분 당해품목 등록(단제, 합제)아욱 Orysastrobin 0.01 0.01 일률기준 미등록Terbufos 0.01 0.01 일률기준 미등록알타리무 Phorate 0.05 0.05 당해성분 당해품목 등록(단제, 합제)양송이버섯 Terbufos 0.01 0.01 일률기준 미등록오이 Metconazole 0.01 0.01 일률기준 미등록쪽파Carbofuran 0.05 0.05 당해성분 당해품목 미등록(벤퓨라카브 등록)Dimethoate 0.05 0.05 당해성분 당해품목 등록(단제, 합제)Methabenzthiazuron 0.01 0.01 일률기준 미등록Omethoate 0.05 0.05 당해성분 당해품목 미등록(디메토에이트 등록)Pendimethalin 0.05 0.05 당해성분 당해품목 등록(단제)Phorate 0.05 0.05 당해성분 당해품목 등록(단제, 합제)Procymidone 0.15 0.15 소분류기준(엽경채류) 미등록Terbufos 0.05 0.05 당해성분 당해품목 등록(단제, 합제)Tiadinil 0.01 0.01 일률기준 미등록참다래(키위)Bitertanol 0.01 0.01 일률기준 미등록Deltamethrin 0.05 0.05 당해성분 당해품목 등록(단제, 합제)Fenitrothion 0.01 0.01 일률기준 미등록Hexaconazole 0.01 0.01 일률기준 미등록치커리 Carbendazim 0.01 0.01 일률기준 미등록팥 Spirotetramat 0.05 0.05 당해성분 당해품목 등록(단제)□ 농약안전정보시스템(https://psis.rda.go.kr) 활용자료제공 및 검토 전문가 명단구분 성명 /  소속 / 직급1 김지성 / 농촌지원국 재해대응과 / 과장2 채의석 / 농촌지원국 재해대응과 / 농촌지도관3 김기형 / 농촌지원국 재해대응과 / 농촌지도관4 김상목 / 농촌지원국 재해대응과 / 농업연구관5 박승무 / 농촌지원국 재해대응과 / 농촌지도관6 이우일 / 농촌지원국 재해대응과 / 농촌지도사7 최효원 / 농촌지원국 재해대응과 / 농업연구사8 양미숙 / 농촌지원국 재해대응과 / 농촌지도사9 맹권재 / 농촌지원국 재해대응과 / 농업주사보10 박명일 / 농촌지원국 재해대응과 / 주무관11 최인후 / 농촌지원국 재해대응과 / 기술전문위원12 박해융 / 농촌지원국 재해대응과 / 기술전문위원13 성신상 / 농촌지원국 재해대응과 / 기술전문위원14 강신곤 / 농촌지원국 기술보급과 / 농촌지도관15 고창호 / 농촌지원국 기술보급과 / 농촌지도관16 김현철 / 농촌지원국 기술보급과 / 농촌지도사17 장진경 / 농촌지원국 기술보급과 / 농촌지도사18 노석원 / 농촌지원국 식량산업기술팀 / 농촌지도관19 엄미옥 / 농촌지원국 식량산업기술팀 / 농촌지도사20 윤  송 / 농촌지원국 식량산업기술팀 / 농촌지도사21 이세원 / 국립농업과학원 작물보호과 / 과장22 박병용 / 국립농업과학원 작물보호과 / 농업연구관23 이봉춘 / 국립농업과학원 작물보호과 / 농업연구관24 이용환 / 국립농업과학원 작물보호과 / 농업연구관25 이관석 / 국립농업과학원 작물보호과 / 농업연구사26 이영기 / 국립농업과학원 작물보호과 / 농업연구사27 정인홍 / 국립농업과학원 작물보호과 / 농업연구사28 류현주 / 국립농업과학원 작물보호과 / 농업연구사29 심교문 / 국립농업과학원 기후변화평가과 / 농업연구관30 허지나 /국립농업과학원 기후변화평가과 / 농업연구사31 박진우 / 국립농업과학원 작물기초기반과 / 과장32 서보윤 / 국립농업과학원 작물기초기반과 / 농업연구관33 김상민 / 국립식량과학원 작물기초기반과 / 농업연구사34 최낙중 / 국립식량과학원 작물기초기반과 / 농업연구사35 김현주 / 국립식량과학원 기술지원과 / 농업연구관36 김은영 / 국립식량과학원 재배환경과 / 농업연구사37 김동환 / 국립원예특작과학원 원예특작환경과 / 과장38 이성찬 / 국립원예특작과학원 원예특작환경과 / 농업연구관39 조인숙 / 국립원예특작과학원 원예특작환경과 / 농업연구관40 한유경 / 국립원예특작과학원 원예특작환경과 / 농업연구사41 이선영 / 국립원예특작과학원 원예특작환경과 / 농업연구사42 서미혜 / 국립원예특작과학원 원예특작환경과 / 농업연구사43 윤정범 / 국립원예특작과학원 원예특작환경과 / 농업연구사44 이동혁 / 국립원예특작과학원 사과연구소 / 소장45 양상진 / 국립원예특작과학원 사과연구소 / 농업연구관46 송장훈 / 국립원예특작과학원 배연구소 / 농업연구관47 강아랑 / 국립원예특작과학원 배연구소 / 농업연구사48 한승갑 / 국립원예특작과학원 감귤연구소 / 농업연구관2023년 농작물 병해충 발생정보(제14호)집 필 인김지성 , 채의석 , 김기형 , 김상목 , 박승무 , 이우일 , 최효원 , 양미숙 , 맹권재 ,박명일 , 강권희발 행 처 농촌진흥청 재해대응과주소 54875 전북 전주시 덕진구 농생명로 300전화 (063) 238–1045~1049homepage : http://www.nongsaro.go.kr",14호.txt
2023,15,1,2023-12-01,2023-12-31,시설채소,잿빛곰팡이병,예보,"딸기,오이","❍ 시설내의 온도가 20℃ 전후로 낮고 비닐천정에 이슬이 맺힐정도의 습도가 높은 조건이 오래 지속되면 발생이 증가하는데오이, 딸기 등 일부 작물에서 발생되고 있어 주의가 필요함
⇒ 병든 식물은 시설 밖으로 빼내어 소각하거나 땅속에 묻어 전염원을차단하여야 함
⇒ 적절한 환기로 시설 내의 습도를 낮추어 주되 보온에 유의하고,시설 내에서 병이 발생되면 급속하게 번지는 특성이 있으므로발생 초기에 등록약제로 방제하되 약제를 바꾸어 가며 사용해야 함",15호.txt
2023,15,2,2023-12-01,2023-12-31,시설채소,균핵병,예보,"고추,딸기,방울토마토,오이","❍ 잿빛곰팡이병과 비슷한 환경인 온도가 낮고 습도가 높을 때 발생하며 질소질 비료를 많이 주어 작물체가 연약하게 자라거나연작에 의하여 병원균 밀도가 높을 때 발생이 늘어남. 오이,토마토, 고추, 딸기 등 중기와 가지의 분지점에 침입하여 발생하며, 윗부분의 줄기와 잎이 시들어 말라 죽게 되는 병임
⇒ 적절한 환기로 과습한 환경을 피하고보온력을 강화하여 적정온도를 유지시키며,병든 기주는 바로 없애주고 농약안전사용기준을 준수하여 잿빛곰팡이병과 동시방제할 수 있도록 함",15호.txt
2023,15,3,2023-12-01,2023-12-31,시설채소,흰가루병,예보,"딸기,멜론,오이","❍ 분생포자가 공기로 전염되며 건조하면서 일교차가 심한 환경에서많이 발생하는데 12월 기온의 변화가 클 것으로 예상돼 오이,멜론 등 박과작물과 딸기 등에 발생 증가가 우려됨
⇒ 햇볕 쪼임이 부족하고 비료기가 많은 조건에서 발생이 많으므로질소질 비료를 알맞게 주며, 병든 잎과 과실은 신속히 제거하고병 발생 초기에 등록 약제로 방제",15호.txt
2023,15,4,2023-12-01,2023-12-31,시설채소,노균병,예보,"멜론,오이","❍ 오이, 멜론 등 시설 내의 습도가 높고 온도가 낮은(20℃ 전후)조건에서 발생이 많고, 일조량이 부족하거나 거름기가 모자라작물 생육이 왕성하지 못할 때 발생이 많음
⇒ 야간에 보온관리를 잘하여 저온이 되지 않도록 하고, 웃거름주기와 열매솎기 및 햇볕 쪼임을 좋게 하여 튼튼하게 생육하도록함과 동시에 습도가 높아지지 않도록 환기를 철저히 해줌⇒ 특히 오이 시설재배 중 환기를 시키는 과정에서 찬바람이 식물체에직접 닿을 경우 노균병이 심하게 발생되므로 환기 할 때 유의⇒ 병이 발생된 포장은 병든 잎을 일찍 따낸 다음 발병 초기에등록약제로 방제",15호.txt
2023,15,5,2023-12-01,2023-12-31,시설채소,딸기 꽃곰팡이병,예보,딸기,"❍ 암술에 녹색 곰팡이가 발생하는 병으로 심할 경우 꽃 전체가 마르면서 기형과를 유발하는 피해를 입힘
❍ 병원균은 딸기꽃 외에도 시설 내 식물 잔재물, 토양, 유기물 등에서도 증식이 가능하며 저온과 습도가 높을 때 발생이 증가함
⇒ 시설 내 습도를 낮추고 식물체로 물방울이 떨어지지 않도록 하며식물체 잔재물을 제거하는 등 청결한 환경관리 필요
* 농촌진흥청 농사로 「딸기 주요 병해충 방제」 동영상 참고(https://www.nongsaro.go.kr/portal/ps/psb/psbo/vodPlay.ps?mvpNo=1727&mvpClipNo=&menuId=PS00069&cntntsNo=221247)",15호.txt
2023,15,6,2023-12-01,2023-12-31,시설채소,딸기 세균모무늬병,예보,딸기,"❍ 생육 초기 잎 뒷면에 작은 수침상이 나타나고 점차 확대되어잎 앞면에 점무늬를 형성함
❍ 후기의 병반은 세균 누출액으로 덮여 빛이 나고, 잎 전체가마르면서 갈색으로 변색되고 떨어지게 됨
❍ 세균 누출액이 튀거나 접촉으로 번지는 원인이 되고 딸기 러너에의해 확산됨
⇒ 감염된 포장이나 모주를 통해 전염되므로 병에 걸린 포기는 제거하여 태우거나 땅에 묻고, 병에 걸렸던 포장의 딸기는 절대 모주로사용하지 말아야 함",15호.txt
2023,15,7,2023-12-01,2023-12-31,시설채소,토마토반점위조바이러스(TSWV),예보,"고추,방울토마토,파프리카","❍ 총채벌레가 전염시키는 바이러스 병으로 파프리카, 고추, 토마토등 시설재배지에서 이들 매개충이 꾸준히 발생하고 있으며, 방제시기를 놓칠 경우 피해가 커지기 때문에 초기 예방이 중요
⇒ 병에 걸린 식물을 발견하면 즉시 제거하여 병이 확산되는 것을 예방",15호.txt
2023,15,8,2023-12-01,2023-12-31,시설채소,토마토황화잎말림병(TYLCV),예보,방울토마토,"❍ 가지과 작물에서 담배가루이가 병을 매개하므로 육묘 단계부터정식 초기에 예찰을 강화하여 감염여부를 판단하고 정식 후에는잎 뒷면과 포장주위를 살펴보아 담배가루이를 철저히 방제⇒ 병을 전염시키는 담배가루이의 세대 기간이 짧아 연간 발생횟수가많으므로 방충망을 설치하여 시설 안으로 담배가루이가 들어오는것을 막고 발생 초기에 등록약제로 방제하는 등 철저한 관리로병이 확산되는 것을 예방⇒ 발생된 시설재배 농가 주변지역은 담배가루이의 기주식물이 되는잡초와 병에 걸린 식물은 뽑아서 제거※ 기주식물 : 큰개불알풀, 광대나물, 별꽃,큰망초, 쑥, 머위",15호.txt
2023,15,9,2023-12-01,2023-12-31,시설채소,쥬키니황화모자이크바이러스(ZYMV),예보,"오이,호박","❍ 호박, 오이 등 과채류에서 전년에 이어 발생이 증가할 것으로 예상되며, 진딧물이 병을 매개하는 한편 이병식물의 접촉에 의한전염도 가능하므로 농작업 시 주의가 필요
⇒ 진딧물 방제를 철저히 하고 작물이 시설내에 연중 재배되어 항상 전염원이 있으므로 즙액에 의한 접촉전염을 막기 위해병든 식물체는 즉시 제거",15호.txt
2023,15,10,2023-12-01,2023-12-31,시설채소,총채벌레류․가루이류․진딧물류․응애류․작은뿌리파리,예보,"감자,고추,방울토마토,오이","❍ (총채벌레류) 꽃노랑총채벌레, 오이총채벌레 등은 오이, 고추,토마토 등 시설 내에서 연중 발생하는 해충으로 방제시기를 놓칠경우 바이러스병을 전염시켜 큰 피해를 주는 해충임
❍ (가루이류·진딧물류) 온실가루이와 담배가루이는 가지과 작물에서, 진딧물은 엽채류와 과채류에서 주로 발생하며 식물체의즙액을 빨아먹는 직접적인 피해뿐만 아니라 그을음병과 바이러스병 등을 유발함
❍ (응애류) 작물이 피해를 받으면 잎이 누렇게 변하여 말라 죽게 됨
⇒ 이들 해충은 일단 발생되면 방제가 어려우므로 방충망을 설치하는등 시설 안으로 들어오지 못하도록 막고, 크기가 작아 발생을 알아보기가 어려우므로 끈끈이 트랩을 매달아 주의 깊게 살펴봄⇒ 해충에 따라 발생초기 천적을 투입하거나 등록약제로 방제하고,약제 살포 시에는 안전사용기준을 지키고 계통이 다른 약제로바꾸어 가면서 살포하여 저항성 유발을 최소화
❍ (작은뿌리파리 ) 밭작물, 채소, 화훼 등에서 전 생육기간 동안발생하며, 성충은 유기물이 풍부한 상토 또는 양액 육묘의 암면큐브 위 이끼에 산란하고 부화유충은 지제부와 뿌리에 해를입혀 시들음병이나 청고병과 같은 지상부 시들음증상을 유발⇒ 유충은 감자 절편에 잘 유인되기 때문에 깍두기 모양의 크기로절단하여 작물의 뿌리 주변에 놓아두면 발생여부와 발생량을예찰할 수 있음
⇒ 노란색 끈끈이 트랩을 지상부 50㎝ 이하에 설치해 두면 성충 발생여부와 발생량 예찰에 도움이 됨",15호.txt
2023,15,11,2023-12-01,2023-12-31,과수,과수화상병,예보,사과,"❍ (과수화상병) 사과, 배 등의 병든 꽃은 수침상이 되고 쭈그러든후 흑갈색으로 변해 떨어지거나 나무에 매달려 있게 되고 꽃이달린 가지나 인접한 가지로 진전되어 잎맥을 따라 흑갈색의병반이 생기고 병이 진전됨에 따라 병든 잎은 말리고, 쭈그러들어보통은 가지에 매달려 있음. 병든 가지의 나무껍질은 흑갈색으로변하면서 물러졌다가 후에 위축되고 단단해져 궤양병반을 형성⇒ 한번 걸리면 방제가 불가능하기 때문에 예방을 위하여 과수원을 청결하게 관리하고 농작업을 하는 사람의 과수원 출입시사람과 작업도구 등을 수시로 소독⇒ 의심증상 발견 시에는 전국 대표전화(1833-8572) 또는 가까운농업기술센터·농업기술원에 즉시 신고, 병균의 밀도가 낮아 진단되지 않더라도 갈변궤양은 끝에서 40~70cm 아래를 절단․제거
❍ (과수가지검은마름병) 과수화상병과 증상이 비슷하여 육안으로는구분이 불가하며, 발생시기와 전파경로, 피해증상이 유사함.
사과나무병징엽맥따라갈색병반형성 신초마름병징(지팡이모양) 과실 줄기 병징배나무병징꽃전체가시들고마름 신초마름병징(지팡이모양) 과실 줄기 병징1개월 기상전망            (출처 : 국립농업과학원, 기상청)기온은 1주는 평년과 비슷하겠고, 2주, 4주는 평년과 비슷하거나 높겠으며, 3주는평년보다 높겠음
강수량은 1주, 3주는 평년보다 많겠고, 2주는 평년과 비슷하겠으며, 4주는 평년과비슷하거나 많겠음
❍ 1주(12.11~12.17): 이동성 고기압과 대륙고기압의 영향을 받겠으나, 남쪽에서 다가오는 저기압의 영향을 받을 때가 있겠음
- 기온은 평년과 비슷하겠고, 강수량은 평년보다 많겠음
❍ 2주(12.18~12.24): 이동성 고기압의 영향을 주로 받겠으나, 일시적으로 대륙고기압의 영향을 받아 추울 때가 있겠음
- 기온은 평년과 비슷하거나 높겠고, 강수량은 평년과 비슷하겠음
❍ 3주(12.25~12.31): 이동성 고기압의 영향을 주로 받겠으며, 남쪽에서 다가오는 저기압의 영향을 받을 때가 있겠음
- 기온은 평년보다 높겠고, 강수량은 평년보다 많겠음
❍ 4주(1.1~1.7): 이동성 고기압과 대륙고기압의 영향을 받겠으나, 남쪽을 지나는 저기압의 영향을 받을 때가 있겠음
- 기온은 평년과 비슷하거나 높겠고, 강수량은 평년과 비슷하거나 많겠음
농업지대 지역평균기온 강수량1주 2주 3주 4주 1주 2주 3주 4주(12.11~12.17) (12.18~12.24) (12.25~12.31) (1.1~1.7) (12.11~12.17) (12.18~12.24) (12.25~12.31) (1.1~1.7)1.태백고냉 대관령 조금낮음 조금높음 높음 조금높음 조금많음 비슷 많음 조금많음
2.태백준고냉 인제,홍천,제천 조금낮음 조금높음 높음 조금높음 조금많음 비슷 많음 조금많음
3.소백산간 충주,보은 비슷 조금높음 높음 조금높음 많음 비슷 많음 조금많음
4.노령소백산간 임실 비슷 조금높음 높음 조금높음 많음 비슷 많음 조금많음
5.영남내륙산간 추풍령,영주,문경 비슷 조금높음 높음 조금높음 많음 비슷 많음 조금많음
6.중북부내륙 춘천,양평 조금낮음 조금높음 높음 조금높음 조금많음 비슷 많음 조금많음
7.중부내륙 원주,이천 조금낮음 조금높음 높음 조금높음 조금많음 비슷 많음 조금많음
8.소백서부내륙 청주,대전,금산 비슷 조금높음 높음 조금높음 많음 비슷 많음 조금많음
9.노령동서내륙 정읍,남원,거창,산청 비슷 조금높음 높음 조금높음 많음 비슷 많음 조금많음
10.호남내륙 광주,순천,장흥 비슷 조금높음 높음 조금높음 많음 비슷 많음 조금많음
11.영남분지 대구,의성,구미,영천 비슷 조금높음 높음 조금높음 많음 비슷 많음 조금많음
12.영남내륙 진주,합천,밀양 비슷 조금높음 높음 조금높음 많음 비슷 많음 조금많음
13.중서부평야 서울,인천,수원,서산,강화,천안,보령 조금낮음 조금높음 높음 조금높음 조금많음 비슷 많음 조금많음
14.차령남부평야 군산,전주,부여,부안 비슷 조금높음 높음 조금높음 많음 비슷 많음 조금많음
15.남서해안 목포,완도,해남,고흥 비슷 조금높음 높음 조금높음 많음 비슷 많음 조금많음",15호.txt
2023,15,12,2023-12-01,2023-12-31,과수,과수화상병,예보,,"16.남부해안 부산,통영,여수,거제,남해 비슷 조금높음 높음 조금높음 많음 비슷 많음 조금많음
17.동해안북부 속초,강릉 비슷 조금높음 높음 조금높음 많음 비슷 많음 조금많음
18.동해안중부 울진,영덕 비슷 조금높음 높음 조금높음 많음 비슷 많음 조금많음
19.동해안남부 포항,울산 비슷 조금높음 높음 조금높음 많음 비슷 많음 조금많음
20.제주 제주,성산,서귀포 비슷 조금높음 높음 조금높음 많음 비슷 많음 조금많음
평균 비슷 조금높음 높음 조금높음 많음 비슷 많음 조금많음
10일(2023.12.03.~12.10.) 예보(기상청, 2023.11.30., 06:00)<기상예보>
❍ (기온) 아침 기온은 -6~8℃, 낮 기온은 2~16℃,로 평년(최저기온 -6~4℃, 최고기온 4~13℃)과 비슷하거나 조금 높겠음
❍ (강수) 전국이 가끔 구름이 많겠음
<날씨><최저/최고기온>최근 경과기상과 향후 기상전망<기온><강수량>연도별 평균기온
❍ ‘23년 1월부터 11월 5주차까지의 평균기온은 15.1℃로, 평년(14.0)보다 1.1℃ 높았음
- ’23년 11월 5주차의 평균기온은 5.1℃로, 평년(5.7)보다 0.6℃ 낮았음",15호.txt
2023,15,13,2023-12-01,2023-12-31,과수,과수화상병,예보,,"기간 1월 2월 3월 4월 5월 6월 7월 8월 9월 10월11월 분석기간1.1~11.29 11.23~11.291주(10.26~11.1)2주(11.2~11.8)3주(11.9~11.15)4주(11.16~11.22)5주(11.23~11.29)평균(℃)편차(℃)평균(℃)편차(℃)‘23년 0.0 3.0 9.7 13.3 18.0 22.4 25.6 26.6 22.8 15.2 14.5 15.5 6.7 6.5 5.1 15.1 1.1 5.1 -0.6‘22년 -0.2 0.4 8.0 13.9 18.2 22.5 26.1 25.5 21.3 14.4 12.8 9.3 12.1 10.4 9.8 14.7 0.7 9.8 4.1‘21년 -0.4 3.9 9.0 13.4 16.9 21.9 26.2 25.0 21.7 15.6 12.6 12.2 7.8 9.3 5.6 14.8 0.8 5.6 -0.1’20년 3.0 3.8 8.0 10.9 17.7 22.7 22.7 26.6 20.4 14.1 12.0 9.9 9.1 12.2 5.0 14.5 0.5 5.0 -0.7‘19년 0.5 2.6 7.6 12.0 18.5 21.2 24.7 26.1 21.8 15.9 12.5 11.7 8.7 7.6 7.6 14.7 0.7 7.6 1.9‘18년 -1.8 0.0 8.2 13.3 17.8 22.1 26.7 27.2 20.5 13.1 9.6 11.3 9.9 6.9 5.5 14.3 0.3 5.5 -0.2‘17년 0.3 1.8 6.4 13.8 18.6 21.7 26.4 25.5 20.6 15.4 12.1 11.3 8.2 3.4 5.0 14.4 0.4 5.0 -0.7‘16년 -0.6 1.9 7.3 13.8 18.5 22.2 25.4 26.7 21.7 15.9 10.8 10.3 9.8 9.9 2.8 14.7 0.7 2.8 -2.9‘15년 0.8 2.2 6.8 12.7 18.5 21.5 24.3 25.2 20.5 15.1 10.3 12.3 12.7 11.7 5.3 14.4 0.4 5.3 -0.4‘14년 0.7 2.7 7.7 13.3 18.3 21.7 24.9 23.7 20.9 14.9 13.0 10.7 7.4 7.1 9.7 14.4 0.4 9.7 4.0‘13년 -1.8 0.8 6.7 10.3 17.7 22.4 26.2 27.2 21.2 15.6 11.7 12.3 7.4 4.9 4.0 14.1 0.1 4.0 -1.710년평균 0.0 2.0 7.6 12.7 18.1 22.0 25.4 25.9 21.1 15.0 11.7 11.1 9.3 8.3 6.0 14.5 0.5 6.0 0.3평년 -0.4 1.7 6.5 12.3 17.5 21.5 24.7 25.4 20.8 14.7 11.6 10.8 9.3 6.7 5.7 14.0 0.0 5.7 0.0* 10년 평균 : 최근 10년(2013~2022년)동안의 평균기온의 평균** 평년 : 30년(1991～2020년)동안의 평균기온의 평균*** 편차 : 평년의 평균기온에 대한 연도별 평균기온의 차이연도별 강수량
❍ ‘23년 1월부터 11월 5주차까지의 강수량의 합은 1,646.1㎜로, 평년(1,329.2)보다316.9㎜ 많았음(평년대비 123.8%)",15호.txt
2023,15,14,2023-12-01,2023-12-31,과수,과수화상병,예보,"고구마,사과,양송이,쪽파","- ’23년 11월 5주차의 강수량의 합은 2.5㎜로, 평년(12.1)보다 9.6㎜ 적었음(평년대비 20.7%)기간 1월 2월 3월 4월 5월 6월 7월 8월 9월 10월11월 분석기간1.1~11.29 11.23~11.291주(10.26~11.1)2주(11.2~11.8)3주(11.9~11.15)4주(11.16~11.22)5주(11.23~11.29)합계(㎜)대비(%)합계(㎜)대비(%)‘23년 44.9 20.0 30.5 70.2 207.2 210.1 497.0 286.3 196.9 18.0 3.0 38.8 9.3 14.3 2.5 1646.1123.8 2.5 20.7‘22년 5.0 5.5 89.5 62.7 6.3 181.9 181.9 304.3 159.1 77.7 2.6 0.4 22.9 8.5 31.9 1137.3 85.6 31.9 263.6‘21년 25.4 23.4 112.1 77.5 138.9 94.7 234.7 291.0 167.8 55.2 0.4 23.0 8.1 3.1 1.4 1256.1 94.5 1.4 11.6’20년 85.7 62.1 34.4 44.0 107.4 194.3 422.9 397.8 226.0 13.8 3.3 1.2 0.0 33.8 1.3 1628.1122.5 1.3 10.7‘19년 9.7 34.5 42.6 80.8 65.0 151.5 238.3 143.6 241.3 165.6 1.3 1.8 15.2 31.6 9.0 1230.5 92.6 9.0 74.4‘18년 25.5 36.6 116.2 140.3 135.2 147.2 170.7 291.7 157.4 166.6 12.7 39.3 3.6 2.2 4.7 1437.2108.1 4.7 38.8‘17년 18.6 36.0 26.1 72.8 31.0 63.1 297.1 239.0 100.6 77.9 1.6 2.9 2.4 1.5 7.6 976.5 73.5 7.6 62.8‘16년 32.9 50.6 62.8 163.2 103.4 76.4 290.8 86.1 209.6 156.1 8.3 5.3 10.9 15.2 4.6 1267.8 95.4 4.6 38.0‘15년 31.9 31.0 47.8 135.6 70.1 103.3 189.4 117.5 68.3 66.3 16.9 47.0 38.1 27.1 24.5 997.9 75.1 24.5 202.5‘14년 14.0 34.8 82.3 89.3 84.2 85.7 167.2 387.2 121.6 121.2 26.5 5.2 2.9 1.9 38.0 1237.8 93.1 38.0 314.0‘13년 29.7 53.9 60.9 79.9 132.3 105.9 290.2 161.6 117.3 66.7 0.4 3.9 17.6 4.4 36.6 1160.8 87.3 36.6 302.510년평균 27.8 36.8 67.5 94.6 87.4 120.4 248.3 242.0 156.9 96.7 7.4 13.0 12.2 12.9 16.0 1233.0 92.8 16.0 132.2평년 30.6 37.5 63.0 90.7 108.0 151.4 290.4 277.6 161.7 68.7 10.3 11.7 13.2 11.2 12.1 1329.2100.0 12.1 100.0* 10년 평균 : 최근 10년(2013~2022년)동안의 강수량의 평균** 평년 : 30년(1991～2020년)동안의 강수량의 평균*** 대비 : 평년의 강수량에 대한 연도별 강수량의 비율리플릿 고농도 미세먼지 대응 농업인 행동요령리플릿 과수화상병 유입 차단 관리방법12월 주요 품목별 농약 사용 주의보12월 주요 품목별 농약 사용 주의보★12월에 검출된 18개 조합(15품목/16성분)★* 이 자료는 국립농산물품질관리원 안전성조사 결과 중 ’22년도 부적합 발생 품목 및농약 성분을 바탕으로 작성했습니다.
□ 지역별 부적합 발생 우려 정보
❍ 주요 부적합 우려 품목(성분)
- [경기도] 콩(피림포스메틸)
- [충청남도] 방풍나물(아바멕틴, 에마멕틴벤조에이트), 양송이버섯(터부포스), 쪽파(터부포스)
- [전라북도] 고구마(포레이트), 사과(클로로탈로닐)",15호.txt
2023,15,15,2023-12-01,2023-12-31,과수,과수화상병,예보,"고추,딸기,배추,부추,사과,상추,생강,시금치,쑥갓,쪽파,참다래,호박","- [전라남도] 딸기(이미시아포스), 배추(아이소프로티올레인), 봄동배추(카보퓨란), 쪽파(터부포스), 참다래(키위)(비터타놀, 페니트로티온)
- [경상북도] 상추(이미시아포스)
- [경상남도] 꽈리고추(에토프로포스), 머위(플룩사메타마이드, 프로클로라즈), 시금치(메타벤즈티아주론), 호박(프로파모카브)※ 전국적으로 토양처리 살충제 농약(입제) 성분인 터부포스,포레이트 잔류농약 부적합이 많이 발생되고 있습니다.
농업인께서는 해당 성분의 농약을 사용이 등록된 작물에만안전사용기준을 반드시 준수하여 살포하시기 바랍니다.
□ 부적합 발생 우려 품목/성분의 잔류허용기준 및 농약 등록 유무□ 부적합 발생 주요 농산물 품목 현황(10월 기준)2022년 10월 2023년 10월번호 품목명 발생(건) 번호 품목명 발생(건)1 쪽파 10 1 사과 92 수삼 6 2 쪽파 83 대추 5 3 생강 74 배추 5 4 현미 75 생강 5 5 배추 6기타 대파, 부추, 상추 등 47 기타 배, 부추, 쑥갓, 열무 등 61합계 78 합계 98품목 검출성분잔류허용기준(mg/kg) 잔류허용기준적용 근거농약 안전사용기준등록 유무‘22.12. ‘23.11.",15호.txt
2023,15,16,2023-12-01,2023-12-31,과수,과수화상병,예보,"감귤,고구마,고추,딸기,배추,사과,상추,시금치,양송이,쪽파,참다래,호박","고구마 Phorate 0.05 0.05 당해성분 당해품목 등록(합제)꽈리고추 Ethoprophos 0.02 0.02 당해성분 당해품목 등록(단제, 합제)딸기 Imicyafos 0.05 0.05 당해성분 당해품목 등록(단제)머위Fluxametamide 0.01 6.0(기준변경)소분류기준(엽채류) 미등록Prochloraz 0.01 0.01 일률기준 미등록방풍나물Abamectin 0.6 0.6 당해성분 당해품목 등록(단제)Emamectin Benzoate 0.15 0.15 당해성분 당해품목 등록(단제)배추 Isoprothiolane 0.01 0.01 일률기준 미등록봄동배추 Carbofuran 0.05 0.05 당해성분 당해품목 미등록(벤 퓨 라 카 브, 카 보 설 판  등 록)사과 Chlorothalonil 2.0 2.0 당해성분 당해품목 등록(단제, 합제)상추 Imicyafos 0.01 0.01 일률기준 미등록시금치 Methabenzthiazuron 0.01 0.01 일률기준 미등록양송이 Terbufos 0.01 0.01 일률기준 미등록쪽파 Terbufos 0.05 0.05 당해성분 당해품목 등록(단제, 합제)참다래(키위)Bitertanol 0.01 0.01 일률기준 미등록Fenitrothion 0.01 0.01 일률기준 미등록콩 Pirimiphos-methyl 0.01 0.01 일률기준 미등록호박 Propamocarb 0.01 0.01 일률기준 미등록□ 농약안전정보시스템(https://psis.rda.go.kr) 활용자료제공 및 검토 전문가 명단구분 성명 /  소속 / 직급1 김지성 / 농촌지원국 재해대응과 / 과장2 채의석 / 농촌지원국 재해대응과 / 농촌지도관3 김기형 / 농촌지원국 재해대응과 / 농촌지도관4 김상목 / 농촌지원국 재해대응과 / 농업연구관5 박승무 / 농촌지원국 재해대응과 / 농촌지도관6 이우일 / 농촌지원국 재해대응과 / 농촌지도사7 최효원 / 농촌지원국 재해대응과 / 농업연구사8 양미숙 / 농촌지원국 재해대응과 / 농촌지도사9 맹권재 / 농촌지원국 재해대응과 / 농업주사보10 박명일 / 농촌지원국 재해대응과 / 주무관11 최인후 / 농촌지원국 재해대응과 / 기술전문위원12 박해융 / 농촌지원국 재해대응과 / 기술전문위원13 성신상 / 농촌지원국 재해대응과 / 기술전문위원14 강신곤 / 농촌지원국 기술보급과 / 농촌지도관15 고창호 / 농촌지원국 기술보급과 / 농촌지도관16 김현철 / 농촌지원국 기술보급과 / 농촌지도사17 장진경 / 농촌지원국 기술보급과 / 농촌지도사18 노석원 / 농촌지원국 식량산업기술팀 / 농촌지도관19 엄미옥 / 농촌지원국 식량산업기술팀 / 농촌지도사20 윤  송 / 농촌지원국 식량산업기술팀 / 농촌지도사21 이세원 / 국립농업과학원 작물보호과 / 과장22 박병용 / 국립농업과학원 작물보호과 / 농업연구관23 이봉춘 / 국립농업과학원 작물보호과 / 농업연구관24 이용환 / 국립농업과학원 작물보호과 / 농업연구관25 이관석 / 국립농업과학원 작물보호과 / 농업연구사26 이영기 / 국립농업과학원 작물보호과 / 농업연구사27 정인홍 / 국립농업과학원 작물보호과 / 농업연구사28 류현주 / 국립농업과학원 작물보호과 / 농업연구사29 심교문 / 국립농업과학원 기후변화평가과 / 농업연구관30 허지나 /국립농업과학원 기후변화평가과 / 농업연구사31 박진우 / 국립농업과학원 작물기초기반과 / 과장32 서보윤 / 국립농업과학원 작물기초기반과 / 농업연구관33 김상민 / 국립식량과학원 작물기초기반과 / 농업연구사34 최낙중 / 국립식량과학원 작물기초기반과 / 농업연구사35 김현주 / 국립식량과학원 기술지원과 / 농업연구관36 김은영 / 국립식량과학원 재배환경과 / 농업연구사37 김동환 / 국립원예특작과학원 원예특작환경과 / 과장38 이성찬 / 국립원예특작과학원 원예특작환경과 / 농업연구관39 조인숙 / 국립원예특작과학원 원예특작환경과 / 농업연구관40 한유경 / 국립원예특작과학원 원예특작환경과 / 농업연구사41 이선영 / 국립원예특작과학원 원예특작환경과 / 농업연구사42 서미혜 / 국립원예특작과학원 원예특작환경과 / 농업연구사43 윤정범 / 국립원예특작과학원 원예특작환경과 / 농업연구사44 이동혁 / 국립원예특작과학원 사과연구소 / 소장45 양상진 / 국립원예특작과학원 사과연구소 / 농업연구관46 송장훈 / 국립원예특작과학원 배연구소 / 농업연구관47 강아랑 / 국립원예특작과학원 배연구소 / 농업연구사48 한승갑 / 국립원예특작과학원 감귤연구소 / 농업연구관2023년 농작물 병해충 발생정보(제15호)집 필 인김지성 , 채의석 , 김기형 , 김상목 , 박승무 , 이우일 , 최효원 , 양미숙 , 맹권재 ,박명일 , 강권희발 행 처 농촌진흥청 재해대응과주소 54875 전북 전주시 덕진구 농생명로 300전화 (063) 238–1045~1049homepage : http://www.nongsaro.go.kr",15호.txt
2023,1,1,2023-01-01,2023-01-31,시설채소,잿빛곰팡이병,예보,"딸기,오이","❍ 시설내의 온도가 20℃ 전후로 낮고 비닐천정에 이슬이 맺힐정도의 습도가 높은 조건이 오래 지속되면 발생이 증가하는데오이, 딸기 등 일부 작물에서 발생되고 있어 주의가 필요함
⇒ 병든 식물은 시설 밖으로 빼내어 소각하거나 땅속에 묻어 전염원을차단하여야 함
⇒ 적절한 환기로 시설 내의 습도를 낮추어 주되 보온에 유의하고,시설 내에서 병이 발생되면 급속하게 번지는 특성이 있으므로발생 초기에 등록약제로 방제하되 약제를 바꾸어 가며 사용해야 함",1호.txt
2023,1,2,2023-01-01,2023-01-31,시설채소,균핵병,예보,"고추,딸기,방울토마토,오이","❍ 잿빛곰팡이병과 비슷한 환경인 온도가 낮고 습도가 높을 때 발생하며 질소질 비료를 많이 주어 작물체가 연약하게 자라거나연작에 의하여 병원균 밀도가 높을 때 발생이 늘어남. 오이,토마토, 고추, 딸기 등 중기와 가지의 분지점에 침입하여 발생하며, 윗부분의 줄기와 잎이 시들어 말라 죽게 되는 병임
⇒ 적절한 환기로 과습한 환경을 피하고보온력을 강화하여 적정온도를 유지시키며,병든 기주는 바로 없애주고 농약안전사용기준을 준수하여 잿빛곰팡이병과 동시방제할 수 있도록 함",1호.txt
2023,1,3,2023-01-01,2023-01-31,시설채소,흰가루병,예보,"딸기,멜론,오이","❍ 분생포자가 공기로 전염되며 건조하면서 일교차가 심한 환경에서많이 발생하는데 1월 기온의 변화가 클 것으로 예상돼 오이, 멜론 등 박과작물과 딸기 등에 발생 증가가 우려됨
⇒ 햇볕 쪼임이 부족하고 비료기가 많은 조건에서 발생이 많으므로질소질 비료를 알맞게 주며, 병든 잎과 과실은 신속히 제거하고병 발생 초기에 등록 약제로 방제",1호.txt
2023,1,4,2023-01-01,2023-01-31,시설채소,노균병,예보,"멜론,오이","❍ 오이, 멜론 등 시설 내의 습도가 높고 온도가 낮은(20℃ 전후)조건에서 발생이 많고, 일조량이 부족하거나 거름기가 모자라작물 생육이 왕성하지 못할 때 발생이 많음
⇒ 야간에 보온관리를 잘하여 저온이 되지 않도록 하고, 웃거름주기와 열매솎기 및 햇볕 쪼임을 좋게 하여 튼튼하게 생육하도록함과 동시에 습도가 높아지지 않도록 환기를 철저히 해줌⇒ 특히 오이 시설재배 중 환기를 시키는 과정에서 찬바람이 식물체에직접 닿을 경우 노균병이 심하게 발생되므로 환기 할 때 유의⇒ 병이 발생된 포장은 병든 잎을 일찍 따낸 다음 발병 초기에등록약제로 방제",1호.txt
2023,1,5,2023-01-01,2023-01-31,시설채소,딸기 꽃곰팡이병,주의보,딸기,"❍ 암술에 녹색 곰팡이가 발생하는 병으로 심할 경우 꽃 전체가 마르면서 기형과를 유발하는 피해를 입힘
❍ 최근 한파로 인한 하우스 환기 부족, 폭설로 인한 과습, 일조부족 등으로 딸기의 생육이 저조하여 병 감염에 취약해진 상태임
❍ 병원균은 딸기꽃 외에도 시설 내 식물 잔재물, 토양, 유기물 등에서도 증식이 가능하며 저온과 습도가 높을 때 발생이 증가함
⇒ 시설 내 습도를 낮추고 식물체로 물방울이 떨어지지 않도록 하며식물체 잔재물을 제거하는 등 청결한 환경관리 필요",1호.txt
2023,1,6,2023-01-01,2023-01-31,시설채소,딸기 세균모무늬병,예보,딸기,"❍ 생육 초기 잎 뒷면에 작은 수침상이 나타나고 점차 확대되어잎 앞면에 점무늬를 형성함
❍ 후기의 병반은 세균 누출액으로 덮여 빛이 나고, 잎 전체가마르면서 갈색으로 변색되고 떨어지게 됨
❍ 세균 누출액이 튀거나 접촉으로 번지는 원인이 되고 딸기 러너에의해 확산됨
⇒ 감염된 포장이나 모주를 통해 전염되므로 병에 걸린 포기는 제거하여 태우거나 땅에 묻고, 병에 걸렸던 포장의 딸기는 절대 모주로사용하지 말아야 함",1호.txt
2023,1,7,2023-01-01,2023-01-31,시설채소,토마토반점위조바이러스(TSWV),예보,"고추,방울토마토,파프리카","❍ 총채벌레가 전염시키는 바이러스 병으로 파프리카, 고추, 토마토등 시설재배지에서 이들 매개충이 꾸준히 발생하고 있으며, 방제시기를 놓칠 경우 피해가 커지기 때문에 초기 예방이 중요
⇒ 병에 걸린 식물을 발견하면 즉시 제거하여 병이 확산되는 것을 예방",1호.txt
2023,1,8,2023-01-01,2023-01-31,시설채소,토마토황화잎말림병(TYLCV),예보,방울토마토,"❍ 가지과 작물에서 담배가루이가 병을 매개하므로 육묘 단계부터정식 초기에 예찰을 강화하여 감염여부를 판단하고 정식 후에는잎 뒷면과 포장주위를 살펴보아 담배가루이를 철저히 방제⇒ 병을 전염시키는 담배가루이의 세대 기간이 짧아 연간 발생횟수가많으므로 방충망을 설치하여 시설 안으로 담배가루이가 들어오는것을 막고 발생 초기에 등록약제로 방제하는 등 철저한 관리로병이 확산되는 것을 예방⇒ 발생된 시설재배 농가 주변지역은 담배가루이의 기주식물이 되는잡초와 병에 걸린 식물은 뽑아서 제거※ 기주식물 : 큰개불알풀, 광대나물, 별꽃,큰망초, 쑥, 머위",1호.txt
2023,1,9,2023-01-01,2023-01-31,시설채소,쥬키니황화모자이크바이러스(ZYMV),예보,"오이,호박","❍ 호박, 오이 등 과채류에서 전년에 이어 발생이 증가할 것으로 예상되며, 진딧물이 병을 매개하는 한편 이병식물의 접촉에 의한전염도 가능하므로 농작업 시 주의가 필요
⇒ 진딧물 방제를 철저히 하고 작물이 시설내에 연중 재배되어 항상 전염원이 있으므로 즙액에 의한 접촉전염을 막기 위해병든 식물체는 즉시 제거",1호.txt
2023,1,10,2023-01-01,2023-01-31,시설채소,총채벌레류․가루이류․진딧물류․응애류․작은뿌리파리,예보,"감자,고추,방울토마토,오이","❍ (총채벌레류) 꽃노랑총채벌레 , 오이총채벌레 등은 오이, 고추,토마토 등 시설 내에서 연중 발생하는 해충으로 방제시기를 놓칠경우 바이러스병을 전염시켜 큰 피해를 주는 해충임
❍ (가루이류·진딧물류) 온실가루이와 담배가루이는 가지과 작물에서, 진딧물은 엽채류와 과채류에서 주로 발생하며 식물체의즙액을 빨아먹는 직접적인 피해뿐만 아니라 그을음병과 바이러스병 등을 유발함
❍ (응애류) 작물이 피해를 받으면 잎이 누렇게 변하여 말라 죽게 됨
⇒ 이들 해충은 일단 발생되면 방제가 어려우므로 방충망을 설치하는등 시설 안으로 들어오지 못하도록 막고, 크기가 작아 발생을 알아보기가 어려우므로 끈끈이를 매달아 주의 깊게 살펴봄⇒ 해충에 따라 발생 초기 천적을 투입하거나 등록 약제로 방제하고,약제 살포 시에는 안전사용기준을 지키고 계통이 다른 약제로바꾸어 가면서 살포하여 저항성 유발을 최소화
❍ (작은뿌리파리 ) 밭작물 , 채소, 화훼 등에서 전 생육기간 동안발생하며, 성충은 유기물이 풍부한 상토 또는 양액 육묘의 암면큐브 위 이끼에 산란하고 부화유충은 지제부와 뿌리에 해를입혀 시들음병이나 청고병과 같은 지상부 시들음 증상을 유발⇒ 유충은 감자 절편에 잘 유인되기 때문에 깍두기 모양의 크기로절단하여 작물의 뿌리 주변에 놓아두면 발생 여부와 발생량을 예찰할 수 있음
⇒ 노란색 끈끈이 트랩을 지상부 50㎝ 이하에 설치해 두면 성충 발생여부와 발생량 예찰에 도움이 됨",1호.txt
2023,1,11,2023-01-01,2023-01-31,과수,과수화상병,예보,사과,"❍ (과수화상병) 사과, 배 등의 병든 꽃은 수침상이 되고 쭈그러든후 흑갈색으로 변해 떨어지거나 나무에 매달려 있게 되고 꽃이달린 가지나 인접한 가지로 진전되어 잎맥을 따라 흑갈색의병반이 생기고 병이 진전됨에 따라 병든 잎은 말리고, 쭈그러들어보통은 가지에 매달려 있음. 병든 가지의 나무껍질은 흑갈색으로변하면서 물러졌다가 후에 위축되고 단단해져 궤양병반을 형성⇒ 한번 걸리면 방제가 불가능하기 때문에 예방을 위하여 과수원을 청결하게 관리하고 농작업을 하는 사람의 과수원 출입시사람과 작업도구 등을 수시로 소독⇒ 의심증상 발견 시에는 전국 대표전화(1833-8572) 또는 가까운농업기술센터·농업기술원에 즉시 신고, 병균의 밀도가 낮아 진단되지 않더라도 갈변궤양은 끝에서 40~70cm 아래를 절단․제거
❍ (과수가지검은마름병) 과수화상병과 증상이 비슷하여 육안으로는구분이 불가하며, 발생시기와 전파경로, 피해증상이 유사함.
사과나무병징엽맥따라갈색병반형성 신초마름병징(지팡이모양) 과실 줄기 병징배나무병징꽃전체가시들고마름 신초마름병징(지팡이모양) 과실 줄기 병징1개월 기상전망            (출처 : 국립농업과학원, 기상청)기온은 1주, 4주는 평년과 비슷하겠고, 2주는 평년과 비슷하거나 높겠으며,3주는 평년과 비슷하거나 낮겠음
강수량은 1주, 2주, 4주는 평년과 비슷하겠고, 3주는 평년과 비슷하거나 적겠음
❍ 1주(1.9~1.15): 찬 대륙고기압의 영향을 받을 때가 있겠음
- 기온은 평년과 비슷하겠고, 강수량은 평년과 비슷하겠음
❍ 2주(1.16~1.22): 이동성 고기압의 영향을 받겠으나, 일시적으로 찬 공기의 영향을 받을 때가 있겠음
- 기온은 평년과 비슷하거나 높겠고, 강수량은 평년과 비슷하겠음
❍ 3주(1.23~1.29): 찬 대륙고기압의 영향으로 기온이 큰 폭으로 떨어져 추운 날이 있겠음
- 기온은 평년과 비슷하거나 낮겠고, 강수량은 평년과 비슷하거나 적겠음
❍ 4주(1.30~2.5): 찬 대륙고기압의 영향을 받을 때가 있겠음
- 기온은 평년과 비슷하겠고, 강수량은 평년과 비슷하겠음",1호.txt
2023,1,12,2023-01-01,2023-01-31,과수,과수화상병,예보,,"농업지대 지역평균기온 강수량1주 2주 3주 4주 1주 2주 3주 4주(1.9~1.15) (1.16~1.22) (1.23~1.29) (1.30~2.5) (1.9~1.15) (1.16~1.22) (1.23~1.29) (1.30~2.5)1.태백고냉 대관령 비슷 조금높음 조금낮음 비슷 비슷 비슷 조금적음 비슷2.태백준고냉 인제,홍천,제천 비슷 조금높음 조금낮음 비슷 비슷 비슷 조금적음 비슷3.소백산간 충주,보은 비슷 조금높음 조금낮음 비슷 비슷 비슷 조금적음 비슷4.노령소백산간 임실 비슷 조금높음 조금낮음 비슷 비슷 비슷 조금적음 비슷5.영남내륙산간 추풍령,영주,문경 비슷 조금높음 조금낮음 비슷 비슷 비슷 조금적음 비슷6.중북부내륙 춘천,양평 비슷 조금높음 조금낮음 비슷 비슷 비슷 조금적음 비슷7.중부내륙 원주,이천 비슷 조금높음 조금낮음 비슷 비슷 비슷 조금적음 비슷8.소백서부내륙 청주,대전,금산 비슷 조금높음 조금낮음 비슷 비슷 비슷 조금적음 비슷9.노령동서내륙 정읍,남원,거창,산청 비슷 조금높음 조금낮음 비슷 비슷 비슷 조금적음 비슷10.호남내륙 광주,순천,장흥 비슷 조금높음 조금낮음 비슷 비슷 비슷 조금적음 비슷11.영남분지 대구,의성,구미,영천 비슷 조금높음 조금낮음 비슷 비슷 비슷 조금적음 비슷12.영남내륙 진주,합천,밀양 비슷 조금높음 조금낮음 비슷 비슷 비슷 조금적음 비슷13.중서부평야 서울,인천,수원,서산,강화,천안,보령 비슷 조금높음 조금낮음 비슷 비슷 비슷 조금적음 비슷14.차령남부평야 군산,전주,부여,부안 비슷 조금높음 조금낮음 비슷 비슷 비슷 조금적음 비슷15.남서해안 목포,완도,해남,고흥 비슷 조금높음 조금낮음 비슷 비슷 비슷 조금적음 비슷16.남부해안 부산,통영,여수,거제,남해 비슷 조금높음 조금낮음 비슷 비슷 비슷 조금적음 비슷17.동해안북부 속초,강릉 비슷 조금높음 조금낮음 비슷 비슷 비슷 조금적음 비슷18.동해안중부 울진,영덕 비슷 조금높음 조금낮음 비슷 비슷 비슷 조금적음 비슷19.동해안남부 포항,울산 비슷 조금높음 조금낮음 비슷 비슷 비슷 조금적음 비슷20.제주 제주,성산,서귀포 비슷 조금높음 조금낮음 비슷 비슷 비슷 조금적음 비슷평균 비슷 조금높음 조금낮음 비슷 비슷 비슷 조금적음 비슷10일(2023.01.01.~01.08.) 예보(기상청, 2022.12.29., 06:00)<기상예보>
❍ (기온) 1일~4일 아침 기온은 -13~1℃, 낮 기온은 -1~10℃로 평년(최저기온
-9~0℃, 최고기온 2~9℃)과 비슷하거나 조금 낮겠음. 5일~8일 아침 기온은
-8~3℃, 낮 기온은 1~10℃로 평년과 비슷하겠음
❍ (강수) 전국이 맑은 날이 많겠으나, 1일 오후~2일은 충청권과 남부지방에, 5일~6일은 중부지방과 전라권에 가끔 구름이 많겠음
<날씨><최저/최고기온>최근 경과기상과 향후 기상전망<기온><강수량>연도별 평균기온
❍ ‘22년 12월 4주차까지의 평균기온은 13.5로, 평년(13.0)보다 0.5℃높았음
- ’22년 12월 4주차의 평균기온은 -3.5℃로, 평년(1.0)보다 4.5℃ 낮았음",1호.txt
2023,1,13,2023-01-01,2023-01-31,과수,과수화상병,예보,,"기간 1월 2월 3월 4월 5월 6월 7월 8월 9월 10월11월12월 분석기간1.1~12.28 12.22~12.281주(12.1~12.7)2주(12.8~12.14)3주(12.1 5~12 .21)4주(12.2 2~12 .28)평균(℃)편차(℃)평균(℃)편차(℃)‘22년 -0.2 0.4 8.0 13.9 18.2 22.5 26.1 25.5 21.3 14.4 10.1 1.2 2.3 -2.6 -3.5 13.5 0.5 -3.5 -4.5‘21년 -0.4 3.9 9.0 13.4 16.9 21.9 26.2 25.0 21.7 15.6 8.8 3.8 4.9 3.2 -1.1 13.9 0.9 -1.1 -2.1‘20년 3.0 3.8 8.0 10.9 17.7 22.7 22.7 26.6 20.4 14.1 9.0 2.9 2.3 -2.5 2.9 13.5 0.5 2.9 1.9‘19년 0.5 2.6 7.6 12.0 18.5 21.2 24.7 26.1 21.8 15.9 9.0 2.2 3.8 4.3 2.6 13.8 0.8 2.6 1.6‘18년 -1.8 0.0 8.2 13.3 17.8 22.1 26.7 27.2 20.5 13.1 8.3 6.2 -1.7 3.0 0.7 13.3 0.3 0.7 -0.3‘17년 0.3 1.8 6.4 13.8 18.6 21.7 26.4 25.5 20.6 15.4 7.0 1.4 -1.9 -1.1 0.8 13.3 0.3 0.8 -0.2‘16년 -0.6 1.9 7.3 13.8 18.5 22.2 25.4 26.7 21.7 15.9 8.0 4.5 3.1 4.3 2.8 13.8 0.8 2.8 1.8‘15년 0.8 2.2 6.8 12.7 18.5 21.5 24.3 25.2 20.5 15.1 10.3 4.4 6.8 2.3 2.7 13.6 0.6 2.7 1.7‘14년 0.7 2.7 7.7 13.3 18.3 21.7 24.9 23.7 20.9 14.9 9.0 -0.7 0.4 -1.9 -0.2 13.3 0.3 -0.2 -1.2‘13년 -1.8 0.8 6.7 10.3 17.7 22.4 26.2 27.2 21.2 15.6 7.3 4.6 2.0 0.5 -0.5 13.1 0.1 -0.5 -1.5‘12년 -1.0 -0.6 5.8 12.6 18.2 22.0 25.4 26.4 20.2 14.4 6.7 0.5 -2.7 0.8 -3.7 12.6 -0.4 -3.7 -4.710년평균 0.0 1.9 7.4 12.6 18.1 21.9 25.3 26.0 21.0 15.0 8.3 3.0 1.7 1.3 0.7 13.4 0.4 0.7 -0.3평년 -0.4 1.7 6.5 12.3 17.5 21.5 24.7 25.4 20.8 14.7 8.1 3.4 2.1 1.3 1.0 13.0 0.0 1.0 0.0* 10년 평균 : 최근 10년(2012~2021년)동안의 평균기온의 평균** 평년 : 30년(1991～2020년)동안의 평균기온의 평균*** 편차 : 평년의 평균기온에 대 한 연도별 평균기온의 차이연도별 강수량
❍ ‘22년 12월 4주차까지의 강수량의 합은 1,155.5㎜로, 평년(1,361.0)보다 205.5㎜적었음(평년대비 84.9%)
- ’22년 12월 4주차의 강수량의 합은 5.4㎜로, 평년(6.2)보다 0.8㎜ 적었음",1호.txt
2023,1,14,2023-01-01,2023-01-31,과수,과수화상병,예보,"딸기,상추,쑥갓,참다래","(평년대비 87.1%)기간 1월 2월 3월 4월 5월 6월 7월 8월 9월 10월 11월12월 분석기간1.1~12.28 12.22~12.281주(12.1~12.7)2주(12.8~12.14)3주(12.1 5~12 .21)4주(1 2.22 ~12.2 8)합계(㎜)대비(%)합계(㎜)대비(%)‘22년 5.0 5.5 89.5 62.7 6.3 181.9 181.9 304.3 159.1 77.7 63.6 0.6 3.6 8.6 5.4 11 5 5.584.9 5.4 87.1‘21년 25.4 23.4 112.1 77.5 138.9 94.7 234.7 291.0 167.8 55.2 58.3 1.8 0.6 3.9 3.7 12 8 8.894.7 3.7 59.7‘20년 85.7 62.1 34.4 44.0 107.4 194.3 422.9 397.8 226.0 13.8 39.7 0.1 2.7 0.6 4.0 16 3 5.5120.2 4.0 64.5‘19년 9.7 34.5 42.6 80.8 65.0 151.5 238.3 143.6 241.3 165.6 57.9 14.5 1.1 3.2 3.3 12 5 3.092.1 3.3 53.2‘18년 25.5 36.6 116.2 140.3 135.2 147.2 170.7 291.7 157.4 166.6 49.9 26.5 4.0 1.6 2.0 14 7 1.3108.1 2.0 32.3‘17년 18.6 36.0 26.1 72.8 31.0 63.1 297.1 239.0 100.6 77.9 14.4 3.1 3.4 1.6 14.8 9 99 .5 73.4 14.8 238.7‘16년 32.9 50.6 62.8 163.2 103.4 76.4 290.8 86.1 209.6 156.1 38.4 0.6 5.6 31.8 30.4 13 3 8.598.3 30.4 490.3‘15년 31.9 31.0 47.8 135.6 70.1 103.3 189.4 117.5 68.3 66.3 137.
0 9.6 24.9 6.6 2.8 10 4 1.976.6 2.8 45.2‘14년 14.0 34.8 82.3 89.3 84.2 85.7 167.2 387.2 121.6 121.2 60.1 9.2 4.8 13.7 0.9 12 7 6.293.8 0.9 14.5‘13년 29.7 53.9 60.9 79.9 132.3 105.9 290.2 161.6 117.3 66.7 62.4 0.2 16.5 6.3 1.4 11 8 5.287.1 1.4 22.6‘12년 19.7 16.2 95.1 141.9 42.6 79.9 292.2 420.9 257.4 57.8 60.8 15.1 29.4 9.4 11.6 15 4 9.7113.9 11.6 187.110년평균 29.3 37.9 68.0 102.5 91.0 110.2 259.4 253.6 166.7 94.7 57.9 8.1 9.3 7.9 7.5 13 0 4.095.8 7.5 121.0평년 30.6 37.5 63.0 90.7 108.0 151.4 290.4 277.6 161.7 68.7 51.0 11.0 7.7 5.5 6.2 13 6 1.0100.0 6.2 100.0* 10년 평균 : 최근 10년(2012~2021년)동안의 강수량의 평균** 평년 : 30년(1991～2020년)동안의 강수량의 평균*** 대비 : 평년의 강수량에 대한 연도별 강수량의 비율1월 주요 품목별 농약 사용 주의보1월 주요 품목별 농약 사용 주의보★1월에 검출된 22개 조합(14품목/18성분)★* 이 자료는 국립농산물품질관리원 안전성조사 결과 중 ’22년도 부적합 발생 품목 및농약 성분을 바탕으로 작성했습니다.
□ 지역별 부적합 발생 우려 정보
❍ 주요 부적합 우려 품목(성분)
- [부산광역시] 대파(메타벤즈티아주론)
- [광주광역시] 참다래(페니트로티온)
- [세종특별자치시] 상추(피리다벤)
- [경기도] 겨자채(플룩사메타마이드),근대(디노테퓨란), 쑥갓(디노테퓨란,에폭시코나졸), 커피원두(뷰프로페진,클로티아니딘), 파슬리(알라클로르,다이아지논)
- [충청북도] 대파(카보퓨란)
- [충청남도] 딸기(이미시아포스)",1호.txt
2023,1,15,2023-01-01,2023-01-31,과수,과수화상병,예보,"고추,냉이,상추,쑥갓","- [전라북도] 머위(에탈플루랄린), 상추(플룩사메타마이드), 쑥갓(디노테퓨란),오디(이프로디온)
- [전라남도] 냉이(플루벤디아마이드,프로파닐)
- [경상북도] 들깻잎(페니트로티온),취나물(다이아지논, 피리다벤)
- [경상남도] 고추(에토프로포스, 페림존)※ 전국적으로 토양처리 살충제 농약(입제) 성분인 터부포스,포레이트 잔류농약 부적합이 많이 발생되고 있습니다.
농업인께서는 해당 성분의 농약을 사용이 등록된 작물에만안전사용기준을 반드시 준수하여 살포하시기 바랍니다.
□ 부적합 발생 우려 품목/성분의 잔류허용기준 및 농약등록 유무품목 검출성분 잔류허용기준(mg/kg) 잔류허용기준적용 근거농약 안전사용기준등록 유무‘22.1. ‘22.12.",1호.txt
2023,1,16,2023-01-01,2023-01-31,과수,과수화상병,예보,"감귤,고추,냉이,딸기,사과,상추,쑥갓,참다래","겨자채 Fluxametamide 0.01 0.01 일률기준 미등록고추Ethoprophos 0.02 0.02 당해성분 당해품목 등록(단제, 합제)Ferimzone 0.01 0.01 일률기준 미등록냉이Flubendiamide 0.01 0.01 일률기준 미등록Propanil 0.01 0.01 일률기준 미등록대파Carbofuran 0.05 0.05 당해성분 당해품목 등록(단제)Methabenzthiazuron 0.01 0.01 일률기준 미등록들깻잎 Fenitrothion 0.05 0.05 당해성분 당해품목 등록(합제)딸기 Imicyafos 0.05 0.05 당해성분 당해품목 등록(단제)머위 Ethalfluralin 0.01 0.01 일률기준 미등록상추Fluxametamide 0.2 10(기준변경)당해성분 당해품목*‘22.1.27.기준변경 등록(단제, 합제)Pyridaben 0.01 0.01 일률기준 미등록쑥갓Dinotefuran 0.01 9.0(기준변경)당해성분 당해품목*‘22.1.27.기준변경 미등록Epoxiconazole 0.01 0.01 일률기준 미등록오디 Iprodione 0.01 0.01 일률기준 미등록참다래 Fenitrothion 0.01 0.01 일률기준 미등록취나물Diazinon 0.01 0.01 일률기준 미등록Pyridaben 0.01 0.01 일률기준 미등록커피원두Buprofezin 0.01 0.01 일률기준 미등록Clothianidin 0.05 0.05 당해성분 당해품목 미등록파슬리Alachlor 0.01 0.01 일률기준 미등록Diazinon 0.01 0.01 일률기준 미등록자료제공 및 검토 전문가 명단구분 성명 /  소속 / 직급1 김지성 / 농촌지원국 재해대응과 / 과장2 채의석 / 농촌지원국 재해대응과 / 농촌지도관3 김기형 / 농촌지원국 재해대응과 / 농촌지도관4 전재용/ 농촌지원국 재해대응과 / 농업연구관5 박승무 / 농촌지원국 재해대응과 / 농촌지도관6 강신곤 / 농촌지원국 재해대응과 / 농촌지도관7 이우일 / 농촌지원국 재해대응과 / 농촌지도사8 강미형 / 농촌지원국 재해대응과 / 농업연구사9 양미숙 / 농촌지원국 재해대응과 / 농촌지도사10 박종문 / 농촌지원국 재해대응과 / 농촌지도사11 박명일 / 농촌지원국 재해대응과 / 주무관12 김창한 / 농촌지원국 재해대응과 / 농촌지도사13 최인후 / 농촌지원국 재해대응과 / 기술전문위원14 박해융 / 농촌지원국 재해대응과 / 기술전문위원15 성신상 / 농촌지원국 재해대응과 / 기술전문위원16 이경재 / 농촌지원국 기술보급과 / 농촌지도관17 고창호 / 농촌지원국 기술보급과 / 농촌지도관18 김현철 / 농촌지원국 기술보급과 / 농촌지도사19 배선아 / 농촌지원국 기술보급과 / 농촌지도사20 전승기 / 농촌지원국 식량산업기술팀 / 농촌지도관21 김창수 / 농촌지원국 식량산업기술팀 / 농촌지도관22 노석원 / 농촌지원국 식량산업기술팀 / 농촌지도사23 엄미옥 / 농촌지원국 식량산업기술팀 / 농촌지도사24 이세원 / 국립농업과학원 작물보호과 / 과장25 박병용 / 국립농업과학원 작물보호과 / 농업연구관26 박동석 / 국립농업과학원 작물보호과 / 농업연구관27 이봉춘 / 국립농업과학원 작물보호과 / 농업연구관28 이용환 / 국립농업과학원 작물보호과 / 농업연구관29 이관석 / 국립농업과학원 작물보호과 / 농업연구사30 이영기 / 국립농업과학원 작물보호과 / 농업연구사31 최효원 / 국립농업과학원 작물보호과 / 농업연구사32 정인홍 / 국립농업과학원 작물보호과 / 농업연구사33 심교문 / 국립농업과학원 기후변화평가과 / 농업연구관34 강민구 /국립농업과학원 기후변화평가과 / 농업연구사35 최준열 / 국립농업과학원 작물기초기반과 / 과장36 김상민 / 국립식량과학원 작물기초기반과 / 농업연구사37 최낙중 / 국립식량과학원 작물기초기반과 / 농업연구사38 김현주 / 국립식량과학원 기술지원과 / 농업연구관39 김은영 / 국립식량과학원 재배환경과 / 농업연구사40 김동환 / 국립원예특작과학원 원예특작환경과 / 과장41 이성찬 / 국립원예특작과학원 원예특작환경과 / 농업연구관42 조인숙 / 국립원예특작과학원 원예특작환경과 / 농업연구관43 한유경 / 국립원예특작과학원 원예특작환경과 / 농업연구사44 이선영 / 국립원예특작과학원 원예특작환경과 / 농업연구사45 서미혜 / 국립원예특작과학원 원예특작환경과 / 농업연구사46 이동혁 / 국립원예특작과학원 사과연구소 / 소장47 양상진 / 국립원예특작과학원 사과연구소 / 농업연구관48 송장훈 / 국립원예특작과학원 배연구소 / 농업연구관49 강아랑 / 국립원예특작과학원 배연구소 / 농업연구사50 한승갑 / 국립원예특작과학원 감귤연구소 / 농업연구관2023년 농작물 병해충 발생정보(제1호)집 필 인김지성 , 채의석 , 김기형 , 전재용 , 박승무 , 이우일 , 강미형 , 양미숙 , 박종문 ,박명일 , 강권희발 행 처 농촌진흥청 재해대응과주소 54875 전북 전주시 덕진구 농생명로 300전화 (063) 238–1045~1049homepage : http://www.nongsaro.go.kr",1호.txt
2023,2,1,2023-02-01,2023-02-28,시설채소,잿빛곰팡이병,예보,"딸기,오이","❍ 시설내의 온도가 20℃ 전후로 낮고 비닐천정에 이슬이 맺힐정도의 습도가 높은 조건이 오래 지속되면 발생이 증가하는데오이, 딸기 등 일부 작물에서 발생되고 있어 주의가 필요함
⇒ 병든 식물은 시설 밖으로 빼내어 소각하거나 땅속에 묻어 전염원을차단하여야 함
⇒ 적절한 환기로 시설 내의 습도를 낮추어 주되 보온에 유의하고,시설 내에서 병이 발생되면 급속하게 번지는 특성이 있으므로발생 초기에 등록약제로 방제하되 약제를 바꾸어 가며 사용해야 함
* 농촌진흥청웹페이지“농사로”에서농업기술동영상「딸기주요병해충방제」참고",2호.txt
2023,2,2,2023-02-01,2023-02-28,시설채소,균핵병,예보,"고추,딸기,방울토마토,오이","❍ 잿빛곰팡이병과 비슷한 환경인 온도가 낮고 습도가 높을 때 발생하며 질소질 비료를 많이 주어 작물체가 연약하게 자라거나연작에 의하여 병원균 밀도가 높을 때 발생이 늘어남. 오이,토마토, 고추, 딸기 등 중기와 가지의 분지점에 침입하여 발생하며, 윗부분의 줄기와 잎이 시들어 말라 죽게 되는 병임
⇒ 적절한 환기로 과습한 환경을 피하고 보온력을 강화하여 적정온도를 유지시키며, 병든 기주는 바로 없애주고 농약안전사용기준을 준수하여 잿빛곰팡이병과 동시 방제할 수 있도록 함",2호.txt
2023,2,3,2023-02-01,2023-02-28,시설채소,흰가루병,예보,"딸기,멜론,방울토마토,오이","❍ 분생포자가 공기로 전염되며 건조하면서 일교차가 심한 환경에서많이 발생하는데 1월 기온의 변화가 클 것으로 예상돼 오이, 멜론 등 박과작물과 딸기 등에 발생 증가가 우려됨
⇒ 햇볕 쪼임이 부족하고 비료기가 많은 조건에서 발생이 많으므로질소질 비료를 알맞게 주며, 병든 잎과 과실은 신속히 제거하고병 발생 초기에 등록 약제로 방제* 농촌진흥청웹페이지“농사로”에서농업기술동영상「토마토병해충및생리장해」참고",2호.txt
2023,2,4,2023-02-01,2023-02-28,시설채소,딸기 꽃곰팡이병,주의보,딸기,"❍ 암술에 녹색 곰팡이가 발생하는 병으로 심할 경우 꽃 전체가 마르면서 기형과를 유발하는 피해를 입힘
❍ 최근 한파로 인한 하우스 환기 부족, 폭설로 인한 과습, 일조부족 등으로 딸기의 생육이 저조하여 병 감염에 취약해진 상태임
❍ 병원균은 딸기꽃 외에도 시설 내 식물 잔재물, 토양, 유기물 등에서도 증식이 가능하며 저온과 습도가 높을 때 발생이 증가함
⇒ 시설 내 습도를 낮추고 식물체로 물방울이 떨어지지 않도록 하며식물체 잔재물을 제거하는 등 청결한 환경관리 필요",2호.txt
2023,2,5,2023-02-01,2023-02-28,시설채소,딸기 세균모무늬병,예보,딸기,"❍ 잎 뒷면에 뜨거운 물로 데친 것 같은 작은 점무늬가 형성되고 점차확대되어 잎 앞면에 점무늬를 형성함
❍ 후기의 병반은 세균 누출액으로 덮여 빛이 나고, 잎 전체가마르면서 갈색으로 변색되고 떨어지게 됨
❍ 세균 누출액이 튀거나 접촉으로 번지는 원인이 되고 딸기 러너에 의해 확산됨
⇒ 감염된 포장이나 모주를 통해 전염되므로 병에 걸린 포기는 제거하여 땅에 묻고, 병에 걸렸던 포장의 딸기는 절대 모주로 사용하지 말아야 함",2호.txt
2023,2,6,2023-02-01,2023-02-28,시설채소,노균병,예보,"멜론,오이","❍ 오이, 멜론 등 시설 내의 습도가 높고 온도가 낮은(20℃ 전후)조건에서 발생이 많고, 일조량이 부족하거나 거름기가 모자라작물 생육이 왕성하지 못할 때 발생이 많음
⇒ 야간에 보온관리를 잘하여 저온이 되지 않도록 하고, 웃거름주기와 열매솎기 및 햇볕 쪼임을 좋게 하여 튼튼하게 생육하도록함과 동시에 습도가 높아지지 않도록 환기를 철저히 해줌⇒ 특히 오이 시설재배 중 환기를 시키는 과정에서 찬바람이 식물체에직접 닿을 경우 노균병이 심하게 발생되므로 환기 할 때 유의⇒ 병이 발생된 포장은 병든 잎을 일찍 따낸 다음 발병 초기에 등록약제로 방제",2호.txt
2023,2,7,2023-02-01,2023-02-28,시설채소,역병,예보,,"❍ 시설내 온도가 3∼26℃사이에서 발병이 가능하며 일교차가 크고다습할 때 심하게 발생함. 시설 내 환경조건이 저온 다습하여 역병이발병하기 좋을 조건일 경우 1∼2주 만에 포장을 황폐화시키는 치명적인 피해를 주기도 함. 밤 기온은 낮고, 낮에는 따뜻하여 일교차가크고 다습하여 발생할 가능성이 있음
⇒ 환기를 철저히 하여 시설 내에 과습하지 않도록 하며, 잦은관수를 피하고 배수가 잘 되게 관리⇒ 항상 포장을 청결히 하고 병든 잎이나 줄기는 조기에 제거하여불에 태우거나 땅속 깊이 묻고 예방적으로 적용약제를 살포",2호.txt
2023,2,8,2023-02-01,2023-02-28,시설채소,"양파 노균병, 고자리파리",예보,양파,"❍ (노균병) 양파를 이어짓는 포장을 중심으로 노균병이 매년 증가하는추세로 기온이 15℃정도에서 비가 자주 내리고 안개 끼는 날이 많으면발생이 많아지는데 발병 이후에 약제로 방제를 할 경우 효과가 거의없으므로 사전 관리가 중요함
⇒ 포장을 습하지 않도록 관리하고 병이 발생한 포장은 병든 식물을 반드시제거하여 2차 감염을 차단해야 함
❍ (고자리파리) 전년 11월 기온이 따뜻하여 월동전 유충 밀도가 높아주의가 필요(보통 3~4월에 발생이 많음)애벌레(구더기)가 뿌리를 갉아 먹어 아래 잎부터 노랗게 말라 죽으며심하면 포기 전체가 말라 죽게 됨
⇒ 사전예찰을 철저히 하고 월동 후 따뜻한 날이 지속되고 비가 많을경우 2월말 초기방제 후 4월초에 추가 방제하여 확산을 방지",2호.txt
2023,2,9,2023-02-01,2023-02-28,시설채소,총 채 벌 레 류․가 루 이 류․진 딧 물 류․응 애 류  등,예보,"감자,고추,방울토마토,오이","❍ (총채벌레류) 꽃노랑총채벌레 , 오이총채벌레 등은 오이, 고추,토마토 등 시설 내에서 연중 발생하는 해충으로 방제시기를 놓칠경우 바이러스병을 전염시켜 큰 피해를 주는 해충임
⇒ 해충의 크기가 작아 발견하기 어렵기 때문에 초기에 발생을 알지 못하여피해를 입는 경우가 많으므로 해충이 좋아하는 색깔(노란색)의끈끈이트랩을 매달아 발생을 예찰하고, 발생 시 초기에 방제
❍ (가루이류·진딧물류) 온실가루이와 담배가루이는 가지과 작물에서, 진딧물은 엽채류와 과채류에서 주로 발생하며 식물체의즙액을 빨아먹는 직접적인 피해뿐만 아니라 그을음병과 바이러스병 등을 유발함
❍ (응애류) 작물이 피해를 받으면 잎이 누렇게 변하여 말라 죽게 됨
⇒ 이들 해충은 일단 발생되면 방제가 어려우므로 방충망을 설치하는등 시설 안으로 들어오지 못하도록 막고, 크기가 작아 발생을 알아보기가 어려우므로 끈끈이를 매달아 주의 깊게 살펴봄⇒ 해충에 따라 발생 초기 천적을 투입하거나 등록 약제로 방제하고,약제 살포 시에는 안전사용기준을 지키고 계통이 다른 약제로바꾸어 가면서 살포하여 저항성 유발을 최소화【잎 뒷면에 발생한점박이응애 피해】
❍ (작은뿌리파리 ) 밭작물, 채소, 화훼 등에서 전 생육기간 동안발생하며, 성충은 유기물이 풍부한 상토 또는 양액 육묘의 암면큐브 위 이끼에 산란하고 부화유충은 지제부와 뿌리에 해를입혀 지상부 시들음 증상을 유발⇒ 유충은 감자 절편에 잘 유인되기 때문에 깍두기 모양의 크기로절단하여 작물의 뿌리 주변에 놓아두면 발생 여부와 발생량을 예찰할 수 있음
⇒ 노란색 끈끈이 트랩을 지상부 50㎝ 이하에 설치해 두면 성충 발생여부와 발생량 예찰에 도움이 됨",2호.txt
2023,2,10,2023-02-01,2023-02-28,시설채소,토마토반점위조바이러스(TSWV),예보,"고추,방울토마토,파프리카","❍ 총채벌레가 전염시키는 바이러스 병으로 파프리카, 고추, 토마토등 시설재배지에서 이들 매개충이 꾸준히 발생하고 있으며, 방제시기를 놓칠 경우 피해가 커지기 때문에 초기 예방이 중요
⇒ 병에 걸린 식물을 발견하면 즉시 제거하여 병이 확산되는 것을 예방",2호.txt
2023,2,11,2023-02-01,2023-02-28,시설채소,쥬키니황화모자이크바이러스(ZYMV),예보,"오이,호박","❍ 호박, 오이 등 과채류에서 전년에 이어 발생이 증가할 것으로 예상되며, 진딧물이 병을 매개하는 한편 이병식물의 접촉에 의한전염도 가능하므로 농작업 시 주의가 필요
⇒ 진딧물 방제를 철저히 하고 작물이 시설내에 연중 재배되어 항상 전염원이 있으므로 즙액에 의한 접촉전염을 막기 위해병든 식물체는 즉시 제거",2호.txt
2023,2,12,2023-02-01,2023-02-28,시설채소,토마토황화잎말림병(TYLCV),예보,방울토마토,"❍ 가지과 작물에서 담배가루이가 병을 매개하므로 육묘 단계부터정식 초기에 예찰을 강화하여 감염여부를 판단하고 정식 후에는잎 뒷면과 포장주위를 살펴보아 담배가루이를 철저히 방제⇒ 병을 전염시키는 담배가루이의 세대 기간이 짧아 연간 발생횟수가많으므로 방충망을 설치하여 시설 안으로 담배가루이가 들어오는것을 막고 발생 초기에 등록약제로 방제하는 등 철저한 관리로병이 확산되는 것을 예방⇒ 발생된 시설재배 농가 주변지역은 담배가루이의 기주식물이 되는잡초와 병에 걸린 식물은 뽑아서 제거※ 기주식물 : 큰개불알풀, 광대나물, 별꽃,큰망초, 쑥, 머위",2호.txt
2023,2,13,2023-02-01,2023-02-28,과수,과수화상병,예보,사과,"❍ (과수화상병) 사과, 배 등의 병든 꽃은 수침상이 되고 쭈그러든후 흑갈색으로 변해 떨어지거나 나무에 매달려 있게 되고 꽃이달린 가지나 인접한 가지로 진전되어 잎맥을 따라 흑갈색의병반이 생기고 병이 진전됨에 따라 병든 잎은 말리고, 쭈그러들어보통은 가지에 매달려 있음. 병든 가지의 나무껍질은 흑갈색으로변하면서 물러졌다가 후에 위축되고 단단해져 궤양병반을 형성⇒ 한번 걸리면 방제가 불가능하기 때문에 예방을 위하여 과수원을 청결하게 관리하고 농작업을 하는 사람의 과수원 출입시사람과 작업도구 등을 수시로 소독⇒ 의심증상 발견 시에는 전국 대표전화(1833-8572) 또는 가까운농업기술센터·농업기술원에 즉시 신고, 병균의 밀도가 낮아 진단되지 않더라도 갈변궤양은 끝에서 40~70cm 아래를 절단․제거
❍ (과수가지검은마름병) 과수화상병과 증상이 비슷하여 육안으로는구분이 불가하며, 발생시기와 전파경로, 피해증상이 유사함.
사과나무병징엽맥따라갈색병반형성 신초마름병징(지팡이모양) 과실 줄기 병징배나무병징꽃전체가시들고마름 신초마름병징(지팡이모양) 과실 줄기 병징",2호.txt
2023,2,14,2023-02-01,2023-02-28,과수,주경배나무이,예보,,"❍ 배에 발생하는 주경배나무이는 거친 껍질 밑에서 성충상태로월동을 하고, 2월 중순부터 나무 위쪽의 열매가 달리는 가지로이동하며 3월 상순부터 산란을 시작하고 개화 전 무렵부터알이 부화됨
⇒ 기계유유제의 경우 산란된 알에 대해서는 효과가 거의 없기 때문에가능한 한 최적 방제시기 초기에 방제하는 것이 효과적임
⇒ 국가농작물병해충관리시스템(http://ncpms.rda.go.kr)의「병해충예측-병해충예측지도」메뉴에서 내 농장 지역의 최적방제시기와과수원내 주경배나무이 밀도를 살펴보고 기계유유제 살포* 농촌진흥청웹페이지“농사로”에서농업기술동영상「주경배나무이방제기술」참고※ 중부지방 방제시기: 2월부터 최고온도 6℃이상의 날이 16∼20일이되면 월동한 성충의 약 80%가 나무로 이동함. 이때 기계유유제(약12.5 ∼17ℓ/물 500 ℓ) 살포* 남부 지방은 주경배나무이의 이동이 10일 정도 빠름을 감안하여방제 시기를 결정* 단, 줄기마름병이 많이 발생하거나 찬 기운이 정체돼 언 피해가잦은 농가는 기계유유제 대신 주경배나무이 적용 약제를 살포1개월 기상전망            (출처 : 국립농업과학원, 기상청)기온은 1주, 4주는 평년과 비슷하겠고, 2주는 평년과 비슷하거나 높겠으며,3주는 평년과 비슷하거나 낮겠음
강수량은 1주, 2주, 4주는 평년과 비슷하겠고, 3주는 평년과 비슷하거나 적겠음
❍ 1주(1.9~1.15): 찬 대륙고기압의 영향을 받을 때가 있겠음
- 기온은 평년과 비슷하겠고, 강수량은 평년과 비슷하겠음
❍ 2주(1.16~1.22): 이동성 고기압의 영향을 받겠으나, 일시적으로 찬 공기의 영향을 받을 때가 있겠음
- 기온은 평년과 비슷하거나 높겠고, 강수량은 평년과 비슷하겠음
❍ 3주(1.23~1.29): 찬 대륙고기압의 영향으로 기온이 큰 폭으로 떨어져 추운 날이 있겠음
- 기온은 평년과 비슷하거나 낮겠고, 강수량은 평년과 비슷하거나 적겠음
❍ 4주(1.30~2.5): 찬 대륙고기압의 영향을 받을 때가 있겠음
- 기온은 평년과 비슷하겠고, 강수량은 평년과 비슷하겠음",2호.txt
2023,2,15,2023-02-01,2023-02-28,과수,주경배나무이,예보,,"농업지대 지역평균기온 강수량1주 2주 3주 4주 1주 2주 3주 4주(1.9~1.15) (1.16~1.22) (1.23~1.29) (1.30~2.5) (1.9~1.15) (1.16~1.22) (1.23~1.29) (1.30~2.5)1.태백고냉 대관령 비슷 조금높음 조금낮음 비슷 비슷 비슷 조금적음 비슷2.태백준고냉 인제,홍천,제천 비슷 조금높음 조금낮음 비슷 비슷 비슷 조금적음 비슷3.소백산간 충주,보은 비슷 조금높음 조금낮음 비슷 비슷 비슷 조금적음 비슷4.노령소백산간 임실 비슷 조금높음 조금낮음 비슷 비슷 비슷 조금적음 비슷5.영남내륙산간 추풍령,영주,문경 비슷 조금높음 조금낮음 비슷 비슷 비슷 조금적음 비슷6.중북부내륙 춘천,양평 비슷 조금높음 조금낮음 비슷 비슷 비슷 조금적음 비슷7.중부내륙 원주,이천 비슷 조금높음 조금낮음 비슷 비슷 비슷 조금적음 비슷8.소백서부내륙 청주,대전,금산 비슷 조금높음 조금낮음 비슷 비슷 비슷 조금적음 비슷9.노령동서내륙 정읍,남원,거창,산청 비슷 조금높음 조금낮음 비슷 비슷 비슷 조금적음 비슷10.호남내륙 광주,순천,장흥 비슷 조금높음 조금낮음 비슷 비슷 비슷 조금적음 비슷11.영남분지 대구,의성,구미,영천 비슷 조금높음 조금낮음 비슷 비슷 비슷 조금적음 비슷12.영남내륙 진주,합천,밀양 비슷 조금높음 조금낮음 비슷 비슷 비슷 조금적음 비슷13.중서부평야 서울,인천,수원,서산,강화,천안,보령 비슷 조금높음 조금낮음 비슷 비슷 비슷 조금적음 비슷14.차령남부평야 군산,전주,부여,부안 비슷 조금높음 조금낮음 비슷 비슷 비슷 조금적음 비슷15.남서해안 목포,완도,해남,고흥 비슷 조금높음 조금낮음 비슷 비슷 비슷 조금적음 비슷16.남부해안 부산,통영,여수,거제,남해 비슷 조금높음 조금낮음 비슷 비슷 비슷 조금적음 비슷17.동해안북부 속초,강릉 비슷 조금높음 조금낮음 비슷 비슷 비슷 조금적음 비슷18.동해안중부 울진,영덕 비슷 조금높음 조금낮음 비슷 비슷 비슷 조금적음 비슷19.동해안남부 포항,울산 비슷 조금높음 조금낮음 비슷 비슷 비슷 조금적음 비슷20.제주 제주,성산,서귀포 비슷 조금높음 조금낮음 비슷 비슷 비슷 조금적음 비슷평균 비슷 조금높음 조금낮음 비슷 비슷 비슷 조금적음 비슷10일(2023.01.01.~01.08.) 예보(기상청, 2022.12.29., 06:00)<기상예보>
❍ (기온) 1일~4일 아침 기온은 -13~1℃, 낮 기온은 -1~10℃로 평년(최저기온
-9~0℃, 최고기온 2~9℃)과 비슷하거나 조금 낮겠음. 5일~8일 아침 기온은
-8~3℃, 낮 기온은 1~10℃로 평년과 비슷하겠음
❍ (강수) 전국이 맑은 날이 많겠으나, 1일 오후~2일은 충청권과 남부지방에, 5일~6일은 중부지방과 전라권에 가끔 구름이 많겠음
<날씨><최저/최고기온>최근 경과기상과 향후 기상전망<기온><강수량>연도별 평균기온
❍ ‘22년 12월 4주차까지의 평균기온은 13.5로, 평년(13.0)보다 0.5℃높았음
- ’22년 12월 4주차의 평균기온은 -3.5℃로, 평년(1.0)보다 4.5℃ 낮았음",2호.txt
2023,2,16,2023-02-01,2023-02-28,과수,주경배나무이,예보,,"기간 1월 2월 3월 4월 5월 6월 7월 8월 9월 10월11월12월 분석기간1.1~12.28 12.22~12.281주(12.1~12.7)2주(12.8~12.14)3주(12.15~12.21)4주(12.22~12.28)평균(℃)편차(℃)평균(℃)편차(℃)‘22년 -0.2 0.4 8.0 13.9 18.2 22.5 26.1 25.5 21.3 14.4 10.1 1.2 2.3 -2.6 -3.5 13.5 0.5 -3.5 -4.5‘21년 -0.4 3.9 9.0 13.4 16.9 21.9 26.2 25.0 21.7 15.6 8.8 3.8 4.9 3.2 -1.1 13.9 0.9 -1.1 -2.1‘20년 3.0 3.8 8.0 10.9 17.7 22.7 22.7 26.6 20.4 14.1 9.0 2.9 2.3 -2.5 2.9 13.5 0.5 2.9 1.9‘19년 0.5 2.6 7.6 12.0 18.5 21.2 24.7 26.1 21.8 15.9 9.0 2.2 3.8 4.3 2.6 13.8 0.8 2.6 1.6‘18년 -1.8 0.0 8.2 13.3 17.8 22.1 26.7 27.2 20.5 13.1 8.3 6.2 -1.7 3.0 0.7 13.3 0.3 0.7 -0.3‘17년 0.3 1.8 6.4 13.8 18.6 21.7 26.4 25.5 20.6 15.4 7.0 1.4 -1.9 -1.1 0.8 13.3 0.3 0.8 -0.2‘16년 -0.6 1.9 7.3 13.8 18.5 22.2 25.4 26.7 21.7 15.9 8.0 4.5 3.1 4.3 2.8 13.8 0.8 2.8 1.8‘15년 0.8 2.2 6.8 12.7 18.5 21.5 24.3 25.2 20.5 15.1 10.3 4.4 6.8 2.3 2.7 13.6 0.6 2.7 1.7‘14년 0.7 2.7 7.7 13.3 18.3 21.7 24.9 23.7 20.9 14.9 9.0 -0.7 0.4 -1.9 -0.2 13.3 0.3 -0.2 -1.2‘13년 -1.8 0.8 6.7 10.3 17.7 22.4 26.2 27.2 21.2 15.6 7.3 4.6 2.0 0.5 -0.5 13.1 0.1 -0.5 -1.5‘12년 -1.0 -0.6 5.8 12.6 18.2 22.0 25.4 26.4 20.2 14.4 6.7 0.5 -2.7 0.8 -3.7 12.6 -0.4 -3.7 -4.710년평균 0.0 1.9 7.4 12.6 18.1 21.9 25.3 26.0 21.0 15.0 8.3 3.0 1.7 1.3 0.7 13.4 0.4 0.7 -0.3평년 -0.4 1.7 6.5 12.3 17.5 21.5 24.7 25.4 20.8 14.7 8.1 3.4 2.1 1.3 1.0 13.0 0.0 1.0 0.0* 10년 평균 : 최근 10년(2012~2021년)동안의 평균기온의 평균** 평년 : 30년(1991～2020년)동안의 평균기온의 평균*** 편차 : 평년의 평균기온에 대 한 연도별 평균기온의 차이연도별 강수량
❍ ‘22년 12월 4주차까지의 강수량의 합은 1,155.5㎜로, 평년(1,361.0)보다 205.5㎜적었음(평년대비 84.9%)
- ’22년 12월 4주차의 강수량의 합은 5.4㎜로, 평년(6.2)보다 0.8㎜ 적었음",2호.txt
2023,2,17,2023-02-01,2023-02-28,과수,주경배나무이,예보,"배추,부추,상추,시금치,쪽파,치커리","(평년대비 87.1%)기간 1월 2월 3월 4월 5월 6월 7월 8월 9월 10월 11월12월 분석기간1.1~12.28 12.22~12.281주(12.1~12.7)2주(12.8~12.14)3주(12.15~12.21)4주(12.22~12.28)합계(㎜)대비(%)합계(㎜)대비(%)‘22년 5.0 5.5 89.5 62.7 6.3 181.9 181.9 304.3 159.1 77.7 63.6 0.6 3.6 8.6 5.4 1155.5 84.9 5.4 87.1‘21년 25.4 23.4 112.1 77.5 138.9 94.7 234.7 291.0 167.8 55.2 58.3 1.8 0.6 3.9 3.7 1288.8 94.7 3.7 59.7‘20년 85.7 62.1 34.4 44.0 107.4 194.3 422.9 397.8 226.0 13.8 39.7 0.1 2.7 0.6 4.0 1635.5 120.2 4.0 64.5‘19년 9.7 34.5 42.6 80.8 65.0 151.5 238.3 143.6 241.3 165.6 57.9 14.5 1.1 3.2 3.3 1253.0 92.1 3.3 53.2‘18년 25.5 36.6 116.2 140.3 135.2 147.2 170.7 291.7 157.4 166.6 49.9 26.5 4.0 1.6 2.0 1471.3 108.1 2.0 32.3‘17년 18.6 36.0 26.1 72.8 31.0 63.1 297.1 239.0 100.6 77.9 14.4 3.1 3.4 1.6 14.8 999.5 73.4 14.8 238.7‘16년 32.9 50.6 62.8 163.2 103.4 76.4 290.8 86.1 209.6 156.1 38.4 0.6 5.6 31.8 30.4 1338.5 98.3 30.4 490.3‘15년 31.9 31.0 47.8 135.6 70.1 103.3 189.4 117.5 68.3 66.3 137.
0 9.6 24.9 6.6 2.8 1041.9 76.6 2.8 45.2‘14년 14.0 34.8 82.3 89.3 84.2 85.7 167.2 387.2 121.6 121.2 60.1 9.2 4.8 13.7 0.9 1276.2 93.8 0.9 14.5‘13년 29.7 53.9 60.9 79.9 132.3 105.9 290.2 161.6 117.3 66.7 62.4 0.2 16.5 6.3 1.4 1185.2 87.1 1.4 22.6‘12년 19.7 16.2 95.1 141.9 42.6 79.9 292.2 420.9 257.4 57.8 60.8 15.1 29.4 9.4 11.6 1549.7 113.9 11.6 187.110년평균 29.3 37.9 68.0 102.5 91.0 110.2 259.4 253.6 166.7 94.7 57.9 8.1 9.3 7.9 7.5 1304.0 95.8 7.5 121.0평년 30.6 37.5 63.0 90.7 108.0 151.4 290.4 277.6 161.7 68.7 51.0 11.0 7.7 5.5 6.2 1361.0 100.0 6.2 100.0* 10년 평균 : 최근 10년(2012~2021년)동안의 강수량의 평균** 평년 : 30년(1991～2020년)동안의 강수량의 평균*** 대비 : 평년의 강수량에 대한 연도별 강수량의 비율2월 주요 품목별 농약 사용 주의보2월 주요 품목별 농약 사용 주의보★2월에 검출된 21개 조합(14품목/14성분)★* 이 자료는 국립농산물품질관리원 안전성조사 결과 중 ’22년도 부적합 발생 품목 및농약 성분을 바탕으로 작성했습니다.
□ 지역별 부적합 발생 우려 정보
❍ 주요 부적합 우려 품목(성분)
- [대구광역시] 부추(터부포스)
- [광주광역시] 가지(프로사이미돈), 부추(피디플루메토펜)
- [울산광역시] 부추(터부포스)
- [경기도] 겨자채(플룩사메타마이드),근대(플룩사메타마이드), 대파(터부포스), 상추(카보퓨란, 포레이트),얼갈이배추(에폭시코나졸), 쪽파(터부포스), 치커리(플루아지남, 노발루론,티아클로프리드)
- [충청북도] 들깻잎(아이소프로티올레인)
- [충청남도] 시금치(포레이트)",2호.txt
2023,2,18,2023-02-01,2023-02-28,과수,주경배나무이,예보,"냉이,미나리,상추,쪽파","- [전라북도] 냉이(펜디메탈린), 미나리(터부포스)
- [전라남도] 상추(노발루론)
- [경상북도] 춘채(플루아지남)
- [경상남도] 들깻잎(다이아지논)
- [제주특별자치도] 쪽파(오메토에이트)※ 전국적으로 토양처리 살충제 농약(입제) 성분인 터부포스,포레이트 잔류농약 부적합이 많이 발생되고 있습니다.
농업인께서는 해당 성분의 농약을 사용이 등록된 작물에만안전사용기준을 반드시 준수하여 살포하시기 바랍니다.
□ 부적합 발생 우려 품목/성분의 잔류허용기준 및 농약등록 유무품목 검출성분 잔류허용기준(mg/kg) 잔류허용기준적용 근거농약 안전사용기준등록 유무‘22.2. ‘23.1.",2호.txt
2023,2,19,2023-02-01,2023-02-28,과수,주경배나무이,예보,"감귤,냉이,미나리,배추,부추,사과,상추,시금치,쪽파,치커리","가지 Procymidone 0.01 0.01 일률기준 미등록겨자채 Fluxametamide 0.01 0.01 일률기준 미등록근대 Fluxametamide 0.01 0.01 일률기준 미등록냉이 Pendimethalin 0.01 0.01 일률기준 미등록대파 Terbufos 0.05 0.05 당해성분 당해품목 등록(단제, 합제)들깻잎Diazinon 0.01 0.01 일률기준 미등록Isoprothiolane 0.01 0.01 일률기준 미등록미나리 Terbufos 0.01 0.01 일률기준 미등록부추Pydiflumetofen 0.01 5.0 소분류기준(엽경채류) 미등록Terbufos 0.05 0.05 당해성분 당해품목 등록(단제, 합제)상추Carbofuran 0.01 0.01 일률기준 미등록Novaluron 0.01 0.01 일률기준 미등록Phorate 0.01 0.01 일률기준 미등록시금치 Phorate 0.01 0.01 일률기준 미등록얼갈이배추 Epoxiconazole 0.01 0.01 일률기준 미등록쪽파Omethoate 0.01 0.05(기준변경) 당해성분 당해품목 미등록Terbufos 0.05 0.05 당해성분 당해품목 등록(단제, 합제)춘채 Fluazinam 0.01 0.01 일률기준 미등록치커리Fluazinam 0.01 0.01 일률기준 미등록Novaluron 0.01 0.01 일률기준 미등록Thiacloprid 0.01 0.01 일률기준 미등록자료제공 및 검토 전문가 명단구분 성명 /  소속 / 직급1 김지성 / 농촌지원국 재해대응과 / 과장2 채의석 / 농촌지원국 재해대응과 / 농촌지도관3 김기형 / 농촌지원국 재해대응과 / 농촌지도관4 전재용/ 농촌지원국 재해대응과 / 농업연구관5 박승무 / 농촌지원국 재해대응과 / 농촌지도관6 이우일 / 농촌지원국 재해대응과 / 농촌지도사7 강미형 / 농촌지원국 재해대응과 / 농업연구사8 양미숙 / 농촌지원국 재해대응과 / 농촌지도사9 박종문 / 농촌지원국 재해대응과 / 농촌지도사10 박명일 / 농촌지원국 재해대응과 / 주무관11 김창한 / 농촌지원국 재해대응과 / 농촌지도사12 최인후 / 농촌지원국 재해대응과 / 기술전문위원13 박해융 / 농촌지원국 재해대응과 / 기술전문위원14 성신상 / 농촌지원국 재해대응과 / 기술전문위원15 강신곤 / 농촌지원국 기술보급과 / 농촌지도관16 고창호 / 농촌지원국 기술보급과 / 농촌지도관17 이경재 / 농촌지원국 기술보급과 / 농촌지도관18 김현철 / 농촌지원국 기술보급과 / 농촌지도사19 장진경 / 농촌지원국 기술보급과 / 농촌지도사20 전승기 / 농촌지원국 식량산업기술팀 / 농촌지도관21 노석원 / 농촌지원국 식량산업기술팀 / 농촌지도사22 엄미옥 / 농촌지원국 식량산업기술팀 / 농촌지도사23 이세원 / 국립농업과학원 작물보호과 / 과장24 박병용 / 국립농업과학원 작물보호과 / 농업연구관25 박동석 / 국립농업과학원 작물보호과 / 농업연구관26 이봉춘 / 국립농업과학원 작물보호과 / 농업연구관27 이용환 / 국립농업과학원 작물보호과 / 농업연구관28 이관석 / 국립농업과학원 작물보호과 / 농업연구사29 이영기 / 국립농업과학원 작물보호과 / 농업연구사30 최효원 / 국립농업과학원 작물보호과 / 농업연구사31 정인홍 / 국립농업과학원 작물보호과 / 농업연구사32 류현주 / 국립농업과학원 작물보호과 / 농업연구사33 심교문 / 국립농업과학원 기후변화평가과 / 농업연구관34 강민구 /국립농업과학원 기후변화평가과 / 농업연구사35 최준열 / 국립농업과학원 작물기초기반과 / 과장36 김상민 / 국립식량과학원 작물기초기반과 / 농업연구사37 최낙중 / 국립식량과학원 작물기초기반과 / 농업연구사38 김현주 / 국립식량과학원 기술지원과 / 농업연구관39 김은영 / 국립식량과학원 재배환경과 / 농업연구사40 김동환 / 국립원예특작과학원 원예특작환경과 / 과장41 이성찬 / 국립원예특작과학원 원예특작환경과 / 농업연구관42 조인숙 / 국립원예특작과학원 원예특작환경과 / 농업연구관43 한유경 / 국립원예특작과학원 원예특작환경과 / 농업연구사44 이선영 / 국립원예특작과학원 원예특작환경과 / 농업연구사45 서미혜 / 국립원예특작과학원 원예특작환경과 / 농업연구사46 이동혁 / 국립원예특작과학원 사과연구소 / 소장47 양상진 / 국립원예특작과학원 사과연구소 / 농업연구관48 송장훈 / 국립원예특작과학원 배연구소 / 농업연구관49 강아랑 / 국립원예특작과학원 배연구소 / 농업연구사50 한승갑 / 국립원예특작과학원 감귤연구소 / 농업연구관2023년 농작물 병해충 발생정보(제2호)집 필 인김지성 , 채의석 , 김기형 , 전재용 , 박승무 , 이우일 , 강미형 , 양미숙 , 박종문 ,박명일 , 강권희발 행 처 농촌진흥청 재해대응과주소 54875 전북 전주시 덕진구 농생명로 300전화 (063) 238–1045~1049homepage : http://www.nongsaro.go.kr",2호.txt
2023,3,1,2023-03-01,2023-03-31,시설채소,모잘록병,예보,"고추,수박","❍ 고추, 수박 등의 어린 모에 발생하는 병으로 습도가 높고 야간에온도가 낮을 때, 밀식되어 모가 웃자랄 때 발생⇒ 육묘용 상토를 소독하거나 파종 직후나, 이식하기 2∼3주 전에 등록약제를 토양에 관주⇒ 질소질 비료의 과용을 피하고 햇볕이 잘 쪼이게 하여 모가 튼튼히자라도록 하고, 야간온도가 15℃이하로 내려가지 않도록 온도 관리를철저히 해줌.
⇒ 전염성이 강하므로 병든 식물을 발견하되면 즉시 제거하고 발병 초기에등록약제로 방제",3호.txt
2023,3,2,2023-03-01,2023-03-31,시설채소,잿빛곰팡이병,예보,딸기,"❍ 시설 내의 온도가 20℃ 전후로 낮고 비닐하우스천장에 이슬이 맺힐정도의 높은 습도가 지속될 경우 급속하게 확산의 우려가 있어 주의가 필요함
⇒ 적절한 환기로 시설 내의 습도를 낮추어 주되 보온에 유의하고,병이 발생되면 급속하게 번지는 특성이 있으므로 발생 초기에등록약제로 방제* 농촌진흥청웹페이지“농사로”에서농업기술동영상「딸기주요병해충방제」참고",3호.txt
2023,3,3,2023-03-01,2023-03-31,시설채소,"흰가루병, 노균병",예보,"딸기,멜론,방울토마토,오이","❍ (흰가루병) 분생포자가 공기로 전염되며 건조하면서 일교차가 심한환경에서 많이 발생하는데 1월 기온의 변화가 클 것으로 예상돼오이, 멜론 등 박과작물과 딸기 등에 발생 증가가 우려됨
⇒ 일조량이 부족하고 비료기가 많은 조건에서 발생이 많으므로 질소질 비료를 알맞게 주며, 병든 잎과 과실은 신속히 제거하고 병발생 초기에 등록 약제로 방제⇒ 흰가루병 포자는 일출 후부터 오전 10시경 까지 포자 비산이 가장 많이 이루어지므로 약제 살포는 10시 이전에 하는 것이 효과적이고, 같은 계통의 약제 연용 시 약제저항성이 생겨 방제효과가떨어지게 되므로 반드시 다른 계통의 약제를 번갈아 가며 살포
❍ (노균병) 시설 내의 습도가 높고 온도가 낮은 조건에서 발생이 많고,일조량이 부족하거나 거름기가 모자라 작물의 생육이 왕성하지못할 때 발생이 많음
⇒ 야간에 보온관리를 잘하여 저온이 되지 않도록 하고 웃거름 주기,햇볕 쪼임 등으로 생육을 튼튼하게 하고 시설 내 습도가 높아지지않도록 보온에 유의하며 환기를 철저히 해야 함
⇒ 특히 오이 시설재배 중 환기를 시키는 과정에서 찬바람이 식물체에직접 닿을 경우 노균병이 심하게 발생함으로 환기 할 때 유의⇒ 병이 발생된 포장은 병든 잎을 일찍 따낸 다음 발병 초기에 적용약제로 방제* 농촌진흥청웹페이지“농사로”에서농업기술동영상「토마토병해충및생리장해」참고",3호.txt
2023,3,4,2023-03-01,2023-03-31,시설채소,역병,예보,,"❍ 시설내 온도가 3∼26℃사이에서 발병이 가능하며 일교차가 크고다습할 때 심하게 발생함. 시설 내 환경조건이 저온 다습하여 역병이발병하기 좋을 조건일 경우 1∼2주 만에 포장이 황폐화되는 치명적인피해를 주기도 함. 밤 기온은 낮고, 낮에는 따뜻하여 일교차가 크고다습하여 발생할 가능성이 있음
⇒ 환기를 철저히 하여 시설 내부가 과습하지 않도록 하며, 잦은관수를 피하고 배수가 잘되게 관리⇒ 항상 포장을 청결히 하고 병든 잎이나 줄기는 조기에 제거하고예방적으로 적용약제를 살포",3호.txt
2023,3,5,2023-03-01,2023-03-31,시설채소,"노균병, 흑색썩음균핵병",주의보,"마늘,양파","1. 양파 노균병
❍ 양파를 이어짓는 포장을 중심으로 노균병이 매년 증가 하고있는추세로 기온이 15℃정도에서 비가 자주 내리고 안개 끼는 날이많으면 발생이 많아지는데 발병 이후에 약제로 방제를 할 경우 효과가거의 없으므로 사전 관리가 중요함
⇒ 포장을 습하지 않도록 관리하고 병이 발생한 포장은 병든 식물을 반드시제거하여 2차 감염을 차단해야 함
2. 양파, 마늘 흑색썩음균핵병
❍ 난지형 마늘에 발생이 많으며, 구근에 흰 균사가 발생하여 구근껍질이 검게 변하면서 흑색의 작은 균핵을 형성하고 오래되면 구근이물러 썩는 병으로 지상부 전체가 시들어 노랗게 마름⇒ 병든 포기를 발견하면 즉시 제거하여 전염원을 없애주고, 농기계등에 의해 병 발생 포장의 흙이 건전한 포장으로 유입되지 않도록주의하고 이어짓기 금지",3호.txt
2023,3,6,2023-03-01,2023-03-31,시설채소,딸기 꽃곰팡이병,예보,딸기,"❍ 암술에 녹색 곰팡이가 발생하는 병으로 심할 경우 꽃 전체가 마르면서 기형과를 유발하는 피해를 입힘
❍ 최근 한파로 인한 하우스 환기 부족, 폭설로 인한 과습, 일조부족 등으로 딸기의 생육이 저조하여 병 감염에 취약해진 상태임
❍ 병원균은 딸기꽃 외에도 시설 내 식물 잔재물, 토양, 유기물 등에서도 증식이 가능하며 저온과 습도가 높을 때 발생이 증가함
⇒ 시설 내 습도를 낮추고 식물체로 물방울이 떨어지지 않도록 하며식물체 잔재물을 제거하는 등 청결한 환경관리 필요",3호.txt
2023,3,7,2023-03-01,2023-03-31,시설채소,딸기 세균모무늬병,예보,딸기,"❍ 잎 뒷면에 뜨거운 물로 데친 것 같은 작은 점무늬가 형성되고 점차확대되어 잎 앞면에 점무늬를 형성함
❍ 후기의 병반은 세균 누출액으로 덮여 빛이 나고, 잎 전체가마르면서 갈색으로 변색되고 떨어지게 됨
❍ 세균 누출액이 튀거나 접촉으로 번지는 원인이 되고 딸기 러너에 의해 확산됨
⇒ 감염된 포장이나 모주를 통해 전염되므로 병에 걸린 포기는 제거하여 땅에 묻고, 병에 걸렸던 포장의 딸기는 절대 모주로 사용하지 말아야 함",3호.txt
2023,3,8,2023-03-01,2023-03-31,시설채소,총 채 벌 레 류․가 루 이 류․진 딧 물 류․응 애 류  등,예보,"감자,고추,방울토마토,오이","❍ (총채벌레류) 꽃노랑총채벌레 , 오이총채벌레 등은 오이, 고추,토마토 등 시설 내에서 연중 발생하는 해충으로 방제시기를 놓칠경우 바이러스병을 전염시켜 큰 피해를 주는 해충임
⇒ 해충의 크기가 작아 발견하기 어렵기 때문에 초기에 발생을 알지 못하여피해를 입는 경우가 많으므로 해충이 좋아하는 색깔(노란색)의끈끈이트랩을 매달아 발생을 예찰하고, 발생 시 초기에 방제
❍ (가루이류·진딧물류) 온실가루이와 담배가루이는 가지과 작물에서, 진딧물은 엽채류와 과채류에서 주로 발생하며 식물체의즙액을 빨아먹는 직접적인 피해뿐만 아니라 그을음병과 바이러스병 등을 유발함
❍ (응애류) 작물이 피해를 받으면 잎이 누렇게 변하여 말라 죽게 됨
⇒ 이들 해충은 일단 발생되면 방제가 어려우므로 방충망을 설치하는등 시설 안으로 들어오지 못하도록 막고, 크기가 작아 발생을 알아보기가 어려우므로 끈끈이를 매달아 주의 깊게 살펴봄⇒ 해충에 따라 발생 초기 천적을 투입하거나 등록 약제로 방제하고,약제 살포 시에는 안전사용기준을 지키고 계통이 다른 약제로바꾸어 가면서 살포하여 저항성 유발을 최소화【점박이응애 모습】 【점박이응애 피해】 【잎 뒷면에 발생한점박이응애 피해】
❍ (작은뿌리파리 ) 밭작물 , 채소, 화훼 등에서 전 생육기간 동안발생하며, 성충은 유기물이 풍부한 상토 또는 양액 육묘의 암면큐브 위 이끼에 산란하고 부화유충은 지제부와 뿌리에 해를입혀 지상부 시들음 증상을 유발⇒ 유충은 감자 절편에 잘 유인되기 때문에 깍두기 모양의 크기로절단하여 작물의 뿌리 주변에 놓아두면 발생 여부와 발생량을 예찰할 수 있음
⇒ 노란색 끈끈이 트랩을 지상부 50㎝ 이하에 설치해 두면 성충 발생여부와 발생량 예찰에 도움이 됨",3호.txt
2023,3,9,2023-03-01,2023-03-31,시설채소,토마토반점위조바이러스(TSWV),예보,"고추,방울토마토,파프리카","❍ 총채벌레가 즙액을 흡즙하면서 바이러스를 전염시키는 병으로 고추,토마토, 파프리카 등 특히 가지과 시설재배지에서 꾸준히 발생하고있으며, 밀도가 높아 방제시기를 놓칠 경우 피해가 커지기 때문에초기 예방이 중요
⇒ 방충망을 이용하여 시설 안으로 들어오는 총채벌레를 막고 발생초기 천적이나 등록약제로 방제⇒ 병에 걸린 식물은 발견 즉시 제거하여 병이 확산되는 것을 예방",3호.txt
2023,3,10,2023-03-01,2023-03-31,시설채소,토마토황화잎말림바이러스(TYLCV),예보,방울토마토,❍ 가지과 작물에서 담배가루이가 병을 매개하고 감염된 묘를 통해확산될 수 있으므로 육묘 단계부터 정식 초기에 예찰을 강화하여감염여부를 판단하고 정식 후에는 잎 뒷면과 포장주위를 살펴보아담배가루이를 철저히 방제⇒ 병을 감염시키는 담배가루이는 세대 기간이 짧고 번식력이 강하므로방충망을 설치하여 시설 안으로 담배가루이가 들어오는 것을 막고 발생초기에 등록약제를 이용하여 방제하는 등 철저한 관리로 확산을방지하여 예방,3호.txt
2023,3,11,2023-03-01,2023-03-31,시설채소,쥬키니황화모자이크바이러스(ZYMV),예보,"오이,호박","❍ 박과 작물인 호박, 오이 등에 많이 발생하며 과채류에서 전년에 이어지속적으로 발생 될 것으로 예상됨, 진딧물에 의하여 병을 매개하는한편 이병식물의 접촉에 의한 전염도 가능하므로 농작업 시 주의가 필요
⇒ 매개충인 진딧물 방제를 철저히 하고, 작물이 시설 내에 연중재배되어 항상 전염원은 있으므로 농작업시 즙액에 의한 접촉전염을 막기 위해 병든 식물체는 즉시 제거해야 함",3호.txt
2023,3,12,2023-03-01,2023-03-31,과수,과수화상병․과수가지검은마름병,예보,"도라지,사과","❍ (과수화상병) 사과, 배 등의 병든 꽃은 수침상이 되고 쭈그러든후 흑갈색으로 변해 떨어지거나 나무에 매달려 있게 되고 꽃이달린 가지나 인접한 가지로 진전되어 잎맥을 따라 흑갈색의병반이 생기고 병이 진전됨에 따라 병든 잎은 말리고, 쭈그러들어보통은 가지에 매달려 있음. 병든 가지의 나무껍질은 흑갈색으로변하면서 물러졌다가 후에 위축되고 단단해져 궤양병반을 형성⇒ 과수화상병 궤양은 표피를 칼로 벗길 경우 형성층이 갈변, 유사증상은 건전한 부위가 바로 갈변되지 않고, 수분 후 약하게 갈변⇒ 한번 걸리면 방제가 불가능하기 때문에 예방을 위하여 과수원을청결하게 관리하고 농작업을 하는 사람의 과수원 출입시 사람과작업도구 등을 수시로 소독⇒ 의심증상 발견 시에는 전국 대표전화(1833-8572) 또는 가까운농업기술센터·농업기술원에 즉시 신고, 병균의 밀도가 낮아 진단되지 않더라도 갈변궤양은 끝에서 40~70cm 아래를 절단․제거
❍ (과수가지검은마름병) 과수화상병과 증상이 비슷하여 육안으로는구분이 불가하며, 발생시기와 전파경로, 피해증상이 유사함.",3호.txt
2023,3,13,2023-03-01,2023-03-31,과수,주경배나무이,예보,,"❍ 배에 발생하는 주경배나무이는 거친 껍질 밑에서 성충상태로월동을 하고, 지역과 겨울철 기온에 따라 2월 중순부터 나무위쪽의 열매가 달리는 가지로 이동하며 3월 상순부터 산란을시작하고 개화 전 무렵부터 알이 부화됨
⇒ 기계유유제의 경우 산란된 알에 대해서는 효과가 거의 없기 때문에가능한 한 최적 방제시기 초기에 방제하는 것이 효과적임
⇒ 겨울형 성충이 산란한 알은 개화기 무렵 부화하며 약제에 의해방화곤충의 피해가 없도록 최소 개화 일주일 전 혹은 만개기 직후에 방제하는 것이 효과적임
⇒ 국가농작물병해충관리시스템(http://ncpms.rda.go.kr)의「병해충예측-병해충예측지도」메뉴에서 내 농장 지역의 최적방제시기와과수원내 주경배나무이 밀도를 살펴보고 기계유유제 살포* 농촌진흥청웹페이지“농사로”에서농업기술동영상「주경배나무이방제기술」참고※ 중부지방 방제시기: 2월부터 최고온도 6℃이상의 날이 16∼20일이되면 월동한 성충의 약 80%가 나무로 이동함. 이때 기계유유제(약12.5 ∼17ℓ/물 500 ℓ) 살포* 남부 지방은 주경배나무이의 이동이 10일 정도 빠름을 감안하여방제 시기를 결정* 단, 줄기마름병이 많이 발생하거나 찬 기운이 정체돼 언 피해가잦은 농가는 기계유유제 대신 주경배나무이 적용 약제를 살포1개월 기상전망            (출처 : 국립농업과학원, 기상청)기온은 1주, 4주는 평년과 비슷하겠고, 2주는 평년보다 높겠으며, 3주는 평년과비슷하거나 높겠음
강수량은 1주, 4주는 평년과 비슷하겠고, 2주, 3주는 평년과 비슷하거나 많겠음
❍ 1주(3.13~3.19): 이동성 고기압의 영향을 받겠고, 북쪽을 지나는 기압골의영향을 받을 때가 있겠음
- 기온은 평년과 비슷하겠고, 강수량은 평년과 비슷하겠음
❍ 2주(3.20~3.26): 이동성 고기압의 영향을 받겠고, 남쪽을 지나는 저기압의영향을 받을 때가 있겠음
- 기온은 평년보다 높겠고, 강수량은 평년과 비슷하거나 많겠음
❍ 3주(3.27~4.2): 이동성 고기압의 영향을 받겠고, 남쪽을 지나는 저기압의 영향을 받을 때가 있겠음
- 기온은 평년과 비슷하거나 높겠고, 강수량은 평년과 비슷하거나 많겠음
❍ 4주(4.3~4.9): 이동성 고기압의 영향을 주로 받겠으나, 일시적으로 찬 공기의 영향을 받을 때가 있겠음
- 기온은 평년과 비슷하겠고, 강수량은 평년과 비슷하겠음",3호.txt
2023,3,14,2023-03-01,2023-03-31,과수,주경배나무이,예보,,"농업지대 지역평균기온 강수량1주 2주 3주 4주 1주 2주 3주 4주(3.13~3.19)(3.20~3.26) (3.27~4.2) (4.3~4.9) (3.13~3.19) (3.20~3.26) (3.27~4.2) (4.3~4.9)1.태백고냉 대관령 비슷 높음 조금높음 비슷 비슷 조금많음 조금많음 비슷2.태백준고냉 인제,홍천,제천 비슷 높음 조금높음 비슷 비슷 조금많음 조금많음 비슷3.소백산간 충주,보은 비슷 높음 조금높음 비슷 비슷 조금많음 조금많음 비슷4.노령소백산간 임실 비슷 높음 조금높음 비슷 비슷 조금많음 조금많음 비슷5.영남내륙산간 추풍령,영주,문경 비슷 높음 조금높음 비슷 비슷 많음 조금많음 비슷6.중북부내륙 춘천,양평 비슷 높음 조금높음 비슷 비슷 조금많음 조금많음 비슷7.중부내륙 원주,이천 비슷 높음 조금높음 비슷 비슷 조금많음 조금많음 비슷8.소백서부내륙 청주,대전,금산 비슷 높음 조금높음 비슷 비슷 조금많음 조금많음 비슷9.노령동서내륙 정읍,남원,거창,산청 비슷 높음 조금높음 비슷 비슷 조금많음 조금많음 비슷10.호남내륙 광주,순천,장흥 비슷 높음 조금높음 비슷 비슷 많음 조금많음 비슷11.영남분지 대구,의성,구미,영천 비슷 높음 조금높음 비슷 비슷 많음 조금많음 비슷12.영남내륙 진주,합천,밀양 비슷 높음 조금높음 비슷 비슷 많음 조금많음 비슷13.중서부평야 서울,인천,수원,서산,강화,천안,보령 비슷 높음 조금높음 비슷 비슷 조금많음 조금많음 비슷14.차령남부평야 군산,전주,부여,부안 비슷 높음 조금높음 비슷 비슷 조금많음 조금많음 비슷15.남서해안 목포,완도,해남,고흥 비슷 높음 조금높음 비슷 비슷 많음 조금많음 비슷16.남부해안 부산,통영,여수,거제,남해 비슷 높음 조금높음 비슷 비슷 많음 조금많음 비슷17.동해안북부 속초,강릉 비슷 높음 조금높음 비슷 비슷 조금많음 조금많음 비슷18.동해안중부 울진,영덕 비슷 높음 조금높음 비슷 비슷 많음 조금많음 비슷19.동해안남부 포항,울산 비슷 높음 조금높음 비슷 비슷 많음 조금많음 비슷20.제주 제주,성산,서귀포 비슷 높음 조금높음 비슷 비슷 많음 조금많음 비슷평균 비슷 높음 조금높음 비슷 비슷 조금많음 조금많음 비슷10일(2023.03.05.~03.12.) 예보(기상청, 2023.03.02., 06:00)<기상예보>
❍ (기온) 아침 기온은 -2~10℃, 낮 기온은 10~22℃로 평년(최저기온 -3~4℃, 최고기온 8~14℃)보다 높겠고, 내륙을 중심으로 낮과 밤의 기온차가 15℃ 내외로 매우 크겠음
❍ (강수) 대체로 맑은 날이 많겠음
<날씨><최저/최고기온>최근 경과기상과 향후 기상전망<기온><강수량>연도별 평균기온
❍ ‘23년 1월부터 3월 1주차까지의 평균기온은 1.5℃로, 평년(0.7)보다 0.8℃ 높았음
- ’23년 3월 1주차의 평균기온은 4.4℃로, 평년(3.7)보다 0.7℃ 높았음",3호.txt
2023,3,15,2023-03-01,2023-03-31,과수,주경배나무이,예보,"부추,상추,시금치,쑥갓,쪽파,호박","기 간 1월 2월3월 분석기간1.1~3.1 2.23~3.11주(2.23~3.1)평균(℃)편차(℃)평균(℃)편차(℃)2023년 0.0 3.0 4.4 1.5 0.8 4.4 0.72022년 -0.2 0.4 3.1 0.2 -0.5 3.1 -0.62021년 -0.4 3.9 6.0 1.7 1.0 6.0 2.32020년 3.0 3.8 6.3 3.5 2.8 6.3 2.62019년 0.5 2.6 6.2 1.6 0.9 6.2 2.52018년 -1.8 0.0 4.4 -0.9 -1.6 4.4 0.72017년 0.3 1.8 3.4 1.1 0.4 3.4 -0.32016년 -0.6 1.9 1.6 0.6 -0.1 1.6 -2.12015년 0.8 2.2 3.0 1.5 0.8 3.0 -0.72014년 0.7 2.7 6.0 1.7 1.0 6.0 2.32013년 -1.8 0.8 4.1 -0.5 -1.2 4.1 0.410년평균 0.0 2.0 4.4 1.1 0.4 4.4 0.7평 년 -0.4 1.7 3.7 0.7 0.0 3.7 0.0* 10년 평균 : 최근 10년(2013~2022년)동안의 평균기온의 평균** 평년 : 30년(1991～2020년)동안의 평균기온의 평균*** 편차 : 평년의 평균기온에 대한 연도별 평균기온의 차이연도별 강수량
❍ ‘23년 1월부터 3월 1주차까지의 강수량의 합은 65.3㎜로, 평년(70.0)보다
4.7㎜ 적었음(평년대비 93.3%)
- ’23년 3월 1주차의 강수량의 합은 1.8㎜로, 평년(13.1)보다 11.3㎜ 적었음
(평년대비 13.7%)기 간 1월 2월3월분석기간1.1~3.1 2.23~3.11주(2.23~3.1)합계(㎜)대비(%)합계(㎜)대비(%)2023년 44.9 20.0 1.8 65.3 93.3 1.8 13.72022년 5.0 5.5 3.3 12.7 18.1 3.3 25.22021년 25.4 23.4 53.4 96.4 137.7 53.4 407.62020년 85.7 62.1 31.6 148.0 211.4 31.6 241.22019년 9.7 34.5 0.6 44.2 63.1 0.6 4.62018년 25.5 36.6 32.7 63.3 90.4 32.7 249.62017년 18.6 36.0 2.4 56.6 80.9 2.4 18.32016년 32.9 50.6 9.4 83.4 119.1 9.4 71.82015년 31.9 31.0 3.1 63.8 91.1 3.1 23.72014년 14.0 34.8 9.8 51.7 73.9 9.8 74.82013년 29.7 53.9 5.3 88.4 126.3 5.3 40.510년평균 27.8 36.8 15.2 70.9 101.3 15.2 116.0평 년 30.6 37.5 13.1 70.0 100.0 13.1 100.0* 10년 평균 : 최근 10년(2013~2022년)동안의 강수량의 평균** 평년 : 30년(1991～2020년)동안의 강수량의 평균*** 대비 : 평년의 강수량에 대한 연도별 강수량의 비율3월 주요 품목별 농약 사용 주의보3월 주요 품목별 농약 사용 주의보★3월에 검출된 47개 조합(26품목/29성분)★* 이 자료는 국립농산물품질관리원 안전성조사 결과 중 ’22년도 부적합 발생 품목 및농약 성분을 바탕으로 작성했습니다.
□ 지역별 부적합 발생 우려 정보
❍ 주요 부적합 우려 품목(성분)
- [인천광역시] 민들레(플루퀸코나졸)
- [대전광역시] 쑥갓(플룩사피록사드)
- [울산광역시] 부추(터부포스)
- [경기도] 겨자채(플룩사메타마이드),고수(알라클로르, 사이아조파미드,에토프로포스, 플룩사메타마이드,메타플루미존, 피리달릴), 애플민트(카벤다짐)
- [강원도] 쪽파(터부포스)
- [충청남도] 들깻잎(페노뷰카브, 플루오피람, 이프로벤포스, 아이소프로티올레인), 머위(터부포스), 상추(포레이트), 쑥부쟁이(카두사포스), 쪽파(카보퓨란, 오메토에이트, 터부포스),호박(쥬키니호박)(프로파모카브, 톨클로포스메틸)
- [전라북도] 시금치(에토프로포스), 참나물(펜디메탈린)",3호.txt
2023,3,16,2023-03-01,2023-03-31,과수,주경배나무이,예보,"감귤,마늘,멜론,미나리,부추,상추,시금치,아욱,오이","- [전라남도] 머위(에토프로포스, 터부포스), 방풍나물(디페노코나졸), 수삼(플루디옥소닐), 취나물(알라클로르,카두사포스, 펜디메탈린)
- [경상북도] 미나리(이프로벤포스), 방풍나물(클로르피리포스), 시금치(터부포스)
- [경상남도] 가지(프로사이미돈), 마늘(포레이트), 멜론(프로사이미돈),미나리(포레이트), 부추(포레이트),상추(포레이트), 아욱(플루벤디아마이드), 오이(메트코나졸)
- [제주특별자치도] 무(포레이트), 감귤(천혜향)(EPN), 들깻잎(포레이트)※ 전국적으로 토양처리 살충제 농약(입제) 성분인 터부포스,포레이트 잔류농약 부적합이 많이 발생되고 있습니다.
농업인께서는 해당 성분의 농약을 사용이 등록된 작물에만안전사용기준을 반드시 준수하여 살포하시기 바랍니다.
□ 부적합 발생 우려 품목/성분의 잔류허용기준 및 농약등록 유무품목 검출성분잔류허용기준(mg/kg) 잔류허용기준적용 근거농약 안전사용기준등록 유무‘22.2. ‘23.1.
무 Phorate 0.05 0.05 당해성분 당해품목 등록(단제, 합제)가지 Procymidone 0.01 0.01 일률기준 미등록감귤 EPN 0.01 0.01 일률기준 미등록겨자채 Fluxametamide 0.01 0.01 일률기준 미등록고수Alachlor 0.01 0.01 일률기준 미등록Cyazofamid 0.01 0.01 일률기준 미등록Ethoprophos 0.01 0.01 일률기준 미등록Fluxametamide 0.01 0.01 일률기준 미등록Metaflumizone 0.01 0.01 일률기준 미등록Pyridalyl 0.01 0.01 일률기준 미등록들깻잎Fenobucarb 0.01 0.01 일률기준 미등록Fluopyram 0.1 0.1 소분류기준(엽채류) 미등록Iprobenfos 0.01 0.01 일률기준 미등록Isoprothiolane 0.01 0.01 일률기준 미등록Phorate 0.05 0.05 당해성분 당해품목 미등록마늘 Phorate 0.01 0.05(기준변경) 당해성분 당해품목 등록(단제, 합제)머위Ethoprophos 0.01 0.01 일률기준 미등록Terbufos 0.01 0.01 일률기준 미등록메론 Procymidone 0.05 0.05 소분류기준(박과과채류) 미등록미나리Iprobenfos 0.01 0.01 일률기준 미등록Phorate 0.01 0.01 일률기준 미등록민들레 Fluquinconazole 0.05 0.05 소분류기준(엽채류) 미등록방풍나물Chlorpyrifos 0.01 0.01 일률기준 미등록Difenoconazole 0.01 0.01 일률기준 미등록부추Phorate 0.1 0.1 당해성분 당해품목 등록(단제, 합제)Terbufos 0.05 0.05 당해성분 당해품목 등록(단제, 합제)품목 검출성분잔류허용기준(mg/kg) 잔류허용기준적용 근거농약 안전사용기준등록 유무‘22.2. ‘23.1.",3호.txt
2023,3,17,2023-03-01,2023-03-31,과수,주경배나무이,예보,"감귤,사과,상추,시금치,쑥갓,아욱,오이,쪽파,호박","상추 Phorate 0.01 0.01 일률기준 미등록수삼 Fludioxonil 0.5 0.5 당해성분 당해품목 등록(단제, 합제)쑥부쟁이Cadusafos 0.01 0.01 일률기준 미등록Carbendazim 0.01 0.01 일률기준 미등록시금치Ethoprophos 0.02 0.02 당해성분 당해품목 등록(단제, 합제)Terbufos 0.05 0.05 당해성분 당해품목 등록(단제, 합제)쑥갓Fluxapyroxad 0.05 0.05 당해성분 당해품목 미등록Prochloraz 0.01 0.01 일률기준 미등록아욱 Flubendiamide 0.01 0.01 일률기준 미등록애플민트 Carbendazim 0.01 0.01 일률기준 미등록오이 Metconazole 0.01 0.01 일률기준 미등록쪽파Carbofuran 0.05 0.05 당해성분 당해품목 미등록(벤퓨라카브 등록)Omethoate 0.01 0.05(기준변경) 당해성분 당해품목 미등록(디메토에이트 등록)Terbufos 0.05 0.05 당해성분 당해품목 등록(단제, 합제)참나물 Pendimethalin 0.01 0.07(기준변경) 당해성분 당해품목 미등록참당귀잎 Alachlor 0.01 0.01 일률기준 미등록취나물Alachlor 0.01 0.01 일률기준 미등록Cadusafos 0.2 0.2 당해성분 당해품목 등록(단제)Pendimethalin 0.01 0.01 일률기준 미등록호박Propamocarb 0.01 0.01 일률기준 미등록Tolclofos-methyl 0.01 0.01 일률기준 미등록자료제공 및 검토 전문가 명단구분 성명 /  소속 / 직급1 김지성 / 농촌지원국 재해대응과 / 과장2 채의석 / 농촌지원국 재해대응과 / 농촌지도관3 김기형 / 농촌지원국 재해대응과 / 농촌지도관4 김상목 / 농촌지원국 재해대응과 / 농업연구관5 박승무 / 농촌지원국 재해대응과 / 농촌지도관6 이우일 / 농촌지원국 재해대응과 / 농촌지도사7 최효원 / 농촌지원국 재해대응과 / 농업연구사8 양미숙 / 농촌지원국 재해대응과 / 농촌지도사9 맹권재 / 농촌지원국 재해대응과 / 농업주사보10 박명일 / 농촌지원국 재해대응과 / 주무관11 최인후 / 농촌지원국 재해대응과 / 기술전문위원12 박해융 / 농촌지원국 재해대응과 / 기술전문위원13 성신상 / 농촌지원국 재해대응과 / 기술전문위원14 강신곤 / 농촌지원국 기술보급과 / 농촌지도관15 고창호 / 농촌지원국 기술보급과 / 농촌지도관16 김현철 / 농촌지원국 기술보급과 / 농촌지도사17 장진경 / 농촌지원국 기술보급과 / 농촌지도사18 노석원 / 농촌지원국 식량산업기술팀 / 농촌지도사19 엄미옥 / 농촌지원국 식량산업기술팀 / 농촌지도사20 윤  송 / 농촌지원국 식량산업기술팀 / 농촌지도사21 이세원 / 국립농업과학원 작물보호과 / 과장22 박병용 / 국립농업과학원 작물보호과 / 농업연구관23 박동석 / 국립농업과학원 작물보호과 / 농업연구관24 이봉춘 / 국립농업과학원 작물보호과 / 농업연구관25 이용환 / 국립농업과학원 작물보호과 / 농업연구관26 이관석 / 국립농업과학원 작물보호과 / 농업연구사27 이영기 / 국립농업과학원 작물보호과 / 농업연구사28 강미형 / 국립농업과학원 작물보호과 / 농업연구사29 정인홍 / 국립농업과학원 작물보호과 / 농업연구사30 류현주 / 국립농업과학원 작물보호과 / 농업연구사31 심교문 / 국립농업과학원 기후변화평가과 / 농업연구관32 강민구 /국립농업과학원 기후변화평가과 / 농업연구사33 최준열 / 국립농업과학원 작물기초기반과 / 과장34 김상민 / 국립식량과학원 작물기초기반과 / 농업연구사35 최낙중 / 국립식량과학원 작물기초기반과 / 농업연구사36 김현주 / 국립식량과학원 기술지원과 / 농업연구관37 김은영 / 국립식량과학원 재배환경과 / 농업연구사38 김동환 / 국립원예특작과학원 원예특작환경과 / 과장39 이성찬 / 국립원예특작과학원 원예특작환경과 / 농업연구관40 조인숙 / 국립원예특작과학원 원예특작환경과 / 농업연구관41 한유경 / 국립원예특작과학원 원예특작환경과 / 농업연구사42 이선영 / 국립원예특작과학원 원예특작환경과 / 농업연구사43 서미혜 / 국립원예특작과학원 원예특작환경과 / 농업연구사44 윤정범 / 국립원예특작과학원 원예특작환경과 / 농업연구사45 이동혁 / 국립원예특작과학원 사과연구소 / 소장46 양상진 / 국립원예특작과학원 사과연구소 / 농업연구관47 송장훈 / 국립원예특작과학원 배연구소 / 농업연구관48 강아랑 / 국립원예특작과학원 배연구소 / 농업연구사49 한승갑 / 국립원예특작과학원 감귤연구소 / 농업연구관2023년 농작물 병해충 발생정보(제3호)집 필 인김지성 , 채의석 , 김기형 , 김상목 , 박승무 , 이우일 , 최효원 , 양미숙 , 맹권재 ,박명일 , 강권희발 행 처 농촌진흥청 재해대응과주소 54875 전북 전주시 덕진구 농생명로 300전화 (063) 238–1045~1049homepage : http://www.nongsaro.go.kr",3호.txt
2023,4,1,2023-04-01,2023-04-30,식량작물,벼 종자전염성 병해충,예보,벼,"❍ 키다리병, 도열병, 깨씨무늬병, 벼잎선충 등은 종자소독으로 피해를줄일 수 있는데, 최근 몇 년간 일부 지역에서 도열병, 벼잎선충의밀도가 증가한 사례가 있음
- 종자소독 약제는 주기적으로 다른 계통으로 바꾸어 사용□ 소금물가리기
❍ 볍씨가 발아하여 3~4엽이 자랄 때 까지는 배유에 저장된 양분에 의하여자라므로 튼튼한 종자를 얻으려면 충실하게 등숙된 볍씨를 골라야 함
❍ 충실한 종자는 무거운 종자를 의미하므로 이를 가려내기 위하여소금물에 담가 염수선(鹽水選)을 실시
❍ 메벼는 염수선 비중을 1.13(물 20ℓ + 소금 4.24㎏), 찰벼는 비중1.04(물 20ℓ + 소금 1.36㎏)에서 가라앉는 볍씨를 사용
❍ 소금물가리기 할 때 볍씨를 소금물에 오래 담가 두면 발아를 해치기쉬우므로 곧 바로 맑은 물로 씻어야 함
□ 온탕소독
❍ 물 온도 60℃에 10분간 담가 소독한 후 바로 냉수에 담가 식혀 줌
❍ 온탕침지에 민감한 ‘고운벼’, ‘삼광벼’, ‘운광벼’, ‘일미벼’, ‘풍미벼’,‘동진1호’, ‘서안1호’, ‘신운봉1호’ 등의 품종은 위의 소독조건(60℃,10분)을 지키지 않을 경우 발아율이 떨어질 수 있으므로 주의해야 함
□ 약제 침지소독① 종자소독기에 물을 종자량에 맞게 채움(종자 10㎏ 당 물 20ℓ)② 물 온도를 30℃까지 올린 후에 종자소독약을 정량으로 희석※선충방제를위하여등록살충제와함께희석③ 종자를 10㎏ 단위로 물이 통할 수 있는 망에 담아 침지④ 소독액에 30℃에서 48시간 침지 후에 깨끗한 물로 교체한 후 싹이움트기 시작하면 싹틔우기 실시⑤ 품종에 따라 48시간 이전에 싹이 나오면 바로 싹틔우기 작업 실시",4호.txt
2023,4,2,2023-04-01,2023-04-30,식량작물,"모잘록병, 뜸모",예보,,"❍ 모가 연약하고 밤낮의 온도차가 클 때 피해가 많음
⇒ 못자리 병은 육묘상자에 묻어 있는 흙속에 병원균이 잠복하고있으므로 작년에 사용한 육묘상자는 맑은 물로 깨끗이 씻어 사용⇒ 알맞은 양을 파종하고 온도 및 환기 등의 관리를 철저히 함",4호.txt
2023,4,3,2023-04-01,2023-04-30,식량작물,맥류 붉은곰팡이병,주의보,보리,"❍  4월 출수기 전후 비가 자주 오면 붉은곰팡이병 발생이 증가할 수있으므로 기상예보에 맞추어 예방적으로 약제를 살포하고 배수로정비 등 물관리를 철저히 해야 함
- 2018년 4월 하순 보리 출수기의 고온과 연속강우로 다발생* 연도별병든이삭률:(‘02)54.7 →(’11)14.4 →(’15)9.5 →(’18)16.2 →(’19)0.2%⇒ 약제 방제 적기는 밀, 쌀보리는 개화 최성기(출수 후 약 7∼10일)이고,맥주보리는 이삭이 거의 팬 날로부터 10일 후(葯추출 시)에 실시⇒ 맥류의 생육단계는 품종과 포장에 따라 다르므로 포장별 생육상황과 기상을 잘 살펴 방제 실시",4호.txt
2023,4,4,2023-04-01,2023-04-30,채소,"잎마름병(마늘, 양파)",예보,"마늘,양파","❍ 잎마름병은 양파와 마늘의 잎에서 동시에 발생하는 곰팡이병으로4월 온도가 평년과 비슷하거나 높고 강수량은 평년과 비슷하거나적을 것으로 예측됨
⇒ 4~5월 고온다습 환경 시 발생이 증가하며, 주기적인 예찰을 실시하여 발생 초기에 등록약제로 방제해야 함",4호.txt
2023,4,5,2023-04-01,2023-04-30,채소,양파노균병,주의보,양파,"❍ 전남 해안가 지역에 최근 큰 일교차로안개 발생이 많아 노균병 발생이 예찰되고있어 등록약제로 방제가 필요
⇒ 양파 노균병은 4월 상순~중순이 방제적기이며 비온 뒤 철저히 방제실시",4호.txt
2023,4,6,2023-04-01,2023-04-30,채소,"흑색썩음균핵병(마늘, 양파)",예보,"마늘,양파",❍ 양파와 마늘이 감염되면 아랫잎부터 황갈색으로 변하며 구근에 흰균사가 발생하여 구근 껍질이 검게 변하면서 구근이 물러 썩는 병으로 지상부 전체가 시들어 노랗게 마름⇒ 습한 토양에서 피해가 크므로 물빠짐(배수) 관리와 함께 초기에방제용 약제로 방제함,4호.txt
2023,4,7,2023-04-01,2023-04-30,채소,"잿빛곰팡이병(딸기, 오이, 토마토, 상추 등)",예보,"딸기,방울토마토,상추,오이","❍ 시설 내의 온도가 낮고 비닐천장에 이슬이 맺힐 정도의 높은 습도가계속될 경우 병 발생이 증가함
⇒ 적절한 환기로 시설내의 습도를 낮추어 주되 보온에 유의하고,병이 발생되면 급속하게 번지는 특성이 있으므로 발생 초기에등록약제로 방제하되 약제를 바꾸어 가며 사용해야 함
⇒ 병든 식물은 시설 밖으로 빼내어 땅속에 묻는 등 전염원을 차단하여야 함",4호.txt
2023,4,8,2023-04-01,2023-04-30,채소,"흰가루병(딸기, 오이, 메론 등)",예보,"딸기,오이","❍ 일조가 부족하고 밤낮의 기온차가 심하며 다비재배를 할 때 발생이 증가⇒ 시설 내의 환경관리를 잘 조절해주며 병든 식물은 속히 제거하고질소가 과용되지 않도록 균형시비를 하면서 병 발생 초기에 방제⇒ 일출 후부터 오전 10시경 까지 흰가루병 포자 비산이 가장 많이이루어지므로 약제는 10시 이전 살포 하는 것이 효과적이고, 같은계통의 약제 연용보다 다른 계통의 약제를 번갈아 가며 살포",4호.txt
2023,4,9,2023-04-01,2023-04-30,채소,토마토궤양병,예보,방울토마토,"❍ 토마토궤양병은 종자 또는 토양을 통해서 전염이 되고 전염성이 높음
❍ 잎, 줄기, 열매에서 주로 발생되며 줄기에는 황갈색 점무늬가 나타나고 진전되면 궤양증상을 보이며 심하면 그루 전체가 시들어 마름⇒ 건전한 종자를 사용하고 반드시 종자소독을 실시해야하며 ,농작업 전 기구들은 차아염소산나트륨 등으로 소독하고 발병시 등록약제로 즉시 방제함",4호.txt
2023,4,10,2023-04-01,2023-04-30,채소,"고자리파리, 뿌리응애(마늘, 양파)",예보,"마늘,양파","❍ (고자리파리) 마늘, 양파 등 보통 4월 중·하순에 발생이 가장 많음
- 최근 따뜻하고 습한 겨울 날씨로 인해 해마다 남해안 일부 지역에서발생하여 피해를 주고 있으며, 애벌레(구더기)가 뿌리를 갉아먹어 아래 잎부터 노랗게 말라 죽으며 심하면 포기 전체가 말라 죽게 됨
⇒ 토양살충제를 뿌린 후 흙과 잘 섞이도록 하고, 비닐피복 재배시에는 적용 약제를 관주 처리함
❍ (뿌리응애) 마늘, 양파 등 땅속의 구근을 가해하며, 초기에는 잘 나타나지 않으나 점차 지상부의 생육이 나빠지고 구근 부패의 원인이 됨
⇒ 일부지역에서는 뿌리응애, 작은뿌리파리, 구근선충이 2종 혹은 3종이 동시에 발생하여피해를 주고 있음
⇒ 작은뿌리파리와 뿌리응애의 방제법은 고자리파리에 준하며구근선충은 살선충제로 방제",4호.txt
2023,4,11,2023-04-01,2023-04-30,채소,"총채벌레류, 가루이류, 진딧물, 응애류",예보,"고추,딸기,방울토마토,오이","❍ (총채벌레류) 꽃노랑총채벌레 , 오이총채벌레 등은 날개모양이 총채처럼 생긴 작은 해충으로 오이, 고추, 토마토, 딸기 등 시설 내에서 연중 발생하는 해충으로 방제시기를 놓칠 경우 바이러스병을 전염시켜 피해를 주는 해충임
⇒ 해충의 크기가 작아 발견하기 어렵기 때문에 초기에 발생을 알지 못하여 피해를 입는 경우가 많으므로 해충이 좋아하는 색깔의 끈끈이트랩을 매달아 발생을 예찰하고, 발생 시 초기에 방제
❍ (가루이류, 진딧물) 온실가루이와 담배가루이는 토마토와 같은 가지과작물에서, 진딧물은 엽채류와 과채류에서 주로 발생하며 식물의즙액을 빨아먹는 직접적인 피해뿐만 아니라 그을음병과 바이러스병등을 유발하여 상품성을 떨어뜨림⇒ 크기가 작아 육안으로 관찰하기 힘들고 일단 발생되면 방제가어려우므로 외부 유입통로에 방충망을 설치하는 등 시설 안으로들어오지 못하도록 막고, 점착트랩을 매달아 주의 깊게 살펴봄⇒ 예방적 조치로 해충에 따라 천적을 투입하여 방제하고 국부적으로해충이 집중 발생하였을 경우 작물별 적용농약으로 방제
❍ (점박이응애) 딸기에 발생하면 잎을 누렇게 변하여 말라죽게 되어생육을 억제하는데 최근 딸기 재배지에서 발생이 확인되고 있어주의가 필요함
⇒ 이들 해충은 세대 기간이 짧아 연간 발생횟수가 많고 증식률이높으며, 모를 통해서 유입되는 것을 막기 위하여 모종을 철저하게방제함은 물론 방충망을 설치하여 해충 유입을 방지하고, 적용약제를 이용하여 발생초기에 방제",4호.txt
2023,4,12,2023-04-01,2023-04-30,채소,토마토반점위조바이러스(TSWV),예보,"고추,방울토마토,파프리카","❍ 총채벌레가 즙액을 흡즙하면서 바이러스를 전염시키는 병으로 고추,토마토, 파프리카 등 특히 전년도 발생이 많았던 가지과 시설재배지에서 꾸준히 발생하고 있으며, 밀도가 높아 방제시기를 놓칠 경우피해가 커지기 때문에 초기 예방이 중요
⇒ 방충망을 이용하여 시설 안으로 들어오는 총채벌레를 막고 발생초기 천적이나 등록약제로 방제⇒ 병에 걸린 식물은 발견 즉시 제거하여 병이 확산되는 것을 예방",4호.txt
2023,4,13,2023-04-01,2023-04-30,채소,토마토황화잎말림바이러스(TYLCV),예보,방울토마토,❍ 가지과 작물에서 담배가루이가 병을 매개하고 감염된 묘를 통해확산될 수 있으므로 육묘 단계부터 정식 초기에 예찰을 강화하여감염여부를 판단하고 정식 후에는 잎 뒷면과 포장주위를 살펴보아담배가루이를 철저히 방제⇒ 병을 감염시키는 담배가루이는 세대 기간이 짧고 연간 발생횟수가 많아번식률이 강하므로 방충망을 설치하여 시설 안으로 담배가루이가 들어오는 것을 막고 발생 초기에 등록약제를 이용하여 방제하는 등 철저한관리로 확산을 방지하여 예방⇒ 발생된 시설재배 농가 주변지역은 담배가루이의 기주식물이 되는잡초와 병이 걸린 식물은 뽑아서 제거,4호.txt
2023,4,14,2023-04-01,2023-04-30,과수,검은별무늬병,예보,사과,"❍ 개화기 이후 잦은 강우 시 병 발생이 확산되므로 방제시기를 놓치지 않도록 주의 해야함
⇒ 국가농작물병해충관리시스템(http://ncpms.rda.go.kr)의 병해충예측
-병해충예측지도 메뉴에서 내 농장 지역의 감염위험 시간 정보(경고값 2이상인 경우)에 따라 최초 경보 시 반드시 적기 방제 실시[검은별무늬병 - 배] [검은별무늬병 - 사과]",4호.txt
2023,4,15,2023-04-01,2023-04-30,과수,참다래 궤양병,예보,"오리,참다래","❍ 참다래 궤양병 중 고위험 병원형인 Psa 3가 ’14년부터 남해안과제주지역에 발생하였는데 수액 이동기에 발병할 가능성이 크기때문에 이에 대한 철저한 대비 필요
❍ 병원형 Psa 3는 기존 국내에 발생하고 있는 Psa 2보다 전염성과그 위험도가 매우 높음
❍ 3∼4월 수액이 이동할 때 동해를 입거나 상처를 입은 부위에서부터투명한 수액이 흐르다가 증세가 심해지면 나무 전체를 말라죽게하고, 잎에는 노란색 테두리를 가진 갈색반점이 생기고 꽃봉오리는갈색으로 변함
❍ 병든 조직에서 월동한 병원균이 상처, 기공 및 수공을 통하여 잎으로 침입하며 전정 등 농작업 도구를 통해 전염⇒ 궤양병 증상이 보이면 가까운 농업기술센터를 통해서 정밀 진단을받아 고병원성 병원형 여부를 확인하여 방제 조치⇒ 작년에 병이 발생했던 포장은 참다래궤양병 방제용 등록약제를3월 하순∼4월 상순부터 10일 간격으로 살포하여 예방하고 Psa3에감염된 이병주는 굴취하여 매몰",4호.txt
2023,4,16,2023-04-01,2023-04-30,과수,나무좀류,예보,사과,"❍ 세력이 약한 나무에 피해가 예상되는데, 나무좀은 크기가 2∼4㎜내외로 작아서 육안으로 관찰하기가 매우 곤란하며, 또한 성충이사과나무 줄기 안으로 침입할 때 유충의 먹이가 되는 공생균(암브로시아균)도 함께 들어가는데, 나무 목질부에서 공생한 균으로부터 생성된 독소는 독성이 강해 나무가 말라 죽는것을 촉진시킴⇒ 나무좀 발생예찰 유인트랩을 이용할 경우, 트랩에 20∼30마리가유인되면 동해를 받았거나 침수피해 등으로 나무 세력이 약해진나무를 중점적으로 관찰하여 침입 여부를 확인하여 방제⇒ 특히 나무좀은 오후 2∼3시경에 기온이 20℃ 이상일 경우 주로날아들기 시작하므로 이 시기에 방제를 실시⇒ 약제방제에 우선하여 물관리, 시비관리 및 토양관리 등의 재배관리를철저히 하여 나무 세력을 적정 수준으로 유지하는 것이 중요",4호.txt
2023,4,17,2023-04-01,2023-04-30,과수,사과응애,예보,사과,"❍ 사과, 배에 발생하는 사과응애의 월동밀도가 높은 과원은 기계유유제를 살포하고 개화 전 월동알 부화시기 예찰을 철저히 하여적기방제를 실시⇒ 국가농작물병해충관리시스템(http://ncpms.rda.go.kr)의 병해충예측-병해충예측지도 메뉴에서 내 농장 지역의 최적방제시기를판단하여 적기방제(사과응애 : 50% 부화기에 등록약제 살포)⇒ 개화 전 방제가 소홀할 경우 개화기 및 유과기 때 철저히 방제하여야 하는데 약제 살포가 미흡할 경우 발생 증가로 피해 발생",4호.txt
2023,4,18,2023-04-01,2023-04-30,과수,복숭아씨살이좀벌,예보,복숭아,"❍ 연 1회 발생하며 피해과실 속에서 다자란 유충으로 월동하며 3월하순부터 번데기가 되며 성충은 4월 상순부터 5월 중순까지 발생함
❍ 성충은 과실의 크기가 1~2cm 정도 되는 어린 과실에 산란하므로,성충 산란시기를 확인하여 가급적 발생 적기 오전에 방제를 실시⇒ 복숭아씨살이좀벌은 성충 기간을 제외하고 알, 애벌레, 번데기기간은 씨앗 속에서 살기 때문에 약제를 살포해도 방제효과가낮으므로 성충이 어린 과일 속에 알을 낳는 시기에 맞춰 집중 방제⇒ 피해가 심한 과원에서는 과실크기가 1cm 정도 되는 시기부터성충의 발생을 관찰하면서 5∼7일 간격으로 2∼3회 등록약제 살포",4호.txt
2023,4,19,2023-04-01,2023-04-30,과수,과수화상병․과수가지검은마름병,예보,"도라지,사과","❍ (과수화상병) 사과, 배 등의 병든 꽃은 수침상이 되고 쭈그러든후 흑갈색으로 변해 떨어지거나 나무에 매달려 있게 되고 꽃이달린 가지나 인접한 가지로 진전되어 잎맥을 따라 흑갈색의병반이 생기고 병이 진전됨에 따라 병든 잎은 말리고, 쭈그러들어보통은 가지에 매달려 있음. 병든 가지의 나무껍질은 흑갈색으로변하면서 물러졌다가 후에 위축되고 단단해져 궤양병반을 형성⇒ 과수화상병 궤양은 표피를 칼로 벗길 경우 형성층이 갈변, 유사증상은 건전한 부위가 바로 갈변되지 않고, 수분 후 약하게 갈변⇒ 한번 걸리면 방제가 불가능하기 때문에 예방을 위하여 과수원을청결하게 관리하고 농작업을 하는 사람의 과수원 출입시 사람과작업도구 등을 수시로 소독⇒ 의심증상 발견 시에는 전국 대표전화(1833-8572) 또는 가까운농업기술센터·농업기술원에 즉시 신고, 병균의 밀도가 낮아 진단되지 않더라도 갈변궤양은 끝에서 40~70cm 아래를 절단․제거
❍ (과수가지검은마름병) 과수화상병과 증상이 비슷하여 육안으로는구분이 불가하며, 발생시기와 전파경로, 피해증상이 유사함.
1개월 기상전망            (출처 : 국립농업과학원, 기상청)기온은 1주, 3주, 4주는 평년보다 높겠고, 2주는 평년과 비슷하거나 높겠음
강수량은 1주는 평년보다 적겠고, 2주는 평년과 비슷하거나 적겠으며,3주는 평년과 비슷하겠음. 4주는 평년과 비슷하거나 많겠음
❍ 1주(4.10~4.16): 이동성 고기압의 영향을 주로 받겠으며, 일교차가 큰 날이 많겠음
- 기온은 평년보다 높겠고, 강수량은 평년보다 적겠음
❍ 2주(4.17~4.23): 이동성 고기압의 영향을 주로 받겠으며, 북쪽을 지나는 기압골의영향을 받을 때가 있겠음
- 기온은 평년과 비슷하거나 높겠고, 강수량은 평년과 비슷하거나 적겠음
❍ 3주(4.24~4.30): 이동성 고기압의 영향을 주로 받겠으며, 남쪽을 지나는 기압골의영향을 받을 때가 있겠음
- 기온은 평년보다 높겠고, 강수량은 평년과 비슷하겠음
❍ 4주(5.1~5.7): 이동성 고기압의 영향을 주로 받겠으며, 남서쪽에서 다가오는저기압의 영향을 받을 때가 있겠음
- 기온은 평년보다 높겠고, 강수량은 평년과 비슷하거나 많겠음
농업지대 지역평균기온 강수량1주 2주 3주 4주 1주 2주 3주 4주(4.10~4.16) (4.17~4.23) (4.24~4.30)(5.1~5.7)(4.10~4.16) (4.17~4.23) (4.24~4.30) (5.1~5.7)1.태백고냉 대관령 높음 조금높음 높음 높음 적음 조금적음 비슷 조금많음
2.태백준고냉 인제,홍천,제천 높음 조금높음 높음 높음 적음 조금적음 비슷 조금많음
3.소백산간 충주,보은 높음 조금높음 높음 높음 적음 조금적음 비슷 조금많음
4.노령소백산간 임실 높음 조금높음 높음 높음 적음 조금적음 비슷 조금많음
5.영남내륙산간 추풍령,영주,문경 높음 조금높음 높음 높음 적음 조금적음 비슷 조금많음
6.중북부내륙 춘천,양평 높음 조금높음 높음 높음 적음 조금적음 비슷 조금많음
7.중부내륙 원주,이천 높음 조금높음 높음 높음 적음 조금적음 비슷 조금많음
8.소백서부내륙 청주,대전,금산 높음 조금높음 높음 높음 적음 조금적음 비슷 조금많음
9.노령동서내륙 정읍,남원,거창,산청 높음 조금높음 높음 높음 적음 조금적음 비슷 조금많음
10.호남내륙 광주,순천,장흥 높음 조금높음 높음 높음 적음 조금적음 비슷 조금많음
11.영남분지 대구,의성,구미,영천 높음 조금높음 높음 높음 적음 조금적음 비슷 조금많음
12.영남내륙 진주,합천,밀양 높음 조금높음 높음 높음 적음 조금적음 비슷 조금많음
13.중서부평야 서울,인천,수원,서산,강화,천안,보령 높음 조금높음 높음 높음 적음 조금적음 비슷 조금많음
14.차 령 남 부 평 야군산,전주,부여,부안 높음 조금높음 높음 높음 적음 조금적음 비슷 조금많음
15.남서해안 목포,완도,해남,고흥 높음 조금높음 높음 높음 적음 조금적음 비슷 조금많음
16.남부해안 부 산,통 영,여 수,거 제,남 해높음 조금높음 높음 높음 적음 조금적음 비슷 조금많음",4호.txt
2023,4,20,2023-04-01,2023-04-30,과수,과수화상병․과수가지검은마름병,예보,,"17.동해안북부 속초,강릉 높음 조금높음 높음 높음 적음 조금적음 비슷 조금많음
18.동해안중부 울진,영덕 높음 조금높음 높음 높음 적음 조금적음 비슷 조금많음
19.동해안남부 포항,울산 높음 조금높음 높음 높음 적음 조금적음 비슷 조금많음
20.제주 제주,성산,서귀포 높음 조금높음 높음 높음 적음 조금적음 비슷 조금많음
평균 높음 조금높음 높음 높음 적음 조금적음 비슷 조금많음
10일(2023.04.02.~04.09.) 예보(기상청, 2023.03.30, 06:00)<기상예보>
❍ (기온) 아침 기온은 4월 2일~7일에는 3~14℃로 평년(최저기온 2~9℃)보다
높겠고, 8일~9일에는 3~9℃로 평년과 비슷하겠음. 낮 기온은 4월 2일~4일에는 17~25℃로 평년(최고기온 14~19℃)보다 높겠고, 5일~9일에는 14~20℃로 평년과 비슷하겠음
❍ (강수) 4월 4일~5일 전국에 비가 오겠음
<날씨><최저/최고기온>최근 경과기상과 향후 기상전망<기온><강수량>연도별 평균기온
❍ ‘23년 1월부터 3월 5주차까지의 평균기온은 4.1℃로, 평년(2.5)보다
1.6℃ 높았음
- ’23년 3월 5주차의 평균기온은 10.3℃로, 평년(8.0)보다 2.3℃ 높았음
기 간 1월 2월3월 분석기간1.1~3.29 3.23~3.291주(2.23~3.1)2주(3.2~3.8)3주(3.9~3.15)4주(3.16~3.22)5주(3.23~3.29)평균(℃)편차(℃)평균(℃)편차(℃)2023년 0.0 3.0 4.4 7.7 10.0 10.0 10.3 4.1 1.6 10.3 2.32022년 -0.2 0.4 3.1 4.9 10.4 7.0 9.2 2.6 0.1 9.2 1.22021년 -0.4 3.9 6.0 5.7 8.8 9.2 11.6 4.0 1.5 11.6 3.62020년 3.0 3.8 6.3 5.1 6.6 9.5 10.2 4.9 2.4 10.2 2.22019년 0.5 2.6 6.2 7.8 6.2 8.2 8.7 3.5 1.0 8.7 0.72018년 -1.8 0.0 4.4 5.8 9.0 5.7 11.5 1.9 -0.6 11.5 3.52017년 0.3 1.8 3.4 3.4 6.3 7.5 7.3 2.7 0.2 7.3 -0.72016년 -0.6 1.9 1.6 8.3 3.2 9.6 7.8 2.7 0.2 7.8 -0.22015년 0.8 2.2 3.0 3.2 3.8 10.9 8.1 3.1 0.6 8.1 0.12014년 0.7 2.7 6.0 3.3 4.3 9.1 13.1 3.5 1.0 13.1 5.12013년 -1.8 0.8 4.1 5.3 7.2 7.4 7.0 1.8 -0.7 7.0 -1.010년평균 0.0 2.0 4.4 5.3 6.6 8.4 9.5 3.1 0.6 9.5 1.5평 년 -0.4 1.7 3.7 4.6 5.6 7.4 8.0 2.5 0.0 8.0 0.0* 10년 평균 : 최근 10년(2013~2022년)동안의 평균기온의 평균** 평년 : 30년(1991～2020년)동안의 평균기온의 평균*** 편차 : 평년의 평균기온에 대한 연도별 평균기온의 차이연도별 강수량
❍ ‘23년 1월부터 3월 5주차까지의 강수량의 합은 95.3㎜로, 평년(126.8)보다31.5㎜ 적었음(평년대비 75.2%)
- ’23년 3월 5주차의 강수량의 합은 18.6㎜로, 평년(11.2)보다 7.4㎜ 적었음",4호.txt
2023,4,21,2023-04-01,2023-04-30,과수,과수화상병․과수가지검은마름병,예보,"도라지,딸기,방울토마토,부추,상추,시금치,쑥갓,오리,유채,쪽파,치커리,호박","(평년대비 166.1%)기 간 1월 2월3월 분석기간1.1~3.29 3.23~3.291주(2.23~3.1)2주(3.2~3.8)3주(3.9~3.15)4주(3.16~3.22)5주(3.23~3.29)합계(㎜)대비(%)합계(㎜)대비(%)2023년 44.9 20.0 1.8 0.2 8.4 2.8 18.6 95.3 75.2 18.6 166.12022년 5.0 5.5 3.3 0.0 21.1 26.5 38.3 98.5 77.7 38.3 342.02021년 25.4 23.4 53.4 9.4 14.8 9.6 30.8 160.9 126.9 30.8 275.02020년 85.7 62.1 31.6 2.7 14.7 0.7 16.2 182.2 143.7 16.2 144.62019년 9.7 34.5 0.6 2.2 15.1 19.7 2.5 83.5 65.9 2.5 22.32018년 25.5 36.6 32.7 50.9 26.5 37.6 0.0 178.2 140.5 0.0 0.02017년 18.6 36.0 2.4 3.7 0.6 5.1 10.5 76.5 60.3 10.5 93.82016년 32.9 50.6 9.4 46.9 3.9 10.8 1.3 146.3 115.4 1.3 11.62015년 31.9 31.0 3.1 3.2 2.1 36.9 0.0 106.1 83.7 0.0 0.02014년 14.0 34.8 9.8 2.3 35.8 5.6 31.9 127.2 100.3 31.9 284.82013년 29.7 53.9 5.3 0.9 17.5 35.9 0.8 143.4 113.1 0.8 7.110년평균 27.8 36.8 15.2 12.2 15.2 18.8 13.2 130.3 102.8 13.2 117.9평 년 30.6 37.5 13.1 15.0 12.4 18.2 11.2 126.8 100.0 11.2 100.0* 10년 평균 : 최근 10년(2013~2022년)동안의 강수량의 평균** 평년 : 30년(1991～2020년)동안의 강수량의 평균*** 대비 : 평년의 강수량에 대한 연도별 강수량의 비율4월 주요 품목별 농약 사용 주의보4월 주요 품목별 농약 사용 주의보★4월에 검출된 64개 조합(31품목/33성분)★* 이 자료는 국립농산물품질관리원 안전성조사 결과 중 ’22년도 부적합 발생 품목 및농약 성분을 바탕으로 작성했습니다.
□ 지역별 부적합 발생 우려 정보
❍ 주요 부적합 우려 품목(성분)
- [부산광역시] 상추(포레이트), 쑥갓(펜디메탈린), 쪽파(에토프로포스, 터부포스)
- [대구광역시] 치커리(터부포스)
- [인천광역시] 민들레(플루퀸코나졸)
- [광주광역시] 열무(포레이트, 터부포스)
- [대전광역시] 상추(이미시아포스)
- [울산광역시] 달래(포레이트), 상추(클로르피리포스), 유채(잎)(포레이트)
- [세종특별자치시] 쪽파(터부포스)
- [경기도] 근대(플룩사메타마이드), 대파(카두사포스, 터부포스), 도라지(테플루트린), 루꼴라(펜디메탈린), 부추(클로르피리포스, 포레이트), 상추(플루퀸코나졸,페노트린, 테트라메트린), 시금치(다이아지 논, 포 레 이 트), 알 타 리 무(터 부 포 스), 쪽 파(포 레 이 트), 취 나 물(카 두 사 포 스, 다 이 아 지 논)
- [강원도] 상추(오리사스트로빈), 쪽파(터부포스), 취나물(테부피림포스, 테플루트린)
- [충청북도] 대파(포레이트), 부추(터부포스), 상추(펜플루펜, 포레이트)
- [충청남도] 들깻잎(플루아지남), 딸기(에토프로포스), 방울토마토(사이에노피라 펜), 방 풍 나 물(다 이 아 지 논, 펜 디 메 탈 린),쪽 파(터 부 포 스), 취 나 물(펜 디 메 탈 린)
- [전라북도] 겨자채(플룩사메타마이드,포스티아제이트), 상추(오리사스트로빈,포레이트, 트리클로피르), 케일(플룩사메타마이드)
- [전라남도] 가지(파목사돈), 부추(터부포스), 쑥갓(다이아지논), 쪽파(오메토에이트, 프로사이미돈), 호박(애호박)(프로파모카브)",4호.txt
2023,4,22,2023-04-01,2023-04-30,과수,과수화상병․과수가지검은마름병,예보,"감귤,감자,도라지,딸기,방울토마토,부추,상추,쑥갓,쪽파","- [경상북도] 감 자(터 부 포 스), 방 풍 나 물(카 두사 포 스, 이 프 로 벤 포 스), 부 추(포 레 이 트),상 추(뷰 프 로 페 진), 콩 잎(터 부 포 스)
- [경상남도] 가지(프로사이미돈), 대파(터부포스), 부추(알라클로르, 페니트로티온), 쑥갓(메타벤즈티아주론), 양상추(포레이트), 쪽파(카보퓨란), 차(녹차)(피라클로스트로빈), 참나물(펜디메탈린)
- [제주특별자치도] 감귤(천혜향)(EPN)※ 전국적으로 토양처리 살충제 농약(입제) 성분인 터부포스,포레이트 잔류농약 부적합이 많이 발생되고 있습니다.
농업인께서는 해당 성분의 농약을 사용이 등록된 작물에만안전사용기준을 반드시 준수하여 살포하시기 바랍니다.
□ 부적합 발생 우려 품목/성분의 잔류허용기준 및 농약등록 유무품목 검출성분잔류허용기준(mg/kg) 잔류허용기준적용 근거농약 안전사용기준등록 유무‘22.4. ‘23.3.
가지Famoxadone 0.01 0.01 일률기준 미등록Procymidone 0.01 0.01 일률기준 미등록감귤 EPN 0.01 0.01 일률기준 미등록감자 Terbufos 0.01 0.01 당해성분 당해품목 등록(단제, 합제)겨자채Fluxametamide 0.01 0.01 일률기준 미등록Fosthiazate 0.5 0.5 소분류기준(엽채류) 미등록근대 Fluxametamide 0.01 0.01 일률기준 미등록달래 Phorate 0.01 0.01 일률기준 미등록대파Cadusafos 0.02 0.02 당해성분 당해품목 등록(단제, 합제)Phorate 0.05 0.05 당해성분 당해품목 등록(단제, 합제)Terbufos 0.05 0.05 당해성분 당해품목 등록(단제, 합제)도라지 Tefluthrin 0.01 0.01 일률기준 미등록들깻잎 Fluazinam 0.01 0.01 일률기준 미등록딸기 Ethoprophos 0.01 0.01 일률기준 미등록루꼴라 Pendimethalin 0.01 0.01 일률기준 미등록민들레 Fluquinconazole 0.05 0.05 소분류기준(엽채류) 미등록방울토마토 Cyenopyrafen 0.01 0.01 일률기준 미등록방풍나물Cadusafos 0.05 0.05 당해성분 당해품목 미등록Diazinon 0.01 0.01 일률기준 미등록Iprobenfos 0.01 0.01 일률기준 미등록Pendimethalin 0.01 0.01 일률기준 미등록부추Alachlor 0.01 0.01 일률기준 미등록Chlorpyrifos 0.01 0.01 일률기준 미등록Fenitrothion 0.05 0.05 당해성분 당해품목 등록(단제, 합제)Phorate 0.1 0.1 당해성분 당해품목 등록(단제, 합제)Terbufos 0.05 0.05 당해성분 당해품목 등록(단제, 합제)상추Buprofezin 0.01 0.01 일률기준 미등록Chlorpyrifos 0.01 0.01 일률기준 미등록Fluquinconazole 0.05 0.05 당해성분 당해품목 등록(단제, 합제)Imicyafos 0.01 0.01 일률기준 미등록Orysastrobin 0.01 0.01 일률기준 미등록Penflufen 0.01 0.01 일률기준 미등록품목 검출성분잔류허용기준(mg/kg) 잔류허용기준적용 근거농약 안전사용기준등록 유무‘22.4. ‘23.3.",4호.txt
2023,4,23,2023-04-01,2023-04-30,과수,과수화상병․과수가지검은마름병,예보,"감귤,사과,상추,시금치,쑥갓,유채,쪽파,치커리,호박","상추Phenothrin 0.01 0.01 일률기준 미등록Phorate 0.01 0.01 일률기준 미등록Tetramethrin 0.01 0.01 일률기준 미등록Triclopyr 0.01 0.01 일률기준 미등록수삼 Flutolanil 1.0 1.0 당해성분 당해품목 등록(단제, 합제)시금치Diazinon 0.01 0.01 일률기준 미등록Phorate 0.01 0.01 일률기준 미등록쑥갓Diazinon 0.01 0.01 일률기준 미등록Methabenzthiazuron 0.01 0.01 일률기준 미등록Pendimethalin 0.01 0.01 일률기준 미등록알타리무 Terbufos 0.05 0.05 당해성분 당해품목 등록(단제, 합제)양상추 Phorate 0.01 0.01 일률기준 미등록열무Phorate 0.05 0.05 당해성분 당해품목 등록(단제, 합제)Terbufos 0.05 0.05 당해성분 당해품목 등록(단제, 합제)유채(잎) Phorate 0.01 0.01 일률기준 미등록쪽파Carbofuran 0.05 0.05 당해성분 당해품목 미등록(벤퓨라카브 등록)Ethoprophos 0.02 0.02 당해성분 당해품목 등록(단제, 합제)Omethoate 0.01 0.05(기준변경) 당해성분 당해품목 미등록(디메토에이트 등록)Phorate 0.05 0.05 당해성분 당해품목 등록(단제, 합제)Procymidone 0.15 0.15 소분류기준(엽경채류) 미등록Terbufos 0.05 0.05 당해성분 당해품목 등록(단제, 합제)차(녹차) Pyraclostrobin 0.01 0.01 일률기준 미등록참나물 Pendimethalin 0.01 0.01 일률기준 미등록취나물Cadusafos 0.2 0.2 당해성분 당해품목 등록(단제)Diazinon 0.01 0.01 일률기준 미등록Pendimethalin 0.01 0.01 일률기준 미등록Tebupirimfos 0.06 0.06 당해성분 당해품목 등록(합제)Tefluthrin 0.05 0.05 당해성분 당해품목 등록(합제)치커리 Terbufos 0.01 0.01 일률기준 미등록케일 Fluxametamide 0.01 0.01 일률기준 미등록콩잎 Terbufos 0.01 0.01 일률기준 미등록호박(애호박) Propamocarb 0.01 0.01 일률기준 미등록자료제공 및 검토 전문가 명단구분 성명 /  소속 / 직급1 김지성 / 농촌지원국 재해대응과 / 과장2 채의석 / 농촌지원국 재해대응과 / 농촌지도관3 김기형 / 농촌지원국 재해대응과 / 농촌지도관4 김상목 / 농촌지원국 재해대응과 / 농업연구관5 박승무 / 농촌지원국 재해대응과 / 농촌지도관6 이우일 / 농촌지원국 재해대응과 / 농촌지도사7 최효원 / 농촌지원국 재해대응과 / 농업연구사8 양미숙 / 농촌지원국 재해대응과 / 농촌지도사9 맹권재 / 농촌지원국 재해대응과 / 농업주사보10 박명일 / 농촌지원국 재해대응과 / 주무관11 최인후 / 농촌지원국 재해대응과 / 기술전문위원12 박해융 / 농촌지원국 재해대응과 / 기술전문위원13 성신상 / 농촌지원국 재해대응과 / 기술전문위원14 강신곤 / 농촌지원국 기술보급과 / 농촌지도관15 고창호 / 농촌지원국 기술보급과 / 농촌지도관16 김현철 / 농촌지원국 기술보급과 / 농촌지도사17 장진경 / 농촌지원국 기술보급과 / 농촌지도사18 노석원 / 농촌지원국 식량산업기술팀 / 농촌지도사19 엄미옥 / 농촌지원국 식량산업기술팀 / 농촌지도사20 윤  송 / 농촌지원국 식량산업기술팀 / 농촌지도사21 이세원 / 국립농업과학원 작물보호과 / 과장22 박병용 / 국립농업과학원 작물보호과 / 농업연구관23 박동석 / 국립농업과학원 작물보호과 / 농업연구관24 이봉춘 / 국립농업과학원 작물보호과 / 농업연구관25 이용환 / 국립농업과학원 작물보호과 / 농업연구관26 이관석 / 국립농업과학원 작물보호과 / 농업연구사27 이영기 / 국립농업과학원 작물보호과 / 농업연구사28 강미형 / 국립농업과학원 작물보호과 / 농업연구사29 정인홍 / 국립농업과학원 작물보호과 / 농업연구사30 류현주 / 국립농업과학원 작물보호과 / 농업연구사31 심교문 / 국립농업과학원 기후변화평가과 / 농업연구관32 강민구 /국립농업과학원 기후변화평가과 / 농업연구사33 최준열 / 국립농업과학원 작물기초기반과 / 과장34 김상민 / 국립식량과학원 작물기초기반과 / 농업연구사35 최낙중 / 국립식량과학원 작물기초기반과 / 농업연구사36 김현주 / 국립식량과학원 기술지원과 / 농업연구관37 김은영 / 국립식량과학원 재배환경과 / 농업연구사38 김동환 / 국립원예특작과학원 원예특작환경과 / 과장39 이성찬 / 국립원예특작과학원 원예특작환경과 / 농업연구관40 조인숙 / 국립원예특작과학원 원예특작환경과 / 농업연구관41 한유경 / 국립원예특작과학원 원예특작환경과 / 농업연구사42 이선영 / 국립원예특작과학원 원예특작환경과 / 농업연구사43 서미혜 / 국립원예특작과학원 원예특작환경과 / 농업연구사44 윤정범 / 국립원예특작과학원 원예특작환경과 / 농업연구사45 이동혁 / 국립원예특작과학원 사과연구소 / 소장46 양상진 / 국립원예특작과학원 사과연구소 / 농업연구관47 송장훈 / 국립원예특작과학원 배연구소 / 농업연구관48 강아랑 / 국립원예특작과학원 배연구소 / 농업연구사49 한승갑 / 국립원예특작과학원 감귤연구소 / 농업연구관2023년 농작물 병해충 발생정보(제4호)집 필 인김지성 , 채의석 , 김기형 , 김상목 , 박승무 , 이우일 , 최효원 , 양미숙 , 맹권재 ,박명일 , 강권희발 행 처 농촌진흥청 재해대응과주소 54875 전북 전주시 덕진구 농생명로 300전화 (063) 238–1045~1049homepage : http://www.nongsaro.go.kr",4호.txt
2023,5,1,2023-05-01,2023-05-31,식량작물,맥류 붉은곰팡이병,주의보,"벼,보리","❍ 최근 몇 년간 4~5월 이른 고온과 잦은 강우가 반복되면서 붉은곰팡이병 피해가 꾸준히 증가하고 있어 주의가 필요
⇒ 붉은곰팡이병은 맥류의 출수기부터 수확기에 걸쳐 고온다습한조건이(평균기온 18~20℃, 습도 80%, 강우 3일이상 지속시) 되면맥류와 벼 등 곡류에 많이 발생하며, 맥류 생산량이 감소하고 사람이나 가축에게 중독을 일으키는 독소를 생성하여 피해를 줌⇒ 기상예보에 맞추어 비가 자주 올 경우 예방적으로 약제를 살포하고 배수로 정비 등 물 관리를 철저히 해야 함
⇒ 약제 방제 적기는 밀, 쌀보리는 개화 최성기(출수 후 약 7∼10일)이고,맥주보리는 이삭이 거의 팬 날로부터 10일 후에 실시⇒ 맥류의 생육단계는 품종과 포장에 따라 다르므로 포장별 생육상황과 기상을 잘 살펴 방제 실시⇒ 수확 후에도 살아남을 수 있으므로 건조한 날 수확하며 거둔즉시 건조하여 병의 확산을 예방하고 이병립은 제거를 함
밀 보리 귀리",5호.txt
2023,5,2,2023-05-01,2023-05-31,식량작물,열대거세미나방,주의보,"벼,수수,옥수수","❍ 열대거세미나방은 아메리카 대륙의 열대·아열대 지역이 원산으로아프리카(‘16), 동남아(’18), 중국(‘19.1), 한국(’19.6), 등으로 확산
❍ 중국 남부지방의 월동지 확대로 국내 유입이 빨라질 가능성이 높음
⇒ 유충시기에 식물의 잎과 줄기를 가해하여 피해를 발생시키며 기주식물은 80여 작물(옥수수, 수수, 벼 등)로 알려져 있음
⇒ 제주 및 남부지방 조기 재배 옥수수에 산란 및 피해 발생 예상*산란(4월하순) →알에서유충부화(5월초·중순) →6령유충경과(피해발생)*’22년대비약한달정도빠르게국내비래확인(제주서귀포시’23.4.21.)⇒ 약제 방제는 발생초기에 품목별로 등록된 약제를 살포하도록 함
□ 열대거세미나방 형태 및 피해<성충 (사진 출처: Goergen 등), 유충(사진 출처: FAO)>",5호.txt
2023,5,3,2023-05-01,2023-05-31,식량작물,멸강나방,예보,"벼,옥수수","❍ 멸강나방은 중국에서 날아와서 피해를 주는비래해충으로 목초, 옥수수 등에 발생하고보통 사료 작물과 벼에 피해를 줌⇒ 올해는 3월 하순 처음 비래가 확인되었으며 목초지나 옥수수 포장 등 기주식물 재배지역에 어린벌레가 발견되면 등록 약제로 발생 초기에 방제",5호.txt
2023,5,4,2023-05-01,2023-05-31,식량작물,애멸구(벼줄무늬잎마름병 매개),예보,벼,"❍ 애멸구는 벼줄무늬잎마름병을 옮기는 해충으로 최근 월동밀도가낮은 편이지만, 중국에서 대량으로 날아올 경우 피해가 우려되며철저한 사전방제가 필요함
⇒ 서해안 애멸구 비래지역 등 발생 우려지역은 저항성 품종(조평, 주남조생, 대보, 알찬미, 삼광, 화영, 새일미,새누리, 호품, 신동진 등)을 선택하고맥류 포장 주변에서 육묘 시 방충망을 씌워 애멸구 유입 차단⇒ 모내기 하는 날 벼물바구미, 벼잎벌레,굴파리류 등과 동시 방제가 가능한살충제(입제) 살포",5호.txt
2023,5,5,2023-05-01,2023-05-31,식량작물,모마름병 및 뜸모,예보,,"❍ 파종량이 많아 산소가 부족하고 밤과 낮의 온도차이가 클 때에피해가 발생하므로 철저한 못자리 관리가 필요
⇒ 알맞은 양을 파종하고 온도 차이를 줄이기 위해 낮에는 환기를잘하고 밤에는 보온 관리 철저",5호.txt
2023,5,6,2023-05-01,2023-05-31,채소,"잎마름병(마늘, 양파), 양파노균병",주의보,"마늘,양파","❍ 잎마름병, 노균병 발생이 점차 증가 하고 있는 것으로 조사되었으며, 최근잦은 비로 남부지역 등은 5월까지 발생·확산될 수 있으므로 주의가 필요함
⇒ 5월 중순까지 비가 자주 올 경우 발생이 확대될 수 있으므로배수구 정비를 잘하고 병 발생이 우려되는 포장은 비오기 전․후 등록농약을 뿌려주고 이어짓기를 하지 말아야 함",5호.txt
2023,5,7,2023-05-01,2023-05-31,채소,"흑색썩음균핵병(마늘, 양파)",주의보,"마늘,양파",❍ 병징은 아랫잎부터 황갈색으로 변하며 구근에 흰 균사가 발생하여 구근껍질이 검게 변하면서 구근이 물러 썩는 병으로 지상부 전체가 시들어노랗게 마름⇒ 습한 토양에서 피해가 크므로 물빠짐(배수) 관리와 함께 초기에방제용 약제로 방제함,5호.txt
2023,5,8,2023-05-01,2023-05-31,채소,"고자리파리, 뿌리응애(마늘, 양파)",주의보,"마늘,양파","❍ (고자리파리) 마늘, 양파 등 보통 4월 중·하순부터 5월까지 발생이많으며, 애벌레가 뿌리를 갉아먹어 아래 잎부터 노랗게 말라 죽으며심하면 포기 전체가 말라 죽게 됨
⇒ 정식 전에는 토양살충제를 뿌린 후 흙과 잘섞이도록 경운(로터리)을 하고, 비닐피복재배 시에는 적용 약제를 관주 처리함
❍ (뿌리응애) 마늘, 양파 등 땅속의 구근을 가해하며, 초기에는 잘 나타나지 않으나 점차 지상부의 생육이 나빠지고 구근부패의 원인이 됨
⇒ 일부지역에서는 뿌리응애, 작은뿌리파리, 구근선충이 2종 혹은 3종이 동시에 발생하여 피해를 줌⇒ 뿌리응애의 방제법은 고자리파리와 작은뿌리파리 방제에 준하며 , 구근선충은입제형 등록약제를 정식 전에 토양혼화 처리하거나, 정식 후에는액제형 등록약제를 관주처리",5호.txt
2023,5,9,2023-05-01,2023-05-31,채소,역병·탄저병(고추),예보,고추,"❍ 고추의 역병은 토양의 병원균이 물을 통하여 전염되는 병으로 일단발병하면 급속하게 번지고 약제에 의한 방제가 어려움⇒ 퇴비 등을 뿌려 토양 성질을 개선해주며 해마다 발생이 많은 상습지에서는 비닐을 씌우기 전이나 정식 직전에 등록약제를토양에 관주하고 물 빠짐을 좋게 하여 발생 억제
❍ 고추 탄저병은 지난해 버려진 병든 잔재물이 가장 중요한 1차전염원이 되며 개화기에 1차 감염이 되어 잠복할 경우 피해가 커짐⇒ 포장 경운 전 잔재물들을 모두 제거하고 정식 후 개화기에 보호용살균제를 2회 이상 살포하여 1차 감염에 의한 피해를 예방해야 함
⇒ NCPMS 예측정보를 활용하여 5월 중순이후에 감염위험 경보 시3일 이내에 침투이행성 등록약제를 충분히 처리",5호.txt
2023,5,10,2023-05-01,2023-05-31,채소,"흰가루병(딸기, 오이, 메론 등)",예보,"딸기,오이","❍ 하우스 등 시설재배지에서 흔히 발생되며 일조가 부족하고 밤낮의기온차가 심하며 다비재배를 할 때 발생이 증가⇒ 시설 내의 환경관리를 잘 조절해주며 병든 식물은 속히 제거하고질소가 과용되지 않도록 균형시비를 하면서 병 발생 초기에 방제⇒ 일출 후부터 오전 10시경 까지 흰가루병 포자 비산이 가장 많이이루어지므로 약제는 10시 이전 살포 하는 것이 효과적이고, 같은계통의 약제 연용보다 다른 계통의 약제를 번갈아 가며 살포",5호.txt
2023,5,11,2023-05-01,2023-05-31,채소,"잿빛곰팡이병(딸기, 오이, 토마토, 상추 등)",예보,"딸기,방울토마토,상추,오이","❍ 시설 내 온도가 낮고 다습한 조건이 오래 지속되면 발생하는데 일부관리소홀 포장에서 발생이 확인되고 있음. 기상에 따라 시설 내일교차가 커지면 확산될 가능성 있음
⇒ 적절한 환기로 시설내의 습도를 낮추어 주되 보온에 유의하고 ,병이 발생되면 급속하게 번지는 특성이 있으므로 발생 초기에등록약제로 방제하되 약제를 바꾸어 가며 사용해야 함
⇒ 병든 식물은 시설 밖으로 빼내어 땅속에 묻는 등 전염원을 차단하여야 함",5호.txt
2023,5,12,2023-05-01,2023-05-31,채소,"총채벌레류, 가루이류, 진딧물, 응애류",예보,"고추,딸기,방울토마토,오이","❍ (총채벌레류) 꽃노랑총채벌레 , 오이총채벌레 등은 날개모양이총채처럼 생긴 작은 해충으로 오이, 고추, 토마토, 딸기 등 시설내에서 연중 발생하는 해충으로 방제시기를 놓칠 경우 바이러스병을전염시켜 피해를 주는 해충임
⇒ 해충의 크기가 작아 발견하기 어렵기 때문에 초기에 발생을 알지 못하여 피해를 입는 경우가 많으므로 해충이 좋아하는 색깔의 끈끈이트랩을 매달아 발생을 예찰하고, 발생 시 초기에 방제
❍ (가루이류, 진딧물) 온실가루이와 담배가루이는 토마토와 같은 가지과작물에서, 진딧물은 엽채류와 과채류에서 주로 발생하며 식물의즙액을 빨아먹는 직접적인 피해뿐만 아니라 그을음병과 바이러스병 등을 유발하여 상품성을 떨어뜨림⇒ 크기가 작아 육안으로 관찰하기 힘들고 일단 발생되면 방제가어려우므로 외부 유입통로에 방충망을 설치하는 등 시설 안으로들어오지 못하도록 막고, 점착트랩을 매달아 주의 깊게 살펴봄⇒ 예방적 조치로 해충에 따라 천적을 투입하여 방제하고 국부적으로해충이 집중 발생하였을 경우 작물별 적용농약으로 방제
❍ (점박이응애) 딸기에 발생하면 잎을 누렇게 변하여 말라죽게 되어생육을 억제하는데 최근 딸기 재배지에서 발생이 확인되고 있어주의가 필요함
⇒ 세대 기간이 짧아 연간 발생횟수가 많고 증식률이 높으며, 모를통해서 유입되는 것을 막기 위하여 모종을 철저하게 방제함은 물론 방충망을 설치하여 해충 유입을 방지하고, 적용약제를 이용하여 발생초기에 방제",5호.txt
2023,5,13,2023-05-01,2023-05-31,채소,토마토반점위조바이러스(TSWV),예보,"고추,방울토마토,파프리카","❍ 총채벌레가 즙액을 흡즙하면서 바이러스를 전염시키는 병으로 고추,토마토, 파프리카 등 특히 전년도 발생이 많았던 가지과 시설재배지에서 꾸준히 발생하고 있으며, 방제시기를 놓쳐 총채벌레 밀도가높아지면 피해가 커지기 때문에 초기 방제로 병발생을 예방하는것이 중요
⇒ 방충망을 이용하여 시설 안으로 들어오는 총채벌레를 막고 발생초기 천적이나 등록약제로 방제⇒ 병에 걸린 식물은 발견 즉시제거하여 병이 확산되는 것을예방",5호.txt
2023,5,14,2023-05-01,2023-05-31,채소,토마토황화잎말림바이러스(TYLCV),예보,방울토마토,❍ 가지과 작물에서 담배가루이가 병을 매개하고 감염된 묘를 통해확산될 수 있으므로 육묘 단계부터 정식 초기에 예찰을 강화하여감염여부를 판단하고 정식 후에는잎 뒷면과 포장주위를 살펴보아담배가루이를 철저히 방제⇒ 방충망을 설치하여 담배가루이의침입을 막고 발생 시 담배가루이의 기주식물이 되는 잡초와 병이걸린 식물은 뽑아서 제거,5호.txt
2023,5,15,2023-05-01,2023-05-31,과수,과수화상병․과수가지검은마름병,예보,"도라지,사과","❍ (과수화상병) 사과, 배 등의 병든 꽃은 수침상이 되고 쭈그러든후 흑갈색으로 변해 떨어지거나 나무에 매달려 있게 되고 꽃이달린 가지나 인접한 가지로 진전되어 잎맥을 따라 흑갈색의병반이 생기고 병이 진전됨에 따라 병든 잎은 말리고, 쭈그러들어보통은 가지에 매달려 있음. 병든 가지의 나무껍질은 흑갈색으로변하면서 물러졌다가 후에 위축되고 단단해져 궤양병반을 형성⇒ 과수화상병 궤양은 표피를 칼로 벗길 경우 형성층이 갈변, 유사증상은 건전한 부위가 바로 갈변되지 않고, 수분 후 약하게 갈변⇒ 한번 걸리면 방제가 불가능하기 때문에 예방을 위하여 과수원을청결하게 관리하고 농작업을 하는 사람의 과수원 출입시 사람과작업도구 등을 수시로 소독⇒ 의심증상 발견 시에는 전국 대표전화(1833-8572) 또는 가까운농업기술센터·농업기술원에 즉시 신고, 병균의 밀도가 낮아 진단되지 않더라도 갈변궤양은 끝에서 40~70cm 아래를 절단․제거
❍ (과수가지검은마름병) 과수화상병과 증상이 비슷하여 육안으로는구분이 불가하며, 발생시기와 전파경로, 피해증상이 유사함.",5호.txt
2023,5,16,2023-05-01,2023-05-31,과수,"갈색날개매미충, 꽃매미, 매미나방",주의보,,"< 갈색날개매미충 >
❍ 올해 월동난 조사 결과 갈색날개매미충, 꽃매미의 발생면적이 다시증가세를 보이고 있으며, 매미나방은 감소한 것으로 조사됨
❍ 발생지역에서 생산된 묘목을 통해 다른 지역으로 전파될 가능성이있어 묘목을 구입하여 식재할 경우 어린 가지의 아래쪽을 잘 살펴 난괴(알)가 보일 경우 가지를 제거해야 함
* (부화시기 예측) 남해안 5월 5일경, 그 외 지역 5월 18∼19일경⇒ 발생정도에 따라 전용약제를 1주일 간격으로 1~3회 살포*지역별‘공동방제의날’은시도별여건에따라탄력적으로운영⇒ 갈색날개매미충을 효과적으로 방제하려면 갈색날개매미충 부화후 1~2주 사이에 애벌레(1~2령)가 붙어 있는 나무에 약제를 뿌리는 것이 좋음. 2령이 지난 애벌레와 성충은 이동성이 크기때문에 방제 효과가 떨어짐.
<갈색날개매미충 약충, 성충, 난괴 사진>< 미국선녀벌레 >
❍ 미국선녀벌레는 연간 1세대 발생하며월동한 알은 5월 중·하순경에 부화하며,약충은 5령을 거쳐 성충이 되며, 성충은 7월에서 10월까지 발생함
* (부화시기 예측) 남해안 5월 10일경, 그 외 지역 5월 22～24일경< 꽃매미 >
❍ 꽃매미는 연간 1세대 발생하고 월동한 알은 5월 상·중순경에 부화하며 약충은 5령을 거쳐 성충이되고 성충은 7월에서 11월까지발생함
⇒ 월동알을 제거해 주는 것이 친환경적이며 발생을 줄이는 데에큰 효과가 있으므로 봄철에 약충으로 부화하기 전 과수원 및 인근야산의 나무 등에 있는 알 덩어리를 제거해 주고 약충이 깨어나오면 등록약제로 반드시 방제⇒ 금년은 지난 겨울과 봄철의 기온이 평년기온보다 약간 높아지난해와 비슷한 수준이고 평년보다 6∼7일 빨라질 것으로 예상* (부화시기) 남해안 지역 4월 30일, 그 외 지역 5월 11∼12일⇒ 시설재배지는 측창과 입구에 방충망을 설치하면 꽃매미의 침입과외부로의 확산을 막고, 방제 효과도 증대시킬 수 있음
< 2023년 돌발해충 월동난 부화 시기 예측 >올해 측정된 1~3월 전국 평균 기온은 3.8℃로 평년(2.3℃)보다 1.5℃높게 나타났다. 월동난이 부화하는 5월 중‧하순 무렵 기온은 평년과 비슷하거나 약간 높을 것으로 예측된다.
❍ 경기‧충남‧경북 등 대부분 지역은 5월 11~24일경, 그 외 전남‧경남의남해안 지역은 이보다 빠른 4월 말~5월 초에 부화할 것으로 예상된다. 이는 지난해와  비슷한 수준이고 평년보단 6~7일 빠른 것이다.
❍ 꽃매미 월동난 50% 부화 시기 예측경기・강원・충북 지역 충남・전북・경북 지역 전남・경남 지역
❍ 갈색날개매미충 월동난 50% 부화 시기 예측경기・강원・충북 지역 충남・전북・경북 지역 전남・경남 지역
❍ 미국선녀벌레 월동난 50% 부화 시기 예측경기・강원・충북 지역 충남・전북・경북 지역 전남・경남 지역",5호.txt
2023,5,17,2023-05-01,2023-05-31,과수,참다래 궤양병,예보,"오리,참다래","❍ 참다래 궤양병 중 고위험 병원형인 Psa 3가 ’14년부터 남해안과제주지역에 발생하였는데 수액 이동기에 발병할 가능성이 크기때문에 이에 대한 철저한 대비 필요
- 병원형 Psa 3는 기존 국내에 발생하고 있는 Psa 2보다 전염성과그 위험도가 매우 높음
- 3∼4월 수액이 이동할 때 동해를 입거나 상처를 입은 부위에서부터투명한 수액이 흐르다가 증세가 심해지면 나무 전체가 말라 죽으며,잎에는 노란색 테두리를 가진 갈색반점이 생기고 꽃봉오리는 갈색으로 변함
- 병든 조직에서 월동한 병원균이 상처, 기공 및 수공을 통하여 잎으로 침입하며 전정 등 농작업 도구를 통해 전염⇒ 궤양병 증상이 보이면 가까운 농업기술센터를 통해서 정밀 진단을받아 고병원성 병원형 여부를 확인하여 방제 조치⇒ 작년에 병이 발생했던 포장은 참다래궤양병 방제용 등록약제를3월 하순∼4월 상순부터 10일 간격으로 살포하여 예방하고 Psa3에감염된 이병주는 굴취하여 소각",5호.txt
2023,5,18,2023-05-01,2023-05-31,과수,붉은별무늬병,예보,사과,❍ 병원균이 향나무에서 월동한 후 4∼5월 비가 오면 사과․배나무로날아가 병을 발생시킴⇒ 꽃피기 전에 방제가 소홀한 과원에서는 등록 농약으로 방제⇒ 특히 배 붉은별무늬병은 꽃이 진 이후 비가 온 다음 발생하여피해를 주므로 기상여건에 따라 적절히 방제,5호.txt
2023,5,19,2023-05-01,2023-05-31,과수,검은별무늬병,예보,사과,"❍ 개화기 이후 잦은 강우 시 병 발생이 확산되므로 방제시기를 놓치지않도록 주의 해야함
⇒ 발생한 이후는 방제가 어려우므로 전년도 발생이 많았던 곳은비가 오기 전에 보호살균제를 반드시 살포해야함
⇒ 국가농작물병해충관리시스템(http://ncpms.rda.go.kr)의 병해충예측지도 메뉴에서 내 농장 지역의 감염위험시간 정보에 따라침투이행성약제로 방제하되 강우 시작으로부터 2∼3일 이내에약제방제를 끝내야 함
[검은별무늬병 - 배] [검은별무늬병 - 사과]",5호.txt
2023,5,20,2023-05-01,2023-05-31,과수,과수해충,예보,"복숭아,사과","❍ 최근 나무좀 피해가 늘어나 세력이 약한 나무에 피해가 예상되는데,나무좀은 크기가 2∼4㎜ 내외로 작아서 육안으로 관찰하기가 매우곤란하며, 또한 성충이 사과나무 줄기 안으로 침입할 때 유충의먹이가 되는 공생균(암브로시아균)도 함께 들어가는데, 나무 목질부에서 공생한 균으로부터 생성된 독소는 독성이 강해 나무가 말라죽는 것을 촉진시킴⇒ 나무좀 발생예찰 유인트랩을 이용할 경우, 트랩에 20∼30마리가유인되면 동해를 받았거나 침수피해 등으로 나무 세력이 약해진나무를 중점적으로 관찰하여 침입 여부를 확인하여 방제⇒ 특히 나무좀은 오후 2∼3시경에 기온이 20℃ 이상일 경우 주로날아들기 시작하므로 이 시기에 방제를 실시⇒ 약제방제에 우선하여 물관리, 시비관리 및 토양관리 등의 재배관리를철저히 하여 나무 세력을 적정 수준으로 유지하는 것이 중요
❍ 진딧물류(사과혹진딧물, 배나무면충, 꼬마배나무이)는 월동약제 및개화 전 방제를 소홀히 한 과원에서는 꽃이 진 후 방제
❍ 가루깍지벌레는 월동알이 4월 하순부터 부화하므로 적기 방제 실시⇒ 국가농작물병해충관리시스템(http://ncpms.rda.go.kr)의 병해충예측-병해충예측지도 메뉴에서 내 농장 지역의 최적방제시기를판단하여 적기방제(월동알 부화시기에 등록약제 살포)
❍ 복숭아씨살이좀벌은 연 1회 발생하며 피해과실 속에서 다자란 유충으로 월동하며 3월 하순부터 번데기가 되며 성충은 4월 상순부터5월 중순까지 발생함
- 성충은 과실의 크기가 1~2cm 정도 되는 어린 과실에 산란하므로,성충 산란시기를 확인하여 가급적 발생 적기 오전에 방제를 실시⇒ 복숭아씨살이좀벌은 성충 기간을 제외하고 알, 애벌레, 번데기기간은 씨앗 속에서 살기 때문에 약제를 살포해도 방제효과가낮으므로 성충이 어린 과일 속에 알을 낳는 시기에 맞춰 집중 방제⇒ 피해가 심한 과원에서는 과실크기가 1cm 정도 되는 시기부터성충의 발생을 관찰하면서 5∼7일 간격으로 2∼3회 등록약제 살포
❍ 복숭아순나방은 1세대 성충이 발생하는 시기로 성페로몬트랩을 활용하여 철저한 예찰 필요
⇒ 피해 신초를 발견하면 제거하여 불에 태우거나 땅에 묻어주고지난해에 복숭아순나방 발생이 많았던 곳에서는 꽃이 진 후 방제1개월 기상전망            (출처 : 국립농업과학원, 기상청)기온은 1주, 4주는 평년보다 높겠고, 2주, 3주는 평년과 비슷하거나 높겠음
강수량은 1주, 3주는 평년과 비슷하거나 적겠고, 2주, 4주는 평년과 비슷하겠음
❍ 1주(5.8~5.14): 이동성 고기압의 영향을 주로 받겠으며, 일교차가 큰 날이 많겠음
- 기온은 평년보다 높겠고, 강수량은 평년과 비슷하거나 적겠음
❍ 2주(5.15~5.21): 이동성 고기압의 영향을 주로 받겠으나, 일시적으로 상층 찬공기의 영향을 받을 때가 있겠음
- 기온은 평년과 비슷하거나 높겠고, 강수량은 평년과 비슷하겠음
❍ 3주(5.22~5.28): 이동성 고기압의 영향을 주로 받겠으나, 일시적으로 상층 찬공기의 영향을 받을 때가 있겠음
- 기온은 평년과 비슷하거나 높겠고, 강수량은 평년과 비슷하거나 적겠음
❍ 4주(5.29~6.4): 이동성 고기압의 영향을 주로 받겠으며, 일교차가 큰 날이 많겠음
- 기온은 평년보다 높겠고, 강수량은 평년과 비슷하겠음",5호.txt
2023,5,21,2023-05-01,2023-05-31,과수,과수해충,예보,,"농업지대 지역 평균기온 강수량1주 2주 3주 4주 1주 2주 3주 4주(5.8~5.14) (5.15~5.21) (5.12~5.28) (5.29~6.4) (5.8~5.14) (5.15~5.21) (5.12~5.28) (5.29~6.4)1.태백고냉 대관령 높음 조금높음 조금높음 높음 조금적음 비슷 조금적음 비슷2.태백준고냉 인제,홍천,제천 높음 조금높음 조금높음 높음 조금적음 비슷 조금적음 비슷3.소백산간 충주,보은 높음 조금높음 조금높음 높음 조금적음 비슷 조금적음 비슷4.노령소백산간 임실 높음 조금높음 조금높음 높음 조금적음 비슷 조금적음 비슷5.영남내륙산간 추풍령,영주,문경 높음 조금높음 조금높음 높음 조금적음 비슷 조금적음 비슷6.중북부내륙 춘천,양평 높음 조금높음 조금높음 높음 조금적음 비슷 조금적음 비슷7.중부내륙 원주,이천 높음 조금높음 조금높음 높음 조금적음 비슷 조금적음 비슷8.소백서부내륙 청주,대전,금산 높음 조금높음 조금높음 높음 조금적음 비슷 조금적음 비슷9.노령동서내륙 정 읍,남 원,거 창,산 청높음 조금높음 조금높음 높음 조금적음 비슷 조금적음 비슷10.호남내륙 광주,순천,장흥 높음 조금높음 조금높음 높음 조금적음 비슷 조금적음 비슷11.영남분지 대 구,의 성,구 미,영 천높음 조금높음 조금높음 높음 조금적음 비슷 조금적음 비슷12.영남내륙 진주,합천,밀양 높음 조금높음 조금높음 높음 조금적음 비슷 조금적음 비슷13.중서부평야 서울,인천,수원,서산,강화,천안,보령 높음 조금높음 조금높음 높음 조금적음 비슷 조금적음 비슷14.차령남부평야 군 산,전 주,부 여,부 안높음 조금높음 조금높음 높음 조금적음 비슷 조금적음 비슷15.남서해안 목 포,완 도,해 남,고 흥높음 조금높음 조금높음 높음 조금적음 비슷 조금적음 비슷16.남부해안 부산,통영,여수,거제,남해 높음 조금높음 조금높음 높음 조금적음 비슷 조금적음 비슷17.동해안북부 속초,강릉 높음 조금높음 조금높음 높음 조금적음 비슷 조금적음 비슷18.동해안중부 울진,영덕 높음 조금높음 조금높음 높음 조금적음 비슷 조금적음 비슷19.동해안남부 포항,울산 높음 조금높음 조금높음 높음 조금적음 비슷 조금적음 비슷20.제주 제주,성산,서귀포 높음 조금높음 조금높음 높음 조금적음 비슷 조금적음 비슷평균 높음 조금높음 조금높음 높음 조금적음 비슷 조금적음 비슷10일(2023.04.30.~05.07.) 예보(기상청, 2023.04.27., 06:00)<기상예보>
❍ (기온) 아침 기온은 7~17℃, 낮 기온은 17~27℃로 평년(최저기온8~14℃, 최고기온 20~25℃)과 비슷하겠음
❍ (강수) 5월 4일은 전남권과 경남권, 제주도에 비가 오겠음
<날씨><최저/최고기온>최근 경과기상과 향후 기상전망<기온><강수량>
❍ ‘23년 1월부터 4월 4주차까지의 평균기온은 6.3℃로, 평년(4.7)보다
1.6℃ 높았음
- ’23년 4월 4주차의 평균기온은 13.8℃로, 평년(13.6)보다 0.2℃ 높았음",5호.txt
2023,5,22,2023-05-01,2023-05-31,과수,과수해충,예보,,"기 간 1월 2월 3월4월 분석기간1.1~4.26 4.20~4.261주(3.30~4.5)2주(4.6~4.12)3주(4.13~4.19)4주(4.20~4.26)평균(℃)편차(℃)평균(℃)편차(℃)2023년 0.0 3.0 9.7 14.2 11.3 13.6 13.8 6.3 1.6 13.8 0.22022년 -0.2 0.4 8.0 9.7 15.6 12.8 16.8 5.3 0.6 16.8 3.22021년 -0.4 3.9 9.0 12.8 12.1 11.2 16.4 6.2 1.5 16.4 2.82020년 3.0 3.8 8.0 9.8 9.5 11.7 10.5 6.2 1.5 10.5 -3.12019년 0.5 2.6 7.6 7.7 10.3 12.9 15.1 5.5 0.8 15.1 1.52018년 -1.8 0.0 8.2 14.1 10.7 12.0 14.7 4.6 -0.1 14.7 1.12017년 0.3 1.8 6.4 10.4 13.4 14.7 14.1 5.2 0.5 14.1 0.52016년 -0.6 1.9 7.3 12.5 13.1 13.7 15.3 5.3 0.6 15.3 1.72015년 0.8 2.2 6.8 12.2 9.9 11.7 14.5 5.2 0.5 14.5 0.92014년 0.7 2.7 7.7 10.9 11.9 14.0 15.6 5.8 1.1 15.6 2.02013년 -1.8 0.8 6.7 9.4 7.1 11.5 10.4 3.7 -1.0 10.4 -3.210년평균 0.0 2.0 7.6 11.0 11.4 12.6 14.3 5.3 0.6 14.3 0.7평 년 -0.4 1.7 6.5 9.7 11.1 12.5 13.6 4.7 0.0 13.6 0.0* 10년 평균 : 최근 10년(2013~2022년)동안의 평균기온의 평균** 평년 : 30년(1991～2020년)동안의 평균기온의 평균*** 편차 : 평년의 평균기온에 대한 연도별 평균기온의 차이연도별 강수량
❍ ‘23년 1월부터 4월 4주차까지의 강수량의 합은 157.0㎜로, 평년(208.0)보다
51.0㎜ 적었음(평년대비 75.5%)
- ’23년 4월 4주차의 강수량의 합은 4.5㎜로, 평년(24.2)보다 19.7㎜ 적었음",5호.txt
2023,5,23,2023-05-01,2023-05-31,과수,과수해충,예보,"감자,고사리,고추,두릅,딸기,마늘,미나리,방울토마토,부추,블루베리,상추,셀러리,시금치,쑥갓,아욱,양송이,양파,오리,오이,쪽파,호박","(평년대비 18.6%)기 간 1월 2월 3월4월 분석기간1.1~4.26 4.20~4.261주(3.30~4.5)2주(4.6~4.12)3주(4.13~4.19)4주(4.20~4.26)합계(㎜)대비(%)합계(㎜)대비(%)2023년 44.9 20.0 30.5 41.1 6.1 10.1 4.5 157.0 75.5 4.5 18.62022년 5.0 5.5 89.5 1.6 0.9 12.1 35.0 148.1 71.2 35.0 144.62021년 25.4 23.4 112.1 40.3 23.4 3.5 0.0 228.2 109.7 0.0 0.02020년 85.7 62.1 34.4 0.9 7.3 34.9 0.7 226.1 108.7 0.7 2.92019년 9.7 34.5 42.6 3.4 35.5 1.3 24.0 147.7 71.0 24.0 99.22018년 25.5 36.6 116.2 25.8 22.6 24.8 65.8 317.3 152.5 65.8 271.92017년 18.6 36.0 26.1 25.2 26.4 21.2 4.1 153.5 73.8 4.1 16.92016년 32.9 50.6 62.8 12.4 36.8 55.9 31.1 282.4 135.8 31.1 128.52015년 31.9 31.0 47.8 45.7 8.2 42.8 10.6 213.3 102.5 10.6 43.82014년 14.0 34.8 82.3 9.9 0.5 17.9 0.3 155.7 74.9 0.3 1.22013년 29.7 53.9 60.9 2.9 28.9 1.9 38.2 215.3 103.5 38.2 157.910년평균 27.8 36.8 67.5 16.8 19.1 21.6 21.0 208.8 100.4 21.0 86.8평 년 30.6 37.5 63.0 16.7 20.6 19.8 24.2 208.0 100.0 24.2 100.0* 10년 평균 : 최근 10년(2013~2022년)동안의 강수량의 평균** 평년 : 30년(1991～2020년)동안의 강수량의 평균*** 대비 : 평년의 강수량에 대한 연도별 강수량의 비율5월 주요 품목별 농약 사용 주의보5월 주요 품목별 농약 사용 주의보★5월에 검출된 76개 조합(35품목/38성분)★* 이 자료는 국립농산물품질관리원 안전성조사 결과 중 ’22년도 부적합 발생 품목 및농약 성분을 바탕으로 작성했습니다.
□ 지역별 부적합 발생 우려 정보
❍ 주요 부적합 우려 품목(성분)
- [인천광역시] 대파(포레이트)
- [경기도] 고수(에토프로포스, 세톡시딤),대파(클로르피리포스, 리뉴론, 터부포스),두릅(메펜트리플루코나졸), 미나리(터부포스), 부추(디메토에이트, 루페뉴론, 오메토에이트, 포레이트), 블루베리(카벤다
짐), 상추(옥사디아존, 트리클로피르, 시금치(카벤다짐, 플루아지남), 쑥갓(다이아지논), 알타리무(포레이트), 양파(카보퓨란, 터부포스), 오이(아세퀴노실, 다이아지논, 포레이트, 터부포스), 표고버섯(플루아지남), 호박(스피로메시펜)
- [강원도] 두릅(디메토에이트), 부추(카보퓨란), 산마늘(포레이트), 취나물(에토포르포스, 플루설파마이드, 펜디메탈린)
- [충청북도] 수삼(프로사이미돈), 시금치(포레이트), 쑥갓(다이아지논),아욱(터부포스), 쪽파(터부포스)
- [충청남도] 감자(터부포스), 당귀잎(클로르페나피르), 머위(알라클로르),방울토마토(이미시아포스), 양송이버섯(터부포스), 취나물(펜디메탈린)
- [전라북도] 머위(디메토에이트, 오메토에이트), 상추(오리사스트로빈), 실파(디메토에이트, 오메토에이트), 아욱(에토프로포스, 옥사딕실, 테부피림포스, 테플루트린), 열무(에토프로포스, 터부포스)
- [전라남도] 감자(터부포스), 고사리(이프코나졸), 고춧잎(디노테퓨란), 방풍나물(터부포스), 상추(뷰프로페진), 셀러리(디노테퓨란), 쑥갓(뷰프로페진)
- [경상북도] 들깻잎(펜디메탈린), 상추(카보퓨란, 포레이트), 취나물(카바릴,이프로벤포스)
- [경상남도] 가지(프로사이미돈, 테부코나졸), 고추(다이아지논), 머위(플루트리아폴), 산딸기(프로사이미돈),방아(메탈락실), 상추(이미시아포스),취나물(클로르피리포스)",5호.txt
2023,5,24,2023-05-01,2023-05-31,과수,과수해충,예보,"감자,고사리,고추,두릅,딸기,마늘,미나리,방울토마토,부추,블루베리,상추","- [제주특별자치도] 감자(아세페이트),상추(아세페이트)※ 전국적으로 토양처리 살충제 농약(입제) 성분인 터부포스,포레이트 잔류농약 부적합이 많이 발생되고 있습니다.
농업인께서는 해당 성분의 농약을 사용이 등록된 작물에만안전사용기준을 반드시 준수하여 살포하시기 바랍니다.
□ 부적합 발생 우려 품목/성분의 잔류허용기준 및 농약등록 유무품목 검출성분 잔류허용기준(mg/kg) 잔류허용기준적용 근거농약 안전사용기준등록 유무‘22.5. ‘23.4.
가지Procymidone 0.01 0.01 일률기준 미등록Tebuconazole 0.01 0.01 일률기준 미등록감자Acephate 0.05 0.05 당해성분 당해품목 등록(합제)Terbufos 0.01 0.01 당해성분 당해품목 등록(단제, 합제)고사리 Ipconazole 0.01 0.01 일률기준 미등록고수Ethoprophos 0.01 0.01 일률기준 미등록Sethoxydim 0.01 0.01 일률기준 미등록고추 Diazinon 0.05 0.05 당해성분 당해품목 등록(단제, 합제)고춧잎 Dinotefuran 0.01 0.01 일률기준 미등록대파Chlorpyrifos 0.05 0.05 당해성분 당해품목 미등록Linuron 0.01 0.01 일률기준 미등록Phorate 0.05 0.05 당해성분 당해품목 등록(단제, 합제)Terbufos 0.05 0.05 당해성분 당해품목 등록(단제, 합제)Thifluzamide 0.05 0.05 당해성분 당해품목 등록(합제)두릅Dimethoate 0.01 0.01 일률기준 미등록Mefentrifluconazole 0.01 1.0(기준변경) 소분류기준(엽경채류) 미등록들깻잎 Pendimethalin 0.01 0.01 일률기준 미등록딸기 Procymidone 0.01 0.01 일률기준 미등록머위Alachlor 0.01 0.01 일률기준 미등록Dimethoate 0.01 0.01 일률기준 미등록Flutriafol 0.01 0.01 일률기준 미등록Omethoate 0.01 0.01 일률기준 미등록미나리 Terbufos 0.01 0.01 일률기준 미등록방아 Metalaxyl 0.01 0.01 일률기준 미등록방울토마토 Imicyafos 0.05 0.05 당해성분 당해품목 등록(단제)방풍나물 Terbufos 0.01 0.01 일률기준 미등록부추Carbofuran 0.01 0.01 일률기준 미등록Dimethoate 0.05 0.05 당해성분 당해품목 등록(단제)Lufenuron 0.2 0.2 당해성분 당해품목 등록(단제)Omethoate 0.05 0.05 당해성분 당해품목 미등록Phorate 0.1 0.1 당해성분 당해품목 등록(단제, 합제)Terbufos 0.05 0.05 당해성분 당해품목 등록(단제, 합제)블루베리 Carbendazim 0.2 0.2 당해성분 당해품목 등록(합제)산마늘 Phorate 0.01 0.01 일률기준 미등록품목 검출성분 잔류허용기준(mg/kg) 잔류허용기준적용 근거농약 안전사용기준등록 유무‘22.5. ‘23.4.",5호.txt
2023,5,25,2023-05-01,2023-05-31,과수,과수해충,예보,"감귤,사과,상추,셀러리,시금치,쑥갓,아욱,양송이,양파,오이,쪽파,호박","상추Acephate 0.01 0.01 일률기준 미등록Buprofezin 0.01 0.01 일률기준 미등록Carbofuran 0.01 0.01 일률기준 미등록Imicyafos 0.01 0.01 일률기준 미등록Orysastrobin 0.01 0.01 일률기준 미등록Oxadiazon 0.01 0.01 일률기준 미등록Phorate 0.01 0.01 일률기준 미등록Triclopyr 0.01 0.01 일률기준 미등록셀러리 Dinotefuran 0.01 0.01 일률기준 미등록수삼 Procymidone 0.01 0.01 일률기준 미등록시금치Carbendazim 0.01 30(기준변경) 당해성분 당해품목 미등록Fluazinam 0.01 0.03(기준변경) 당해성분 당해품목 미등록Phorate 0.01 0.01 일률기준 미등록실파Dimethoate 0.05 0.05 당해성분 당해품목 등록(단제, 합제)Omethoate 0.01 0.05(기준변경) 당해성분 당해품목 미등록쑥갓 Buprofezin 0.01 0.01 일률기준 미등록Diazinon 0.01 0.01 일률기준 미등록아욱Ethoprophos 0.01 0.01 일률기준 미등록Oxadixyl 0.01 0.01 일률기준 미등록Tebupirimfos 0.01 0.01 일률기준 미등록Tefluthrin 0.01 0.01 일률기준 미등록Terbufos 0.01 0.01 일률기준 미등록알타리무 Phorate 0.05 0.05 당해성분 당해품목 등록(단제, 합제)양송이버섯 Terbufos 0.01 0.01 일률기준 미등록양파 Carbofuran 0.05 0.05 당해성분 당해품목 미등록Terbufos 0.05 0.05 당해성분 당해품목 등록(단제, 합제)열무 Ethoprophos 0.05 0.05 당해성분 당해품목 미등록Terbufos 0.05 0.05 당해성분 당해품목 등록(합제)오이Acequinocyl 0.01 0.01 일률기준 미등록Diazinon 0.01 0.01 일률기준 미등록Phorate 0.01 0.01 일률기준 미등록Terbufos 0.01 0.05(기준변경) 당해성분 당해품목 미등록쪽파 Terbufos 0.05 0.05 당해성분 당해품목 등록(단제, 합제)참당귀(잎) Chlorfenapyr 0.7 0.7 당해성분 당해품목 등록(단제)취나물Carbaryl 0.01 0.01 일률기준 미등록Chlorpyrifos 0.01 0.01 일률기준 미등록Ethoprophos 0.05 0.05 당해성분 당해품목 등록(단제)Flusulfamide 0.01 0.01 일률기준 미등록Iprobenfos 0.01 0.01 일률기준 미등록Pendimethalin 0.01 0.01 일률기준 미등록표고버섯 Fluazinam 0.01 0.01 일률기준 미등록호박 Spiromesifen 0.01 0.2(기준변경) 당해성분 당해품목 미등록□ 농약안전정보시스템(https://psis.rda.go.kr) 활용자료제공 및 검토 전문가 명단구분 성명 /  소속 / 직급1 김지성 / 농촌지원국 재해대응과 / 과장2 채의석 / 농촌지원국 재해대응과 / 농촌지도관3 김기형 / 농촌지원국 재해대응과 / 농촌지도관4 김상목 / 농촌지원국 재해대응과 / 농업연구관5 박승무 / 농촌지원국 재해대응과 / 농촌지도관6 이우일 / 농촌지원국 재해대응과 / 농촌지도사7 최효원 / 농촌지원국 재해대응과 / 농업연구사8 양미숙 / 농촌지원국 재해대응과 / 농촌지도사9 맹권재 / 농촌지원국 재해대응과 / 농업주사보10 박명일 / 농촌지원국 재해대응과 / 주무관11 최인후 / 농촌지원국 재해대응과 / 기술전문위원12 박해융 / 농촌지원국 재해대응과 / 기술전문위원13 성신상 / 농촌지원국 재해대응과 / 기술전문위원14 강신곤 / 농촌지원국 기술보급과 / 농촌지도관15 고창호 / 농촌지원국 기술보급과 / 농촌지도관16 김현철 / 농촌지원국 기술보급과 / 농촌지도사17 장진경 / 농촌지원국 기술보급과 / 농촌지도사18 노석원 / 농촌지원국 식량산업기술팀 / 농촌지도사19 엄미옥 / 농촌지원국 식량산업기술팀 / 농촌지도사20 윤  송 / 농촌지원국 식량산업기술팀 / 농촌지도사21 이세원 / 국립농업과학원 작물보호과 / 과장22 박병용 / 국립농업과학원 작물보호과 / 농업연구관23 박동석 / 국립농업과학원 작물보호과 / 농업연구관24 이봉춘 / 국립농업과학원 작물보호과 / 농업연구관25 이용환 / 국립농업과학원 작물보호과 / 농업연구관26 이관석 / 국립농업과학원 작물보호과 / 농업연구사27 이영기 / 국립농업과학원 작물보호과 / 농업연구사28 강미형 / 국립농업과학원 작물보호과 / 농업연구사29 정인홍 / 국립농업과학원 작물보호과 / 농업연구사30 류현주 / 국립농업과학원 작물보호과 / 농업연구사31 심교문 / 국립농업과학원 기후변화평가과 / 농업연구관32 강민구 /국립농업과학원 기후변화평가과 / 농업연구사33 최준열 / 국립농업과학원 작물기초기반과 / 과장34 김상민 / 국립식량과학원 작물기초기반과 / 농업연구사35 최낙중 / 국립식량과학원 작물기초기반과 / 농업연구사36 김현주 / 국립식량과학원 기술지원과 / 농업연구관37 김은영 / 국립식량과학원 재배환경과 / 농업연구사38 김동환 / 국립원예특작과학원 원예특작환경과 / 과장39 이성찬 / 국립원예특작과학원 원예특작환경과 / 농업연구관40 조인숙 / 국립원예특작과학원 원예특작환경과 / 농업연구관41 한유경 / 국립원예특작과학원 원예특작환경과 / 농업연구사42 이선영 / 국립원예특작과학원 원예특작환경과 / 농업연구사43 서미혜 / 국립원예특작과학원 원예특작환경과 / 농업연구사44 윤정범 / 국립원예특작과학원 원예특작환경과 / 농업연구사45 이동혁 / 국립원예특작과학원 사과연구소 / 소장46 양상진 / 국립원예특작과학원 사과연구소 / 농업연구관47 송장훈 / 국립원예특작과학원 배연구소 / 농업연구관48 강아랑 / 국립원예특작과학원 배연구소 / 농업연구사49 한승갑 / 국립원예특작과학원 감귤연구소 / 농업연구관2023년 농작물 병해충 발생정보(제5호)집 필 인김지성 , 채의석 , 김기형 , 김상목 , 박승무 , 이우일 , 최효원 , 양미숙 , 맹권재 ,박명일 , 강권희발 행 처 농촌진흥청 재해대응과주소 54875 전북 전주시 덕진구 농생명로 300전화 (063) 238–1045~1049homepage : http://www.nongsaro.go.kr",5호.txt
2023,6,1,2023-06-01,2023-06-15,식량작물,열대거세미나방,주의보,"수수,옥수수","❍ 열대거세미나방은 아메리카 대륙의 열대·아열대 지역이 원산으로아프리카(‘16), 동남아(’18), 중국(‘19.1), 한국(’19.6) 등으로 확산됨
❍ 제주에서 올해 4월 18일 성충이 첫 발견 되었으며, 유충은 전북 부안에서5.19 에서 발견됨. 최근 4년간 가장 빠른 시기에 성충 유충 발견(작년대비 약 한달 빠름)⇒ 작년 발생지역과 주 비래지역(충남, 전남‧북, 경남, 제주 등)은성페로몬트랩 예찰 및 어린 옥수수 포장 중심 철저한 관찰이 필요
⇒ 유충(애벌레)이 식물의 잎과 줄기를 갉아 먹어 피해를 발생시키며기주식물은 80여 작물(옥수수, 수수 등)로 알려져 있음
❍ 약제를 위해 발생초기(유충1~3령) 등록약제로 살포하되, 약제를살포할 때는 약액이 골고루 작물에 묻도록 충분히 살포□ 열대거세미나방 유충형태 및 피해 사진열대거세미나방 유충(좌, 2령), 피해 사진(우)",6호.txt
2023,6,2,2023-06-01,2023-06-15,식량작물,멸강나방,예보,옥수수,"❍ 멸강나방은 해외에서 날아와 피해를 주는 장거리 비래 해충으로화본과 목초류, 옥수수 등에 발생해 피해를 줌
❍ 올해는 3월 하순 처음 비래가 확인되었으며 목초지나 옥수수 포장등 기주식물 재배지역을 예찰하여 유충이 발견되면 등록 약제로발생 초기에 방제멸강나방 유충(좌)과 피해(우) 사진",6호.txt
2023,6,3,2023-06-01,2023-06-15,식량작물,애멸구(벼줄무늬잎마름병 매개),예보,벼,"❍ 애멸구는 국내 월동과 해외 비래가 가능한 해충으로 흡즙하여 어린벼에 벼줄무늬잎마름병을 매개함
❍ 최근 서남해안 지역에 비래가 확인되고 있어 주기적 예찰이 필요함
❍ 애멸구 발생이 많은 지역은 신속하게 살충효과가 있는 접촉독 등록 약제를 살포하고, 애멸구가 논뿐만 아니라 논두렁 주변에도 많이 있으므로 논두렁이나 인근 제방까지 철저히 방제하여 애멸구가본답에 유입되지 않도록 함",6호.txt
2023,6,4,2023-06-01,2023-06-15,식량작물,조명나방,예보,옥수수,"❍ 조명나방은 옥수수에서 발생하는 해충으로 유충이 잎과 이삭을 갉아먹거나 줄기 속으로 파고들어가 피해를 줌⇒ 조명나방 1화기 성충이 최대로 발생한 날(6월 상순경)부터7~10일 후 혹은 옥수수 줄기가 형성되기 전에 잎이 전부 전개되지 않은 시기인 8~9엽기에 방제하는 것이 효율적임
⇒ 애벌레가 옥수수 줄기 속으로 파고 들어가면 약제 방제가 어려움알덩어리 유충(애벌레) 번데기 성충잎 가해 줄기가해 열매가해",6호.txt
2023,6,5,2023-06-01,2023-06-15,식량작물,벼물바구미 등,예보,벼,"❍ 벼물바구미는 벼 잎과 뿌리를 갉아먹고 벼잎벌레와 굴파리류는벼 잎이나 줄기 속을 갉아 먹어 피해를 주는 해충으로 해마다
발생함
❍ 이앙시기와 월동 세대 성충의 본답 이동시기가 일치할 때 피해가 심함
⇒ 벼물바구미, 벼물가파리, 깔따구, 도열병 등해충과 병을 동시에 방제할 수 있는 약제를선택하여 모내기 당일 육묘상자에 입제를뿌려 방제하고, 육묘상자에 약제처리를 못한경우는 모낸 후 10∼15일 사이에 등록 약제를 선택하여 방제",6호.txt
2023,6,6,2023-06-01,2023-06-15,채소,역병·탄저병(고추),예보,고추,"❍ 역병은 비가 내린 후 다습한 환경조건에서 발생이 증가하며 토양에있는 병원균이 물을 통하여 전염되는 병으로 일단 발병하면 급속하게 번지고 방제 효과가 낮음
⇒ 병 발생이 많았던 곳은 두둑을 높여 준 후 배수로를 정비하고병든 포기 발견 즉시 제거하여 전염원을 제거하고 비오기 전후등록 약제를 주기적으로 살포
❍ 고추 탄저병은 지난해 버려진 병든 잔재물이 가장 중요한 1차전염원이고, 온·습도가 높은 장마철 비가 잦은 환경에서 감염위험이 높음
⇒ 병든 과실을 그냥 두거나 이랑사이에 버리면 방제효과는 50%이상 감소하므로 병든 과실은 발견 즉시 매립 또는 소각하는것이 효과적이며, 재식거리를 넓히고 두둑을 높게 하고 물 빠짐을 좋게 하여 발병에 좋은 환경을 차단함
⇒ 국가농작물병해충관리시스템(http://ncpms.rda.go.kr)에서 고추역병과 탄저병 최초 감염위험시기를 알려주는 문자서비스를활용하여 병징이 없더라도 감염 시기 알림 후 3일 이내에 예방적으로 침투이행성 약제 처리",6호.txt
2023,6,7,2023-06-01,2023-06-15,채소,"덩굴마름병(수박, 참외)",예보,"수박,참외","❍ 수박 덩굴마름병은 감염된 묘를 정식하거나 비가 많이 오는 경우발생하는 병으로 생육후기에 초세가 약해질 무렵부터 잎이나 줄기가 집중적으로 말라 죽음
⇒ 약제 방제만으로는 효과적인 방제가 어려우므로 과습을 방지하고 생육을 강건하게 유지시킴",6호.txt
2023,6,8,2023-06-01,2023-06-15,채소,흰가루병(오이 등),예보,오이,"❍ 하우스 등 시설재배지에서 흔히 발생되며 일조가 부족하고 밤낮의온도 차이가 심하면서 건조한 경우에 병 발생이 증가함.
⇒ 병든 식물은 속히 제거하고 질소가 과용되지 않도록 균형시비를하면서 병 발생 초기에 등록약제로 방제⇒ 흰가루병 포자는 일출 후부터 오전 10시경 까지 포자 비산이가장 많이 이루어지므로 약제 살포는 10시 이전에 하는 것이효과적이고, 같은 계통의 약제 연용 시 약제저항성균이 쉽게 생겨 방제효과가 떨어지게 되므로 반드시 다른 계통의 약제를 번갈아 가며 살포",6호.txt
2023,6,9,2023-06-01,2023-06-15,채소,"총채벌레류, 가루이류, 진딧물",예보,"방울토마토,오이,파프리카","❍ ‘22년 1월~5월 말까지 기온은 7.6℃로 평년(7.1)보다 0.5℃ 높았음
시설재배 작물에서 꽃노랑총채벌레, 온실가루이, 담배가루이 등이관리가 소홀한 포장에서 온도가 올라가면 밀도가 높아질 수 있어 주의가 필요함
❍ 시설재배에서 발생하는 해충은 대부분 크기가 작고 연중 발생하고있으나, 발생초기에 예찰이 어려워 피해를 입는 경우가 많음. 특히 이해충들은 식물체에 직접적인 피해를 줄 뿐만 아니라 그을음병을 유발하거나 바이러스병을 전염시켜 작물에 피해를 줌⇒ 끈끈이트랩 등을 활용하여 주의 깊게 예찰하고 발견 즉시 계통이다른 등록 약제를 바꾸어가며 방제
❍ 꽃노랑총채벌레 등 총채벌레류가 오이, 파프리카 등에서 발생 초기에방제가 이루어지지 않으면 확산 및 피해가 예상⇒ 황색 끈끈이트랩이나 타락법(꽃과 잎을 두드려서 흰색 종이 위에떨어진 벌레를 조사) 등으로 예찰하고, 발생포장은 초기에 방제⇒ 꽃노랑총채벌레의 번데기 방제용으로 아큐레이퍼응애를 토양에투입하고, 지상부 유충과 성충 방제용으로는 유럽애꽃노린재,지중해이리응애 등 천적을 활용하면 효과적으로 방제가 가능함
❍ (가루이류, 진딧물) 온실가루이와 담배가루이는 토마토와 같은 가지과작물에서, 진딧물은 엽채류와 과채류에서 주로 발생하며 식물의즙액을 빨아먹는 직접적인 피해뿐만 아니라 그을음병과 바이러스병등을 유발하여 상품성을 떨어뜨림⇒ 크기가 작아 육안으로 관찰하기 힘들고 일단 발생하면 방제가어려우므로 외부 유입통로에 방충망을 설치하는 등 시설 안으로들어오지 못하도록 막고, 끈끈이트랩을 매달아 주의 깊게 살펴봄⇒ 예방적 조치로 해충에 따라 천적을 투입하여 방제하고 국부적으로해충이 집중 발생했을 경우 작물별 등록 약제로 방제",6호.txt
2023,6,10,2023-06-01,2023-06-15,채소,토마토반점위조바이러스(TSWV),예보,"고추,방울토마토,파프리카","❍ 총채벌레가 즙액을 흡즙하면서 바이러스를 전염시키는 병으로 고추,토마토, 파프리카 등 특히 전년도 발생이 많았던 가지과 시설재배지에서 꾸준히 발생하고 있으며, 방제시기르 놓쳐 총체벌레의 밀도가높아지면 피해가 커지기 때문에 초기 방제로 병발생을 예방하는것이 중요
⇒ 방충망을 이용하여 시설 안으로 들어오는 총채벌레를 막고 발생초기 천적이나 등록약제로 방제⇒ 병에 걸린 식물은 발견 즉시 제거하여 병이 확산 되는 것을 예방",6호.txt
2023,6,11,2023-06-01,2023-06-15,채소,토마토황화잎말림바이러스(TYLCV),예보,방울토마토,❍ 가지과 작물에서 담배가루이가 병을 매개하고 감염된 묘를 통해확산될 수 있으므로 육묘 단계부터 정식 초기에 예찰을 강화하여감염여부를 판단하고 정식 후에는잎 뒷면과 포장 주위를 살펴보아담배가루이를 철저히 방제⇒ 방충망을 설치하여 담배가루이의침입을 막고 발생 시 담배가루이의 기주식물이 되는 잡초와 병이걸린 식물은 뽑아서 제거,6호.txt
2023,6,12,2023-06-01,2023-06-15,과수,과수화상병,경보,"도라지,사과","❍ (과수화상병) 사과, 배 등의 병든 꽃은 수침상이 되고 쭈그러든후 흑갈색으로 변해 떨어지거나 나무에 매달려 있게 되고 꽃이달린 가지나 인접한 가지로 진전되어 잎맥을 따라 흑갈색의병반이 생기고 병이 진전됨에 따라 병든 잎은 말리고, 쭈그러들어보통은 가지에 매달려 있음. 병든 가지의 나무껍질은 흑갈색으로변하면서 물러졌다가 후에 위축되고 단단해져 궤양병반을 형성⇒ 과수화상병 궤양은 표피를 칼로 벗길 경우 형성층이 갈변, 유사증상은 건전한 부위가 바로 갈변되지 않고, 수분 후 약하게 갈변⇒ 한번 걸리면 방제가 불가능하기 때문에 예방을 위하여 과수원을청결하게 관리하고 농작업을 하는 사람의 과수원 출입시 사람과작업도구 등을 수시로 소독⇒ 의심증상 발견 시에는 전국 대표전화(1833-8572) 또는 가까운농업기술센터·농업기술원에 즉시 신고, 병균의 밀도가 낮아 진단되지 않더라도 갈변궤양은 끝에서 40~70cm 아래를 절단․제거
❍ (과수가지검은마름병) 과수화상병과 증상이 비슷하여 육안으로는구분이 불가하며, 발생시기와 전파경로, 피해증상이 유사함.",6호.txt
2023,6,13,2023-06-01,2023-06-15,과수,"갈색날개매미충, 미국선녀벌레, 꽃매미",주의보,,"< 갈색날개매미충 >
❍ 올해 월동난 조사 결과 갈색날개매미충, 꽃매미의 발생면적이 다시증가세를 보이고 있으며, 매미나방은 감소한 것으로 조사됨
❍ 발생지역에서 생산된 묘목을 통해 다른 지역으로 전파될 가능성이있어 묘목을 구입하여 식재할 경우 어린 가지의 아래쪽을 잘 살펴 난괴(알)가 보일 경우 가지를 제거해야 함
* (부화시기 예측) 남해안 5월 5일경, 그 외 지역 5월 18∼19일경⇒ 발생정도에 따라 전용약제를 1주일 간격으로 1~3회 살포*지역별‘공동방제의날’은시도별여건에따라탄력적으로운영⇒ 갈색날개매미충을 효과적으로 방제하려면 갈색날개매미충 부화후 1~2주 사이에 애벌레(1~2령)가 붙어 있는 나무에 약제를 뿌리는 것이 좋음. 2령이 지난 애벌레와 성충은 이동성이 크기때문에 방제 효과가 떨어짐.
<갈색날개매미충 약충, 성충, 난괴 사진>< 미국선녀벌레 >
❍ 미국선녀벌레는 연간 1세대 발생하며월동한 알은 5월 중·하순경에 부화하며,약충은 5령을 거쳐 성충이 되며, 성충은 7월에서 10월까지 발생함
* (부화시기 예측) 남해안 5월 10일경, 그 외 지역 5월 22～24일경< 꽃매미 >
❍ 꽃매미는 연간 1세대 발생하고 월동한 알은 5월 상·중순경에 부화하며 약충은 5령을 거쳐 성충이되고 성충은 7월에서 11월까지발생함
⇒ 월동알을 제거해 주는 것이 친환경적이며 발생을 줄이는 데에큰 효과가 있으므로 봄철에 약충으로 부화하기 전 과수원 및 인근야산의 나무 등에 있는 알 덩어리를 제거해 주고 약충이 깨어나오면 등록약제로 반드시 방제⇒ 금년은 지난 겨울과 봄철의 기온이 평년기온보다 약간 높아지난해와 비슷한 수준이고 평년보다 6∼7일 빨라질 것으로 예상* (부화시기) 남해안 지역 4월 30일, 그 외 지역 5월 11∼12일⇒ 시설재배지는 측창과 입구에 방충망을 설치하면 꽃매미의 침입과외부로의 확산을 막고, 방제 효과도 증대시킬 수 있음",6호.txt
2023,6,14,2023-06-01,2023-06-15,과수,복숭아 세균구멍병‧잿빛무늬병,예보,복숭아,"❍ 복숭아 세균구멍병은 비바람에 의해 발생이 많아지며, 복숭아 잎․가지․열매에 수침상의 반점이 생긴 후 확대되어 피해가 발생하는데,최근 비가 오고 바람이 많이 불어 발생이 증가할 수 있으므로 철저한예찰과 방제 필요
⇒ 병든 가지는 제거해 주며 발생이 많은 곳은 방풍망․방풍림을설치하고 병 발생 전에 예방위주로 방제
❍ 복숭아 잿빛무늬병은 과실에 피해가 가장 크며 표면에 갈색반점이생기고 점차 확대되어 전체가 부패하고 심한 악취를 발산하며,국지적으로 바람이 많은 지역에서 피해가 예상됨
⇒ 병에 걸린 가지는 조기에 제거하여 소각처리",6호.txt
2023,6,15,2023-06-01,2023-06-15,과수,탄저병,예보,"복숭아,사과,포도","❍ 사과, 복숭아, 포도 등에 발생하는 탄저병은 주요 관리 과수병으로병원균은 주로 습기가 많은 기후조건과 25℃ 전후 온도에서 감염이잘 이루어지므로 장마기 이후에 주의가 필요함
❍ 탄저병에 감염된 과실은 초기에 검정색 작은 반점이 껍질에 나타나며, 병이 커질수록 과실 표면이 움푹 들어가면서 과실 내부가갈색으로 변하면서 과실 표면에 많은 분생포자가 생겨 주변 건전한 과실을 감염. 특히 장마기나 바람이 많이 부는 날씨에는 분생포자들이 이동되는 시기이므로 철저한 관리가 필요
⇒ 지난해에 탄저병이 많이 발생했던 농가는 과원 내에 탄저병균이남아 있을 수 있으므로 탄저병균의 밀도를 줄이기 위해 예방적으로 적용 살균제를 살포⇒ 또한 탄저병은 습한 환경조건에서 잘 발생하므로 과원 내 통풍이잘 되게 하고 물 빠짐이 잘 되도록 관리",6호.txt
2023,6,16,2023-06-01,2023-06-15,과수,참다래 궤양병,예보,"오리,참다래","❍ 참다래 궤양병 중 고위험 병원형인 Psa 3가 ’14년부터 남해안과제주지역에 발생하였는데 수액 이동기에 발병할 가능성이 크기때문에 이에 대한 철저한 대비 필요
- 병원형 Psa 3는 기존 국내에 발생하고 있는 Psa 2보다 전염성과그 위험도가 매우 높음
- 3∼4월 수액이 이동할 때 동해를 입거나 상처를 입은 부위에서부터투명한 수액이 흐르다가 증세가 심해지면 나무 전체가 말라 죽으며,잎에는 노란색 테두리를 가진 갈색반점이 생기고 꽃봉오리는 갈색으로 변함
- 병든 조직에서 월동한 병원균이 상처, 기공 및 수공을 통하여 잎으로 침입하며 전정 등 농작업 도구를 통해 전염⇒ 궤양병 증상이 보이면 가까운 농업기술센터를 통해서 정밀 진단을받아 고병원성 병원형 여부를 확인하여 방제 조치⇒ 작년에 병이 발생했던 포장은 참다래궤양병 방제용 등록약제를3월 하순∼4월 상순부터 10일 간격으로 살포하여 예방하고 Psa3에감염된 이병주는 굴취하여 소각",6호.txt
2023,6,17,2023-06-01,2023-06-15,과수,복숭아 순나방,예보,복숭아,"❍ 복숭아 관찰포에서 성페로몬 트랩조사(5월) 결과 전년보다 포획된마리수는 감소하였으나, 전북, 경북 등 일부 지역에서는 포획량이증가함
⇒ 전년에 과실 피해가 많았거나, 성페로몬 트랩에 유인이 많이 된과원은 등록 약제로 복숭아심식나방과 방제하고, 열매솎기나봉지씌우기를 할 때 피해를 받은 신초나 어린과실이 발견되면즉시 제거하여 땅에 묻음",6호.txt
2023,6,18,2023-06-01,2023-06-15,과수,"잎말이나방, 감꼭지나방",예보,"감귤,매실,사과","❍ 감귤, 사과, 배, 매실 등에 발생하는 잎말이나방류는 새로 나오는잎으로 이동해서 잎을 세로로 말고 들어가 갉아먹어 피해를 주며과실의 표면을 핥듯이 가해하여 상품성을 떨어뜨림⇒ 성페로몬 트랩을 주의 깊게 관찰하여 성충발생 최성기 7∼10일이후 등록 약제 살포
❍ 감꼭지나방은 꽃잎이나 잎을 갉아 먹다가 감꼭지에 유충이 과육을 먹고 들어가 낙과를 시키며, 열매꼭지와 과실 사이로 배설물을배출함
⇒ 성페로몬트랩 예찰 결과를 활용하여 1화기성충 발생 최성기인 6월 상․중순에 등록 약제로 방제1개월 기상전망            (출처 : 국립농업과학원, 기상청)기온은 1주, 2주는 평년보다 높겠고, 3주, 4주는 평년과 비슷하거나 높겠음
강수량은 1주는 평년과 비슷하거나 적겠고, 2주, 3주, 4주는 평년과 비슷하겠음
❍ 1주(6.12~6.18): 이동성 고기압의 영향을 주로 받겠음
- 기온은 평년보다 높겠고, 강수량은 평년과 비슷하거나 적겠음
❍ 2주(6.19~6.25): 고기압의 가장자리에 들어 구름 많은 날씨를 보이겠으며,남쪽을 지나는 기압골의 영향을 받을 때가 있겠음
- 기온은 평년보다 높겠고, 강수량은 평년과 비슷하겠음
❍ 3주(6.26~7.2): 고기압의 가장자리에 들어 구름 많은 날씨를 보이겠으며,남쪽을 지나는 기압골의 영향을 받을 때가 있겠음
- 기온은 평년과 비슷하거나 높겠고, 강수량은 평년과 비슷하겠음
❍ 4주(7.3~7.9): 고기압의 가장자리에 들어 구름 많은 날씨를 보이겠으며,남쪽을 지나는 기압골의 영향을 받을 때가 있겠음
- 기온은 평년과 비슷하거나 높겠고, 강수량은 평년과 비슷하겠음
농업지대 지역 평균기온 강수량1주 2주 3주 4주 1주 2주 3주 4주(6.12~6.18) (6.19~6.25) (6.26~7.2) (7.3~7.9) (6.12~6.18) (6.19~6.25) (6.26~7.2) (7.3~7.9)1.태백고냉 대관령 높음 높음 조금높음 조금높음 조금적음 비슷 비슷 비슷2.태백준고냉 인제,홍천,제천 높음 높음 조금높음 조금높음 조금적음 비슷 비슷 비슷3.소백산간 충주,보은 높음 높음 조금높음 조금높음 조금적음 비슷 비슷 비슷4.노령소백산간 임실 높음 높음 조금높음 조금높음 조금적음 비슷 비슷 조금많음
5.영남내륙산간 추풍령,영주,문경 높음 높음 조금높음 조금높음 조금적음 비슷 비슷 조금많음
6.중북부내륙 춘천,양평 높음 높음 조금높음 조금높음 조금적음 비슷 비슷 비슷7.중부내륙 원주,이천 높음 높음 조금높음 조금높음 조금적음 비슷 비슷 비슷8.소백서부내륙 청주,대전,금산 높음 높음 조금높음 조금높음 조금적음 비슷 비슷 비슷9.노령동서내륙 정읍,남원,거창,산청 높음 높음 조금높음 조금높음 조금적음 비슷 비슷 조금많음
10.호남내륙 광주,순천,장흥 높음 높음 조금높음 조금높음 조금적음 비슷 조금많음 조금많음
11.영남분지 대구,의성,구미,영천 높음 높음 조금높음 조금높음 조금적음 비슷 비슷 조금많음
12.영남내륙 진주,합천,밀양 높음 높음 조금높음 조금높음 조금적음 비슷 조금많음 조금많음
13.중서부평야 서울,인천,수원,서산,강화,천안,보령 높음 높음 조금높음 조금높음 조금적음 비슷 비슷 비슷14.차령남부평야 군산,전주,부여,부안 높음 높음 조금높음 조금높음 조금적음 비슷 비슷 조금많음
15.남서해안 목포,완도,해남,고흥 높음 높음 조금높음 조금높음 조금적음 비슷 조금많음 조금많음
16.남부해안 부산,통영,여수,거제,남해 높음 높음 조금높음 조금높음 조금적음 비슷 조금많음 조금많음
17.동해안북부 속초,강릉 높음 높음 조금높음 조금높음 조금적음 비슷 비슷 비슷18.동해안중부 울진,영덕 높음 높음 조금높음 조금높음 조금적음 비슷 비슷 조금많음
19.동해안남부 포항,울산 높음 높음 조금높음 조금높음 조금적음 비슷 조금많음 조금많음
20.제주 제주,성산,서귀포 높음 높음 조금높음 조금높음 조금적음 비슷 조금많음 조금많음
평균 높음 높음 조금높음 조금높음 조금적음 비슷 비슷 비슷10일(2023.06.04.~06.11.) 예보(기상청, 2023.06.01., 06:00)<기상예보>",6호.txt
2023,6,19,2023-06-01,2023-06-15,과수,"잎말이나방, 감꼭지나방",예보,,"❍ (기온) 아침 기온은 14~20℃, 낮 기온은 23~30℃로 평년(최저기온15~18℃, 최고기온 24~28℃)과 비슷하겠음
❍ (강수) 구름 많은 날이 많겠음
<날씨><최저/최고기온>최근 경과기상과 향후 기상전망<기온><강수량>연도별 평균기온
❍ ‘23년 1월부터 5월 5주차까지의 평균기온은 8.9℃로, 평년(7.6)보다 1.3℃높았음
- ’23년 5월 5주차의 평균기온은 20.4℃로, 평년(19.1)보다 1.3℃ 높았음
기 간 1월 2월 3월 4월5월 분석기간1.1~5.31 5.25~5.311주(4.27~5.3)2주(5.4~5.10)3주(5.11~5.17)4주(5.18~5.24)5주(5.25~5.31)평균(℃)편차(℃)평균(℃)편차(℃)2023년 0.0 3.0 9.7 13.3 14.9 15.6 18.7 18.3 20.4 8.9 1.3 20.4 1.32022년 -0.2 0.4 8.0 13.9 13.5 16.8 17.0 20.5 20.7 8.2 0.6 20.7 1.62021년 -0.4 3.9 9.0 13.4 13.8 15.3 18.6 18.2 17.3 8.6 1.0 17.3 -1.82020년 3.0 3.8 8.0 10.9 16.6 16.9 17.5 16.5 18.9 8.7 1.1 18.9 -0.22019년 0.5 2.6 7.6 12.0 14.0 16.3 19.6 19.3 20.1 8.3 0.7 20.1 1.02018년 -1.8 0.0 8.2 13.3 15.8 15.5 19.6 17.1 20.1 7.6 0.0 20.1 1.02017년 0.3 1.8 6.4 13.8 16.8 17.2 17.2 20.1 20.1 8.3 0.7 20.1 1.02016년 -0.6 1.9 7.3 13.8 15.6 17.0 17.0 19.9 20.6 8.2 0.6 20.6 1.52015년 0.8 2.2 6.8 12.7 18.0 16.1 18.2 18.5 20.9 8.3 0.7 20.9 1.82014년 0.7 2.7 7.7 13.3 15.1 14.4 18.5 19.2 22.0 8.6 1.0 22.0 2.92013년 -1.8 0.8 6.7 10.3 12.9 16.1 18.6 18.7 19.9 6.8 -0.8 19.9 0.810년평균 0.0 2.0 7.6 12.7 15.2 16.2 18.2 18.8 20.1 8.2 0.6 20.1 1.0평 년 -0.4 1.7 6.5 12.3 15.3 16.3 16.9 18.2 19.1 7.6 0.0 19.1 0.0* 10년 평균 : 최근 10년(2013~2022년)동안의 평균기온의 평균** 평년 : 30년(1991～2020년)동안의 평균기온의 평균*** 편차 : 평년의 평균기온에 대한 연도별 평균기온의 차이연도별 강수량
❍ ‘23년 1월부터 5월 5주차까지의 강수량의 합은 372.7㎜로, 평년(329.8)보다 42.9㎜ 많았음(평년대비 113.0%)
- ’23년 5월 5주차의 강수량의 합은 71.6㎜로, 평년(20.3)보다",6호.txt
2023,6,20,2023-06-01,2023-06-15,과수,"잎말이나방, 감꼭지나방",예보,"감자,당근,마늘,부추,비트,살구,상추,아욱,양파,오리,오이,체리,치커리,호박","51.3㎜ 많았음(평년대비 352.7%)기 간 1월 2월 3월 4월5월 분석기간1.1~5.31 5.25~5.311주(4.27~5.3)2주(5.4~5.10)3주(5.11~5.17)4주(5.18~5.24)5주(5.25~5.31)합계(㎜)대비(%)합계(㎜)대비(%)2023년 44.9 20.0 30.5 70.2 11.1 116.0 2.0 15.0 71.6 372.7 113.0 71.6 352.72022년 5.0 5.5 89.5 62.7 15.0 1.2 1.1 0.4 3.3 169.0 51.2 3.3 16.32021년 25.4 23.4 112.1 77.5 21.1 26.0 56.5 15.8 29.7 377.3 114.4 29.7 146.32020년 85.7 62.1 34.4 44.0 14.7 40.3 20.6 29.0 3.0 333.7 101.2 3.0 14.82019년 9.7 34.5 42.6 80.8 19.8 0.1 3.5 33.8 27.7 232.6 70.5 27.7 136.52018년 25.5 36.6 116.2 140.3 15.1 37.8 46.0 31.8 5.7 453.7 137.6 5.7 28.12017년 18.6 36.0 26.1 72.8 0.0 17.3 6.7 5.0 1.9 184.4 55.9 1.9 9.42016년 32.9 50.6 62.8 163.2 63.4 25.3 18.4 20.9 2.4 412.9 125.2 2.4 11.82015년 31.9 31.0 47.8 135.6 51.3 0.5 41.3 6.5 3.4 316.4 95.9 3.4 16.72014년 14.0 34.8 82.3 89.3 64.9 4.5 56.6 7.3 15.7 304.7 92.4 15.7 77.32013년 29.7 53.9 60.9 79.9 11.2 20.9 0.1 29.8 79.4 356.8 108.2 79.4 391.110년평균 27.8 36.8 67.5 94.6 27.7 17.4 25.1 18.0 17.2 314.2 95.3 17.2 84.7평 년 30.6 37.5 63.0 90.7 23.7 28.6 27.1 22.2 20.3 329.8 100.0 20.3 100.0* 10년 평균 : 최근 10년(2013~2022년)동안의 강수량의 평균** 평년 : 30년(1991～2020년)동안의 강수량의 평균*** 대비 : 평년의 강수량에 대한 연도별 강수량의 비율6월 주요 품목별 농약 사용 주의보6월 주요 품목별 농약 사용 주의보★6월에 검출된 84개 조합(39품목/50성분)★* 이 자료는 국립농산물품질관리원 안전성조사 결과 중 ’22년도 부적합 발생 품목 및농약 성분을 바탕으로 작성했습니다.
□ 지역별 부적합 발생 우려 정보
❍ 주요 부적합 우려 품목(성분)
- [부산광역시] 들깻잎(포레이트), 열무(이미시아포스), 체리(델타메트린, 페노뷰카브), 호박잎(포스파미돈)
- [대구광역시] 들깻잎(피리다벤), 살구(플루벤디아마이드), 체리(델타메트린, 페노뷰카브),우엉잎(카벤다짐, 터부포스)
- [인천광역시] 상추(포레이트), 아욱(플루퀸코나졸), 치커리(터부포스)
- [울산광역시] 애호박(피콕시스트로빈)
- [경기도] 가지(프로사이미돈), 감자(포레이트,테부코나졸, 테부피림포스, 터부포스), 고수(카벤다짐, 카보퓨란, 디에토펜카브, 아이소피라잠, 펜티오피라드, 프로파모카브), 근대(플룩사메타마이드), 당근(터부포스), 대파(리뉴론, 포레이트), 마늘(이미다클로프리드), 방풍나물(터부포스), 부추(포레이트), 양파(포레이트, 티아메톡삼), 오이(메트코나졸, 메톨라클로르), 단호박(펜디메탈린)
- [강원도] 감자(테부피림포스, 터부포스), 곤드레나물(클로로탈로닐), 들깻잎(오리사스트로빈,펜디메탈린), 비트(이미시아포스), 양상추(카보퓨란, 펜디메탈린), 취나물(펜디메탈린)
- [충청북도] 감자(테부피림포스), 아욱(플룩사메타마이드, 터부포스), 알타리무(다이아지논), 오이(이미시아포스)",6호.txt
2023,6,21,2023-06-01,2023-06-15,과수,"잎말이나방, 감꼭지나방",예보,"감자,고추,당근,마늘,매실,미나리,방울토마토,부추,블루베리,살구,상추,시금치,아스파라거스,양파,오리,오이,쪽파,참외,호박","- [충청남도] 감자(오리사스트로빈, 터부포스),들깻잎(플루아지남), 방풍나물(에탈플루랄린,펜디메탈린), 상추(플루퀸코나졸), 쪽파(터부포스),당귀잎(클로르페나피르, 테부펜피라드)
- [전라북도] 당근(엔도설판, 터부포스), 묘삼(카두사포스, 플루디옥소닐, 플루톨라닐),상추(오리사스트로빈), 아스파라거스(포레이트), 오디(카벤다짐), 오이(엔도설판)
- [전라남도] 마늘(이미다클로플리드), 매실(카벤다짐), 방풍나물(포레이트), 블루베리(플루벤디아마이드), 비파(피페로닐부톡사이드), 시금치(포레이트), 아스파라거스(EPN), 양파(메탈락실)
- [경상북도] 들깻잎(펜디메탈린, 펜톡사존),미나리(인독사카브), 부추(펜디메탈린, 포레이트), 상추(테트라코나졸), 참외(페노뷰카브)
- [경상남도] 고추(에토프로포스), 매실(프로클로라즈), 묘삼(플루디옥소닐), 블루베리(클로로탈로닐), 살구(메토밀), 취나물(테부코나졸), 토마토(페사이큐론)
- [제주특별자치도] 단호박(벤타존)※ 전국적으로 토양처리 살충제 농약(입제) 성분인 터부포스,포레이트 잔류농약 부적합이 많이 발생되고 있습니다.
농업인께서는 해당 성분의 농약을 사용이 등록된 작물에만안전사용기준을 반드시 준수하여 살포하시기 바랍니다.
□ 부적합 발생 우려 품목/성분의 잔류허용기준 및 농약등록 유무품목 검출성분 잔류허용기준(mg/kg) 잔류허용기준적용 근거농약 안전사용기준등록 유무‘22.6. ‘23.5.",6호.txt
2023,6,22,2023-06-01,2023-06-15,과수,"잎말이나방, 감꼭지나방",예보,"감자,고추,당근,마늘,매실,미나리,부추,블루베리,비트,살구,상추,시금치,쑥갓,쪽파","가지 Procymidone 0.01 0.01 일률기준 미등록감자Orysastrobin 0.01 0.01 일률기준 미등록Phorate 0.05 0.05 일률기준 미등록Tebuconazole 0.01 0.01 일률기준 미등록Tebupirimfos 0.01 0.01 당해성분 당해품목 등록(합제)Terbufos 0.01 0.01 당해성분 당해품목 등록(단제, 합제)고수Carbendazim 0.01 0.01 일률기준 미등록Carbofuran 0.01 0.01 일률기준 미등록Diethofencarb 0.01 0.01 일률기준 미등록Isopyrazam 0.01 0.01 일률기준 미등록Penthiopyrad 0.01 0.01 일률기준 미등록Propamocarb 0.01 0.01 일률기준 미등록Spinetoram 0.01 0.01 일률기준 미등록고추 Ethoprophos 0.02 0.02 당해성분 당해품목 등록(단제, 합제)곤드레나물 Chlorothalonil 0.01 0.01 일률기준 미등록근대 Fluxametamide 0.01 0.01 일률기준 미등록당근 Endosulfan 0.01 0.01 소분류기준(근채류) 미등록Terbufos 0.05 0.05 당해성분 당해품목 등록(단제, 합제)당귀잎 Chlorfenapyr 0.7 0.7 당해성분 당해품목 등록(단제)Tebufenpyrad 1.0 1.0 당해성분 당해품목 등록(단제)대파 Linuron 0.01 0.01 일률기준 미등록Phorate 0.05 0.05 당해성분 당해품목 등록(단제, 합제)들깻잎Fluazinam 0.01 0.01 일률기준 미등록Orysastrobin 0.01 0.01 일률기준 미등록Pendimethalin 0.01 0.01 일률기준 미등록Pentoxazone 0.01 0.01 일률기준 미등록Phorate 0.05 0.05 당해성분 당해품목 미등록Pyridaben 0.01 0.01 일률기준 미등록마늘 Imidacloprid 0.01 0.01 일률기준 미등록Spirotetramat 0.01 0.01 일률기준 미등록매실 Carbendazim 0.3 0.3 당해성분 당해품목 미등록Prochloraz 0.01 0.01 일률기준 미등록묘삼Cadusafos 0.05 0.05 당해성분 당해품목 등록(단제, 합제)Fludioxonil 0.5 0.5 당해성분 당해품목 등록(단제, 합제)Flutolanil 1.0 1.0 당해성분 당해품목 등록(단제, 합제)미나리 Indoxacarb 0.01 0.01 일률기준 미등록방풍나물Ethalfluralin 0.01 0.01 일률기준 미등록Pendimethalin 0.01 0.01 일률기준 미등록Phorate 0.01 0.01 일률기준 미등록Terbufos 0.01 0.01 일률기준 미등록부추 Pendimethalin 0.05 0.05 당해성분 당해품목 등록(단제)Phorate 0.1 0.1 당해성분 당해품목 등록(단제, 합제)블루베리 Chlorothalonil 0.01 0.01 일률기준 미등록Flubendiamide 0.01 0.01 일률기준 미등록비트 Imicyafos 0.01 0.01 일률기준 미등록비파 Piperonyl Butoxide 0.01 0.01 일률기준 미등록살구 Flubendiamide 0.01 0.01 일률기준 미등록□ 부적합 발생 주요 농산물 품목 현황(4월 기준)2022년 4월 2023년 4월번호 품목명 발생(건) 번호 품목명 발생(건)1 상추 12 1 부추 92 쪽파 10 2 쪽파 53 부추 7 3 취나물 54 취나물 5 4 대파 45 대파 4 5 시금치 3그 외 가지, 쑥갓, 방풍나물, 시금치 등 33 그 외 가지, 상추, 열무 등 22품목 검출성분 잔류허용기준(mg/kg) 잔류허용기준적용 근거농약 안전사용기준등록 유무‘22.6. ‘23.5.",6호.txt
2023,6,23,2023-06-01,2023-06-15,과수,"잎말이나방, 감꼭지나방",예보,"감귤,방울토마토,사과,상추,시금치,아욱,양파,오이,쪽파,참외,체리,치커리,호박","Methomyl 0.01 0.01 일률기준 미등록상추Fluquinconazole 0.05 0.05 당해성분 당해품목 등록(단제, 합제)Orysastrobin 0.01 0.01 일률기준 미등록Phorate 0.01 0.01 일률기준 미등록Tetraconazole 0.01 0.01 일률기준 미등록시금치 Phorate 0.01 0.01 일률기준 미등록아스파라가스 EPN 0.01 0.01 일률기준 미등록Phorate 0.01 0.01 일률기준 미등록아욱Fluquinconazole 0.05 0.05 소분류기준(엽채류) 미등록Fluxametamide 0.01 0.01 일률기준 미등록Terbufos 0.01 0.01 일률기준 미등록알타리무 Diazinon 0.01 0.01 일률기준 미등록양상추 Carbofuran 0.01 0.01 일률기준 미등록Pendimethalin 0.01 0.01 일률기준 미등록양파Metalaxyl 0.05 0.05 당해성분 당해품목 등록(단제, 합제)Phorate 0.05 0.05 당해성분 당해품목 등록(단제, 합제)Thiamethoxam 0.01 0.01 일률기준 미등록열무 Imicyafos 0.01 0.01 일률기준 미등록오디 Carbendazim 5.0 5.0 당해성분 당해품목 등록(합제)오이Endosulfan 0.01 0.01 소분류기준(채소류) 미등록Imicyafos 0.2 0.2 당해성분 당해품목 등록(단제)Metconazole 0.01 0.01 일률기준 미등록Metolachlor 0.01 0.01 일률기준 미등록우엉잎 Carbendazim 0.01 0.01 일률기준 미등록Terbufos 0.01 0.01 일률기준 미등록쪽파 Terbufos 0.05 0.05 당해성분 당해품목 등록(단제, 합제)참외 Fenobucarb 0.01 0.01 일률기준 미등록체리 Deltamethrin 0.3 0.3 당해성분 당해품목 등록(단제)Fenobucarb 0.07 0.07 당해성분 당해품목 등록(단제)취나물 Pendimethalin 0.01 0.01 일률기준 미등록Tebuconazole 0.05 0.05 당해성분 당해품목 등록(단제)치커리 Terbufos 0.01 0.01 일률기준 미등록토마토 Pencycuron 0.01 0.01 일률기준 미등록호박(단호박) Bentazone 0.01 0.01 일률기준 미등록Pendimethalin 0.01 0.01 일률기준 미등록호박(애호박) Picoxystrobin 0.01 0.01 일률기준 미등록호박잎 Phosphamidon 0.01 0.01 일률기준 미등록□ 농약안전정보시스템(https://psis.rda.go.kr) 활용자료제공 및 검토 전문가 명단구분 성명 /  소속 / 직급1 김지성 / 농촌지원국 재해대응과 / 과장2 채의석 / 농촌지원국 재해대응과 / 농촌지도관3 김기형 / 농촌지원국 재해대응과 / 농촌지도관4 김상목 / 농촌지원국 재해대응과 / 농업연구관5 박승무 / 농촌지원국 재해대응과 / 농촌지도관6 이우일 / 농촌지원국 재해대응과 / 농촌지도사7 최효원 / 농촌지원국 재해대응과 / 농업연구사8 양미숙 / 농촌지원국 재해대응과 / 농촌지도사9 맹권재 / 농촌지원국 재해대응과 / 농업주사보10 박명일 / 농촌지원국 재해대응과 / 주무관11 최인후 / 농촌지원국 재해대응과 / 기술전문위원12 박해융 / 농촌지원국 재해대응과 / 기술전문위원13 성신상 / 농촌지원국 재해대응과 / 기술전문위원14 강신곤 / 농촌지원국 기술보급과 / 농촌지도관15 고창호 / 농촌지원국 기술보급과 / 농촌지도관16 김현철 / 농촌지원국 기술보급과 / 농촌지도사17 장진경 / 농촌지원국 기술보급과 / 농촌지도사18 노석원 / 농촌지원국 식량산업기술팀 / 농촌지도사19 엄미옥 / 농촌지원국 식량산업기술팀 / 농촌지도사20 윤  송 / 농촌지원국 식량산업기술팀 / 농촌지도사21 이세원 / 국립농업과학원 작물보호과 / 과장22 박병용 / 국립농업과학원 작물보호과 / 농업연구관23 박동석 / 국립농업과학원 작물보호과 / 농업연구관24 이봉춘 / 국립농업과학원 작물보호과 / 농업연구관25 이용환 / 국립농업과학원 작물보호과 / 농업연구관26 이관석 / 국립농업과학원 작물보호과 / 농업연구사27 이영기 / 국립농업과학원 작물보호과 / 농업연구사28 강미형 / 국립농업과학원 작물보호과 / 농업연구사29 정인홍 / 국립농업과학원 작물보호과 / 농업연구사30 류현주 / 국립농업과학원 작물보호과 / 농업연구사31 심교문 / 국립농업과학원 기후변화평가과 / 농업연구관32 강민구 /국립농업과학원 기후변화평가과 / 농업연구사33 최준열 / 국립농업과학원 작물기초기반과 / 과장34 김상민 / 국립식량과학원 작물기초기반과 / 농업연구사35 최낙중 / 국립식량과학원 작물기초기반과 / 농업연구사36 김현주 / 국립식량과학원 기술지원과 / 농업연구관37 김은영 / 국립식량과학원 재배환경과 / 농업연구사38 김동환 / 국립원예특작과학원 원예특작환경과 / 과장39 이성찬 / 국립원예특작과학원 원예특작환경과 / 농업연구관40 조인숙 / 국립원예특작과학원 원예특작환경과 / 농업연구관41 한유경 / 국립원예특작과학원 원예특작환경과 / 농업연구사42 이선영 / 국립원예특작과학원 원예특작환경과 / 농업연구사43 서미혜 / 국립원예특작과학원 원예특작환경과 / 농업연구사44 윤정범 / 국립원예특작과학원 원예특작환경과 / 농업연구사45 이동혁 / 국립원예특작과학원 사과연구소 / 소장46 양상진 / 국립원예특작과학원 사과연구소 / 농업연구관47 송장훈 / 국립원예특작과학원 배연구소 / 농업연구관48 강아랑 / 국립원예특작과학원 배연구소 / 농업연구사49 한승갑 / 국립원예특작과학원 감귤연구소 / 농업연구관2023년 농작물 병해충 발생정보(제6호)집 필 인김지성 , 채의석 , 김기형 , 김상목 , 박승무 , 이우일 , 최효원 , 양미숙 , 맹권재 ,박명일 , 강권희발 행 처 농촌진흥청 재해대응과주소 54875 전북 전주시 덕진구 농생명로 300전화 (063) 238–1045~1049homepage : http://www.nongsaro.go.kr",6호.txt
2023,7,1,2023-06-16,2023-06-30,식량작물,열대거세미나방,주의보,"수수,옥수수","❍ 열대거세미나방은 아메리카 대륙의 열대·아열대 지역이 원산으로아프리카(‘16), 동남아(’18), 중국(‘19.1), 한국(’19.6) 등으로 확산됨
❍ 제주에서 올해 4월 18일 성충이 첫 발견 되었으며, 유충은 전북 부안에서5.19 에서 발견됨. 최근 4년간 가장 빠른 시기에 성충 유충 발견(작년대비 약 한달 빠름)⇒ 작년 발생지역과 주 비래지역(충남, 전남‧북, 경남, 제주 등)은성페로몬트랩 예찰 및 어린 옥수수 포장 중심 철저한 관찰이 필요
⇒ 유충(애벌레)이 식물의 잎과 줄기를 갉아 먹어 피해를 발생시키며기주식물은 80여 작물(옥수수, 수수 등)로 알려져 있음
❍ 약제를 위해 발생초기(유충1~3령) 등록약제로 살포하되, 약제를살포할 때는 약액이 골고루 작물에 묻도록 충분히 살포□ 열대거세미나방 유충형태 및 피해 사진열대거세미나방 유충(좌, 2령), 피해 사진(우)",7호.txt
2023,7,2,2023-06-16,2023-06-30,식량작물,감자역병(고랭지 씨감자),예보,감자,"❍ 감자역병(Phytophthora infestans)은 서늘한 온도(10∼24도)와다습한(상대습도 90% 이상) 조건에서 발생함. 대관령 등 주요 씨감자재배지의 최근 기상 조건을 고려할 때, 6월 25일∼7월 1일 사이에감자역병이 발생할 것으로 예상됨
❍ 감자역병은 감자의 생육 후기까지 환경조건만 맞으면 언제든지발생할 수 있고, 비가 올 때 병원균이 병든 잎에서 씻겨 내려가얕게 묻힌 덩이줄기를 감염시켜 수확 전후 또는 저장 중에 부패를일으킴
❍ 감자역병 예보주간인 6월 19일부터 보호용 살균제를 살포하여 역병발생을 예방하고, 예방 시기를 놓쳐 역병이 발생하였다면 치료용살균제를 살포
❍ 역병에 의한 덩이줄기 피해를 최소화하기 위해서는 흙을 충분히덮어 덩이줄기가 나오지 않도록 하고, 지속적인 비 예보가 있으면줄기와 잎이 살아 있는 동안에는 살균제를 처리
❍ 감자 역병에 등록된 보호용 살균제는 만코제브, 클로로탈로닐 등이있으며, 치료용 살균제로는 디메토모르프, 에타복삼 등이 있음
* 농촌진흥청 농약안전정보시스템 누리집(http://psis.rda.go.kr/psis)을 확인하여안전사용기준에 맞게 사용[감염된 잎] [병든 감자] [발생 재배지]",7호.txt
2023,7,3,2023-06-16,2023-06-30,식량작물,멸강나방,예보,"벼,옥수수","❍ 멸강나방은 해외에서 날아와 피해를 주는 장거리 비래 해충으로화본과 목초류, 옥수수 등에 발생해 피해를 줌
❍ 보통 6월 중순경에 비래하여 벼, 옥수수와 목초 등 사료작물에 피해를 줌. 주로 피해를 주는 기주식물 재배지역을 예찰하여 어린벌레가 발견되면 등록 약제로 발생 초기에 방제멸강나방 유충(좌)과 피해(우) 사진",7호.txt
2023,7,4,2023-06-16,2023-06-30,식량작물,애멸구(벼줄무늬잎마름병 매개),예보,벼,"❍ 애멸구는 국내 월동과 해외 비래가 가능한 해충으로 흡즙하여 어린벼에 벼줄무늬잎마름병을 매개함
❍ 최근 서남해안 지역에 비래가 확인되고 있어 주기적 예찰이 필요함
❍ 애멸구 발생이 많은 지역은 신속하게 살충효과가 있는 접촉독 등록 약제를 살포하고, 애멸구가 논뿐만 아니라 논두렁 주변에도 많이 있으므로 논두렁이나 인근 제방까지 철저히 방제하여 애멸구가본답에 유입되지 않도록 함",7호.txt
2023,7,5,2023-06-16,2023-06-30,식량작물,조명나방,예보,옥수수,"❍ 조명나방은 옥수수에서 발생하는 해충으로 유충이 잎과 이삭을 갉아먹거나 줄기 속으로 파고들어가 피해를 줌⇒ 조명나방 1화기 성충이 최대로 발생한 날(6월 상순경)부터7~10일 후 혹은 옥수수 줄기가 형성되기 전에 잎이 전부 전개되지 않은 시기인 8~9엽기에 방제하는 것이 효율적임
⇒ 애벌레가 옥수수 줄기 속으로 파고 들어가면 약제 방제가 어려움알덩어리 유충(애벌레) 번데기 성충잎 가해 줄기가해 열매가해",7호.txt
2023,7,6,2023-06-16,2023-06-30,식량작물,벼물바구미 등,예보,벼,"❍ 벼물바구미는 벼 잎과 뿌리를 갉아먹고 벼잎벌레와 굴파리류는벼 잎이나 줄기 속을 갉아 먹어 피해를 주는 해충으로 해마다
발생함
❍ 이앙시기와 월동 세대 성충의 본답 이동시기가 일치할 때 피해가 심함
⇒ 벼물바구미, 벼물가파리, 깔따구, 도열병 등해충과 병을 동시에 방제할 수 있는 약제를선택하여 모내기 당일 육묘상자에 입제를뿌려 방제하고, 육묘상자에 약제처리를 못한경우는 모낸 후 10∼15일 사이에 등록 약제를 선택하여 방제",7호.txt
2023,7,7,2023-06-16,2023-06-30,식량작물,도열병,예보,,❍ 잎도열병은 거름기가 많은 논에서 비가 자주 내리거나 강우가 지속되면 발생함 향후 1개월 기상예측에서강수량이 평년과 비슷하거나 많을 것으로전망하고 있고 전년도 생육 후기 병해발생이 많아 전염원이 포장 등에 잔존하고있을 가능성이 높아 예찰을 통해 발생초기에 적용 약제로 방제,7호.txt
2023,7,8,2023-06-16,2023-06-30,채소,역병‧탄저병‧바이러스병(고추),주의보,"고추,방울토마토,오이","❍ 역병은 비가 오는 다습한 환경조건에서 발생이 증가하며 토양에있는 병원균이 물을 통하여 전염되는 병으로 일단 발병하면 급속하게 번지고 방제 효과가 낮음
⇒ 병 발생이 많았던 곳은 두둑을 높여 준 후 배수로를 정비하고병든 포기 발견 즉시 제거하여 전염원을 제거하고 비오기 전후등록 약제를 주기적으로 살포
❍ 고추 탄저병은 지난해 버려진 병든 잔재물이 가장 중요한 1차 전염원이고, 장마가 길고 비가 잦은 해에 발생이 많은데, 특히 국지적으로비가 자주 올 경우 발생이 증가할 가능성 있음
⇒ 병든 과실을 그냥 두거나 이랑사이에 버리면 방제효과는 50%이상 감소하므로 병든 과실은 발견 즉시 매립 또는 제거하는것이 효과적이며, 재식거리를 넓히고 두둑을 높게 하고 물 빠짐을 좋게 하여 발병에 좋은 환경을 차단함
❍ 고추 바이러스병은 매개충인 진딧물과총채벌레에의해 전염되는 바이러스병으로오이모자이크바이러스(CMV)를 전염시키는진딧물과 토마토반점위조바이러스(TSW V)의매개충인 총채벌레에 대한 효율적인 방제는기작이 다른 등록 약제를 번갈아 살포하여 방제",7호.txt
2023,7,9,2023-06-16,2023-06-30,채소,"덩굴마름병(수박, 참외)",예보,"수박,참외","❍ 수박 덩굴마름병은 감염된 묘를 정식하거나 비가 많이 오는 경우발생하는 병으로 생육후기에 초세가 약해질 무렵부터 잎이나 줄기가 집중적으로 말라 죽음
⇒ 약제 방제만으로는 효과적인 방제가 어려우므로 과습을 방지하고 생육을 강건하게 유지시킴",7호.txt
2023,7,10,2023-06-16,2023-06-30,채소,"총채벌레류, 가루이류, 진딧물",예보,"방울토마토,오이,파프리카","❍ ‘22년 1월~5월 말까지 기온은 7.6℃로 평년(7.1)보다 0.5℃ 높았음
시설재배 작물에서 꽃노랑총채벌레, 온실가루이, 담배가루이 등이관리가 소홀한 포장에서 온도가 올라가면 밀도가 높아질 수 있어 주의가 필요함
❍ 시설재배에서 발생하는 해충은 대부분 크기가 작고 연중 발생하나,발생초기에 예찰이 어려워 피해를 입는 경우가 많음. 특히 이 해충들은 식물체에 직접적인 피해를 줄 뿐만 아니라 그을음병을 유발하거나 바이러스병을 전염시켜 피해가 커짐⇒ 이들 해충은 초기에 방제해야 효과적이므로 끈끈이트랩 등을활용하여 주의 깊게 예찰하고, 발견 초기 천적을 이용한 생물적 방제를 활용하거나 계통이 다른 적용약제를 바꾸어가며 방제
❍ 꽃노랑총채벌레 등 총채벌레류가 오이, 파프리카 등에서 발생 초기에방제가 이루어지지 않으면 확산 및 피해가 예상⇒ 황색 끈끈이트랩이나 타락법(꽃과 잎을 두드려서 흰색 종이 위에떨어진 벌레를 조사) 등으로 예찰하고, 발생포장은 초기에 방제⇒ 꽃노랑총채벌레의 번데기 방제용으로 아큐레이퍼응애를 토양에투입하고, 지상부 유충과 성충 방제용으로는 유럽애꽃노린재,지중해이리응애 등 천적을 활용하면 효과적으로 방제가 가능함
❍ (가루이류, 진딧물) 온실가루이와 담배가루이는 토마토와 같은 가지과작물에서, 진딧물은 엽채류와 과채류에서 주로 발생하며 식물의즙액을 빨아먹는 직접적인 피해뿐만 아니라 그을음병과 바이러스병등을 유발하여 상품성을 떨어뜨림⇒ 크기가 작아 육안으로 관찰하기 힘들고 일단 발생하면 방제가어려우므로 외부 유입통로에 방충망을 설치하는 등 시설 안으로들어오지 못하도록 막고, 끈끈이트랩을 매달아 주의 깊게 살펴봄⇒ 예방적 조치로 해충에 따라 천적을 투입하여 방제하고 국부적으로해충이 집중 발생했을 경우 작물별 등록 약제로 방제",7호.txt
2023,7,11,2023-06-16,2023-06-30,채소,토마토반점위조바이러스(TSWV),예보,"고추,방울토마토,파프리카","❍ 총채벌레가 즙액을 흡즙하면서 바이러스를 전염시키는 병으로 고추,토마토, 파프리카 등 특히 전년도 발생이 많았던 가지과 시설재배지에서 꾸준히 발생하고 있으며, 방제시기르 놓쳐 총체벌레의 밀도가높아지면 피해가 커지기 때문에 초기 방제로 병발생을 예방하는것이 중요
⇒ 방충망을 이용하여 시설 안으로 들어오는 총채벌레를 막고 발생초기 천적이나 등록약제로 방제⇒ 병에 걸린 식물은 발견 즉시 제거하여 병이 확산 되는 것을 예방",7호.txt
2023,7,12,2023-06-16,2023-06-30,채소,토마토황화잎말림바이러스(TYLCV),예보,방울토마토,❍ 가지과 작물에서 담배가루이가 병을 매개하고 감염된 묘를 통해확산될 수 있으므로 육묘 단계부터 정식 초기에 예찰을 강화하여감염여부를 판단하고 정식 후에는잎 뒷면과 포장 주위를 살펴보아담배가루이를 철저히 방제⇒ 방충망을 설치하여 담배가루이의침입을 막고 발생 시 담배가루이의 기주식물이 되는 잡초와 병이걸린 식물은 뽑아서 제거,7호.txt
2023,7,13,2023-06-16,2023-06-30,과수,과수화상병,경보,"도라지,사과","❍ (과수화상병) 사과, 배 등의 병든 꽃은 수침상이 되고 쭈그러든후 흑갈색으로 변해 떨어지거나 나무에 매달려 있게 되고 꽃이달린 가지나 인접한 가지로 진전되어 잎맥을 따라 흑갈색의병반이 생기고 병이 진전됨에 따라 병든 잎은 말리고, 쭈그러들어보통은 가지에 매달려 있음. 병든 가지의 나무껍질은 흑갈색으로변하면서 물러졌다가 후에 위축되고 단단해져 궤양병반을 형성⇒ 과수화상병 궤양은 표피를 칼로 벗길 경우 형성층이 갈변, 유사증상은 건전한 부위가 바로 갈변되지 않고, 수분 후 약하게 갈변⇒ 한번 걸리면 방제가 불가능하기 때문에 예방을 위하여 과수원을청결하게 관리하고 농작업을 하는 사람의 과수원 출입시 사람과작업도구 등을 수시로 소독⇒ 의심증상 발견 시에는 전국 대표전화(1833-8572) 또는 가까운농업기술센터·농업기술원에 즉시 신고, 병균의 밀도가 낮아 진단되지 않더라도 갈변궤양은 끝에서 40~70cm 아래를 절단․제거
❍ (과수가지검은마름병) 과수화상병과 증상이 비슷하여 육안으로는구분이 불가하며, 발생시기와 전파경로, 피해증상이 유사함.",7호.txt
2023,7,14,2023-06-16,2023-06-30,과수,"갈색날개매미충, 미국선녀벌레, 꽃매미",주의보,,"< 갈색날개매미충 >
❍ 올해 월동난 조사 결과 갈색날개매미충, 꽃매미의 발생면적이 다시증가세를 보이고 있으며, 매미나방은 감소한 것으로 조사됨
❍ 발생지역에서 생산된 묘목을 통해 다른 지역으로 전파될 가능성이있어 묘목을 구입하여 식재할 경우 어린 가지의 아래쪽을 잘 살펴 난괴(알)가 보일 경우 가지를 제거해야 함
* (부화시기 예측) 남해안 5월 5일경, 그 외 지역 5월 18∼19일경⇒ 발생정도에 따라 전용약제를 1주일 간격으로 1~3회 살포* 지역별 ‘공동방제의 날’은 시도별 여건에 따라 탄력적으로 운영⇒ 갈색날개매미충을 효과적으로 방제하려면 갈색날개매미충 부화후 1~2주 사이에 애벌레(1~2령)가 붙어 있는 나무에 약제를 뿌리는 것이 좋음. 2령이 지난 애벌레와 성충은 이동성이 크기때문에 방제 효과가 떨어짐.
<갈색날개매미충 약충, 성충, 난괴 사진>< 미국선녀벌레 >
❍ 미국선녀벌레는 연간 1세대 발생하며월동한 알은 5월 중·하순경에 부화하며,약충은 5령을 거쳐 성충이 되며, 성충은 7월에서 10월까지 발생함
* (부화시기 예측) 남해안 5월 10일경, 그 외 지역 5월 22～24일경< 꽃매미 >
❍ 꽃매미는 연간 1세대 발생하고 월동한 알은 5월 상·중순경에 부화하며 약충은 5령을 거쳐 성충이되고 성충은 7월에서 11월까지발생함
⇒ 월동알을 제거해 주는 것이 친환경적이며 발생을 줄이는 데에큰 효과가 있으므로 봄철에 약충으로 부화하기 전 과수원 및 인근야산의 나무 등에 있는 알 덩어리를 제거해 주고 약충이 깨어나오면 등록약제로 반드시 방제⇒ 금년은 지난 겨울과 봄철의 기온이 평년기온보다 약간 높아지난해와 비슷한 수준이고 평년보다 6∼7일 빨라질 것으로 예상* (부화시기) 남해안 지역 4월 30일, 그 외 지역 5월 11∼12일⇒ 시설재배지는 측창과 입구에 방충망을 설치하면 꽃매미의 침입과외부로의 확산을 막고, 방제 효과도 증대시킬 수 있음",7호.txt
2023,7,15,2023-06-16,2023-06-30,과수,복숭아 세균구멍병‧잿빛무늬병,예보,복숭아,"❍ 복숭아 세균구멍병은 비바람에 의해 발생이 많아지며, 복숭아 잎․가지․열매에 수침상의 반점이 생긴 후 확대되어 피해가 발생하는데,최근 비가 오고 바람이 많이 불어 발생이 증가할 수 있으므로 철저한예찰과 방제 필요
⇒ 병든 가지는 제거해 주며 발생이 많은 곳은 방풍망․방풍림을설치하고 병 발생 전에 예방위주로 방제
❍ 복숭아 잿빛무늬병은 과실에 피해가 가장 크며 표면에 갈색반점이생기고 점차 확대되어 전체가 부패하고 심한 악취를 발산하며,국지적으로 바람이 많은 지역에서 피해가 예상됨
⇒ 병에 걸린 가지는 조기에 제거하여 소각처리",7호.txt
2023,7,16,2023-06-16,2023-06-30,과수,탄저병,주의보,"복숭아,사과,포도","❍ 사과, 복숭아, 포도 등에 발생하는 탄저병은 주요 관리 과수병으로병원균은 주로 습기가 많은 기후조건과 25℃ 전후 온도에서 감염이잘 이루어지므로 장마기 이후에 주의가 필요함
❍ 탄저병에 감염된 과실은 초기에 검정색 작은 반점이 껍질에 나타나며, 병이 커질수록 과실 표면이 움푹 들어가면서 과실 내부가갈색으로 변하면서 과실 표면에 많은 분생포자가 생겨 주변 건전한 과실을 감염. 특히 장마기나 바람이 많이 부는 날씨에는 분생포자들이 이동되는 시기이므로 철저한 관리가 필요
⇒ 지난해에 탄저병이 많이 발생했던 농가는 과원 내에 탄저병균이남아 있을 수 있으므로 탄저병균의 밀도를 줄이기 위해 예방적으로 적용 살균제를 살포⇒ 또한 탄저병은 습한 환경조건에서 잘 발생하므로 과원 내 통풍이잘 되게 하고 물 빠짐이 잘 되도록 관리",7호.txt
2023,7,17,2023-06-16,2023-06-30,과수,배 검은별무늬병,예보,,"❍ 검은별무늬병은 비가 자주 올 때 질소 비료를 많이 주어 가지가무성한 과수원에서 발생이 많은데 6월 강우가 올 경우 발생이 예상됨으로 방제 시기를 놓치지 않도록 주의해야 함
⇒ 전년도 발생이 많았거나 개화기 약제 미살포 및 개화 시기가 늦은과수원 등 발생이 우려되는 포장은 봉지 씌우기 이전까지 철저히 방제⇒ 약제저항성 문제가 있는 약제는 작용 기작이 다른 약제로 바꿔가며 살포하고 병에 걸린 잎과 과실은 제거하여 땅에 묻어줌",7호.txt
2023,7,18,2023-06-16,2023-06-30,과수,참다래 궤양병,예보,"오리,참다래","❍ 참다래 궤양병 중 고위험 병원형인 Psa 3가 ’14년부터 남해안과제주지역에 발생하였는데 수액 이동기에 발병할 가능성이 크기때문에 이에 대한 철저한 대비 필요
- 병원형 Psa 3는 기존 국내에 발생하고 있는 Psa 2보다 전염성과그 위험도가 매우 높음
- 3∼4월 수액이 이동할 때 동해를 입거나 상처를 입은 부위에서부터투명한 수액이 흐르다가 증세가 심해지면 나무 전체가 말라 죽으며,잎에는 노란색 테두리를 가진 갈색반점이 생기고 꽃봉오리는 갈색으로 변함
- 병든 조직에서 월동한 병원균이 상처, 기공 및 수공을 통하여 잎으로 침입하며 전정 등 농작업 도구를 통해 전염⇒ 궤양병 증상이 보이면 가까운 농업기술센터를 통해서 정밀 진단을받아 고병원성 병원형 여부를 확인하여 방제 조치⇒ 작년에 병이 발생했던 포장은 참다래궤양병 방제용 등록약제를3월 하순∼4월 상순부터 10일 간격으로 살포하여 예방하고 Psa3에감염된 이병주는 굴취하여 소각",7호.txt
2023,7,19,2023-06-16,2023-06-30,과수,포도 새눈무늬병·갈색무늬병·노균병,예보,포도,"❍ 포도 새눈무늬병은 잎에서 잎맥이 흑갈색으로 변하고, 진전되면흑색 반점으로 확대되어 구멍이 뚫리며 열매와 가지에서는 초기에흑갈색의 반점이 나타남⇒ 비가 많이 올 때 발생이 많으므로, 병든 부위는 즉시 제거하고봉지 씌우기 전에 등록약제로 방제
❍ 포도 갈색무늬병․노균병은 비가 자주 내리고 습도가 높을 때 발생이 많음
⇒ 잎과 과실을 자세히 살펴보아 발생 초기에 등록약제로 잎 뒷면까지 방제하되 가능한 비 오기 전․후 방제실시",7호.txt
2023,7,20,2023-06-16,2023-06-30,과수,"잎말이나방, 감꼭지나방",예보,"감귤,매실,사과","❍ 감귤, 사과, 배, 매실 등에 발생하는 잎말이나방류는 새로 나오는 잎으로 이동해서잎을 세로로 말고 들어가 갉아먹어 피해를주며 과실의 표면을 핥듯이 가해하여 상품성을떨어뜨림⇒ 성페로몬 트랩을 주의 깊게 관찰하여 성충발생 최성기 7~10일 이후 등록약제 살포
❍ 감꼭지나방은 꽃잎이나 잎을 갉아 먹다가 감꼭지에 유충이 과육을 먹고 들어가 낙과를 시키며, 열매꼭지와 과실사이로 배설물을 배출함
⇒ 성페로몬트팹 예찰 결과를 활용하여 1화기 성충 발생 최성기인 6월상․중순에 등록약제로 방제",7호.txt
2023,7,21,2023-06-16,2023-06-30,과수,복숭아순나방,예보,복숭아,"❍ 복숭아 관찰포에서 성페로몬 트랩조사 결과전년보다 포획된 마리수는 감소하였음
⇒ 전년에 과실 피해가 많았거나, 성페로몬트랩에 유인이 많이 된 과원은 등록 약제로방제하고, 열매솎기나 봉지씌우기를 할 때피해를 받은 신초나 어린 과실이 발견되면 즉시 제거하여 땅에 묻음",7호.txt
2023,7,22,2023-06-16,2023-06-30,과수,복숭아심식나방,예보,"복숭아,사과","❍ 복숭아심식나방이 충북, 경북, 전북지역에서 성페로몬 트랩조사에서관찰되고 있어 발생예찰과 방제에 주의 필요
❍ 주로 사과의 꽃받침 부분과 과경부에 산란하며, 부화한 유충이 과실을뚫고 들어가 피해를 줌⇒ 성페로몬트랩을 사과나무에 설치하여 5일 동안 끈끈이 판에 10마리 이상 포획되면 그로부터 7일 후에 적용 약제를 살포
❍ 제1회 성충은 6월 상순에서 8월 상순 사이에 발생하고, 제2회 성충은7월 하순부터 9월 상순에 발생하며, 발생 최성기는 8월 중순경임
⇒ 교미교란제(성페로몬을 이용해 나방류 교미 방해)를 나무 상단부에걸어 복숭아심식나방의 교미를 저해하여 복숭아심식나방 다음
세대의 발생 밀도를 낮출 수 있음
(A) 복숭아심식나방알; (B) 복숭아심식나방유충; (C) 복숭아심식나방성충복숭아심식나방 피해로 인한 기형과 (A) 피해 초기, (B),(C) 피해 후기1개월 기상전망            (출처 : 국립농업과학원, 기상청)기온은 1주, 3주, 4주는 평년과 비슷하거나 높겠고, 2주는 평년과 비슷하겠음
강수량은 1주는 평년과 비슷하겠고, 2주, 3주, 4주는 평년과 비슷하거나 많겠음
❍ 1주(6.26~7.2): 고기압의 가장자리에 들어 구름 많은 날씨를 보이겠으며, 남쪽을 지나는 기압골의 영향을 받을 때가 있겠음
- 기온은 평년과 비슷하거나 높겠고, 강수량은 평년과 비슷하겠음
❍ 2주(7.3~7.9): 북태평양고기압의 가장자리에 들어 구름 많은 날씨를 보이겠으며, 남서쪽에서 다가오는 저기압의 영향으로 많은 비가 오는 때가 있겠음
- 기온은 평년과 비슷하겠고, 강수량은 평년과 비슷하거나 많겠음
❍ 3주(7.10~7.16): 북태평양고기압의 가장자리에 들어 구름 많은 날씨를 보이겠으며, 남서쪽에서 다가오는 저기압의 영향으로 많은 비가 오는 때가 있겠음
- 기온은 평년과 비슷하거나 높겠고, 강수량은 평년과 비슷하거나 많겠음
❍ 4주(7.17~7.23): 점차 확장하는 북태평양고기압의 영향을 받겠으며, 남서쪽에서 다가오는 저기압의 영향으로 많은 비가 오는 때가 있겠음
- 기온은 평년과 비슷하거나 높겠고, 강수량은 평년과 비슷하거나 많겠음
농업지대 지역 평균기온 강수량1주 2주 3주 4주 1주 2주 3주 4주(6.26~7.2) (7.3~7.9) (7.10~7.16) (7.17~7.23) (6.26~7.2) (7.3~7.9) (7.10~7.16) (7.17~7.23)1.태백고냉 대관령 조금높음 비슷 조금높음 조금높음 비슷 조금많음 조금많음 조금많음
2.태백준고냉 인제,홍천,제천 조금높음 비슷 조금높음 조금높음 비슷 조금많음 조금많음 조금많음
3.소백산간 충주,보은 조금높음 비슷 조금높음 조금높음 비슷 조금많음 조금많음 조금많음
4.노령소백산간 임실 조금높음 비슷 조금높음 조금높음 조금많음 조금많음 조금많음 조금많음
5.영남내륙산간 추풍령,영주,문경 조금높음 비슷 조금높음 조금높음 조금많음 조금많음 조금많음 조금많음
6.중북부내륙 춘천,양평 조금높음 비슷 조금높음 조금높음 비슷 조금많음 조금많음 조금많음
7.중부내륙 원주,이천 조금높음 비슷 조금높음 조금높음 비슷 조금많음 조금많음 조금많음
8.소백서부내륙 청주,대전,금산 조금높음 비슷 조금높음 조금높음 비슷 조금많음 조금많음 조금많음
9.노령동서내륙 정읍,남원,거창,산청 조금높음 비슷 조금높음 조금높음 조금많음 조금많음 조금많음 조금많음
10.호남내륙 광주,순천,장흥 조금높음 비슷 조금높음 조금높음 조금많음 조금많음 조금많음 조금많음
11.영남분지 대구,의성,구미,영천 조금높음 비슷 조금높음 조금높음 조금많음 조금많음 조금많음 조금많음
12.영남내륙 진주,합천,밀양 조금높음 비슷 조금높음 조금높음 조금많음 조금많음 조금많음 조금많음
13.중서부평야 서울,인천,수원,서산,강화,천안,보령 조금높음 비슷 조금높음 조금높음 비슷 조금많음 조금많음 조금많음
14.차령남부평야 군산,전주,부여,부안 조금높음 비슷 조금높음 조금높음 조금많음 조금많음 조금많음 조금많음
15.남서해안 목포,완도,해남,고흥 조금높음 비슷 조금높음 조금높음 조금많음 조금많음 조금많음 조금많음",7호.txt
2023,7,23,2023-06-16,2023-06-30,과수,복숭아심식나방,예보,복숭아,"16.남부해안 부산,통영,여수,거제,남해 조금높음 비슷 조금높음 조금높음 조금많음 조금많음 조금많음 조금많음
17.동해안북부 속초,강릉 조금높음 비슷 조금높음 조금높음 비슷 조금많음 조금많음 조금많음
18.동해안중부 울진,영덕 조금높음 비슷 조금높음 조금높음 조금많음 조금많음 조금많음 조금많음
19.동해안남부 포항,울산 조금높음 비슷 조금높음 조금높음 조금많음 조금많음 조금많음 조금많음
20.제주 제주,성산,서귀포 조금높음 비슷 조금높음 조금높음 조금많음 조금많음 조금많음 조금많음
평균 조금높음 비슷 조금높음 조금높음 비슷 조금많음 조금많음 조금많음
10일(2023.06.18.~06.25.) 예보(기상청, 2023.06.15., 06:00)<기상예보>
❍ (기온) 18일~19일 아침 기온은 19~23℃, 낮 기온은 27~34℃로 평년(최저기온 18~20℃, 최고기온 25~29℃)보다 높겠으며, 20일~25일 아침 기온은17~22℃로 평년과 비슷하거나 조금 높겠고, 낮 기온은 25~30℃로 평년과비슷하겠음
❍ (강수) 20일~21일은 제주도에 비가 오겠음
<날씨><최저/최고기온>최근 경과기상과 향후 기상전망<기온><강수량>연도별 평균기온
❍ ‘23년 1월부터 6월 2주차까지의 평균기온은 9.9℃로, 평년(8.7)보다 1.2℃ 높았음
- ’23년 6월 2주차의 평균기온은 21.7℃로, 평년(21.0)보다 0.7℃ 높았음
기 간 1월 2월 3월 4월 5월6월 분석기간1.1~6.14 6.8~6.141주(6.1~6.7)2주(6.8~6.14)평균(℃)편차(℃)평균(℃)편차(℃)2023년 0.0 3.0 9.7 13.3 18.0 21.0 21.7 9.9 1.2 21.7 0.72022년 -0.2 0.4 8.0 13.9 18.2 20.1 20.0 9.2 0.5 20.0 -1.02021년 -0.4 3.9 9.0 13.4 16.9 20.6 22.8 9.7 1.0 22.8 1.82020년 3.0 3.8 8.0 10.9 17.7 21.8 24.2 9.9 1.2 24.2 3.22019년 0.5 2.6 7.6 12.0 18.5 20.9 19.6 9.4 0.7 19.6 -1.42018년 -1.8 0.0 8.2 13.3 17.8 22.2 20.3 8.8 0.1 20.3 -0.72017년 0.3 1.8 6.4 13.8 18.6 19.3 20.4 9.2 0.5 20.4 -0.62016년 -0.6 1.9 7.3 13.8 18.5 20.4 22.4 9.3 0.6 22.4 1.42015년 0.8 2.2 6.8 12.7 18.5 20.3 22.0 9.4 0.7 22.0 1.02014년 0.7 2.7 7.7 13.3 18.3 21.0 20.6 9.7 1.0 20.6 -0.42013년 -1.8 0.8 6.7 10.3 17.7 21.1 21.8 8.1 -0.6 21.8 0.810년평균 0.0 2.0 7.6 12.7 18.1 20.8 21.4 9.3 0.6 21.4 0.4평 년 -0.4 1.7 6.5 12.3 17.5 20.2 21.0 8.7 0.0 21.0 0.0* 10년 평균 : 최근 10년(2013~2022년)동안의 평균기온의 평균** 평년 : 30년(1991～2020년)동안의 평균기온의 평균*** 편차 : 평년의 평균기온에 대한 연도별 평균기온의 차이연도별 강수량
❍ ‘23년 1월부터 6월 2주차까지의 강수량의 합은 399.2㎜로, 평년(368.1)보다
31.1㎜ 많았음(평년대비 108.4%)
- ’23년 6월 2주차의 강수량의 합은 16.4㎜로, 평년(22.2)보다 5.8㎜ 적었음",7호.txt
2023,7,24,2023-06-16,2023-06-30,과수,복숭아심식나방,예보,"감자,당근,마늘,복숭아,부추,비트,살구,상추,아스파라거스,아욱,양파,오리,오이,쪽파,체리,치커리,호박","(평년대비 73.9%)기 간 1월 2월 3월 4월 5월6월 분석기간1.1~6.14 6.8~6.141주(6.1~6.7)2주(6.8~6.14)합계(㎜)대비(%)합계(㎜)대비(%)2023년 44.9 20.0 30.5 70.2 207.2 10.1 16.4 399.2 108.4 16.4 73.92022년 5.0 5.5 89.5 62.7 6.3 37.4 9.3 215.6 58.6 9.3 41.92021년 25.4 23.4 112.1 77.5 138.9 22.1 34.5 433.9 117.9 34.5 155.42020년 85.7 62.1 34.4 44.0 107.4 2.6 72.1 408.4 110.9 72.1 324.82019년 9.7 34.5 42.6 80.8 65.0 47.1 10.1 289.7 78.7 10.1 45.52018년 25.5 36.6 116.2 140.3 135.2 3.4 14.3 471.5 128.1 14.3 64.42017년 18.6 36.0 26.1 72.8 31.0 21.9 3.5 209.8 57.0 3.5 15.82016년 32.9 50.6 62.8 163.2 103.4 5.7 6.1 424.7 115.4 6.1 27.52015년 31.9 31.0 47.8 135.6 70.1 5.6 9.5 331.4 90.0 9.5 42.82014년 14.0 34.8 82.3 89.3 84.2 32.4 21.0 358.1 97.3 21.0 94.62013년 29.7 53.9 60.9 79.9 132.3 0.9 12.7 370.4 100.6 12.7 57.210년평균 27.8 36.8 67.5 94.6 87.4 17.9 19.3 351.4 95.5 19.3 86.9평 년 30.6 37.5 63.0 90.7 108.0 16.1 22.2 368.1 100.0 22.2 100.0* 10년 평균 : 최근 10년(2013~2022년)동안의 강수량의 평균** 평년 : 30년(1991～2020년)동안의 강수량의 평균*** 대비 : 평년의 강수량에 대한 연도별 강수량의 비율6월 주요 품목별 농약 사용 주의보6월 주요 품목별 농약 사용 주의보★6월에 검출된 84개 조합(39품목/50성분)★* 이 자료는 국립농산물품질관리원 안전성조사 결과 중 ’22년도 부적합 발생 품목 및농약 성분을 바탕으로 작성했습니다.
□ 지역별 부적합 발생 우려 정보
❍ 주요 부적합 우려 품목(성분)
- [부산광역시] 들깻잎(포레이트), 열무(이미시아포스), 체리(델타메트린, 페노뷰카브), 호박잎(포스파미돈)
- [대구광역시] 들깻잎(피리다벤), 살구(플루벤디아마이드), 체리(델타메트린, 페노뷰카브),우엉잎(카벤다짐, 터부포스)
- [인천광역시] 상추(포레이트), 아욱(플루퀸코나졸), 치커리(터부포스)
- [울산광역시] 애호박(피콕시스트로빈)
- [경기도] 가지(프로사이미돈), 감자(포레이트,테부코나졸, 테부피림포스, 터부포스), 고수(카벤다짐, 카보퓨란, 디에토펜카브, 아이소피라잠, 펜티오피라드, 프로파모카브), 근대(플룩사메타마이드), 당근(터부포스), 대파(리뉴론, 포레이트), 마늘(이미다클로프리드), 방풍나물(터부포스), 부추(포레이트), 양파(포레이트, 티아메톡삼), 오이(메트코나졸, 메톨라클로르), 단호박(펜디메탈린)
- [강원도] 감자(테부피림포스, 터부포스), 곤드레나물(클로로탈로닐), 들깻잎(오리사스트로빈,펜디메탈린), 비트(이미시아포스), 양상추(카보퓨란, 펜디메탈린), 취나물(펜디메탈린)
- [충청북도] 감자(테부피림포스), 아욱(플룩사메타마이드, 터부포스), 알타리무(다이아지논), 오이(이미시아포스)
- [충청남도] 감자(오리사스트로빈, 터부포스),들깻잎(플루아지남), 방풍나물(에탈플루랄린,펜디메탈린), 상추(플루퀸코나졸), 쪽파(터부포스),당귀잎(클로르페나피르, 테부펜피라드)
- [전라북도] 당근(엔도설판, 터부포스), 묘삼(카두사포스, 플루디옥소닐, 플루톨라닐),상추(오리사스트로빈), 아스파라거스(포레이트), 오디(카벤다짐), 오이(엔도설판)",7호.txt
2023,7,25,2023-06-16,2023-06-30,과수,복숭아심식나방,예보,"고추,마늘,매실,미나리,방울토마토,복숭아,부추,블루베리,살구,상추,시금치,아스파라거스,양파,참외,호박","- [전라남도] 마늘(이미다클로플리드), 매실(카벤다짐), 방풍나물(포레이트), 블루베리(플루벤디아마이드), 비파(피페로닐부톡사이드), 시금치(포레이트), 아스파라거스(EPN), 양파(메탈락실)
- [경상북도] 들깻잎(펜디메탈린, 펜톡사존),미나리(인독사카브), 부추(펜디메탈린, 포레이트), 상추(테트라코나졸), 참외(페노뷰카브)
- [경상남도] 고추(에토프로포스), 매실(프로클로라즈), 묘삼(플루디옥소닐), 블루베리(클로로탈로닐), 살구(메토밀), 취나물(테부코나졸), 토마토(페사이큐론)
- [제주특별자치도] 단호박(벤타존)※ 전국적으로 토양처리 살충제 농약(입제) 성분인 터부포스,포레이트 잔류농약 부적합이 많이 발생되고 있습니다.
농업인께서는 해당 성분의 농약을 사용이 등록된 작물에만안전사용기준을 반드시 준수하여 살포하시기 바랍니다.
□ 부적합 발생 우려 품목/성분의 잔류허용기준 및 농약등록 유무품목 검출성분 잔류허용기준(mg/kg) 잔류허용기준적용 근거농약 안전사용기준등록 유무‘22.6. ‘23.5.",7호.txt
2023,7,26,2023-06-16,2023-06-30,과수,복숭아심식나방,예보,"감자,고추,당근,마늘,매실,미나리,복숭아,부추,블루베리,비트,살구","가지 Procymidone 0.01 0.01 일률기준 미등록감자Orysastrobin 0.01 0.01 일률기준 미등록Phorate 0.05 0.05 일률기준 미등록Tebuconazole 0.01 0.01 일률기준 미등록Tebupirimfos 0.01 0.01 당해성분 당해품목 등록(합제)Terbufos 0.01 0.01 당해성분 당해품목 등록(단제, 합제)고수Carbendazim 0.01 0.01 일률기준 미등록Carbofuran 0.01 0.01 일률기준 미등록Diethofencarb 0.01 0.01 일률기준 미등록Isopyrazam 0.01 0.01 일률기준 미등록Penthiopyrad 0.01 0.01 일률기준 미등록Propamocarb 0.01 0.01 일률기준 미등록Spinetoram 0.01 0.01 일률기준 미등록고추 Ethoprophos 0.02 0.02 당해성분 당해품목 등록(단제, 합제)곤드레나물 Chlorothalonil 0.01 0.01 일률기준 미등록근대 Fluxametamide 0.01 0.01 일률기준 미등록당근 Endosulfan 0.01 0.01 소분류기준(근채류) 미등록Terbufos 0.05 0.05 당해성분 당해품목 등록(단제, 합제)당귀잎 Chlorfenapyr 0.7 0.7 당해성분 당해품목 등록(단제)Tebufenpyrad 1.0 1.0 당해성분 당해품목 등록(단제)대파 Linuron 0.01 0.01 일률기준 미등록Phorate 0.05 0.05 당해성분 당해품목 등록(단제, 합제)들깻잎Fluazinam 0.01 0.01 일률기준 미등록Orysastrobin 0.01 0.01 일률기준 미등록Pendimethalin 0.01 0.01 일률기준 미등록Pentoxazone 0.01 0.01 일률기준 미등록Phorate 0.05 0.05 당해성분 당해품목 미등록Pyridaben 0.01 0.01 일률기준 미등록마늘 Imidacloprid 0.01 0.01 일률기준 미등록Spirotetramat 0.01 0.01 일률기준 미등록매실 Carbendazim 0.3 0.3 당해성분 당해품목 미등록Prochloraz 0.01 0.01 일률기준 미등록묘삼Cadusafos 0.05 0.05 당해성분 당해품목 등록(단제, 합제)Fludioxonil 0.5 0.5 당해성분 당해품목 등록(단제, 합제)Flutolanil 1.0 1.0 당해성분 당해품목 등록(단제, 합제)미나리 Indoxacarb 0.01 0.01 일률기준 미등록방풍나물Ethalfluralin 0.01 0.01 일률기준 미등록Pendimethalin 0.01 0.01 일률기준 미등록Phorate 0.01 0.01 일률기준 미등록Terbufos 0.01 0.01 일률기준 미등록부추 Pendimethalin 0.05 0.05 당해성분 당해품목 등록(단제)Phorate 0.1 0.1 당해성분 당해품목 등록(단제, 합제)블루베리 Chlorothalonil 0.01 0.01 일률기준 미등록Flubendiamide 0.01 0.01 일률기준 미등록비트 Imicyafos 0.01 0.01 일률기준 미등록비파 Piperonyl Butoxide 0.01 0.01 일률기준 미등록살구 Flubendiamide 0.01 0.01 일률기준 미등록품목 검출성분 잔류허용기준(mg/kg) 잔류허용기준적용 근거농약 안전사용기준등록 유무‘22.6. ‘23.5.",7호.txt
2023,7,27,2023-06-16,2023-06-30,과수,복숭아심식나방,예보,"감귤,방울토마토,복숭아,사과,상추,시금치,아욱,양파,오이,쪽파,참외,체리,치커리,호박","Methomyl 0.01 0.01 일률기준 미등록상추Fluquinconazole 0.05 0.05 당해성분 당해품목 등록(단제, 합제)Orysastrobin 0.01 0.01 일률기준 미등록Phorate 0.01 0.01 일률기준 미등록Tetraconazole 0.01 0.01 일률기준 미등록시금치 Phorate 0.01 0.01 일률기준 미등록아스파라가스EPN 0.01 0.01 일률기준 미등록Phorate 0.01 0.01 일률기준 미등록아욱Fluquinconazole 0.05 0.05 소분류기준(엽채류) 미등록Fluxametamide 0.01 0.01 일률기준 미등록Terbufos 0.01 0.01 일률기준 미등록알타리무 Diazinon 0.01 0.01 일률기준 미등록양상추Carbofuran 0.01 0.01 일률기준 미등록Pendimethalin 0.01 0.01 일률기준 미등록양파Metalaxyl 0.05 0.05 당해성분 당해품목 등록(단제, 합제)Phorate 0.05 0.05 당해성분 당해품목 등록(단제, 합제)Thiamethoxam 0.01 0.01 일률기준 미등록열무 Imicyafos 0.01 0.01 일률기준 미등록오디 Carbendazim 5.0 5.0 당해성분 당해품목 등록(합제)오이Endosulfan 0.01 0.01 소분류기준(채소류) 미등록Imicyafos 0.2 0.2 당해성분 당해품목 등록(단제)Metconazole 0.01 0.01 일률기준 미등록Metolachlor 0.01 0.01 일률기준 미등록우엉잎Carbendazim 0.01 0.01 일률기준 미등록Terbufos 0.01 0.01 일률기준 미등록쪽파 Terbufos 0.05 0.05 당해성분 당해품목 등록(단제, 합제)참외 Fenobucarb 0.01 0.01 일률기준 미등록체리Deltamethrin 0.3 0.3 당해성분 당해품목 등록(단제)Fenobucarb 0.07 0.07 당해성분 당해품목 등록(단제)취나물Pendimethalin 0.01 0.01 일률기준 미등록Tebuconazole 0.05 0.05 당해성분 당해품목 등록(단제)치커리 Terbufos 0.01 0.01 일률기준 미등록토마토 Pencycuron 0.01 0.01 일률기준 미등록호박(단호박)Bentazone 0.01 0.01 일률기준 미등록Pendimethalin 0.01 0.01 일률기준 미등록호박(애호박) Picoxystrobin 0.01 0.01 일률기준 미등록호박잎 Phosphamidon 0.01 0.01 일률기준 미등록□ 농약안전정보시스템(https://psis.rda.go.kr) 활용자료제공 및 검토 전문가 명단구분 성명 /  소속 / 직급1 김지성 / 농촌지원국 재해대응과 / 과장2 채의석 / 농촌지원국 재해대응과 / 농촌지도관3 김기형 / 농촌지원국 재해대응과 / 농촌지도관4 김상목 / 농촌지원국 재해대응과 / 농업연구관5 박승무 / 농촌지원국 재해대응과 / 농촌지도관6 이우일 / 농촌지원국 재해대응과 / 농촌지도사7 최효원 / 농촌지원국 재해대응과 / 농업연구사8 양미숙 / 농촌지원국 재해대응과 / 농촌지도사9 맹권재 / 농촌지원국 재해대응과 / 농업주사보10 박명일 / 농촌지원국 재해대응과 / 주무관11 최인후 / 농촌지원국 재해대응과 / 기술전문위원12 박해융 / 농촌지원국 재해대응과 / 기술전문위원13 성신상 / 농촌지원국 재해대응과 / 기술전문위원14 강신곤 / 농촌지원국 기술보급과 / 농촌지도관15 고창호 / 농촌지원국 기술보급과 / 농촌지도관16 김현철 / 농촌지원국 기술보급과 / 농촌지도사17 장진경 / 농촌지원국 기술보급과 / 농촌지도사18 노석원 / 농촌지원국 식량산업기술팀 / 농촌지도사19 엄미옥 / 농촌지원국 식량산업기술팀 / 농촌지도사20 윤  송 / 농촌지원국 식량산업기술팀 / 농촌지도사21 이세원 / 국립농업과학원 작물보호과 / 과장22 박병용 / 국립농업과학원 작물보호과 / 농업연구관23 박동석 / 국립농업과학원 작물보호과 / 농업연구관24 이봉춘 / 국립농업과학원 작물보호과 / 농업연구관25 이용환 / 국립농업과학원 작물보호과 / 농업연구관26 이관석 / 국립농업과학원 작물보호과 / 농업연구사27 이영기 / 국립농업과학원 작물보호과 / 농업연구사28 강미형 / 국립농업과학원 작물보호과 / 농업연구사29 정인홍 / 국립농업과학원 작물보호과 / 농업연구사30 류현주 / 국립농업과학원 작물보호과 / 농업연구사31 심교문 / 국립농업과학원 기후변화평가과 / 농업연구관32 강민구 /국립농업과학원 기후변화평가과 / 농업연구사33 최준열 / 국립농업과학원 작물기초기반과 / 과장34 김상민 / 국립식량과학원 작물기초기반과 / 농업연구사35 최낙중 / 국립식량과학원 작물기초기반과 / 농업연구사36 김현주 / 국립식량과학원 기술지원과 / 농업연구관37 김은영 / 국립식량과학원 재배환경과 / 농업연구사38 김동환 / 국립원예특작과학원 원예특작환경과 / 과장39 이성찬 / 국립원예특작과학원 원예특작환경과 / 농업연구관40 조인숙 / 국립원예특작과학원 원예특작환경과 / 농업연구관41 한유경 / 국립원예특작과학원 원예특작환경과 / 농업연구사42 이선영 / 국립원예특작과학원 원예특작환경과 / 농업연구사43 서미혜 / 국립원예특작과학원 원예특작환경과 / 농업연구사44 윤정범 / 국립원예특작과학원 원예특작환경과 / 농업연구사45 이동혁 / 국립원예특작과학원 사과연구소 / 소장46 양상진 / 국립원예특작과학원 사과연구소 / 농업연구관47 송장훈 / 국립원예특작과학원 배연구소 / 농업연구관48 강아랑 / 국립원예특작과학원 배연구소 / 농업연구사49 한승갑 / 국립원예특작과학원 감귤연구소 / 농업연구관2023년 농작물 병해충 발생정보(제7호)집 필 인김지성 , 채의석 , 김기형 , 김상목 , 박승무 , 이우일 , 최효원 , 양미숙 , 맹권재 ,박명일 , 강권희발 행 처 농촌진흥청 재해대응과주소 54875 전북 전주시 덕진구 농생명로 300전화 (063) 238–1045~1049homepage : http://www.nongsaro.go.kr",7호.txt
2023,8,1,2023-07-01,2023-07-15,식량작물,열대거세미나방,주의보,"수수,옥수수","❍ 열대거세미나방은 아메리카 대륙의 열대·아열대 지역이 원산으로아프리카(‘16), 동남아(’18), 중국(‘19.1), 한국(’19.6) 등으로 확산됨
❍ 올해 4월 18일 제주에서 성충이 첫 발견 되었으며, 유충은 전북부안에서 5.19일 발견됨. 최근 4년간 가장 빠른 시기에 성충과유충 발견(작년 대비 약 한달 빠름)⇒ 작년 발생지역과 주 비래지역(충남, 전남‧북, 경남, 제주 등)은성페로몬트랩 예찰 및 어린 옥수수 포장 중심 철저한 관찰이 필요
⇒ 유충(애벌레)이 식물의 잎과 줄기를 갉아 먹어 피해를 발생시키며기주식물은 80여 작물(옥수수, 수수 등)로 알려져 있음
❍ 약제를 위해 발생초기(유충1~3령) 등록약제로 살포하되, 약제를살포할 때는 약액이 골고루 작물에 묻도록 충분히 살포□ 열대거세미나방 유충형태 및 피해 사진열대거세미나방 유충(좌, 2령), 피해 사진(우)",8호.txt
2023,8,2,2023-07-01,2023-07-15,식량작물,먹노린재,예보,벼,"❍ 먹노린재는 7∼8월에 약충과 성충이 벼 줄기에 구침을 박고 흡즙하여 심하면 수확량에 큰 영향을 줌, 주로 논 가장자리에 피해증상이 많이 나타나는데 생육초기에 심하게 피해를 받으면 초장이짧아지고 이삭이 나오지 않을 수 있음
⇒ 성충의 방제적기는 겨울을 지난 성충의 이동 최성기인 6월 하순∼7월 상순으로 주변 논두렁이나 배수로 등 서식처가 될 만한곳까지 약제를 살포하면 방제효과를 높일 수 있음",8호.txt
2023,8,3,2023-07-01,2023-07-15,식량작물,감자역병(고랭지 씨감자),예보,감자,"❍ 감자역병(Phytophthora infestans)은 서늘한 온도(10∼24도)와다습한(상대습도 90% 이상) 조건에서 발생함. 대관령 등 주요 씨감자재배지의 최근 기상 조건을 고려할 때, 6월 25일∼7월 1일 사이에감자역병이 발생할 것으로 예상됨
❍ 감자역병은 감자의 생육 후기까지 환경조건만 맞으면 언제든지발생할 수 있고, 비가 올 때 병원균이 병든 잎에서 씻겨 내려가얕게 묻힌 덩이줄기를 감염시켜 수확 전후 또는 저장 중에 부패를일으킴
❍ 감자역병 예보주간인 6월 19일부터 보호용 살균제를 살포하여 역병발생을 예방하고, 예방 시기를 놓쳐 역병이 발생하였다면 치료용살균제를 살포
❍ 역병에 의한 덩이줄기 피해를 최소화하기 위해서는 흙을 충분히덮어 덩이줄기가 나오지 않도록 하고, 지속적인 비 예보가 있으면줄기와 잎이 살아 있는 동안에는 살균제를 처리
❍ 감자 역병에 등록된 보호용 살균제는 만코제브, 클로로탈로닐 등이있으며, 치료용 살균제로는 디메토모르프, 에타복삼 등이 있음
* 농촌진흥청 농약안전정보시스템 누리집(http://psis.rda.go.kr/psis) 을 확인하여안전사용기준에 맞게 사용[감염된 잎] [병든 감자] [발생 재배지]",8호.txt
2023,8,4,2023-07-01,2023-07-15,식량작물,잎도열병,예보,,"❍ 잎도열병은 거름기가 많은 논에서 비가 자주 내리거나 장마가 지속되면 발생함 6월 4주차 강수량은 평년보다 많았고, 7월 2주차 까지는 평년과비슷하거나 많을 것으로 전망하고 있고전년도 생육 후기 병해 발생이 많아 전염원이 포장 등에 잔존하고 있을 가능성이높아 예찰을 통해 발생 초기에 적용 약제로 방제가 중요함",8호.txt
2023,8,5,2023-07-01,2023-07-15,식량작물,멸강나방,예보,"벼,옥수수","❍ 멸강나방은 해외에서 날아와 피해를 주는 장거리 비래 해충으로화본과 목초류, 옥수수 등에 발생해 피해를 줌
❍ 보통 5월말 ~6월초에 비래하며 올해는 5월 중순에 가장 비래가많이 된 것으로 확인되었으며 벼, 옥수수와 목초 등 사료작물에 피해를 줌. 주로 피해를 주는 기주식물 재배지역을 예찰하여 어린벌레가 발견되면 등록 약제로 발생 초기에 방제멸강나방 유충(좌)과 피해(우) 사진",8호.txt
2023,8,6,2023-07-01,2023-07-15,식량작물,"벼물바구미, 벼잎벌레, 굴파리 등",예보,벼,"❍ 벼물바구미는 벼 잎과 뿌리를 갉아먹고 벼잎벌레와 굴파리류는 벼잎이나 줄기 속을 갉아 먹어 피해를 주는 해충으로 해마다 발생함
❍ 이앙시기와 월동 세대 성충의 본답 이동시기가 일치할 때 피해가 심함
⇒ 벼물바구미, 벼물가파리, 깔따구, 도열병 등 해충과 병을 동시에방제할 수 있는 약제를 선택하여 모내기 당일육묘상자에 입제를 뿌려 방제하고, 육묘상자에 약제처리를 못한 경우는 모낸 후 10∼15일 사이에 등록 약제를 선택하여 방제",8호.txt
2023,8,7,2023-07-01,2023-07-15,식량작물,"벼멸구, 흰등멸구, 혹명나방",예보,벼,"❍ 벼멸구․흰등멸구는 중국 남부지방과 동남아사아에서 6~7월 남서풍을 타고 비래하는 해충으로 장마철 비래에 적합한 기류가 형성될경우 국내로 비래함
⇒ 비래해충은 초기방제가 중요하므로 볏대 아래쪽을 잘 살펴보아발생이 많으면 적용약제로 방제
❍ 혹명나방은 6월 하순에서 7월 상순에 논을 살펴보아 포장에 피해잎이 1~2개정도 보일 때 방제를 실시해야 함
⇒ 막대기로 벼 포기를 쳐서 나방이 나는 모습을 보거나 유충 피해인벼 잎이 세로로 말리는 증상이 보이면 방제",8호.txt
2023,8,8,2023-07-01,2023-07-15,식량작물,애멸구(줄무늬잎마름병 매개),예보,벼,"❍ 국내에 월동하거나 중국에서 비래하여 어린 벼를 흡즙하여 벼줄무늬잎마름병을 매개하는데 최근 6월 중~하순 서해안 지역에 설치된 무인 공중포충망에 지속적으로 비래가 확인되고 있음
⇒ 애멸구의 발생이 많은 지역은 신속하게 즉시 살충효과가 있는접촉독 농약을 뿌려주고, 애멸구가 논뿐만 아니라 논두렁 주변에도 많이 있으므로 논두렁이나 인근 제방까지 철저히 방제하여애멸구가 본답에 유입되지 않도록 함",8호.txt
2023,8,9,2023-07-01,2023-07-15,채소,"담배나방(고추 등), 파밤나방(고추, 콩 등)",주의보,고추,"❍ 담배나방은 고추에 해마다 발생하여 피해를 주는 해충으로 주로 장마가끝나고 기온이 높아지면 담배나방, 파밤나방 등의 발생이 증가할 우려가 있음
⇒ 담배나방 등 나방류 유충은 3령 이상 자라면 약제저항성이커져서 방제 효과가 떨어지므로 새 잎을 중심으로 자세히 살펴보고 알이나 유충을 발견하는 즉시 등록 약제로 방제",8호.txt
2023,8,10,2023-07-01,2023-07-15,채소,"역병, 탄저병, 바이러스(고추)",주의보,"고추,방울토마토,오이","❍ 진딧물, 총채벌레의 밀도가 높아지면서 이들 매개충들에 의해전염되는 바이러스병이 경북, 충·남북, 전남, 경북 등에서발생하고 있어 피해가 우려됨
⇒ 오이모자이크바이러스(CMV)를 매개하는 진딧물과 토마토반점위조바이러스(TSWV)의 매개충인 총채벌레의 효율적인 방제는기작이 다른 등록 약제를 선택하여 방제⇒ 바이러스병에 감염되면 방제가 어려우므로 예방 위주로 방제 철저⇒ 바이러스병이 이미 진전된 포장에서는 고추의 주간 부위에서자란 세력이 강한 측지 관리로 고추 수량 확보
❍ 역병은 비가 오는 다습한 환경조건에서 발생이 증가하며 토양에있는 병원균이 물을 통하여 전염되는 병으로 일단 발병하면 급속하게 번지고 방제 효과가 낮음
⇒ 병 발생이 많았던 곳은 두둑을 높여 준 후 배수로를 정비하고병든 포기 발견 즉시 제거하여 전염원을 제거하고 비오기 전후등록 약제를 주기적으로 살포
❍ 고추 탄저병은 지난해 버려진 병든 잔재물이 가장 중요한 1차 전염원이고, 장마가 길고 비가 잦은 해에 발생이 많은데, 특히 국지적으로비가 자주 올 경우 발생이 증가할 가능성 있음
⇒ 병든 과실을 그냥 두거나 이랑사이에 버리면 방제효과는 50%이상 감소하므로 병든 과실은 발견 즉시 매립 또는 제거하는것이 효과적이며, 재식거리를 넓히고 두둑을 높게 하고 물 빠짐을 좋게 하여 발병에 좋은 환경을 차단함",8호.txt
2023,8,11,2023-07-01,2023-07-15,채소,"덩굴마름병(수박, 참외)",예보,"수박,참외","❍ 수박 덩굴마름병은 비가 많이 오는 경우 발생하는 병으로 생육후기에 초세가 약해질 무렵부터 잎이나 줄기가 집중적으로 말라 죽음
⇒ 약제 방제만으로는 효과적인 방제가 어려우므로 과습을 방지하고 생육을 강건하게 유지시킴",8호.txt
2023,8,12,2023-07-01,2023-07-15,채소,토마토반점위조바이러스(TSWV),예보,"고추,방울토마토,파프리카","❍ 총채벌레가 즙액을 흡즙하면서 바이러스를 전염시키는 병으로 고추,토마토, 파프리카 등 특히 전년도 발생이 많았던 가지과 시설재배지에서 꾸준히 발생하고 있으며, 밀도가 높아 방제시기를 놓칠 경우피해가 커지기 때문에 초기 예방이 중요
⇒ 방충망을 설치하여 총채벌레의 침입을 막고 발생 시 총채벌래의 기주식물이 되는 잡초와병이 걸린 식물은 뽑아서 제거",8호.txt
2023,8,13,2023-07-01,2023-07-15,채소,토마토황화잎말림바이러스(TYLCV),예보,방울토마토,❍ 가지과 작물에서 담배가루이가 병을 매개하고 감염된 묘를 통해확산될 수 있으므로 육묘 단계부터 정식 초기에 예찰을 강화하여감염여부를 판단하고 정식 후에는 잎뒷면과 포장주위를 살펴보아 담배가루이를 철저히 방제⇒ 방충망을 설치하여 담배가루이의침입을 막고 발생 시 담배가루이의 기주식물이 되는 잡초와 병이걸린 식물은 뽑아서 제거,8호.txt
2023,8,14,2023-07-01,2023-07-15,채소,"총채벌레류, 가루이류, 진딧물",예보,"방울토마토,오이,파프리카","❍ 시설재배에서 발생하는 해충은 대부분 크기가 작고 연중 발생하고있으나, 발생 초기에 예찰이 어려워 피해를 입는 경우가 많음. 특히이 해충들은 식물체에 직접적인 피해를 줄 뿐만 아니라 그을음병을유발하거나 바이러스병을 전염시켜 작물에 피해를 줌⇒ 이들 해충은 끈끈이트랩 등을 활용하여 주의 깊게 예찰하고 발견즉시 계통이 다른 적용약제를 바꾸어가며 방제
❍ 꽃노랑총채벌레 등 총채벌레류가 오이, 파프리카 등에서 초기에방제가 이루어지지 않으면 확산 및 피해가 예상⇒ 황색 끈끈이트랩이나 타락법(흰색 종이를 이용 꽃과 잎을 두드려서 예찰) 등으로 예찰하고, 발생포장은 초기에 방제⇒ 꽃노랑총채벌레는 번데기 방제용으로 아큐레이퍼응애를 토양에투입하고, 지상부 유충과 성충 방제용으로는 유럽애꽃노린재,지중해이리응애 등 천적을 활용하면 효과적으로 방제가 가능함
❍ (가루이류, 진딧물) 온실가루이와 담배가루이는 토마토와 같은 가지과작물에서, 진딧물은 엽채류와 과채류에서 주로 발생하며 식물의즙액을 빨아먹는 직접적인 피해뿐만 아니라 그을음병과 바이러스병등을 유발하여 상품성을 떨어뜨림⇒ 크기가 작아 육안으로 관찰하기 힘들고 일단 발생되면 방제가어려우므로 외부 유입통로에 방충망을 설치하는 등 시설 안으로들어오지 못하도록 막고, 점착트랩을 매달아 주의 깊게 살펴봄⇒ 예방적 조치로 해충에 따라 천적을 투입하여 방제하고 국부적으로해충이 집중 발생하였을 경우 작물별 등록 약제로 방제",8호.txt
2023,8,15,2023-07-01,2023-07-15,과수,과수화상병,주의보,"도라지,사과","❍ (과수화상병) 사과, 배 등의 병든 꽃은 수침상이 되고 쭈그러든후 흑갈색으로 변해 떨어지거나 나무에 매달려 있게 되고 꽃이달린 가지나 인접한 가지로 진전되어 잎맥을 따라 흑갈색의병반이 생기고 병이 진전됨에 따라 병든 잎은 말리고, 쭈그러들어보통은 가지에 매달려 있음. 병든 가지의 나무껍질은 흑갈색으로변하면서 물러졌다가 후에 위축되고 단단해져 궤양병반을 형성⇒ 과수화상병 궤양은 표피를 칼로 벗길 경우 형성층이 갈변, 유사증상은 건전한 부위가 바로 갈변되지 않고, 수분 후 약하게 갈변⇒ 한번 걸리면 방제가 불가능하기 때문에 예방을 위하여 과수원을청결하게 관리하고 농작업을 하는 사람의 과수원 출입시 사람과작업도구 등을 수시로 소독⇒ 의심증상 발견 시에는 전국 대표전화(1833-8572) 또는 가까운농업기술센터·농업기술원에 즉시 신고, 병균의 밀도가 낮아 진단되지 않더라도 갈변궤양은 끝에서 40~70cm 아래를 절단․제거
❍ (과수가지검은마름병) 과수화상병과 증상이 비슷하여 육안으로는구분이 불가하며, 발생시기와 전파경로, 피해증상이 유사함.",8호.txt
2023,8,16,2023-07-01,2023-07-15,과수,탄저병,주의보,"복숭아,사과,포도","❍ 사과, 복숭아, 포도 등에 발생하는 탄저병은 주요 관리 과수병으로병원균은 주로 습기가 많은 기후조건과 25℃ 전후 온도에서 감염이잘 이루어지므로 장마기 이후에 주의가 필요함
❍ 탄저병에 감염된 과실은 초기에 검정색 작은 반점이 껍질에 나타나며, 병이 커질수록 과실 표면이 움푹 들어가면서 과실 내부가갈색으로 변하면서 과실 표면에 많은 분생포자가 생겨 주변 건전한 과실을 감염. 특히 장마기나 바람이 많이 부는 날씨에는 분생포자들이 이동되는 시기이므로 철저한 관리가 필요
⇒ 지난해에 탄저병이 많이 발생했던 농가는 과원 내에 탄저병균이 남아 있을 수 있으므로 탄저병균의 밀도를 줄이기 위해 예방적으로 적용 살균제를 살포⇒ 또한 탄저병은 습한 환경조건에서 잘 발생하므로 과원 내 통풍이 잘 되게 하고 물 빠짐이 잘 되도록 관리",8호.txt
2023,8,17,2023-07-01,2023-07-15,과수,복숭아 세균구멍병,주의보,복숭아,"❍ 복숭아 세균구멍병은 비바람에 의해 발생이 많아지며, 복숭아 잎․가지․열매에 수침상의 반점이 생긴 후 확대되어 피해가 발생하는데,최근 비가 오고 바람이 많이 불어 발생이 증가할 수 있으므로 철저한예찰과 방제 필요
⇒ 병든 가지는 제거해 주며 발생이 많은 곳은 방풍망․방풍림을설치하고 병 발생 전에 예방위주로 방제
❍ 복숭아 잿빛무늬병은 과실에 피해가 가장 크며 표면에 갈색반점이생기고 점차 확대되어 전체가 부패하며, 국지적으로 바람이 많은지역에서 피해가 예상됨
⇒ 병에 걸린 가지는 조기에 제거함",8호.txt
2023,8,18,2023-07-01,2023-07-15,과수,배 검은별무늬병,주의보,,"❍ 검은별무늬병은 비가 자주 올 때 질소 비료를 많이 주어 가지가무성한 과수원에서 발생이 많은데 7월 강우가 올 경우 발생이 예상되어 방제시기를 놓치지 않도록 주의해야 함
⇒ 약제저항성 문제가 있는 약제는 작용 기작이 다른 약제로 바꿔가며 살포하고 병에 걸린 잎과 과실은 제거하여 땅에 묻어줌",8호.txt
2023,8,19,2023-07-01,2023-07-15,과수,"갈색날개매미충, 미국선녀벌레, 꽃매미",주의보,,"< 갈색날개매미충 >
❍ 올해 월동난 조사 결과 갈색날개매미충, 꽃매미의 발생면적이 다시증가세를 보이고 있으며, 매미나방은 감소한 것으로 조사됨
❍ 발생지역에서 생산된 묘목을 통해 다른 지역으로 전파될 가능성이있어 묘목을 구입하여 식재할 경우 어린 가지의 아래쪽을 잘 살펴 난괴(알)가 보일 경우 가지를 제거해야 함
* (부화시기) 남해안 5월 5일경, 그 외 지역 5월 18∼19일경⇒ 발생정도에 따라 전용약제를 1주일 간격으로 1~3회 살포* 지역별 ‘공동방제의 날’은 시도별 여건에 따라 탄력적으로 운영⇒ 갈색날개매미충을 효과적으로 방제하려면 갈색날개매미충 부화 후1~2주 사이에 애벌레(1~2령)가 붙어 있는 나무에 약제를 뿌리는것이 좋음. 2령이 지난 애벌레와 성충은 이동성이 크기 때문에방제 효과가 떨어짐.
<갈색날개매미충 약충, 성충, 난괴 사진>< 미국선녀벌레 >
❍ 미국선녀벌레는 연간 1세대 발생하며월동한 알은 5월 중·하순경에 부화하며,약충은 5령을 거쳐 성충이 되며, 성충은 7월에서 10월까지 발생함
* (부화시기) 남해안 5월 10일경, 그 외 지역 5월 22～24일경< 꽃매미 >
❍ 꽃매미는 연간 1세대 발생하고 월동한 알은 5월 상·중순경에 부화하며 약충은 5령을 거쳐 성충이 되고 성충은 7월에서 11월까지발생함
⇒ 월동알을 제거해 주는 것이 친환경적이며 발생을 줄이는 데에큰 효과가 있으므로 봄철에 약충으로 부화하기 전 과수원 및 인근야산의 나무 등에 있는 알 덩어리를 제거해 주고 약충이 깨어나오면 등록약제로 반드시 방제⇒ 금년은 지난 겨울과 봄철의 기온이 평년기온보다 약간 높아지난해와 비슷한 수준이고 평년보다 6∼7일 빨라질 것으로 예상* (부화시기) 남해안 지역 4월 30일, 그 외 지역 5월 11∼12일⇒ 시설재배지는 측창과 입구에 방충망을 설치하면 꽃매미의 침입과외부로의 확산을 막고, 방제 효과도 증대시킬 수 있음",8호.txt
2023,8,20,2023-07-01,2023-07-15,과수,복숭아심식나방,주의보,"복숭아,사과","❍ 복숭아심식나방의 밀도가 예년과 다르게 매우 높게 나타나고 있어심식나방의 발생예찰과 방제에 특별한 주의 필요
❍ 주로 사과의 꽃받침 부분과 과경부에 산란하며, 부화한 유충이 과실을 뚫고 들어가 피해를 입힘⇒ 성페로몬트랩을 사과나무에 설치하여 5일 동안 끈끈이판에 10마리 이상 포획되면 그로부터 7일 후에 적용 약제를 살포
❍ 제1회 성충은 6월 상순에서 8월 상순 사이에 발생하고, 제2회 성충은7월 하순부터 9월 상순에 발생하며, 발생 최성기는 8월 중순경임
⇒ 교미교란제(성페로몬을 이용해 나방류 교미 방해)를 나무 상단부에걸어 복숭아심식나방의 교미를 저해하여 복숭아심식나방 다음
세대의 발생 밀도를 낮출 수 있음
(A) 복숭아심식나방알; (B) 복숭아심식나방유충; (C) 복숭아심식나방성충;복숭아심식나방 피해로 인한 기형과 (A) 피해 초기, (B),(C) 피해 후기",8호.txt
2023,8,21,2023-07-01,2023-07-15,과수,복숭아순나방,예보,복숭아,"❍ 복숭아 관찰포 페로몬 트랩조사(6월) 결과전년보다 마리수는 감소하였음
⇒ 전년에 과실 피해가 많았거나, 성페로몬트랩에 유인이 많이 된 과원은 복숭아심식나방과 등록 약제로 동시 방제하고, 열매솎기나 봉지씌우기를 할 때 피해를 받은 신초나 어린 과실이발견되면 즉시 제거하여 땅에 묻음",8호.txt
2023,8,22,2023-07-01,2023-07-15,과수,"잎말이나방, 감꼭지나방",예보,"감귤,매실,사과","❍ 감귤, 사과, 배, 매실 등에 발생하는 잎말이나방류는 새로 나오는 잎으로 이동해서잎을 세로로 말고 들어가 갉아먹어 피해를주며 과실의 표면을 핥듯이 가해하여 상품성을 떨어뜨림⇒ 성페로몬 트랩을 주의 깊게 관찰하여 성충발생 최성기 7～10일 이후등록약제 살포
❍ 감꼭지나방은 꽃잎이나 잎을 갉아먹다가 감꼭지에 유충이 과육을 먹고들어가 낙과를 시키며, 열매꼭지와 과실사이로 배설물을 배출함
⇒ 페로몬 예찰결과를 활용하여 등록약제로 방제",8호.txt
2023,8,23,2023-07-01,2023-07-15,과수,포도 새눈무늬병·갈색무늬병·노균병,예보,포도,"❍ 포도 새눈무늬병은 잎에서 잎맥이 흑갈색으로 변하고, 진전되면 흑색 반점으로 확대되어 구멍이 뚫리며 열매와 가지에서는 초기에 흑갈색의 반점이 나타남⇒ 비가 많이 올 때 발생이 많으므로,병든 부위는 즉시 제거하고 봉지 씌우기 전에 등록약제로 방제
❍ 포도 갈색무늬병․노균병은 비가 자주 내리고 습도가 높을 때 발생이 많음
⇒ 잎과 과실을 자세히 살펴보아 발생 초기에 등록약제로 잎 뒷면까지 방제하되 가능한 비 오기 전․후 방제실시",8호.txt
2023,8,24,2023-07-01,2023-07-15,과수,참다래 궤양병,예보,"오리,참다래","❍ 참다래 궤양병은 3∼4월 수액이 이동할 때 동해를 입거나 상처를입은 부위에서부터 투명한 수액이 흐르다가 증세가 심해지면 나무전체가 말라 죽으며, 잎에는 노란색 테두리를 가진 갈색반점이 생기고 꽃봉오리는 갈색으로 변함
❍ 병든 조직에서 월동한 병원균이 상처, 기공 및 수공을 통하여 잎으로 침입하며 전정 등 농작업 도구를 통해 전염⇒ 궤양병 증상이 보이면 가까운 농업기술센터를 통해서 정밀 진단을받아 고병원성 병원형 여부를 확인하여 방제 조치⇒ 작년에 병이 발생했던 포장은 참다래궤양병 방제용 등록약제를3월 하순∼4월 상순부터 10일 간격으로 살포하여 예방 감염된 이병주는 굴취하여 매몰1개월 기상전망            (출처 : 국립농업과학원, 기상청)기온은 1주, 2주, 3주는 평년과 비슷하거나 높겠고, 4주는 평년보다 높겠음
강수량은 1주, 2주는 평년과 비슷하거나 많겠고, 3주, 4주는 평년과 비슷하겠음
❍ 1주(7.10~7.16): 북태평양고기압의 가장자리에 들어 구름 많은 날씨를 보이겠으며, 남서쪽에서 다가오는 저기압의 영향으로 많은 비가 오는 때가 있겠음
- 기온은 평년과 비슷하거나 높겠고, 강수량은 평년과 비슷하거나 많겠음
❍ 2주(7.17~7.23): 점차 확장하는 북태평양고기압의 영향을 받겠으며, 남서쪽에서 다가오는 저기압의 영향으로 많은 비가 오는 때가 있겠음
- 기온은 평년과 비슷하거나 높겠고, 강수량은 평년과 비슷하거나 많겠음
❍ 3주(7.24~7.30): 북태평양고기압의 영향을 주로 받겠으나, 남쪽을 지나는 저기압의 영향으로 비가 오는 때가 있겠음
- 기온은 평년과 비슷하거나 높겠고, 강수량은 평년과 비슷하겠음
❍ 4주(7.31~8.6): 북태평양고기압의 영향을 주로 받겠으나, 대기불안정에 의해많은 비가 내릴 때가 있겠음
- 기온은 평년보다 높겠고, 강수량은 평년과 비슷하겠음",8호.txt
2023,8,25,2023-07-01,2023-07-15,과수,참다래 궤양병,예보,참다래,"농업지대 지역 평균기온 강수량1주 2주 3주 4주 1주 2주 3주 4주(7.10~7.16) (7.17~7.23) (7.24~7.30) (7.31~8.6) (7.10~7.16) (7.17~7.23) (7.24~7.30) (7.31~8.6)1.태백고냉 대관령 조금높음 조금높음 조금높음 높음 조금많음 조금많음 비슷 비슷2.태백준고냉 인제,홍천,제천 조금높음 조금높음 조금높음 높음 조금많음 조금많음 비슷 비슷3.소백산간 충주,보은 조금높음 조금높음 조금높음 높음 조금많음 조금많음 비슷 비슷4.노령소백산간 임실 조금높음 조금높음 조금높음 높음 많음 조금많음 비슷 비슷5.영남내륙산간 추풍령,영주,문경 조금높음 조금높음 조금높음 높음 많음 조금많음 비슷 비슷6.중북부내륙 춘천,양평 조금높음 조금높음 조금높음 높음 조금많음 조금많음 비슷 비슷7.중부내륙 원주,이천 조금높음 조금높음 조금높음 높음 조금많음 조금많음 비슷 비슷8.소백서부내륙 청주,대전,금산 조금높음 조금높음 조금높음 높음 조금많음 조금많음 비슷 비슷9.노령동서내륙 정읍,남원,거창,산청 조금높음 조금높음 조금높음 높음 많음 조금많음 비슷 비슷10.호남내륙 광주,순천,장흥 조금높음 조금높음 조금높음 높음 많음 조금많음 비슷 비슷11.영남분지 대구,의성,구미,영천 조금높음 조금높음 조금높음 높음 많음 조금많음 비슷 비슷12.영남내륙 진주,합천,밀양 조금높음 조금높음 조금높음 높음 많음 조금많음 비슷 비슷13.중서부평야 서울,인천,수원,서산,강화,천안,보령 조금높음 조금높음 조금높음 높음 조금많음 조금많음 비슷 비슷14.차령남부평야 군산,전주,부여,부안 조금높음 조금높음 조금높음 높음 많음 조금많음 비슷 비슷15.남서해안 목포,완도,해남,고흥 조금높음 조금높음 조금높음 높음 많음 조금많음 비슷 비슷16.남부해안 부산,통영,여수,거제,남해 조금높음 조금높음 조금높음 높음 많음 조금많음 비슷 비슷17.동해안북부 속초,강릉 조금높음 조금높음 조금높음 높음 조금많음 조금많음 비슷 비슷18.동해안중부 울진,영덕 조금높음 조금높음 조금높음 높음 많음 조금많음 비슷 비슷19.동해안남부 포항,울산 조금높음 조금높음 조금높음 높음 많음 조금많음 비슷 비슷20.제주 제주,성산,서귀포 조금높음 조금높음 조금높음 높음 많음 조금많음 비슷 비슷평균 조금높음 조금높음 조금높음 높음 조금많음 조금많음 비슷 비슷10일(2023.07.02.~07.09.) 예보(기상청, 2023.06.29., 06:00)<기상예보>
❍ (기온) 아침 기온은 20~24℃, 낮 기온은 27~33℃로 평년(최저기온20~22℃, 최고기온 26~30℃)과 비슷하거나 조금 높겠음
❍ (강수) 7월 2일 제주도, 3일 전남권과 경남권, 제주도에, 4일~5일은전국에 비가 오겠음
<날씨><최저/최고기온>최근 경과기상과 향후 기상전망<기온><강수량>연도별 평균기온
❍ ‘23년 1월부터 6월 4주차까지의 평균기온은 11.0℃로, 평년(9.8)보다 1.2℃ 높았음
- ’23년 6월 4주차의 평균기온은 23.7℃로, 평년(22.3)보다 1.4℃ 높았음",8호.txt
2023,8,26,2023-07-01,2023-07-15,과수,참다래 궤양병,예보,참다래,"기 간 1월 2월 3월 4월 5월6월 분석기간1.1~6.28 6.22~6.281주(6.1~6.7)2주(6.8~6.14)3주(6.15~6.21)4주(6.22~6.28)평균(℃)편차(℃)평균(℃)편차(℃)2023년 0.0 3.0 9.7 13.3 18.0 21.0 21.7 22.9 23.7 11.0 1.2 23.7 1.42022년 -0.2 0.4 8.0 13.9 18.2 20.1 20.0 23.1 25.7 10.4 0.6 25.7 3.42021년 -0.4 3.9 9.0 13.4 16.9 20.6 22.8 21.7 22.1 10.7 0.9 22.1 -0.22020년 3.0 3.8 8.0 10.9 17.7 21.8 24.2 22.1 23.1 10.9 1.1 23.1 0.82019년 0.5 2.6 7.6 12.0 18.5 20.9 19.6 21.5 22.4 10.3 0.5 22.4 0.12018년 -1.8 0.0 8.2 13.3 17.8 22.2 20.3 21.4 24.0 9.9 0.1 24.0 1.72017년 0.3 1.8 6.4 13.8 18.6 19.3 20.4 22.9 23.3 10.3 0.5 23.3 1.02016년 -0.6 1.9 7.3 13.8 18.5 20.4 22.4 22.9 22.6 10.4 0.6 22.6 0.32015년 0.8 2.2 6.8 12.7 18.5 20.3 22.0 21.7 21.9 10.3 0.5 21.9 -0.42014년 0.7 2.7 7.7 13.3 18.3 21.0 20.6 22.1 22.6 10.7 0.9 22.6 0.32013년 -1.8 0.8 6.7 10.3 17.7 21.1 21.8 23.6 22.7 9.3 -0.5 22.7 0.410년평균 0.0 2.0 7.6 12.7 18.1 20.8 21.4 22.3 23.0 10.3 0.5 23.0 0.7평 년 -0.4 1.7 6.5 12.3 17.5 20.2 21.0 21.8 22.3 9.8 0.0 22.3 0.0* 10년 평균 : 최근 10년(2013~2022년)동안의 평균기온의 평균** 평년 : 30년(1991～2020년)동안의 평균기온의 평균*** 편차 : 평년의 평균기온에 대한 연도별 평균기온의 차이연도별 강수량
❍ ‘23년 1월부터 6월 4주차까지의 강수량의 합은 523.1㎜로, 평년(460.5)보다
62.6㎜ 많았음(평년대비 113.6%)",8호.txt
2023,8,27,2023-07-01,2023-07-15,과수,참다래 궤양병,예보,"감자,강낭콩,고추,미나리,방울토마토,배추,복숭아,부추,블루베리,살구,상추,셀러리,수박,쑥갓,아욱,양배추,오리,오이,쪽파,참다래","- ’23년 6월 4주차의 강수량의 합은 102.5㎜로, 평년(58.7)보다 43.8㎜많았음(평년대비 174.6%)기 간 1월 2월 3월 4월 5월6월 분석기간1.1~6.28 6.22~6.281주(6.1~6.7)2주(6.8~6.14)3주(6.15~6.21)4주(6.22~6.28)합계(㎜)대비(%)합계(㎜)대비(%)2023년 44.9 20.0 30.5 70.2 207.2 10.1 16.4 21.4 102.5 523.1 113.6 102.5 174.62022년 5.0 5.5 89.5 62.7 6.3 37.4 9.3 13.3 70.2 299.1 65.0 70.2 119.62021년 25.4 23.4 112.1 77.5 138.9 22.1 34.5 17.6 17.1 468.5 101.7 17.1 29.12020년 85.7 62.1 34.4 44.0 107.4 2.6 72.1 23.9 29.1 461.3 100.2 29.1 49.62019년 9.7 34.5 42.6 80.8 65.0 47.1 10.1 8.0 54.5 352.2 76.5 54.5 92.82018년 25.5 36.6 116.2 140.3 135.2 3.4 14.3 5.7 100.7 577.8 125.5 100.7 171.62017년 18.6 36.0 26.1 72.8 31.0 21.9 3.5 3.6 25.9 239.3 52.0 25.9 44.12016년 32.9 50.6 62.8 163.2 103.4 5.7 6.1 17.1 43.5 485.3 105.4 43.5 74.12015년 31.9 31.0 47.8 135.6 70.1 5.6 9.5 20.9 52.6 404.9 87.9 52.6 89.62014년 14.0 34.8 82.3 89.3 84.2 32.4 21.0 10.5 20.5 389.1 84.5 20.5 34.92013년 29.7 53.9 60.9 79.9 132.3 0.9 12.7 66.7 24.9 462.0 100.3 24.9 42.410년평균 27.8 36.8 67.5 94.6 87.4 17.9 19.3 18.7 43.9 414.0 89.9 43.9 74.8평 년 30.6 37.5 63.0 90.7 108.0 16.1 22.2 33.7 58.7 460.5 100.0 58.7 100.0* 10년 평균 : 최근 10년(2013~2022년)동안의 강수량의 평균** 평년 : 30년(1991～2020년)동안의 강수량의 평균*** 대비 : 평년의 강수량에 대한 연도별 강수량의 비율
❍ 여름철 집중 호우·태풍 대비 농작물 및 농업시설물 안전관리요령7월 주요 품목별 농약 사용 주의보7월 주요 품목별 농약 사용 주의보★7월에 검출된 75개 조합(39품목/48성분)★* 이 자료는 국립농산물품질관리원 안전성조사 결과 중 ’22년도 부적합 발생 품목 및농약 성분을 바탕으로 작성했습니다.
□ 지역별 부적합 발생 우려 정보
❍ 주요 부적합 우려 품목(성분)
- [서울특별시] 부추(카보퓨란)
- [대구광역시] 들깻잎(펜디메탈린)
- [인천광역시] 열무(플루퀸코나졸)
- [광주광역시] 쑥갓(펜디메탈린)
- [대전광역시] 블루베리(퍼메트린), 토마토(플루아지남)
- [경기도] 강낭콩(트리클로피르), 고추(스피로테트라맷), 근대(플룩사메타마이드, 터부포스), 당귀잎(터부포스), 대파(터부포스), 비타민(디니코나졸),아욱(터부포스), 얼갈이배추(에톡사졸), 참나물(플룩사메타마이드)
- [강원도] 고추(오리사스트로빈), 감자(테부피림포스), 무(이미시아포스), 셀러리(다이아지논),토마토(피플루뷰마이드)
- [충청북도] 고추(오메토에이트), 감자(테부피림포스, 터부포스), 부추(포레이트), 블루베리(클로로탈로닐), 살구(이프로디온, 테트라닐리프롤), 수삼(플루디옥소닐), 오이(아이소프로티올레인)
- [충청남도] 고추(이피엔), 들깻잎(다이아지논,플루아지남), 머위잎(프로클로라즈), 미나리(페니트로티온), 복숭아(퍼메트린), 상추(포레이트),수박(이미시아포스), 쑥갓(플루벤디아마이드), 양배추(옥사딕실), 쪽파(펜디메탈린, 터부포스), 취나물(알라클로르, 펜디메탈린)",8호.txt
2023,8,28,2023-07-01,2023-07-15,과수,참다래 궤양병,예보,"감자,고추,당근,배추,부추,살구,상추,오리,옥수수,참다래,참외,호박","- [전라북도] 고추(트리클로피르) 가지(테트라닐리프롤), 당근(엔도설판, 터부포스), 밀(테부페노자이드), 북숭아(디노테퓨란)
- [전라남도] 곤드레나물(페림존), 단호박(펜디메탈린), 비름(카벤다짐)
- [경상북도] 감자(터부포스), 단호박(펜디메탈린),들깻잎(아이소피라잠), 부추(포레이트), 옥수수(이미다클로프리드), 참외(페노뷰카브), 취나물(디메토에이트, 플룩사메타마이드, 이프로벤포스,오메토에이트)
- [경상남도] 단호박(프로피코나졸), 대파(플루트리아폴), 들깻잎(이피엔), 머위잎(클로르피리포스), 바나나(이미다클로프리드), 살구(클로로탈로닐, 프로사이미돈), 상추(리뉴론, 오리사스트로빈), 얼갈이배추(피리프록시펜),열무(테트라코나졸), 참다래(플루아지남)
- [제주특별자치도] 가지(테부코나졸), 부추(뷰프로페진, 오메토에이트, 피리프록시펜)※ 전국적으로 토양처리 살충제 농약(입제) 성분인 터부포스,포레이트 잔류농약 부적합이 많이 발생되고 있습니다.
농업인께서는 해당 성분의 농약을 사용이 등록된 작물에만안전사용기준을 반드시 준수하여 살포하시기 바랍니다.
□ 부적합 발생 우려 품목/성분의 잔류허용기준 및 농약등록 유무품목 검출성분잔류허용기준(mg/kg) 잔류허용기준적용 근거농약 안전사용기준등록 유무‘22.7. ‘23.6.",8호.txt
2023,8,29,2023-07-01,2023-07-15,과수,참다래 궤양병,예보,"감자,강낭콩,고추,당근,두릅,딸기,미나리,배추,복숭아,부추,블루베리,살구,상추,시금치,쑥갓,아욱,양송이,오이,참다래","가지Tebuconazole 0.01 0.01 일률기준 미등록Tetraniliprole 0.01 0.3(기준변경) 당해성분 당해품목 등록(단제)감자 Tebupirimfos 0.01 0.01 당해성분 당해품목 등록(합제)Terbufos 0.01 0.01 당해성분 당해품목 등록(단제, 합제)강낭콩 Triclopyr 0.01 0.01 일률기준 미등록고추EPN 0.01 0.01 일률기준 미등록Omethoate 0.01 0.01 일률기준 미등록Orysastrobin 0.01 0.01 일률기준 미등록Spirotetramat 2.0 2.0 당해성분 당해품목 등록(단제, 합제)Triclopyr 0.01 0.01 일률기준 미등록곤드레나물 Ferimzone 0.01 0.01 일률기준 미등록근대 Fluxametamide 0.01 0.01 일률기준 미등록Terbufos 0.01 0.01 일률기준 미등록당근 Endosulfan 0.01 0.01 소분류기준(근채류) 미등록Terbufos 0.05 0.05 당해성분 당해품목 등록(단제, 합제)당귀잎 Terbufos 0.01 0.01 일률기준 미등록대파 Flutriafol 0.01 0.01 일률기준 미등록Terbufos 0.05 0.05 당해성분 당해품목 등록(단제, 합제)들깻잎Diazinon 0.01 0.01 일률기준 미등록EPN 0.01 0.01 일률기준 미등록Fluazinam 0.01 0.01 일률기준 미등록Isopyrazam 0.01 7.0(기준변경) 당해성분 당해품목 미등록Pendimethalin 0.01 0.01 일률기준 미등록머위잎 Chlorpyrifos 0.01 0.01 일률기준 미등록Prochloraz 0.01 0.01 일률기준 미등록무 Imicyafos 0.01 0.01 일률기준 미등록미나리 Fenitrothion 0.01 15(기준변경) 당해성분 당해품목 등록(단제)밀 Tebufenozide 0.01 0.01 일률기준 미등록바나나 Imidacloprid 0.01 0.01 당해성분 당해품목 미등록복숭아 Dinotefuran 0.5 0.5 당해성분 당해품목 등록(단제, 합제)Permethrin 0.01 0.01 일률기준 미등록부추Buprofezin 0.01 0.01 일률기준 미등록Carbofuran 0.01 0.01 일률기준 미등록Omethoate 0.05 0.05 당해성분 당해품목 미등록Phorate 0.1 0.1 당해성분 당해품목 등록(단제, 합제)Pyriproxyfen 0.01 0.01 일률기준 미등록블루베리Chlorothalonil 0.01 0.01 일률기준 미등록Permethrin 0.01 0.01 일률기준 미등록비름 Carbendazim 0.01 0.01 일률기준 미등록비타민(다채) Diniconazole 0.3 0.3 소분류기준(엽채류) 미등록살구Chlorothalonil 0.01 0.01 일률기준 미등록Iprodione 0.01 0.01 일률기준 미등록Procymidone 0.01 0.01 일률기준 미등록Tetraniliprole 0.01 0.7 당해성분 당해품목 등록(단제)□ 부적합 발생 주요 농산물 품목 현황(5월)2022년 5월 2023년 5월번호 품목명 발생(건) 번호 품목명 발생(건)1 상추 10 1 상추 112 취나물 9 2 부추 63 대파 6 3 들깻잎 44 오이 5 4 열무 45 부추 4 5 취나물 46 감자 3 6 감자 37 머위잎 3 7 쑥갓 38 쑥갓 3 8 고수 29 아욱 3 9 대파 210 두릅 2 10 두릅 2기타 시금치, 양송이버섯, 열무 등 28 기타 딸기, 방 풍 나물, 양 상 추, 얼갈 이 배추  등 28합계 76 합계 69품목 검출성분잔류허용기준(mg/kg) 잔류허용기준적용 근거농약 안전사용기준등록 유무‘22.7. ‘23.6.",8호.txt
2023,8,30,2023-07-01,2023-07-15,과수,참다래 궤양병,예보,"감귤,방울토마토,배추,사과,상추,셀러리,수박,쑥갓,아욱,양배추,오이,옥수수,쪽파,참다래,참외,호박","(기준변경)상추Linuron 0.01 0.01 일률기준 미등록Orysastrobin 0.01 0.01 일률기준 미등록Phorate 0.01 0.01 일률기준 미등록셀러리 Diazinon 0.01 0.01 일률기준 미등록수박 Imicyafos 0.05 0.05 당해성분 당해품목 등록(단제)수삼 Fludioxonil 0.5 0.5 당해성분 당해품목 등록(단제, 합제)쑥갓 Flubendiamide 0.01 0.01 일률기준 미등록Pendimethalin 0.01 0.01 일률기준 미등록아욱 Terbufos 0.01 0.01 일률기준 미등록양배추 Oxadixyl 0.01 0.01 일률기준 미등록얼갈이배추 Etoxazole 0.01 0.01 일률기준 미등록Pyriproxyfen 0.01 0.01 일률기준 미등록열무 Fluquinconazole 0.05 0.05 소분류기준(엽채류) 미등록Tetraconazole 0.01 0.01 일률기준 미등록오이 Isoprothiolane 0.01 0.01 일률기준 미등록옥수수 Imidacloprid 0.01 0.01 당해성분 당해품목 미등록쪽파 Pendimethalin 0.05 0.05 당해성분 당해품목 등록(단제)Terbufos 0.05 0.05 당해성분 당해품목 등록(단제, 합제)참나물 Fluxametamide 0.01 0.01 일률기준 미등록참다래(키위) Fluazinam 0.01 0.01 일률기준 미등록참외 Fenobucarb 0.01 0.01 일률기준 미등록취나물Alachlor 0.01 0.01 일률기준 미등록Dimethoate 0.01 0.01 일률기준 미등록Fluxametamide 0.01 0.01 일률기준 미등록Iprobenfos 0.01 0.01 일률기준 미등록Omethoate 0.01 0.01 일률기준 미등록Pendimethalin 0.01 0.01 일률기준 미등록토마토Fluazinam 0.01 0.01 일률기준 미등록Pyflubumide 0.01 0.2(기준변경) 당해성분 당해품목 등록(합제)호박(단호박) Pendimethalin 0.01 0.01 일률기준 미등록Propiconazole 0.01 0.01 일률기준 미등록□ 농약안전정보시스템(https://psis.rda.go.kr) 활용자료제공 및 검토 전문가 명단구분 성명 /  소속 / 직급1 김지성 / 농촌지원국 재해대응과 / 과장2 채의석 / 농촌지원국 재해대응과 / 농촌지도관3 김기형 / 농촌지원국 재해대응과 / 농촌지도관4 김상목 / 농촌지원국 재해대응과 / 농업연구관5 박승무 / 농촌지원국 재해대응과 / 농촌지도관6 이우일 / 농촌지원국 재해대응과 / 농촌지도사7 최효원 / 농촌지원국 재해대응과 / 농업연구사8 양미숙 / 농촌지원국 재해대응과 / 농촌지도사9 맹권재 / 농촌지원국 재해대응과 / 농업주사보10 박명일 / 농촌지원국 재해대응과 / 주무관11 최인후 / 농촌지원국 재해대응과 / 기술전문위원12 박해융 / 농촌지원국 재해대응과 / 기술전문위원13 성신상 / 농촌지원국 재해대응과 / 기술전문위원14 강신곤 / 농촌지원국 기술보급과 / 농촌지도관15 고창호 / 농촌지원국 기술보급과 / 농촌지도관16 김현철 / 농촌지원국 기술보급과 / 농촌지도사17 장진경 / 농촌지원국 기술보급과 / 농촌지도사18 노석원 / 농촌지원국 식량산업기술팀 / 농촌지도관19 엄미옥 / 농촌지원국 식량산업기술팀 / 농촌지도사20 윤  송 / 농촌지원국 식량산업기술팀 / 농촌지도사21 이세원 / 국립농업과학원 작물보호과 / 과장22 박병용 / 국립농업과학원 작물보호과 / 농업연구관23 박동석 / 국립농업과학원 작물보호과 / 농업연구관24 이봉춘 / 국립농업과학원 작물보호과 / 농업연구관25 이용환 / 국립농업과학원 작물보호과 / 농업연구관26 이관석 / 국립농업과학원 작물보호과 / 농업연구사27 이영기 / 국립농업과학원 작물보호과 / 농업연구사28 강미형 / 국립농업과학원 작물보호과 / 농업연구관29 정인홍 / 국립농업과학원 작물보호과 / 농업연구사30 류현주 / 국립농업과학원 작물보호과 / 농업연구사31 심교문 / 국립농업과학원 기후변화평가과 / 농업연구관32 허지나 /국립농업과학원 기후변화평가과 / 농업연구사33 최준열 / 국립농업과학원 작물기초기반과 / 과장34 김상민 / 국립식량과학원 작물기초기반과 / 농업연구사35 최낙중 / 국립식량과학원 작물기초기반과 / 농업연구사36 김현주 / 국립식량과학원 기술지원과 / 농업연구관37 김은영 / 국립식량과학원 재배환경과 / 농업연구사38 김동환 / 국립원예특작과학원 원예특작환경과 / 과장39 이성찬 / 국립원예특작과학원 원예특작환경과 / 농업연구관40 조인숙 / 국립원예특작과학원 원예특작환경과 / 농업연구관41 한유경 / 국립원예특작과학원 원예특작환경과 / 농업연구사42 이선영 / 국립원예특작과학원 원예특작환경과 / 농업연구사43 서미혜 / 국립원예특작과학원 원예특작환경과 / 농업연구사44 윤정범 / 국립원예특작과학원 원예특작환경과 / 농업연구사45 이동혁 / 국립원예특작과학원 사과연구소 / 소장46 양상진 / 국립원예특작과학원 사과연구소 / 농업연구관47 송장훈 / 국립원예특작과학원 배연구소 / 농업연구관48 강아랑 / 국립원예특작과학원 배연구소 / 농업연구사49 한승갑 / 국립원예특작과학원 감귤연구소 / 농업연구관2023년 농작물 병해충 발생정보(제8호)집 필 인김지성 , 채의석 , 김기형 , 김상목 , 박승무 , 이우일 , 최효원 , 양미숙 , 맹권재 ,박명일 , 강권희발 행 처 농촌진흥청 재해대응과주소 54875 전북 전주시 덕진구 농생명로 300전화 (063) 238–1045~1049homepage : http://www.nongsaro.go.kr",8호.txt
2023,9,1,2023-07-16,2023-07-31,식량작물,열대거세미나방,주의보,"수수,옥수수","❍ 열대거세미나방은 아메리카 대륙의 열대·아열대 지역이 원산으로아프리카(‘16), 동남아(’18), 중국(‘19.1), 한국(’19.6) 등으로 확산됨
❍ 올해 4월 18일 제주에서 성충이 첫 발견 되었으며, 유충은 전북부안에서 5.19일 발견됨. 최근 4년간 가장 빠른 시기에 성충과유충 발견(작년 대비 약 한달 빠름)⇒ 작년 발생지역과 주 비래지역(충남, 전남‧북, 경남, 제주 등)은성페로몬트랩 예찰 및 어린 옥수수 포장 중심 철저한 관찰이 필요
⇒ 유충기(애벌레)에 식물의 잎과 줄기를 갉아먹어 피해를 발생시키며기주식물은 80여 작물(옥수수, 수수 등)로 알려져 있음
⇒ 적기방제하면 피해가 최소화(1%이내) 되지만, 방제시기를 놓칠경우 10~30%이상 피해가 발생 될 수 있음
❍ 방제를 위해 발생초기(유충1~3령) 등록약제로 살포하되, 약제를살포할 때는 약액이 골고루 작물에 묻도록 충분히 살포□ 열대거세미나방 유충형태 및 피해 사진열대거세미나방 유충(왼쪽, 2령), 피해 사진(오른쪽)",9호.txt
2023,9,2,2023-07-16,2023-07-31,식량작물,멸강나방,주의보,"벼,옥수수","❍ 멸강나방은 해외에서 날아와 피해를 주는 장거리 비래 해충으로화본과 목초류, 옥수수 등에 발생해 피해를 줌
❍ 보통 5월말 ~6월초에 비래하며 올해는 5월 중순에 가장 비래가많이 된 것으로 확인되었으며 벼, 옥수수와 목초 등 사료작물에 피해를 줌. 주로 피해를 주는 기주식물 재배지역을 예찰하여 어린벌레가 발견되면 등록 약제로 발생 초기에 방제멸강나방 유충(왼쪽)과 피해(오른쪽) 사진",9호.txt
2023,9,3,2023-07-16,2023-07-31,식량작물,먹노린재,주의보,벼,"❍ 전남‧북, 경북 등 지역에 발생이 확인되고 있으며, 발생 시·군이 늘어나고 있음. 먹노린재 피해가 발생했던 지역에서는 철저한 예찰과 방제 필요
❍ 7∼8월에 약충과 성충이 벼 줄기에 구침을 박고 흡즙하여 심하면수확량에 큰 영향을 줌, 주로 논 가장자리에 피해증상이 많이나타나는데 생육초기에 심하게 피해를 받으면 초장이 짧아지고이삭이 나오지 않을 수 있음
⇒ 성충의 방제적기는 겨울을 지난 성충의 이동 최성기인 6월 하순∼7월 상순으로 주변 논두렁이나 배수로 등 서식처가 될 만한곳까지 약제를 살포하면 방제효과를 높일 수 있음",9호.txt
2023,9,4,2023-07-16,2023-07-31,식량작물,잎도열병,주의보,벼,"❍ 잎도열병은 거름기가 많은 논에서 비가 자주 내리거나 장마가지속되면 발생함.
❍ 일부지역에서 도열병 발생이 확인되고 있고 장마가 지속되고 있어 비가 내리지 않을 때 방제실시
❍ 도열병에 약한 품종에서는 국지적인강우로 인해 발생할 가능성 있음
⇒ 발생 초기에 적용약제로 방제하고 벼가침수됐을 경우에는 필요에 따라 추가적으로 방제 실시⇒ 전년도 생육 후기 병해 발생이 많아 전염원이 포장 등에 잔존하고 있을 가능성이 높으므로 사전방제가 필요하며, 발생이 우려되는 지역에서는 예찰을 통해 발생 초기에 적용 약제로 방제가 중요함",9호.txt
2023,9,5,2023-07-16,2023-07-31,식량작물,"잎집무늬마름병, 흰잎마름병",주의보,,"❍ 잎집무늬마름병은 장마 이후에 온·습도가 높아 병 발생에 유리한환경이 지속되면 확산이 우려됨
⇒ 중간물떼기를 잘하여 주고, 논을 잘 살펴 병든 줄기가 20%이상이면 등록 약제를 살포
❍ 흰잎마름병은 전남에서 발생이 확인되었으며 최근 장마철 집중호우로 인해 침수지역으로 병이 급속히 번질 우려가 있으므로등록 약제를 선택하여 잎도열병과 동시에 방제",9호.txt
2023,9,6,2023-07-16,2023-07-31,식량작물,"벼멸구, 흰등멸구, 혹명나방",주의보,벼,"❍ 벼멸구․흰등멸구는 중국 남부지방에서 기류를 타고 날아와 볏대에알을 낳는 시기임. 중국 흰등멸구, 혹명나방 등의 발생 동향이 전년보다 많은 것으로 보고되었으며 지역적으로 발생이 확인되고 있어장마기간이 길어짐에 따라 비래에 적합한 기류가 형성될 경우 국내유입이 많을 것으로 예상됨
⇒ 비래해충은 초기방제가 중요하므로 볏대 아래쪽을 잘 살펴보아발생이 많으면 적용약제로 방제
❍ 혹명나방은 논을 살펴보아 포장에 피해 잎이 1~2개정도 보일 때방제를 실시해야 함
⇒ 막대기로 벼 포기를 쳐서 나방이 나는 모습을 보거나 유충 피해인벼 잎이 세로로 말리는 증상이 보이면 방제",9호.txt
2023,9,7,2023-07-16,2023-07-31,채소,"담배나방(고추 등), 파밤나방(고추, 콩 등)",주의보,고추,"❍ 담배나방은 피해가 전국적으로 발생하고 있는데 장마가 끝나고 기온이높아지면 담배나방, 파밤나방 등의 발생이 증가할 우려가 있음
⇒ 담배나방 등 나방류 유충은 3령 이상 자라면 약제저항성이커져서 방제효과가 떨어지므로 새 잎을 중심으로 자세히 살펴보고 알이나 유충을 발견하는 즉시 등록 약제로 방제",9호.txt
2023,9,8,2023-07-16,2023-07-31,채소,바이러스병‧역병‧탄저병(고추),주의보,"고추,방울토마토,오이","❍ 최근 고온으로 인해 진딧물, 총채벌레의 밀도가 높아져서 이들매개충들이 전파하는 바이러스병 확산이 우려됨
* 7.1.(3회차) 보다 7.16.(4회차)에 병든주율이 3배 이상 증가한 것으로 조사되었음
⇒ 오이모자이크바이러스(CMV)를 매개하는 진딧물과 토마토반점위조바이러스(TSWV)의 매개충인 총채벌레의 효율적인 방제는기작이 다른 등록 약제를 선택하여 방제⇒ 바이러스병에 감염되면 방제가 어려우므로 예방 위주로 방제 철저⇒ 바이러스병이 이미 진전된 포장에서는 고추의 주간 부위에서자란 세력이 강한 측지 관리로 고추 수량 확보
❍ 역병은 비가 오는 다습한 환경조건에서 발생이 증가하며 토양에있는 병원균이 물을 통하여 전염되는 병으로 일단 발병하면 급속하게 번지고 방제 효과가 낮음
⇒ 병 발생이 많았던 곳은 두둑을 높여 준 후 배수로를 정비하고병든 포기 발견 즉시 제거하여 전염원을 제거하고 비오기 전후등록 약제를 주기적으로 살포
❍ 고추 탄저병은 지난해 버려진 병든 잔재물이 가장 중요한 1차 전염원이고, 장마가 길고 비가 잦은 해에 발생이 많은데, 특히 올해처럼국지적으로 비가 자주 올 때 발생이 증가할 가능성 있음
⇒ 병든 과실을 그냥 두거나 이랑사이에 버리면 방제효과는 50%이상 감소하므로 병든 과실은 발견 즉시 매립 또는 제거하는것이 효과적이며, 재식거리를 넓히고 두둑을 높게 하고 물 빠짐을좋게 하여 발병에 좋은 환경을 차단함",9호.txt
2023,9,9,2023-07-16,2023-07-31,채소,"고랭지 무·배추 무름병, 뿌리혹병",주의보,"무,배추","❍ 무름병은 세균에 의한 병으로 온도가 높을 때 많이 발생하며땅과 맞닿은 부분의 잎자루와 줄기부터 발병해서 결구 속까지무르고 부패하게 됨
❍ 장마 이후 기온이 올라가고 습도가 높아지면 발생이 증가할 가능성이 높음
⇒ 병원균은 건조에 약하므로 배수와 통풍이 잘 되도록 관리하며약제 방제 시 등록약제를 본잎이 5∼6매 이후에 7∼10일 간격으로 살포하고 땅 닿는 부분까지 약제가 잘 묻도록 처리
❍ 뿌리혹병은 뿌리에 크고 작은 혹이 생기면서 지상부가 말라죽는병으로 사전에 방제를 철저하게 하지 않은 밭에서 발생⇒ 병원균은 물이나 흙을 통하여 이동하므로 물 빠짐이 좋도록배수로를 잘 정비하고 병 발생 후에는 방제가 어려우므로 병든포기는 발견즉시 제거",9호.txt
2023,9,10,2023-07-16,2023-07-31,채소,진딧물류,예보,고추,"❍ 진딧물류가 고추 등 일부 포장에 발생하기 시작하고 있어 기온이올라가면 급속히 확산되어 피해가 우려됨
⇒ 작물의 신초 부위를 육안으로 관찰하여 예찰하고, 발생포장은초기부터 유효성분과 계통이 다른 약제를 번갈아 가며 방제를 해줌",9호.txt
2023,9,11,2023-07-16,2023-07-31,채소,"총채벌레류, 응애류, 가루이류",예보,"방울토마토,수박,오이,파프리카","❍ 시설재배 작물에서 꽃노랑총채벌레, 온실가루이, 담배가루이 등 기온이올라가면 확산 가능성이 있어 주의가 필요함
❍ 시설재배에서 발생하는 해충은 대부분 크기가 작고 연중 발생하고있으나, 발생 초기에 예찰이 어려워 피해를 입는 경우가 많음. 특히이 해충들은 식물체에 직접적인 피해를 줄 뿐만 아니라 그을음병을유발하거나 바이러스병을 전염시켜 작물에 피해를 줌⇒ 이들 해충은 끈끈이트랩 등을 활용하여 주의 깊게 예찰하고 발견즉시 계통이 다른 적용약제를 바꾸어가며 방제
❍ 꽃노랑총채벌레 등 총채벌레류가 오이, 파프리카 등에서 초기에방제가 이루어지지 않으면 확산 및 피해가 예상⇒ 황색 끈끈이트랩이나 타락법(흰색 종이를 이용 꽃과 잎을 두드려서 예찰) 등으로 예찰하고, 발생포장은 초기에 방제⇒ 꽃노랑총채벌레는 번데기 방제용으로 아큐레이퍼응애를 토양에투입하고, 지상부 유충과 성충 방제용으로는 유럽애꽃노린재,지중해이리응애 등 천적을 활용하면 효과적으로 방제가 가능함
❍ 담배가루이와 온실가루이는 남부와 중부지방 수확기에 있는 토마토와 하우스수박을 중심으로 밀도 증가가 예상되나 관리가소홀해질 시기로 품질저하 및 다음 작기 재배 작물에 피해가 우려됨
⇒ 수확 완료시기 까지 정밀예찰과 지속적인 방제 및 관리가 필요",9호.txt
2023,9,12,2023-07-16,2023-07-31,과수,과수화상병,주의보,사과,"❍ (과수화상병) 사과, 배 등의 병든 꽃은 수침상이 되고 쭈그러든후 흑갈색으로 변해 떨어지거나 나무에 매달려 있게 되고 꽃이달린 가지나 인접한 가지로 진전되어 잎맥을 따라 흑갈색의병반이 생기고 병이 진전됨에 따라 병든 잎은 말리고, 쭈그러들어보통은 가지에 매달려 있음. 병든 가지의 나무껍질은 흑갈색으로변하면서 물러졌다가 후에 위축되고 단단해져 궤양병반을 형성⇒ 한번 걸리면 방제가 불가능하기 때문에 예방을 위하여 과수원을 청결하게 관리하고 농작업을 하는 사람의 과수원 출입시사람과 작업도구 등을 수시로 소독⇒ 의심증상 발견 시에는 전국 대표전화(1833-8572) 또는 가까운농업기술센터·농업기술원에 즉시 신고, 병균의 밀도가 낮아 진단되지 않더라도 갈변궤양은 끝에서 40~70cm 아래를 절단․제거
❍ (과수가지검은마름병) 과수화상병과 증상이 비슷하여 육안으로는구분이 불가하며, 발생시기와 전파경로, 피해증상이 유사함.
사과나무병징엽맥따라갈색병반형성 신초마름병징(지팡이모양) 과실 줄기 병징배나무병징꽃전체가시들고마름 신초마름병징(지팡이모양) 과실 줄기 병징",9호.txt
2023,9,13,2023-07-16,2023-07-31,과수,탄저병,주의보,"복숭아,사과,포도","❍ 사과, 복숭아, 포도 등에 발생하는 탄저병은 주요 관리 과수병으로병원균은 주로 습기가 많은 기후조건과 25℃ 전후 온도에서 감염이잘 이루어지므로 장마기 이후에 주의가 필요함
❍ 탄저병에 감염된 과실은 초기에 검정색 작은 반점이 껍질에 나타나며, 병이 커질수록 과실 표면이 움푹 들어가면서 과실 내부가갈색으로 변하면서 과실 표면에 많은 분생포자가 생겨 주변 건전한 과실을 감염. 특히 장마기나 바람이 많이 부는 날씨에는 분생포자들이 이동되는 시기이므로 철저한 관리가 필요
⇒ 지난해에 탄저병이 많이 발생했던 농가는 과원 내에 탄저병균이 남아 있을 수 있으므로 탄저병균의 밀도를 줄이기 위해 예방적으로 적용 살균제를 살포⇒ 또한 탄저병은 습한 환경조건에서 잘 발생하므로 과원 내 통풍이 잘 되게 하고 물 빠짐이 잘 되도록 관리",9호.txt
2023,9,14,2023-07-16,2023-07-31,과수,사과갈색무늬병,주의보,사과,❍ 사과 갈색무늬병은 포자의 공기전염에의해 병이 발생되며 포자의 비산은 7월이후에 증가 하여 8월에 가장 많은 양이 비산됨으로 8월 까지 가능한 강우전에 정기적으로 적용약제를 수관 내부까지 골고루 묻도록 충분한 양을 살포하여야 함,9호.txt
2023,9,15,2023-07-16,2023-07-31,과수,복숭아순나방 ‧ 복숭아심식나방,주의보,"복숭아,사과","❍ 과실 가해 나방류 중 복숭아순나방(3세대), 복숭아심식나방(2세대)이장마기를 거치면서 발생하므로 성페로몬트랩을 정기적으로 조사
❍ 주로 사과의 꽃받침 부분과 과경부에 산란하며, 부화한 유충이 과실을뚫고 들어가 피해를 줌.
⇒ 성페로몬트랩을 사과나무에 설치하여 5일 동안 끈끈이판에10마리 이상 포획되면 그로부터 7일 후에 적용 약제를 살포⇒ 교미교란제(성페로몬을 이용해 나방류 교미 방해)를 나무 상단부에걸어 복숭아심식나방의 교미를 저해하여 복숭아심식나방 다음
세대의 발생 밀도를 낮출 수 있음",9호.txt
2023,9,16,2023-07-16,2023-07-31,과수,"갈색날개매미충, 미국선녀벌레, 꽃매미",주의보,,"❍ 과수원의 돌발해충(갈색날개매미충, 미국선녀벌레, 꽃매미)은 높은온도로 인해 대부분 지역에서 부화가 완료되었으며, 약충기 방제가소홀한 과수원과 주변 산림에 밀도가 늘어날 것으로 예상되므로발생 과수원과 인접 산림 등에 대한 철저한 방제가 필요
⇒ 5∼6월에 약충 방제가 소홀했던 과원은 적용약제로 반드시 방제
❍ 돌발해충 성충 방제적기 및 구역 설정을 위한 성충 전국 발생 조사를7월 하순에서 8월 상순 추진 예정",9호.txt
2023,9,17,2023-07-16,2023-07-31,과수,"응애류, 노린재류",예보,사과,"❍ 점박이응애는 7∼8월에 많이 발생하며 비가 적을 때 발생이 급증하기 때문에 잎 뒷면을 잘 관찰하여 발생 초기에 방제 필요
⇒ 등록약제 살포시 잎 뒷면까지 약제가 골고루 묻을 수 있도록 방제기의 노즐을 미세하게 조절하여 정밀 살포 방제
❍ 갈색날개노린재, 썩덩나무노린재는 사과 흡즙 주요 노린재류는성충으로 월동하다가 4∼5월부터 발생을 시작해 7∼8월에 사과과실에 집중적으로 가해⇒ 노린재류가 과원에서 발견되면 심식나방류와 동시에 방제 가능한클로르피리포스 수화제, 비펜트린 수화제 등을 2∼3회 골고루 살포",9호.txt
2023,9,18,2023-07-16,2023-07-31,과수,점무늬낙엽병,예보,,"❍ 과실에서 5~6월부터 과점으로 감염되기 시작하여 8~9월까지감염되며, 흑색의 작은 반점을 형성하여 병반은 크게 확대되지않고 과실이 성숙하면 병반 주변이 적자색으로 됨
❍ 과실의 감염은 7~8월에 가장 많이 일어남으로 겹무늬썩음병 ,갈색무늬병과 동시 방제하는 것이 효과적임",9호.txt
2023,9,19,2023-07-16,2023-07-31,과수,포도 새눈무늬병·갈색무늬병·노균병,예보,포도,"❍ 포도 새눈무늬병은 잎에서 잎맥이 흑갈색으로 변하고, 진전되면 흑색 반점으로 확대되어 구멍이 뚫리며 열매와 가지에서는 초기에 흑갈색의 반점이 나타남⇒ 비가 많이 올 때 발생이 많으므로,병든 부위는 즉시 제거하고 봉지 씌우기 전에 등록약제로 방제
❍ 포도 갈색무늬병․노균병은 비가 자주 내리고 습도가 높을 때 발생이 많음
⇒ 잎과 과실을 자세히 살펴보아 발생 초기에 등록약제로 잎 뒷면까지 방제하되 가능한 비 오기 전․후 방제실시1개월 기상전망            (출처 : 국립농업과학원, 기상청)기온은 1주, 2주는 평년보다 높겠고, 3주, 4주는 평년과 비슷하거나 높겠음
강수량은 1주, 2주는 평년과 비슷하거나 많겠고, 3주, 4주는 평년과 비슷하겠음
❍ 1주(7.24~7.30): 북태평양고기압의 영향을 주로 받겠으나, 남서쪽에서 다가오는 저기압의 영향으로 많은 비가 오는 때가 있겠음
- 기온은 평년보다 높겠고, 강수량은 평년과 비슷하거나 많겠음
❍ 2주(7.31~8.6): 북태평양고기압의 영향을 주로 받겠으나, 남서쪽에서 다가오는 저기압의 영향으로 많은 비가 오는 때가 있겠음
- 기온은 평년보다 높겠고, 강수량은 평년과 비슷하거나 많겠음
❍ 3주(8.7~8.13): 북태평양고기압의 영향을 주로 받겠으나, 대기불안정에 의해많은 비가 내릴 때가 있겠음
- 기온은 평년과 비슷하거나 높겠고, 강수량은 평년과 비슷하겠음
❍ 4주(8.14~8.20): 북태평양고기압의 영향을 주로 받겠으나, 대기불안정에 의해많은 비가 내릴 때가 있겠음
- 기온은 평년과 비슷하거나 높겠고, 강수량은 평년과 비슷하겠음
농업지대 지역 평균기온 강수량1주 2주 3주 4주 1주 2주 3주 4주(7.24~7.30) (7.31~8.6) (8.7~8.13) (8.14~8.20) (7.24~7.30) (7.31~8.6) (8.7~8.13) (8.14~8.20)1.태백고냉 대관령 높음 높음 조금높음 조금높음 조금많음 조금많음 비슷 비슷2.태백준고냉 인제,홍천,제천 높음 높음 조금높음 조금높음 조금많음 조금많음 비슷 비슷3.소백산간 충주,보은 높음 높음 조금높음 조금높음 조금많음 조금많음 비슷 비슷4.노령소백산간 임실 높음 높음 조금높음 조금높음 조금많음 조금많음 비슷 비슷5.영남내륙산간 추풍령,영주,문경 높음 높음 조금높음 조금높음 조금많음 조금많음 비슷 비슷6.중북부내륙 춘천,양평 높음 높음 조금높음 조금높음 조금많음 조금많음 비슷 비슷7.중부내륙 원주,이천 높음 높음 조금높음 조금높음 조금많음 조금많음 비슷 비슷8.소백서부내륙 청주,대전,금산 높음 높음 조금높음 조금높음 조금많음 조금많음 비슷 비슷9.노령동서내륙 정읍,남원,거창,산청 높음 높음 조금높음 조금높음 조금많음 조금많음 비슷 비슷10.호남내륙 광주,순천,장흥 높음 높음 조금높음 조금높음 조금많음 조금많음 비슷 비슷11.영남분지 대구,의성,구미,영천 높음 높음 조금높음 조금높음 조금많음 조금많음 비슷 비슷12.영남내륙 진주,합천,밀양 높음 높음 조금높음 조금높음 조금많음 조금많음 비슷 비슷13.중서부평야 서울,인천,수원,서산,강화,천안,보령 높음 높음 조금높음 조금높음 조금많음 조금많음 비슷 비슷14.차령남부평야 군산,전주,부여,부안 높음 높음 조금높음 조금높음 조금많음 조금많음 비슷 비슷15.남서해안 목포,완도,해남,고흥 높음 높음 조금높음 조금높음 조금많음 조금많음 비슷 비슷16.남부해안 부산,통영,여수,거제,남해 높음 높음 조금높음 조금높음 조금많음 조금많음 비슷 비슷17.동해안북부 속초,강릉 높음 높음 조금높음 조금높음 조금많음 조금많음 비슷 비슷18.동해안중부 울진,영덕 높음 높음 조금높음 조금높음 조금많음 조금많음 비슷 비슷19.동해안남부 포항,울산 높음 높음 조금높음 조금높음 조금많음 조금많음 비슷 비슷20.제주 제주,성산,서귀포 높음 높음 조금높음 조금높음 조금많음 조금많음 비슷 비슷평균 높음 높음 조금높음 조금높음 조금많음 조금많음 비슷 비슷10일(2023.07.16.~07.23.) 예보(기상청, 2023.07.13., 06:00)<기상예보>",9호.txt
2023,9,20,2023-07-16,2023-07-31,과수,포도 새눈무늬병·갈색무늬병·노균병,예보,포도,"❍ (기온) 아침 기온은 21~25℃, 낮 기온은 26~33℃로 평년(최저기온21~24℃, 최고기온 27~32℃)과 비슷하겠음
❍ (강수) 정체전선의 영향으로 비가 오는 날이 많겠음
<날씨><최저/최고기온>최근 경과기상과 향후 기상전망<기온><강수량>연도별 평균기온
❍ ‘23년 1월부터 7월 2주차까지의 평균기온은 12.0℃로, 평년(10.8)보다 1.2℃높았음
- ’23년 7월 2주차의 평균기온은 24.8℃로, 평년(23.8)보다 1.0℃ 높았음
기 간 1월 2월 3월 4월 5월 6월7월 분석기간1.1~7.12 7.6~7.121주(6.29~7.5)2주(7.6~7.12)평균(℃)편차(℃)평균(℃)편차(℃)2023년 0.0 3.0 9.7 13.3 18.0 22.4 24.9 24.8 12.0 1.2 24.8 1.02022년 -0.2 0.4 8.0 13.9 18.2 22.5 26.8 26.7 11.6 0.8 26.7 2.92021년 -0.4 3.9 9.0 13.4 16.9 21.9 23.4 25.0 11.7 0.9 25.0 1.22020년 3.0 3.8 8.0 10.9 17.7 22.7 21.4 23.3 11.7 0.9 23.3 -0.52019년 0.5 2.6 7.6 12.0 18.5 21.2 23.4 22.8 11.3 0.5 22.8 -1.02018년 -1.8 0.0 8.2 13.3 17.8 22.1 23.9 23.1 10.8 0.0 23.1 -0.72017년 0.3 1.8 6.4 13.8 18.6 21.7 25.2 26.1 11.4 0.6 26.1 2.32016년 -0.6 1.9 7.3 13.8 18.5 22.2 23.5 25.0 11.4 0.6 25.0 1.22015년 0.8 2.2 6.8 12.7 18.5 21.5 22.0 22.9 11.2 0.4 22.9 -0.92014년 0.7 2.7 7.7 13.3 18.3 21.7 23.2 24.7 11.6 0.8 24.7 0.92013년 -1.8 0.8 6.7 10.3 17.7 22.4 24.9 25.9 10.4 -0.4 25.9 2.110년평균 0.0 2.0 7.6 12.7 18.1 22.0 23.8 24.6 11.3 0.5 24.6 0.8평 년 -0.4 1.7 6.5 12.3 17.5 21.5 23.3 23.8 10.8 0.0 23.8 0.0* 10년 평균 : 최근 10년(2013~2022년)동안의 평균기온의 평균** 평년 : 30년(1991～2020년)동안의 평균기온의 평균*** 편차 : 평년의 평균기온에 대한 연도별 평균기온의 차이연도별 강수량
❍ ‘23년 1월부터 7월 2주차까지의 강수량의 합은 735.8㎜로, 평년(613.7)보다
122.1㎜ 많았음(평년대비 119.9%)
- ’23년 7월 2주차의 강수량의 합은 94.7㎜로, 평년(77.2)보다 17.5㎜ 많았음",9호.txt
2023,9,21,2023-07-16,2023-07-31,과수,포도 새눈무늬병·갈색무늬병·노균병,예보,"감자,강낭콩,고추,당근,미나리,방울토마토,배추,복숭아,부추,블루베리,살구,상추,셀러리,수박,쑥갓,아욱,양배추,오리,오이,쪽파,포도,호박","(평년대비 122.7%)기 간 1월 2월 3월 4월 5월 6월7월 분석기간1.1~7.12 7.6~7.121주(6.29~7.5)2주(7.6~7.12)합계(㎜)대비(%)합계(㎜)대비(%)2023년 44.9 20.0 30.5 70.2 207.2 210.1 118.0 94.7 735.8 119.9 94.7 122.72022년 5.0 5.5 89.5 62.7 6.3 181.9 58.1 29.5 386.6 63.0 29.5 38.22021년 25.4 23.4 112.1 77.5 138.9 94.7 93.4 118.0 679.9 110.8 118.0 152.82020년 85.7 62.1 34.4 44.0 107.4 194.3 76.0 76.3 613.6 100.0 76.3 98.82019년 9.7 34.5 42.6 80.8 65.0 151.5 32.5 33.5 418.2 68.1 33.5 43.42018년 25.5 36.6 116.2 140.3 135.2 147.2 166.2 23.6 767.7 125.1 23.6 30.62017년 18.6 36.0 26.1 72.8 31.0 63.1 91.2 80.7 411.2 67.0 80.7 104.52016년 32.9 50.6 62.8 163.2 103.4 76.4 190.9 44.3 720.4 117.4 44.3 57.42015년 31.9 31.0 47.8 135.6 70.1 103.3 16.8 118.4 540.0 88.0 118.4 153.42014년 14.0 34.8 82.3 89.3 84.2 85.7 37.7 29.8 456.6 74.4 29.8 38.62013년 29.7 53.9 60.9 79.9 132.3 105.9 100.4 45.3 607.7 99.0 45.3 58.710년평균 27.8 36.8 67.5 94.6 87.4 120.4 86.3 59.9 560.2 91.3 59.9 77.6평 년 30.6 37.5 63.0 90.7 108.0 151.4 76.0 77.2 613.7 100.0 77.2 100.0* 10년 평균 : 최근 10년(2013~2022년)동안의 강수량의 평균** 평년 : 30년(1991～2020년)동안의 강수량의 평균*** 대비 : 평년의 강수량에 대한 연도별 강수량의 비율
❍ 여름철 집중 호우·태풍 대비 농작물 및 농업시설물 안전관리요령7월 주요 품목별 농약 사용 주의보7월 주요 품목별 농약 사용 주의보★7월에 검출된 75개 조합(39품목/48성분)★* 이 자료는 국립농산물품질관리원 안전성조사 결과 중 ’22년도 부적합 발생 품목 및농약 성분을 바탕으로 작성했습니다.
□ 지역별 부적합 발생 우려 정보
❍ 주요 부적합 우려 품목(성분)
- [서울특별시] 부추(카보퓨란)
- [대구광역시] 들깻잎(펜디메탈린)
- [인천광역시] 열무(플루퀸코나졸)
- [광주광역시] 쑥갓(펜디메탈린)
- [대전광역시] 블루베리(퍼메트린), 토마토(플루아지남)
- [경기도] 강낭콩(트리클로피르), 고추(스피로테트라맷), 근대(플룩사메타마이드, 터부포스), 당귀잎(터부포스), 대파(터부포스), 비타민(디니코나졸),아욱(터부포스), 얼갈이배추(에톡사졸), 참나물(플룩사메타마이드)
- [강원도] 고추(오리사스트로빈), 감자(테부피림포스), 무(이미시아포스), 셀러리(다이아지논),토마토(피플루뷰마이드)
- [충청북도] 고추(오메토에이트), 감자(테부피림포스, 터부포스), 부추(포레이트), 블루베리(클로로탈로닐), 살구(이프로디온, 테트라닐리프롤), 수삼(플루디옥소닐), 오이(아이소프로티올레인)
- [충청남도] 고추(이피엔), 들깻잎(다이아지논,플루아지남), 머위잎(프로클로라즈), 미나리(페니트로티온), 복숭아(퍼메트린), 상추(포레이트),수박(이미시아포스), 쑥갓(플루벤디아마이드), 양배추(옥사딕실), 쪽파(펜디메탈린, 터부포스), 취나물(알라클로르, 펜디메탈린)
- [전라북도] 고추(트리클로피르) 가지(테트라닐리프롤), 당근(엔도설판, 터부포스), 밀(테부페노자이드), 북숭아(디노테퓨란)
- [전라남도] 곤드레나물(페림존), 단호박(펜디메탈린), 비름(카벤다짐)",9호.txt
2023,9,22,2023-07-16,2023-07-31,과수,포도 새눈무늬병·갈색무늬병·노균병,예보,"감자,배추,부추,살구,상추,오리,옥수수,참다래,참외,포도,호박","- [경상북도] 감자(터부포스), 단호박(펜디메탈린),들깻잎(아이소피라잠), 부추(포레이트), 옥수수(이미다클로프리드), 참외(페노뷰카브), 취나물(디메토에이트, 플룩사메타마이드, 이프로벤포스,오메토에이트)
- [경상남도] 단호박(프로피코나졸), 대파(플루트리아폴), 들깻잎(이피엔), 머위잎(클로르피리포스), 바나나(이미다클로프리드), 살구(클로로탈로닐, 프로사이미돈), 상추(리뉴론, 오리사스트로빈), 얼갈이배추(피리프록시펜),열무(테트라코나졸), 참다래(플루아지남)
- [제주특별자치도] 가지(테부코나졸), 부추(뷰프로페진, 오메토에이트, 피리프록시펜)※ 전국적으로 토양처리 살충제 농약(입제) 성분인 터부포스,포레이트 잔류농약 부적합이 많이 발생되고 있습니다.
농업인께서는 해당 성분의 농약을 사용이 등록된 작물에만안전사용기준을 반드시 준수하여 살포하시기 바랍니다.
□ 부적합 발생 우려 품목/성분의 잔류허용기준 및 농약등록 유무품목 검출성분잔류허용기준(mg/kg) 잔류허용기준적용 근거농약 안전사용기준등록 유무‘22.7. ‘23.6.",9호.txt
2023,9,23,2023-07-16,2023-07-31,과수,포도 새눈무늬병·갈색무늬병·노균병,예보,"감자,강낭콩,고추,당근,두릅,딸기,미나리,배추,복숭아,부추,블루베리,살구,상추,시금치,쑥갓,아욱,양송이,오이,포도","가지Tebuconazole 0.01 0.01 일률기준 미등록Tetraniliprole 0.01 0.3(기준변경) 당해성분 당해품목 등록(단제)감자 Tebupirimfos 0.01 0.01 당해성분 당해품목 등록(합제)Terbufos 0.01 0.01 당해성분 당해품목 등록(단제, 합제)강낭콩 Triclopyr 0.01 0.01 일률기준 미등록고추EPN 0.01 0.01 일률기준 미등록Omethoate 0.01 0.01 일률기준 미등록Orysastrobin 0.01 0.01 일률기준 미등록Spirotetramat 2.0 2.0 당해성분 당해품목 등록(단제, 합제)Triclopyr 0.01 0.01 일률기준 미등록곤드레나물 Ferimzone 0.01 0.01 일률기준 미등록근대 Fluxametamide 0.01 0.01 일률기준 미등록Terbufos 0.01 0.01 일률기준 미등록당근 Endosulfan 0.01 0.01 소분류기준(근채류) 미등록Terbufos 0.05 0.05 당해성분 당해품목 등록(단제, 합제)당귀잎 Terbufos 0.01 0.01 일률기준 미등록대파 Flutriafol 0.01 0.01 일률기준 미등록Terbufos 0.05 0.05 당해성분 당해품목 등록(단제, 합제)들깻잎Diazinon 0.01 0.01 일률기준 미등록EPN 0.01 0.01 일률기준 미등록Fluazinam 0.01 0.01 일률기준 미등록Isopyrazam 0.01 7.0(기준변경) 당해성분 당해품목 미등록Pendimethalin 0.01 0.01 일률기준 미등록머위잎 Chlorpyrifos 0.01 0.01 일률기준 미등록Prochloraz 0.01 0.01 일률기준 미등록무 Imicyafos 0.01 0.01 일률기준 미등록미나리 Fenitrothion 0.01 15(기준변경) 당해성분 당해품목 등록(단제)밀 Tebufenozide 0.01 0.01 일률기준 미등록바나나 Imidacloprid 0.01 0.01 당해성분 당해품목 미등록복숭아 Dinotefuran 0.5 0.5 당해성분 당해품목 등록(단제, 합제)Permethrin 0.01 0.01 일률기준 미등록부추Buprofezin 0.01 0.01 일률기준 미등록Carbofuran 0.01 0.01 일률기준 미등록Omethoate 0.05 0.05 당해성분 당해품목 미등록Phorate 0.1 0.1 당해성분 당해품목 등록(단제, 합제)Pyriproxyfen 0.01 0.01 일률기준 미등록블루베리Chlorothalonil 0.01 0.01 일률기준 미등록Permethrin 0.01 0.01 일률기준 미등록비름 Carbendazim 0.01 0.01 일률기준 미등록비타민(다채) Diniconazole 0.3 0.3 소분류기준(엽채류) 미등록살구Chlorothalonil 0.01 0.01 일률기준 미등록Iprodione 0.01 0.01 일률기준 미등록Procymidone 0.01 0.01 일률기준 미등록Tetraniliprole 0.01 0.7 당해성분 당해품목 등록(단제)□ 부적합 발생 주요 농산물 품목 현황(5월)2022년 5월 2023년 5월번호 품목명 발생(건) 번호 품목명 발생(건)1 상추 10 1 상추 112 취나물 9 2 부추 63 대파 6 3 들깻잎 44 오이 5 4 열무 45 부추 4 5 취나물 46 감자 3 6 감자 37 머위잎 3 7 쑥갓 38 쑥갓 3 8 고수 29 아욱 3 9 대파 210 두릅 2 10 두릅 2기타 시금치, 양송이버섯, 열무 등 28 기타 딸기, 방 풍 나물, 양 상 추, 얼갈 이 배추  등 28합계 76 합계 69품목 검출성분잔류허용기준(mg/kg) 잔류허용기준적용 근거농약 안전사용기준등록 유무‘22.7. ‘23.6.",9호.txt
2023,9,24,2023-07-16,2023-07-31,과수,포도 새눈무늬병·갈색무늬병·노균병,예보,"감귤,방울토마토,배추,사과,상추,셀러리,수박,쑥갓,아욱,양배추,오이,옥수수,쪽파,참다래,참외,포도,호박","(기준변경)상추Linuron 0.01 0.01 일률기준 미등록Orysastrobin 0.01 0.01 일률기준 미등록Phorate 0.01 0.01 일률기준 미등록셀러리 Diazinon 0.01 0.01 일률기준 미등록수박 Imicyafos 0.05 0.05 당해성분 당해품목 등록(단제)수삼 Fludioxonil 0.5 0.5 당해성분 당해품목 등록(단제, 합제)쑥갓 Flubendiamide 0.01 0.01 일률기준 미등록Pendimethalin 0.01 0.01 일률기준 미등록아욱 Terbufos 0.01 0.01 일률기준 미등록양배추 Oxadixyl 0.01 0.01 일률기준 미등록얼갈이배추 Etoxazole 0.01 0.01 일률기준 미등록Pyriproxyfen 0.01 0.01 일률기준 미등록열무 Fluquinconazole 0.05 0.05 소분류기준(엽채류) 미등록Tetraconazole 0.01 0.01 일률기준 미등록오이 Isoprothiolane 0.01 0.01 일률기준 미등록옥수수 Imidacloprid 0.01 0.01 당해성분 당해품목 미등록쪽파 Pendimethalin 0.05 0.05 당해성분 당해품목 등록(단제)Terbufos 0.05 0.05 당해성분 당해품목 등록(단제, 합제)참나물 Fluxametamide 0.01 0.01 일률기준 미등록참다래(키위) Fluazinam 0.01 0.01 일률기준 미등록참외 Fenobucarb 0.01 0.01 일률기준 미등록취나물Alachlor 0.01 0.01 일률기준 미등록Dimethoate 0.01 0.01 일률기준 미등록Fluxametamide 0.01 0.01 일률기준 미등록Iprobenfos 0.01 0.01 일률기준 미등록Omethoate 0.01 0.01 일률기준 미등록Pendimethalin 0.01 0.01 일률기준 미등록토마토Fluazinam 0.01 0.01 일률기준 미등록Pyflubumide 0.01 0.2(기준변경) 당해성분 당해품목 등록(합제)호박(단호박) Pendimethalin 0.01 0.01 일률기준 미등록Propiconazole 0.01 0.01 일률기준 미등록□ 농약안전정보시스템(https://psis.rda.go.kr) 활용자료제공 및 검토 전문가 명단구분 성명 /  소속 / 직급1 김지성 / 농촌지원국 재해대응과 / 과장2 채의석 / 농촌지원국 재해대응과 / 농촌지도관3 김기형 / 농촌지원국 재해대응과 / 농촌지도관4 김상목 / 농촌지원국 재해대응과 / 농업연구관5 박승무 / 농촌지원국 재해대응과 / 농촌지도관6 이우일 / 농촌지원국 재해대응과 / 농촌지도사7 최효원 / 농촌지원국 재해대응과 / 농업연구사8 양미숙 / 농촌지원국 재해대응과 / 농촌지도사9 맹권재 / 농촌지원국 재해대응과 / 농업주사보10 박명일 / 농촌지원국 재해대응과 / 주무관11 최인후 / 농촌지원국 재해대응과 / 기술전문위원12 박해융 / 농촌지원국 재해대응과 / 기술전문위원13 성신상 / 농촌지원국 재해대응과 / 기술전문위원14 강신곤 / 농촌지원국 기술보급과 / 농촌지도관15 고창호 / 농촌지원국 기술보급과 / 농촌지도관16 김현철 / 농촌지원국 기술보급과 / 농촌지도사17 장진경 / 농촌지원국 기술보급과 / 농촌지도사18 노석원 / 농촌지원국 식량산업기술팀 / 농촌지도관19 엄미옥 / 농촌지원국 식량산업기술팀 / 농촌지도사20 윤  송 / 농촌지원국 식량산업기술팀 / 농촌지도사21 이세원 / 국립농업과학원 작물보호과 / 과장22 박병용 / 국립농업과학원 작물보호과 / 농업연구관23 박동석 / 국립농업과학원 작물보호과 / 농업연구관24 이봉춘 / 국립농업과학원 작물보호과 / 농업연구관25 이용환 / 국립농업과학원 작물보호과 / 농업연구관26 이관석 / 국립농업과학원 작물보호과 / 농업연구사27 이영기 / 국립농업과학원 작물보호과 / 농업연구사28 강미형 / 국립농업과학원 작물보호과 / 농업연구관29 정인홍 / 국립농업과학원 작물보호과 / 농업연구사30 류현주 / 국립농업과학원 작물보호과 / 농업연구사31 심교문 / 국립농업과학원 기후변화평가과 / 농업연구관32 허지나 /국립농업과학원 기후변화평가과 / 농업연구사33 최준열 / 국립농업과학원 작물기초기반과 / 과장34 김상민 / 국립식량과학원 작물기초기반과 / 농업연구사35 최낙중 / 국립식량과학원 작물기초기반과 / 농업연구사36 김현주 / 국립식량과학원 기술지원과 / 농업연구관37 김은영 / 국립식량과학원 재배환경과 / 농업연구사38 김동환 / 국립원예특작과학원 원예특작환경과 / 과장39 이성찬 / 국립원예특작과학원 원예특작환경과 / 농업연구관40 조인숙 / 국립원예특작과학원 원예특작환경과 / 농업연구관41 한유경 / 국립원예특작과학원 원예특작환경과 / 농업연구사42 이선영 / 국립원예특작과학원 원예특작환경과 / 농업연구사43 서미혜 / 국립원예특작과학원 원예특작환경과 / 농업연구사44 윤정범 / 국립원예특작과학원 원예특작환경과 / 농업연구사45 이동혁 / 국립원예특작과학원 사과연구소 / 소장46 양상진 / 국립원예특작과학원 사과연구소 / 농업연구관47 송장훈 / 국립원예특작과학원 배연구소 / 농업연구관48 강아랑 / 국립원예특작과학원 배연구소 / 농업연구사49 한승갑 / 국립원예특작과학원 감귤연구소 / 농업연구관2023년 농작물 병해충 발생정보(제9호)집 필 인김지성 , 채의석 , 김기형 , 김상목 , 박승무 , 이우일 , 최효원 , 양미숙 , 맹권재 ,박명일 , 강권희발 행 처 농촌진흥청 재해대응과주소 54875 전북 전주시 덕진구 농생명로 300전화 (063) 238–1045~1049homepage : http://www.nongsaro.go.kr",9호.txt
2024,10,1,2024-08-01,2024-08-15,식량작물,이삭도열병,주의보,,"❍ 최근 출수기 이후 저온·다습한 환경이 조성되므로, 출수 전 잎도열병이 발생한 지역에서는 특히 이삭도열병 발생이 우려됨. 도열병에약한 품종과 잎색이 짙고 잎이 늘어진 논 등에서 발생이 늘어날것으로 우려되어 주의가 필요
- 이삭도열병은 이삭 패는 시기에 병원균이 침입하여 병이 발생한후에는 방제 효과가 높지 않아 피해가 크므로 예방 위주로 출수전에 방제",10호.txt
2024,10,2,2024-08-01,2024-08-15,식량작물,잎집무늬마름병,주의보,,"❍ 고온 다습한 환경 및 비료를 많이 줄 때 발생이 하는데, 피해발생 시 최고 50% 감수됨
❍ 특히, 집중호우 후 고온 다습한 환경이 지속되면서 장마철 침수지역 중심으로 발생이 늘어날 가능성이 높음
- 심하면 식물체 전체가 고사하므로 발병 초기의 빠른 방제가 중요",10호.txt
2024,10,3,2024-08-01,2024-08-15,식량작물,흰잎마름병,주의보,벼,"❍ 물을 통하여 전염되는 세균병으로 고온, 집중호우로 인한 침수,강풍 및 논둑이나 수로에 겨풀‧줄풀 등 기주식물 많을 때 발생이증가되고 발병 후는 방제가 어려움
- 집중호우 등으로 침관수된 지역은 병이 급속히 번질 우려가 있음 탁수에 의한 벼의 흙 앙금 및 오물을 세척하고 맑은 물을 여러 번 갈아 넣어 새뿌리의 발생을 돕도록 해야함. 동시에 이삭도열병, 잎집무늬마름병의 발생 우려가 크므로 물이 빠진 후 등록 약제를 살포하여 동시 방제실시",10호.txt
2024,10,4,2024-08-01,2024-08-15,식량작물,세균벼알마름병,주의보,벼,"❍ 감염 초기에 왕겨 부분이갈색으로 변하기 시작하여점차 전체가 갈색으로 변하고 낟알이 차지 않고 쭉정이가 되므로 이삭이 꼿꼿하게 서 있음
❍ 특히, 발병 최적 온도는 30 ~ 35℃(최저 10, 최고 43℃), 습도 90%이상(벼알이 4시간 이상 젖으면 발병조건 충족)으로 습하고 고온일 때 발병이 늘어남
❍ NCPMS 발생 예측 결과 전남, 경기, 충남 및 인천 등 서해안지역에서 발생 위험이 높은 것으로 예측
❍ 세균벼알마름병은 발병 후 방제는 효과가 낮으므로 발생 위험이높은 지역은 사전 예방적 방제실시 필요",10호.txt
2024,10,5,2024-08-01,2024-08-15,식량작물,혹명나방,주의보,벼,"❍ 6～9월 중국 남부지방에서 기류를 타고 날아와 발생하며 애벌레가벼 잎을 긴 원통형으로 말고 그 속에서 잎을 갉아 먹는 피해를 줌
❍ 관찰포 조사 결과, 주요 상습 발생지역인 서남해안을 포함한대부분 지역에서 발생이 관찰되고 있어 철저한 예찰과 방제 필요
⇒ 막대기로 벼 포기를 두드려 나방이 나는 모습이 확인되거나유충이 벼 잎을 세로로 말고 갉아먹어 표피만 남기는 피해증상이 보이면 즉시 방제",10호.txt
2024,10,6,2024-08-01,2024-08-15,식량작물,벼멸구·흰등멸구,주의보,벼,"❍ 벼멸구․흰등멸구는 중국 남부지방에서 기류를 타고 날아와 피해를주는 해충으로 올해 중국 내 발생량이 많은 상황에서 지속된장마로 인한 비래량 증가함
❍ 특히 충남, 전남북 등 서남해안 지역에서 흰등멸구의 밀도가높은 것으로 조사되어, 피해 예방을 위한 지속적인 예찰 필요
⇒ 특히, 장마 이후 고온이 지속되면 세대가 짧아지고 밀도가 높아질것으로 예상되므로 방제를 요하는 필지는 신속한 방제 필요
〈방제를요하는벼멸구,흰등멸구밀도기준(마리/20주)〉구 분 ～8월상순 8월중순 8월하순 9월상중순벼멸구조생종 20 100 400 -중만생종 15 50(단시형20)100(단시형40) 400흰등멸구 100 400 400 400",10호.txt
2024,10,7,2024-08-01,2024-08-15,식량작물,열대거세미나방,주의보,"수수,옥수수","❍ 올해 열대거세미나방은 제주에서 첫 발견(4월) 이후 내륙 지역에서도 지속적으로 발견되고 있음
⇒ 유충 시기에 식물의 잎과 줄기를 가해하여 피해를 줌(옥수수, 수수 등)⇒ 약제 방제는 발생 초기에 품목별로 등록된 약제를 살포하도록 함",10호.txt
2024,10,8,2024-08-01,2024-08-15,식량작물,먹노린재,주의보,벼,"❍ 예찰포 조사 결과 발견 개체수는 전년 동기와 비슷한 수준이나서남해안(충남 서천, 전남 여수, 광양, 경남 고성 등) 지역에서 꾸준히관찰되고 있어 주의가 필요
❍ 먹노린재는 약충과 성충이 벼 줄기에 구침을 꽃아 즙액을 빨아먹는데 피해가 심하면 수확량에 큰 영향을 줌, 주로 논 가장자리에 피해 증상이 많이 나타나는데 생육 초기에 심하게 피해를받으면 초장이 짧아지고 이삭이 나오지 않을 수 있음
⇒ 작은 충격이나 소리에도 볏대 사이나 물속으로 숨어 방제가어렵기 때문에 논물을 빼고 해질무렵 등록 약제를 충분히 살포",10호.txt
2024,10,9,2024-08-01,2024-08-15,채소,역병·탄저병·바이러스,주의보,"고추,방울토마토,오이","❍ 최근 고온으로 인해 진딧물, 총채벌레의 밀도가 높아져서 이들매개충들이 전파하는 바이러스병 확산이 우려됨
⇒ 오이모자이크바이러스(CMV)를 매개하는 진딧물과 토마토반점위조바이러스(TSWV)의 매개충인 총채벌레의 효율적인 방제는기작이 다른 등록 약제를 선택하여 방제
❍ (역병) 비가 오는 다습한 환경조건에서 발생이 증가하며 토양에있는 병원균이 물을 통하여 전염되는 병으로 일단 발병하면 급속하게 번지고 방제 효과가 낮음
⇒ 병 발생이 많았던 곳은 배수로를 정비와 병든 포기 발견 즉시 제거하여 전염원을 제거하고 비오기 전후 등록 약제를 주기적으로 살포
❍ (고추 탄저병) 지난해 버려진 병든 잔재물이 가장 중요한 1차 전염원이고, 장마가 길고 비가 잦은 해에발생이 많음
⇒ 병든 과실을 그냥 두거나 이랑 사이에 버리면 방제 효과가 크게 감소하므로 병든 과실은 발견 즉시 매립 또는 제거하는 것이 효과적이며, 재식거리를 넓히고 두둑을 높게 하고 물빠짐을 좋게 하여 발병에 좋은 환경을 차단함",10호.txt
2024,10,10,2024-08-01,2024-08-15,채소,고랭지 무·배추 무름병·뿌리혹병,주의보,"무,배추","❍ (무름병) 세균에 의한 병으로 온도가 높을 때 많이 발생하며땅과 맞닿은 부분의 잎자루와 줄기부터 발병해서 결구 속까지무르고 부패하게 됨
❍ 고온 다습한 환경이 지속되면서 발생이 증가할 가능성이 높음
⇒ 병원균은 건조에 약하므로 배수와 통풍이 잘 되도록 관리하며약제 방제 시 등록 약제를 본잎이 5∼6매 이후에 7∼10일간격으로 살포하고 땅 닿는 부분까지 약제가 잘 묻도록 처리
❍ (뿌리혹병) 뿌리에 크고 작은 혹이 생기면서 지상부가 말라죽는병으로 주로 사전에 방제를 철저하게 하지 않은 밭에서 발생⇒ 병원균은 물이나 흙을 통하여 이동하므로 물 빠짐이 좋도록배수로를 잘 정비하고 병 발생 후에는 방제가 어려우므로 병든포기는 발견 즉시 제거",10호.txt
2024,10,11,2024-08-01,2024-08-15,채소,"담배나방(고추 등), 파밤나방(고추, 콩 등)",주의보,고추,"❍ 관찰포 조사 결과 전국적으로 발생하고 있는데 기온이 높아지면서개체 밀도가 증가, 급격히 피해가 발생할 우려가 있으므로 지속적인관찰과 적기 방제 필요
⇒ 담배나방 등 나방류 유충은 3령 이상(노숙유충) 자라면 약제저항성이 커져서 방제 효과가 떨어지므로 새 잎을 중심으로자세히 살펴보고 알이나 유충을 발견하는 즉시 등록 약제로 방제⇒ 약제 방제시 5~7일 간격으로 2~3회 실시하는 것이 효과적",10호.txt
2024,10,12,2024-08-01,2024-08-15,과수,탄저병,경보,"단감,복숭아,사과,포도","❍ 탄저병은 주요 관리 과수병으로 병원균은 주로 습기가 많은 기후조건과 25℃ 전후 온도에서 감염이 잘 이루어짐
❍ 장마 이후 고온 다습한 환경이 지속되면서 전남, 경북 등 주요
복숭아 재배지에서 발생하고 있으며, 사과, 단감, 포도 등의 과수에서도 발생 우려가 매우높아 지속적인 관찰·방제 등 관리가 필요
⇒ 통풍과 물 빠짐이 잘 되도록 관리하고 강우 전 예방적 방제와강우 후 예찰을 통해 발생과가 발견되면 제거하고 확산되지 않도록 약제 살포⇒ 약제 살포시 ‘약제 저항성을 방지하기 위해 작용기작이 다른약제를 교호살포’하는 것이 좋음",10호.txt
2024,10,13,2024-08-01,2024-08-15,과수,과수화상병,주의보,사과,"❍ (과수화상병) 세균에 의해 사과, 배나무의 꽃, 잎, 열매, 가지가불에 탓 것과 같이 검게 변하고 서서히 말라죽게 되는데 전염성이높아 사전예방을 위해 사전방제와 과원 및 농자재 관리가 필수⇒ 걸리면 방제가 불가능 하기에 과수원을 청결하게 관리하고 농작업을하는 사람의 과수원 출입 시 사람과 작업도구 등을 수시로 소독⇒ 수시로 예찰을 하고 의심증상 발견 시에는 전국 대표전화(1833-8572)또는 가까운 농업기술센터·농업기술원에 즉시 신고
❍ (과수가지검은마름병) 과수화상병과 증상이 비슷하여 육안으로는구분이 불가하며, 발생 시기와 전파경로, 피해증상이 유사함.",10호.txt
2024,10,14,2024-08-01,2024-08-15,과수,복숭아순나방 ‧ 복숭아심식나방,주의보,"복숭아,사과","❍ 과실 가해 나방류 중 복숭아순나방(3세대), 복숭아심식나방(2세대)이장마기를 거치면서 발생하므로 성페로몬트랩을 정기적으로 조사
❍ 주로 사과의 꽃받침 부분과 과경부에 산란하며, 부화한 유충이 과실을뚫고 들어가 피해를 줌.
⇒ 피해를 받은 식물체(열매)를 발견하면 즉시 제거하여 땅에 묻고잡초나 사과나무에서 해충 발생이 관찰되면 많이 발생하는 곳을중심으로 적용약제로 방제",10호.txt
2024,10,15,2024-08-01,2024-08-15,과수,사과갈색무늬병,주의보,사과,"❍ 사과 갈색무늬병은 포자의 공기 전염에 의해발생되는데 포자의 비산은 7월 이후에 증가하여8월에 가장 많은 양이 비산됨.
⇒ 8월까지 강우 전에 정기적으로 적용약제를수관 내부까지 골고루 묻도록 충분한 양을살포하여야 함",10호.txt
2024,10,16,2024-08-01,2024-08-15,과수,"갈색날개매미충, 미국선녀벌레, 꽃매미",주의보,,"❍ 과수원의 돌발해충(갈색날개매미충, 미국선녀벌레, 꽃매미)의 주변산림에 밀도가 늘어날 것으로 예상되므로 발생 과수원과 인접산림 등에 대한 철저한 방제가 필요
⇒ 5∼6월에 약충 방제가 소홀했던 과원은 적용약제로 반드시 방제",10호.txt
2024,10,17,2024-08-01,2024-08-15,과수,점무늬낙엽병,주의보,,"❍ 과실에서 5~6월부터 감염되기 시작하여 8~9월까지 감염이 되는데,흑색의 작은 반점을 형성하여 병반은 크게 확대되지 않고 과실이성숙하면 병반 주변이 적자색으로 됨
❍ 과실의 감염은 고온다습한 7~8월에 가장 많이 일어남으로 겹무늬썩음병, 갈색무늬병과 동시 방제하는 것이 효과적임
1개월 기상전망            (출처 : 국립농업과학원, 기상청)(기온) 1주, 2주, 3주, 4주 모두 평년보다 높겠음
(강수량) 1주 는  평 년 과  비 슷 하 거 나  적 겠 고, 2주, 3주, 4주 는  평 년 과  비 슷 하 거 나  많 겠 음
❍ 1주(8.5~8.11): 기온은 평년보다 높겠고, 강수량은 평년과 비슷하거나 적겠음
❍ 2주(8.12~8.18): 기온은 평년보다 높겠고, 강수량은 평년과 비슷하거나 많겠음
❍ 3주(8.19~8.25): 기온은 평년보다 높겠고, 강수량은 평년과 비슷하거나 많겠음
❍ 4주(8.26~9.1): 기온은 평년보다 높겠고, 강수량은 평년과 비슷하거나 많겠음
농 업 지 대 지역평균기온 강수량1주(8.5~8.11)2주(8.12~8.18)3주(8.19~8.25)4주(8.26~9.1)1주(8.5~8.11)2주(8.12~8.18)3주(8.19~8.25)4주(8.26~9.1)1.태백고냉 대관령 높음 높음 높음 높음 조 금 적 음비슷 조 금 많 음많음
2.태백준고냉 인제,홍천,제천 높음 높음 높음 높음 조 금 적 음비슷 조 금 많 음많음
3.소백산간 충주,보은 높음 높음 높음 높음 조 금 적 음조금많음조 금 많 음많음
4.노 령 소 백 산 간임실 높음 높음 높음 높음 조 금 적 음조금많음조 금 많 음조 금 많 음
5.영 남 내 륙 산 간추풍령,영주,문경 높음 높음 높음 높음 조 금 적 음조금많음조 금 많 음조 금 많 음
6.중북부내륙 춘천,양평 높음 높음 높음 높음 조 금 적 음비슷 조 금 많 음많음
7.중부내륙 원주,이천 높음 높음 높음 높음 조 금 적 음비슷 조 금 많 음많음
8.소 백 서 부 내 륙청주,대전,금산 높음 높음 높음 높음 조 금 적 음조금많음조 금 많 음많음
9.노 령 동 서 내 륙정읍,남원,거창,산청 높음 높음 높음 높음 조 금 적 음조금많음조 금 많 음조 금 많 음
10.호남내륙 광주,순천,장흥 높음 높음 높음 높음 조 금 적 음조금많음조 금 많 음조 금 많 음
11.영남분지 대구,의성,구미,영천 높음 높음 높음 높음 조 금 적 음조금많음조 금 많 음조 금 많 음
12.영남내륙 진주,합천,밀양 높음 높음 높음 높음 조 금 적 음조금많음조 금 많 음조 금 많 음
13.중서부평야서울,인천,수원,서산,강화,천안,보령 높음 높음 높음 높음 조 금 적 음비슷 조 금 많 음많음
14.차 령 남 부 평 야군산,전주,부여,부안 높음 높음 높음 높음 조 금 적 음조금많음조 금 많 음조 금 많 음
15.남서해안 목포,완도,해남,고흥 높음 높음 높음 높음 조 금 적 음조금많음조 금 많 음조 금 많 음
16.남부해안 부산,통영,여수,거제,남해 높음 높음 높음 높음 조 금 적 음조금많음조 금 많 음조 금 많 음
17.동해안북부 속초,강릉 높음 높음 높음 높음 조 금 적 음비슷 조 금 많 음조 금 많 음
18.동해안중부 울진,영덕 높음 높음 높음 높음 조 금 적 음조금많음조 금 많 음조 금 많 음
19.동 해 안 남 부포항,울산 높음 높음 높음 높음 조 금 적 음조금많음조 금 많 음조 금 많 음
20.제주 제주,성산,서귀포 높음 높음 높음 높음 조 금 적 음조금많음조 금 많 음조 금 많 음
평균 높음 높음 높음 높음 조 금 적 음조금많음조 금 많 음조 금 많 음
10일(2024.07.28.~08.04.) 예보(기상청, 2024.07.25., 06:00)[ 기상예보 ]
❍ (기온) 아침 기온은 24~28℃, 낮 기온은 29~36℃로 평년(최저기온22~25℃ 최고기온 29~33℃)과 비슷하거나 조금 높겠음
❍ (강수) 28일은 오후 전국(강원영동, 제주도 제외)에 소나기가 오는 곳이있겠음. 29일∼8월 1일은 수도권과 강원영서에 비가 오겠음",10호.txt
2024,10,18,2024-08-01,2024-08-15,과수,점무늬낙엽병,주의보,,"[ 날씨 ]<최저/최고기온>최근 경과기상과 향후 기상전망[ 기온 ][ 강수량 ]연도별 평균기온
❍ ‘24년 1월부터 7월 4주차까지의 강수량의 합은 911.0㎜로, 평년(721.6)보다
189.4㎜ 많았음(평년대비 126.2%)
- ’24년 7월 4주차의 강수량의 합은 86.4㎜로, 평년(53.0)보다 33.4㎜ 많았음
(평년대비 163.0%)기 간 1월 2월 3월 4월 5월 6월7월 분석기간1.1~7.24 7.18~7.241주( 6 .2 7 ~ 7 .3 )2주(7 .4 ~ 7 .1 0)3주(7 .1 1 ~ 7 .1 7 )4주(7 .1 8 ~ 7 .2 4 )합계(㎜)대비(%)합계(㎜)대비(%)2 0 2 4년 36.9 111.4 68.8 87.9 118.4 147.5 127.3 130.2 75.6 86.4 911.0 126.2 86.4 163.02 0 2 3년 44.9 20.0 30.5 70.2 207.2 210.1 112.3 107.2 247.0 114.8 1 0 5 6 .2146.4 114.8 216.62 0 2 2년 5.0 5.5 89.5 62.7 6.3 181.9 66.8 16.1 56.4 78.8 504.3 69.9 78.8 148.72 0 2 1년 25.4 23.4 112.1 77.5 138.9 94.7 49.8 162.2 12.1 8.8 697.8 96.7 8.8 16.62 0 2 0년 85.7 62.1 34.4 44.0 107.4 194.3 75.6 46.1 126.3 136.8 845.8 117.2 136.8 258.12 0 1 9년 9.7 34.5 42.6 80.8 65.0 151.5 46.6 24.8 32.0 118.1 559.5 77.5 118.1 222.82 0 1 8년 25.5 36.6 116.2 140.3 135.2 147.2 217.4 42.4 2.8 0.0 767.7 106.4 0.0 0.02 0 1 7년 18.6 36.0 26.1 72.8 31.0 63.1 66.9 103.4 61.1 27.7 493.8 68.4 27.7 52.32 0 1 6년 32.9 50.6 62.8 163.2 103.4 76.4 105.1 116.0 49.6 5.1 758.4 105.1 5.1 9.62 0 1 5년 31.9 31.0 47.8 135.6 70.1 103.3 17.7 62.8 61.3 42.1 587.1 81.4 42.1 79.42 0 1 4년 14.0 34.8 82.3 89.3 84.2 85.7 35.7 31.1 25.4 54.7 535.3 74.2 54.7 103.210년평균 29.4 33.5 64.4 93.6 94.9 130.8 79.4 71.2 67.4 58.7 680.6 94.3 58.7 110.8평 년 30.6 37.5 63.0 90.7 108.0 151.4 74.6 72.0 80.3 53.0 721.6 100.0 53.0 100.0*10년평균:최근10년(2014∼2023년)동안의평균기온의평균**평년:30년(1991～2020년)동안의평균기온의평균***편차:평년의평균기온에대한연도별평균기온의차이연도별 강수량
❍ ‘24년 1월부터 7월 4주차까지의 강수량의 합은 911.0㎜로, 평년(721.6)보다
189.4㎜ 많았음(평년대비 126.2%)
- ’24년 7월 4주차의 강수량의 합은 86.4㎜로, 평년(53.0)보다 33.4㎜ 많았음",10호.txt
2024,10,19,2024-08-01,2024-08-15,과수,점무늬낙엽병,주의보,벼,(평년대비 163.0%)기 간 1월 2월 3월 4월 5월 6월7월 분석기간1.1~7.24 7.18~7.241주(6.27~ 7.3)2주(7.4~7.10)3주(7 .1 1 ~ 7 .1 7 )4주(7 .1 8 ~ 7 .2 4 )합계(㎜)대비(%)합계(㎜)대비(%)2 0 2 4년 36.9 111.4 68.8 87.9 118.4147.5 127.3 130.2 75.6 86.4 911.0 126.2 86.4 163.02 0 2 3년 44.9 20.0 30.5 70.2 207.2210.1 112.3 107.2 247.0 114.8 1056.2146.4 114.8 216.62 0 2 2년 5.0 5.5 89.5 62.7 6.3 181.9 66.8 16.1 56.4 78.8 504.3 69.9 78.8 148.72 0 2 1년 25.4 23.4 112.1 77.5 138.9 94.7 49.8 162.2 12.1 8.8 697.8 96.7 8.8 16.62 0 2 0년 85.7 62.1 34.4 44.0 107.4194.3 75.6 46.1 126.3 136.8 845.8 117.2 136.8 258.12 0 1 9년 9.7 34.5 42.6 80.8 65.0 151.5 46.6 24.8 32.0 118.1 559.5 77.5 118.1 222.82 0 1 8년 25.5 36.6 116.2140.3135.2147.2 217.4 42.4 2.8 0.0 767.7 106.4 0.0 0.02 0 1 7년 18.6 36.0 26.1 72.8 31.0 63.1 66.9 103.4 61.1 27.7 493.8 68.4 27.7 52.32 0 1 6년 32.9 50.6 62.8 163.2103.4 76.4 105.1 116.0 49.6 5.1 758.4 105.1 5.1 9.62 0 1 5년 31.9 31.0 47.8 135.6 70.1 103.3 17.7 62.8 61.3 42.1 587.1 81.4 42.1 79.42 0 1 4년 14.0 34.8 82.3 89.3 84.2 85.7 35.7 31.1 25.4 54.7 535.3 74.2 54.7 103.210년평균 29.4 33.5 64.4 93.6 94.9 130.8 79.4 71.2 67.4 58.7 680.6 94.3 58.7 110.8평 년 30.6 37.5 63.0 90.7 108.0151.4 74.6 72.0 80.3 53.0 721.6 100.0 53.0 100.0*10년평균:최근10년(2014∼2023년)동안의강수량의평균**평년:30년(1991～2020년)동안의강수량의평균***대비:평년의강수량에대한연도별강수량의비율주요 과수 탄저병 관리 요령벼 먹노린재 피해예방 방법논콩 병해충 관리 방법여름철 폭염(고온) 대비 농작물 관리요령,10호.txt
2024,11,1,2024-08-16,2024-08-31,과수,이삭도열병,주의보,,"❍ 출수기(8월 중∼하순) 이후 늦은 장마 영향으로 다습한 환경이조성될 것으로 예상되며, 이에 따라 잎도열병이 발생한 지역(포장)에서는 이삭도열병 다발생이 우려됨
❍ 이삭도열병이 발생한 후에는 방제 효과가 높지 않아 피해가 크므로잎도열병이 발생한 지역(포장)에서는 예방 위주로 방제 실시",11호.txt
2024,11,2,2024-08-16,2024-08-31,과수,잎집무늬마름병,주의보,,"❍ 주로 고온 다습한 환경 및 비료를 많이 줄 때 발생이 하는데,피해 발생으로 인한 감수율은 최고 50% 달함.
❍ 특히, 늦은 장마 후 고온 다습한 환경이 지속되면서 발생이급격히 증가할 우려가 높음
- 심하면 식물체 전체가 고사하므로 발병 초기의 빠른 방제가 중요",11호.txt
2024,11,3,2024-08-16,2024-08-31,과수,흰잎마름병,주의보,벼,"❍ 물을 통해 전염되는 세균병으로 고온, 집중호우로 인한 침수,강풍 및 논둑이나 수로에 기주식물 많을 때 발생이 증가되고발병 후는 방제가 어려움
- 늦은 장마, 태풍으로 인한 강풍 등의 영향으로 침관수 시 병이급속히 번질 우려가 있으므로 침관수 지역(포장)에서는 탁수에의한 벼의 흙 앙금 및 오물을 세척하고 맑은 물을 여러 번 갈아넣어 새 뿌리의 발생을 돕도록 해야 함.
- 동시에 이삭도열병, 잎집무늬마름병의 발생 우려가 크므로 물이빠진 후 등록 약제를 살포하여 동시 방제 실시",11호.txt
2024,11,4,2024-08-16,2024-08-31,과수,세균벼알마름병,주의보,벼,"❍ 감염 초기에 왕겨 부분이갈색으로 변하기 시작하여점차 전체가 갈색으로 변하고 낟알이 차지 않고 쭉정이가 되므로 이삭이 꼿꼿하게 서 있음
❍ 특히, 발병 최적 온도는 30 ~ 35℃(최저 10, 최고 43℃), 습도 90% 이상(벼알이 4시간 이상 젖으면 발병조건 충족)으로 습하고 고온일 때발병이 늘어남
❍ NCPMS 발생 예측 결과(8.12 기준)출수 시기 전국적으로 발생 위험이높은 것으로 예측
❍ 세균벼알마름병은 발병 후 방제는효과가 낮으므로 발생 위험이높은 지역은 사전에 예방적 방제 실시 필요",11호.txt
2024,11,5,2024-08-16,2024-08-31,과수,혹명나방,주의보,벼,"❍ 6～9월 중국 남부지방에서 기류를 타고 날아와 발생하며 애벌레가벼 잎을 긴 원통형으로 말고 그 속에서 잎을 갉아 먹는 피해를 줌
❍ 관찰포 조사 및 서해남해안 예찰(7.30∼8.2) 결과, 주요 상습발생지역인 서남해안을 포함한 대부분 지역에서 발생이 관찰되고 있어 철저한 예찰과 방제 필요
⇒ 벼 포기를 두드려 나방이 나는 모습이 확인되거나 유충이 벼 잎을세로로 말고 갉아먹어 표피만 남기는 피해 증상이 보이면 즉시 방제",11호.txt
2024,11,6,2024-08-16,2024-08-31,과수,흰등멸구,주의보,벼,"❍ 벼멸구․흰등멸구는 중국 남부지방에서 기류를 타고 날아와 피해를주는 해충으로 예찰결과(7.29∼8.2) 현재까지 경남 일부 지역을제외하고 밀도가 낮은 상황이나 지속적인 예찰이 필요
- 고온이 지속되면 세대가 짧아지고 밀도가 높아질 것으로 예상되므로 예찰을 통해 방제를 요하는 필지는 신속한 방제 실시〈방제를 요하는 벼멸구 , 흰등멸구 밀도기준 (마리/20 주)〉구 분 ～8월상순 8월중순 8월하순 9월상중순벼멸구조생종 20 100 400 -중만생종 15 50(단시형 20)100(단시형 40) 400흰등멸구 100 400 400 400",11호.txt
2024,11,7,2024-08-16,2024-08-31,과수,열대거세미나방,주의보,"수수,옥수수","❍ 예찰포 조사 결과 전년보다 감소한 것으로 조사되었으나, 첫 발견(4월) 이후 내륙 지역에서도 지속적으로 발견되고 있음.
특히, 경남 고성, 사천 등 남해안 지역은 발견 빈도가 증가하고 있으므로 지속적인 예찰 필요
* 발견상황(8.13일기준):5시·도14시·군에서53마리(전년동기대비 –46%)⇒ 유충 시기에 식물의 잎과 줄기를 가해하여 피해를 줌(옥수수, 수수 등)⇒ 약제 방제는 발생 초기에 품목별로 등록된 약제를 살포하도록 함
열대거세미나방 유충(왼쪽, 2령), 피해 사진(오른쪽)",11호.txt
2024,11,8,2024-08-16,2024-08-31,과수,먹노린재,예보,벼,"❍ 예찰포 조사 결과 발견 개체수는 전년 동기와 비슷한 수준이나서남해안(충남 서천, 전남 여수, 광양, 경남 고성 등) 지역에서 꾸준히관찰되고 있어 주의가 필요
❍ 먹노린재는 약충과 성충이 벼 줄기에 구침을 꽃아 즙액을 빨아먹는데 피해가 심하면 수확량에 큰 영향을 줌, 주로 논 가장자리에 피해 증상이 많이 나타나는데 생육 초기에 심하게 피해를받으면 초장이 짧아지고 이삭이 나오지 않을 수 있음
⇒ 작은 충격이나 소리에도 볏대 사이나 물속으로 숨어 방제가어렵기 때문에 논물을 빼고 해질무렵 등록 약제를 충분히 살포",11호.txt
2024,11,9,2024-08-16,2024-08-31,채소,고랭지 무·배추 무름병·뿌리혹병,주의보,"무,배추","❍ (무름병) 세균에 의한 병으로 온도가 높을 때 많이 발생하는데,고온 다습한 환경이 되면 발생이 증가할 가능성이 높음
⇒ 병원균은 건조에 약하므로 배수와 통풍이 잘 되도록 관리하며약제 방제 시 등록 약제를 본잎이 5∼6매 이후에 7∼10일 간격으로 살포하고 땅 닿는 부분까지 약제가 잘 묻도록 처리
❍ (뿌리혹병) 뿌리에 크고 작은 혹이 생기면서 지상부가 말라죽는병으로 주로 사전에 방제를 철저하게 하지 않은 밭에서 발생⇒ 병원균은 물이나 흙을 통하여 이동하므로 물 빠짐이 좋도록배수로를 잘 정비하고 병 발생 후에는 방제가 어려우므로 병든포기는 발견 즉시 제거",11호.txt
2024,11,10,2024-08-16,2024-08-31,채소,바이러스·역병·탄저병,주의보,"고추,방울토마토,오이","❍ (바이러스병) 최근 고온이 지속되어 진딧물, 총채벌레의 밀도가높아져서 이들 매개충들이 전파하는 바이러스병 확산이 우려⇒ 오이모자이크바이러스(CMV)를 매개하는 진딧물과 토마토반점위조바이러스(TSWV)의 매개충인 총채벌레의 효율적인 방제는기작이 다른 등록 약제를 선택하여 방제
❍ (역병) 비가 오는 다습한 환경조건에서발생이 증가하며 토양에 있는 병원균이물을 통하여 전염되는데, 발병하면 급속하게 번지고 방제 효과가 낮음
⇒ 사전에 병 발생이 많았던 곳은 배수로를정비하고 병든 포기 등 전염원은 발견즉시 제거하고 비 오기 전후 등록 약제를주기적으로 살포
❍ (고추 탄저병) 지난해 버려진 병든 잔재물이 가장 중요한 1차 전염원이고, 장마가 길고 비가 잦은 해에 발생이 많음
⇒ 병든 과실을 그냥 두거나 이랑 사이에 버리면 방제 효과가 크게감소하므로 병든 과실은 발견 즉시 매립 또는 제거하는 것이효과적이며, 재식거리를 넓히고 두둑을 높게 하고 물 빠짐을좋게 하여 발병에 좋은 환경을 차단함",11호.txt
2024,11,11,2024-08-16,2024-08-31,채소,"담배나방(고추 등), 파밤나방(고추, 콩 등)",주의보,고추,"❍ 관찰포 조사 결과 전국적으로 발생하고 있는데 기온이 높아지면서개체 밀도가 증가, 급격히 피해가 발생할 우려가 있으므로 지속적인관찰과 적기 방제 필요
⇒ 담배나방 등 나방류 유충은 3령 이상(노숙유충) 자라면 약제저항성이 커져서 방제 효과가 떨어지므로 새 잎을 중심으로자세히 살펴보고 알이나 유충을 발견하는 즉시 등록 약제로 방제⇒ 약제 방제시 5~7일 간격으로 2~3회 실시하는 것이 효과적",11호.txt
2024,11,12,2024-08-16,2024-08-31,채소,"총채벌레류, 응애류, 가루이류",예보,"방울토마토,수박,오이,파프리카","❍ 시설재배 작물에서 꽃노랑총채벌레, 온실가루이, 담배가루이 등이관리 소홀 포장에서 발생하고 있는데 온도가 올라가면 확산 가능성이 있어 주의가 필요함
❍ 시설재배에서 발생하는 해충은 대부분 크기가 작고 연중 발생하고있으나, 발생 초기에 예찰이 어려워 피해를 입는 경우가 많음. 특히이 해충들은 식물체에 직접적인 피해를 줄 뿐만 아니라 그을음병을유발하거나 바이러스병을 전염시켜 작물에 피해를 줌⇒ 이들 해충은 끈끈이트랩 등을 활용하여 주의 깊게 예찰하고 발견즉시 계통이 다른 등록 약제를 바꿔가며 방제
❍ 꽃노랑총채벌레 등 총채벌레류가 오이, 파프리카 등에 발생량이증가하고 있어 방제가 이루어지지 않으면 확산 및 피해가 예상⇒ 황색 끈끈이트랩이나 타락법(흰색 종이를 이용 꽃과 잎을 두드려서 예찰) 등으로 예찰하고, 발생 포장은 초기에 방제⇒ 꽃노랑총채벌레는 번데기 방제용으로 아큐레이퍼응애를 토양에투입하고, 지상부 유충과 성충 방제용으로는 유럽애꽃노린재,지중해이리응애 등 천적을 활용하면 효과적으로 방제가 가능함
❍ 담배가루이와 온실가루이는 남부와 중부지방 수확기에 있는 토마토와 하우스수박을 중심으로 밀도 증가가 예상되나 관리가 소홀해질 시기로 품질저하 및 다음 작기 재배 작물에 피해가 우려됨
⇒ 수확 완료 시기까지 정밀예찰과 지속적인 방제 및 관리가 필요",11호.txt
2024,11,13,2024-08-16,2024-08-31,채소,진딧물류,예보,고추,"❍ 진딧물류가 고추 등 일부 포장에 발생이 확인되고 있어 기온이 올라가면 급속히 확산되어 피해가 우려됨
⇒ 작물의 신초 부위를 육안으로 관찰하여 예찰하고, 발생포장은초기부터 유효성분과 계통이 다른 약제를 번갈아 가며 방제를 해줌",11호.txt
2024,11,14,2024-08-16,2024-08-31,과수,탄저병,경보,"단감,복숭아,사과","❍ 탄저병은 주요 관리 과수병으로 병원균은 주로 습기가 많은 기후조건과 25℃ 전후 온도에서 감염이 잘 이루어짐
❍ 장마 이후 고온 다습한 환경이 지속되면서 사과, 복숭아, 단감 등주요 과수에서 발생하고 있어 확산 방지를 위해 지속적인 관찰·방제 등 관리가 필요
⇒ 통풍과 물 빠짐이 잘 되도록 관리하고 강우 전 예방적 방제와강우 후 예찰을 통해 발생과가 발견되면 제거하고 확산되지않도록 약제 살포⇒ 약제 살포시 ‘약제 저항성을 방지하기 위해 작용기작이 다른약제를 교호살포’하는 것이 좋음",11호.txt
2024,11,15,2024-08-16,2024-08-31,과수,과수화상병,주의보,사과,"❍ (과수화상병) 세균에 의해 사과 및 배나무의 꽃, 잎, 열매, 가지가불에 탓 것과 같이 검게 변하고 서서히 말라죽게 되는데 전염성이높아 사전예방을 위해 사전방제와 과원 및 농자재 관리가 필수⇒ 걸리면 방제가 불가능 하기에 과수원을 청결하게 관리하고농작업 인원의 과수원 출입 시 사람과 작업도구 등을 수시로 소독⇒ 수시로 예찰을 하고 의심증상 발견 시에는 전국 대표전화(1833-8572)또는 가까운 농업기술센터·농업기술원에 즉시 신고
❍ (과수가지검은마름병) 과수화상병과 증상이 비슷하여 육안으로는구분이 불가하며, 발생 시기와 전파경로, 피해 증상이 유사함.",11호.txt
2024,11,16,2024-08-16,2024-08-31,과수,점무늬낙엽병,주의보,,"❍ 과실에서 5~6월부터 과점으로 감염되기 시작하여 8~9월까지 감염되며, 흑색의 작은 반점을 형성하여 병반은 크게 확대되지 않고과실이 성숙하면 병반 주변이 적자색으로 됨
❍ 과실의 감염은 고온다습한 7~8월에 가장 많이 일어나므로 겹무늬썩음병 , 갈색무늬병과 동시 방제하는 것이 효과적임",11호.txt
2024,11,17,2024-08-16,2024-08-31,과수,사과갈색무늬병,주의보,사과,"❍ 사과 갈색무늬병은 포자의 공기 전염에 의해발생되는데 포자의 비산은 7월 이후에 증가하여8월에 가장 많은 양이 비산됨.
⇒ 8월까지 강우 전에 정기적으로 적용약제를수관 내부까지 골고루 묻도록 충분한 양을살포하여야 함",11호.txt
2024,11,18,2024-08-16,2024-08-31,과수,복숭아순나방 ‧ 복숭아심식나방,주의보,"복숭아,사과","❍ 과실 가해 나방류 중 복숭아순나방(3세대), 복숭아심식나방(2세대)이 장마기를 거치면서 발생하므로 성페로몬트랩을 정기적으로 조사
❍ 주로 사과의 꽃받침 부분과 과경부에 산란하며, 부화한 유충이과실을 뚫고 들어가 피해를 줌.
⇒ 피해를 받은 식물체(열매)를 발견하면 즉시 제거하여 땅에 묻고잡초나 사과나무에서 해충 발생이 관찰되면 많이 발생하는 곳을중심으로 적용약제로 방제",11호.txt
2024,11,19,2024-08-16,2024-08-31,과수,"갈색날개매미충, 미국선녀벌레, 꽃매미",주의보,,"❍ 과수원의 돌발해충(갈색날개매미충, 미국선녀벌레, 꽃매미)의 주변산림에 밀도가 늘어날 것으로 예상되므로 발생 과수원과 인접산림 등에 대한 철저한 방제가 필요
⇒ 5∼6월에 약충 방제가 소홀했던 과원은 적용약제로 반드시 방제",11호.txt
2024,11,20,2024-08-16,2024-08-31,과수,새눈무늬병·갈색무늬병,예보,포도,"❍ 포도 새눈무늬병은 잎에서 잎맥이 흑갈색으로 변하고, 진전되면 흑색 반점으로 확대되어 구멍이 뚫리며 열매와 가지에서는 초기에 흑갈색의 반점이 나타남⇒ 비가 많이 올 때 발생이 많으므로, 병든 부위는 즉시 제거하고봉지 씌우기 전에 등록 약제로 방제
❍ 포도 갈색무늬병․노균병은 비가 자주 내리고 습도가 높을 때 발생이 많음
⇒ 잎과 과실을 자세히 살펴보아 발생 초기에 등록약제로 잎 뒷면까지 방제하되 가능한 비 오기 전․후 방제실시",11호.txt
2024,11,21,2024-08-16,2024-08-31,과수,응애류·노린재류,예보,사과,"❍ 점박이응애는 7∼8월에 많이 발생하며 비가 적을 때 발생이 급증하기 때문에 잎 뒷면을 잘 관찰하여 발생 초기에 방제 필요
⇒ 등록 약제 살포시 잎 뒷면까지 약제가 골고루 묻을 수 있도록방제기의 노즐을 미세하게 조절하여 정밀 살포 방제
❍ 갈색날개노린재, 썩덩나무노린재는 사과 흡즙 주요 노린재류로성충으로 월동하다가 4∼5월부터 발생을 시작해 7∼8월에 사과과실에 집중적으로 가해⇒ 노린재류가 과원에서 발견되면 심식나방류와 동시에 방제 가능한적용약제를 2∼3회 골고루 살포1개월 기상전망            (출처 : 국립농업과학원, 기상청)(기온) 1주, 2주, 3주, 4주 모두 평년보다 높겠음
(강수량) 1주 는  평 년 과  비 슷 하 거 나  적 겠 고, 2주, 3주, 4주 는  평 년 과  비 슷 하 거 나  많 겠 음
❍ 1주(8.5~8.11): 기온은 평년보다 높겠고, 강수량은 평년과 비슷하거나 적겠음
❍ 2주(8.12~8.18): 기온은 평년보다 높겠고, 강수량은 평년과 비슷하거나 많겠음
❍ 3주(8.19~8.25): 기온은 평년보다 높겠고, 강수량은 평년과 비슷하거나 많겠음
❍ 4주(8.26~9.1): 기온은 평년보다 높겠고, 강수량은 평년과 비슷하거나 많겠음
농 업 지 대지역평균기온 강수량1주(8.19~8.25)2주(8.26~9.1)3주(9.2~9.8)4주(9.9~9.15)1주(8.19~8.25)2주(8.26~9.1)3주(9.2~9.8)4주(9.9~9.15)1.태백고냉 대관령 높음 높음 높음 조 금 높 음비슷 많음 조금많음조금많음
2.태백준고냉 인제,홍천,제천 높음 높음 높음 조 금 높 음비슷 많음 조금많음조금많음
3.소백산간 충주,보은 높음 높음 높음 조 금 높 음조금많음 많음 조금많음조금많음
4.노 령 소 백 산 간임실 높음 높음 높음 조 금 높 음조금많음 많음 많음 조금많음
5.영 남 내 륙 산 간추풍령,영주,문경 높음 높음 높음 조 금 높 음비슷 많음 많음 조금많음
6.중북부내륙 춘천,양평 높음 높음 높음 조 금 높 음비슷 많음 조금많음조금많음
7.중부내륙 원주,이천 높음 높음 높음 조 금 높 음비슷 많음 조금많음조금많음
8.소 백 서 부 내 륙청주,대전,금산 높음 높음 높음 조 금 높 음조금많음 많음 조금많음조금많음
9.노 령 동 서 내 륙정읍,남원,거창,산청 높음 높음 높음 조 금 높 음조금많음 많음 많음 조금많음
10.호남내륙 광주,순천,장흥 높음 높음 높음 조 금 높 음조금많음 많음 많음 조금많음
11.영남분지 대구,의성,구미,영천 높음 높음 높음 조 금 높 음비슷 많음 많음 조금많음
12.영남내륙 진주,합천,밀양 높음 높음 높음 조 금 높 음비슷 많음 많음 조금많음
13.중서부평야서울,인천,수원,서산,강화,천안,보령 높음 높음 높음 조 금 높 음조금많음 많음 조금많음조금많음
14.차 령 남 부 평 야군산,전주,부여,부안 높음 높음 높음 조 금 높 음조금많음 많음 많음 조금많음
15.남서해안 목포,완도,해남,고흥 높음 높음 높음 조 금 높 음조금많음 많음 많음 조금많음
16.남부해안 부산,통영,여수,거제,남해 높음 높음 높음 조 금 높 음비슷 많음 많음 조금많음
17.동해안북부 속초,강릉 높음 높음 높음 조 금 높 음비슷 많음 조금많음조금많음
18.동해안중부 울진,영덕 높음 높음 높음 조 금 높 음비슷 많음 많음 조금많음
19.동 해 안 남 부포항,울산 높음 높음 높음 조 금 높 음비슷 많음 많음 조금많음
20.제주 제주,성산,서귀포 높음 높음 높음 조 금 높 음조금많음 많음 많음 조금많음
평균 높음 높음 높음 조 금 높 음조금많음 많음 많음 조금많음
10일(2024.08.11.~08.18.) 예보(기상청, 2024.08.08., 06:00)[기상예보]
❍ (기온) 아침 기온은 23~26℃, 낮 기온은 30~35℃로 평년(최저기온 22~24℃, 최고기온 28~32℃)보다 조금 높겠음
❍ (강수) 전국이 구름 많은 날이 많겠음
[날씨]<최저/최고기온>최근 경과기상과 향후 기상전망[ 기  온 ][ 강 수 량 ]연도별 평균기온",11호.txt
2024,11,22,2024-08-16,2024-08-31,과수,응애류·노린재류,예보,,"❍ ‘24년 1월부터 8월 1주차까지의 평균기온은 14.1℃로, 평년(12.5)보다 1.6℃ 높았음
- ’24년 8월 1주차의 평균기온은 29.0℃로, 평년(26.5)보다 2.5℃ 높았음
기 간 1월 2월 3월 4월 5월 6월 7월8월분석기간1.1~8.7 8.1~8.71주(8.1~8.7)평균(℃)편차(℃)평균(℃)편차(℃)2024년 1.4 4.5 7.2 15.1 17.8 22.7 26.4 29.0 14.1 1.6 29.0 2.52023년 0.0 3.0 9.7 13.3 18.0 22.4 25.6 28.8 13.7 1.2 28.8 2.32022년 -0.2 0.4 8.0 13.9 18.2 22.5 26.1 28.1 13.3 0.8 28.1 1.62021년 -0.4 3.9 9.0 13.4 16.9 21.9 26.2 27.5 13.5 1.0 27.5 1.02020년 3.0 3.8 8.0 10.9 17.7 22.7 22.7 26.0 13.1 0.6 26.0 -0.52019년 0.5 2.6 7.6 12.0 18.5 21.2 24.7 28.1 13.1 0.6 28.1 1.62018년 -1.8 0.0 8.2 13.3 17.8 22.1 26.7 29.6 13.0 0.5 29.6 3.12017년 0.3 1.8 6.4 13.8 18.6 21.7 26.4 28.2 13.3 0.8 28.2 1.72016년 -0.6 1.9 7.3 13.8 18.5 22.2 25.4 27.5 13.2 0.7 27.5 1.02015년 0.8 2.2 6.8 12.7 18.5 21.5 24.3 27.8 13.0 0.5 27.8 1.32014년 0.7 2.7 7.7 13.3 18.3 21.7 24.9 25.7 13.3 0.8 25.7 -0.810년평균 0.2 2.2 7.9 13.0 18.1 22.0 25.3 27.7 13.3 0.8 27.7 1.2평 년 -0.4 1.7 6.5 12.3 17.5 21.5 24.7 26.5 12.5 0.0 26.5 0.0* 10년평균:최근10년(2014∼2023년)동안의강수량의평균** 평년:30년(1991～2020년)동안의강수량의평균***대비:평년의강수량에대한연도별강수량의비율연도별 강수량
❍ ‘24년 1월부터 8월 1주차까지의 강수량의 합은 949.9㎜로, 평년(830.3)보다
119.6㎜ 많았음(평년대비 114.4%)
- ’24년 8월 1주차의 강수량의 합은 17.6㎜로, 평년(58.6)보다 41.0㎜ 적었음(평년대비 30.0%)기 간 1월 2월 3월 4월 5월 6월 7월8월 분석기간1.1~8.7 8.1~8.71주(8.1~8.7)합계(㎜)대비(%)합계(㎜)대비(%)2024년 36.9 111.4 68.8 87.9 118.4 147.5 361.4 17.6 949.9 114.4 17.6 30.02023년 44.9 20.0 30.5 70.2 207.2 210.1 497.0 7.3 1087.4 131.0 7.3 12.52022년 5.0 5.5 89.5 62.7 6.3 181.9 181.9 44.7 577.4 69.5 44.7 76.32021년 25.4 23.4 112.
1 77.5 138.9 94.7 234.7 42.4 749.0 90.2 42.4 72.42020년 85.7 62.1 34.4 44.0 107.4 194.3 422.9 151.4 1102.3 132.8 151.4 258.42019년 9.7 34.5 42.6 80.8 65.0 151.5 238.3 28.8 651.1 78.4 28.8 49.12018년 25.5 36.6 116.2 140.3 135.2 147.2 170.7 14.2 785.9 94.7 14.2 24.22017년 18.6 36.0 26.1 72.8 31.0 63.1 297.1 6.0 550.6 66.3 6.0 10.22016년 32.9 50.6 62.8 163.2 103.4 76.4 290.8 13.3 793.3 95.5 13.3 22.72015년 31.9 31.0 47.8 135.6 70.1 103.",11호.txt
2024,11,23,2024-08-16,2024-08-31,과수,응애류·노린재류,예보,벼,3 189.4 7.0 616.0 74.2 7.0 11.92014년 14.0 34.8 82.3 89.3 84.2 85.7 167.2 123.8 681.3 82.1 123.8 211.310년평균 29.4 33.5 64.4 93.6 94.9 130.8 269.0 43.9 759.4 91.5 43.9 74.9평 년 30.6 37.5 63.0 90.7 108.0 151.4 290.4 58.6 830.3 100.0 58.6 100.0*10년평균:최근10년(2014∼2023년)동안의강수량의평균**평년:30년(1991～2020년)동안의강수량의평균***대비:평년의강수량에대한연도별강수량의비율주요 과수 탄저병 관리 요령벼 먹노린재 피해예방 방법논콩 병해충 관리 방법여름철 폭염(고온) 대비 농작물 관리요령,11호.txt
2024,12,1,2024-09-01,2024-09-30,식량작물,흰잎마름병,주의보,,"❍ 관찰포 조사 결과 전남 일부 시군에서 발생이 확인 및 전년대비발생이 증가한 것으로 조사되고 있음.
❍ 물을 통해 전염되는 세균병으로 고온, 집중호우로 인한 침수,강풍 및 논둑이나 수로에 기주식물 많을 때 발생이 증가되고발병 후는 방제가 어려움
❍ 향후, 강풍을 동반한 태풍 내습시 식물체 상처발생으로 세균침입이 용이하여 발생·확산이 우려됨
⇒ 침관수 시 탁수로 인한 흙 앙금·오물을 세척하고 맑은 물을 여러번 갈아 넣어 새 뿌리의 발생을 돕도록 하며, 이삭도열병, 잎집무늬마름병의 발생 우려가 크므로 물이 빠진 후 등록 약제를 살포하여 동시 방제 실시",12호.txt
2024,12,2,2024-09-01,2024-09-30,식량작물,세균벼알마름병,주의보,벼,"❍ 관찰포 조사 결과, 전년 보다 발생은 감소한 것으로 조사되고있으나, 서남해안 지역에서 발생이 확인되고 있어 지속적인관찰이 필요
❍ NCPMS 발생 예측 결과(8. 26기준) 출수 시기 서해안 지역과경남북 일부 지역에서 발생 위험이 높은 것으로 예측
❍ 습하고 고온일 때 발병이 늘어나며 발병 후 방제는 효과가 낮으므로 발생 위험이 높은 지역은 사전 예방적 방제 필요
* 발병 조건 : (온도) 30 ~ 35℃, (습도) 90% 이상으로 벼알이 4시간 이상젖으면 발병 조건 충족",12호.txt
2024,12,3,2024-09-01,2024-09-30,식량작물,깨씨무늬병,주의보,벼,"❍ 양분이 유실되기 쉬운 사질토나 장기간 벼를 재배한 노후화답등 땅심이 낮은 논에서 발생이 우려됨
❍ 잎에 형성된 병원균이 진전되어 이삭까지 감염시키는 병으로잎에 발생이 많으면 적용약제로 사전에 방제",12호.txt
2024,12,4,2024-09-01,2024-09-30,식량작물,잎집무늬마름병,주의보,,"❍ 주로 고온 다습한 환경 및 비료를 많이 줄 때 발생이 하는데,피해 발생으로 인한 감수율은 최고 50% 달함.
❍ 특히, 늦은 장마 후 고온 다습한 환경이 지속되면서 발생이급격히 증가할 우려가 높음
- 심하면 식물체 전체가 고사하므로 발병 초기의 빠른 방제가 중요",12호.txt
2024,12,5,2024-09-01,2024-09-30,식량작물,이삭도열병,주의보,,"❍ 잎도열병 발생 및 출수가 늦은(중만생종 품종) 지역(포장)에서발생이 우려됨
❍ 이삭도열병이 발생한 후에는 방제 효과가 높지 않아 피해가크므로 잎도열병이 발생한 지역(포장)에서는 예방 위주로 방제 실시",12호.txt
2024,12,6,2024-09-01,2024-09-30,식량작물,혹명나방,주의보,벼,"❍ 6～9월 중국 남부지방에서 기류를 타고 날아와 발생하며 애벌레가벼 잎을 긴 원통형으로 말고 그 속에서 잎을 갉아 먹는 피해를 줌
❍ 관찰포 및 서해남해안 예찰(7.30∼8.2) 결과, 서남해안을 포함한대부분 지역에서 관찰되고 있어 철저한 예찰과 방제 필요
⇒ 벼 포기를 두드려 나방이 나는 모습이 확인되거나 유충이 벼 잎을세로로 말고 갉아먹어 표피만 남기는 피해 증상이 보이면 즉시 방제",12호.txt
2024,12,7,2024-09-01,2024-09-30,식량작물,흰등멸구,주의보,벼,"❍ 벼멸구․흰등멸구는 중국 남부지방에서 기류를 타고 날아와 피해를주는 해충으로 최근 고온이 지속되면서 세대가 짧아지고 밀도가높아질 것으로 예상
❍ 특히, 서해안 및 남해안 일부 지역에서는 멸구에 의한 피해가 발생하고 있어 예찰을 통해 방제를 요하는 필지는 신속히 방제를 실시
❍ 방제시 약제가 아랫부분까지 들어가도록 충분히 살포해야 효과가 있음
〈방제를 요하는 벼멸구, 흰등멸구 밀도기준(마리/20주)〉구 분 ～8월상순 8월중순 8월하순 9월상중순벼멸구조생종 20 100 400 -중만생종 15 50(단시형 20)100(단시형 40) 400흰등멸구 100 400 400 400",12호.txt
2024,12,8,2024-09-01,2024-09-30,식량작물,열대거세미나방,주의보,"수수,옥수수","❍ 예찰 결과 전년보다 감소한 것으로 조사되었으나, 첫 발견(4월) 이후내륙 지역에서도 지속적으로 발견되고 있음.
특히, 경남 고성, 사천 등 남해안 지역은 발견 빈도가 증가하고있으므로 지속적인 예찰 필요
* 발견상황(8.26일기준):5시·도14시·군에서53마리(전년동기대비 –46%)⇒ 유충 시기에 식물의 잎과 줄기를 가해하여 피해를 줌(옥수수, 수수 등)⇒ 약제 방제는 발생 초기에 품목별로 등록된 약제를 살포하도록 함
열대거세미나방 유충(왼쪽, 2령), 피해 사진(오른쪽)",12호.txt
2024,12,9,2024-09-01,2024-09-30,식량작물,먹노린재,예보,벼,"❍ 예찰포 조사 결과 발견 개체수는 전년 동기와 비슷한 수준이나서남해안(충남 서천, 전남 여수, 광양, 경남 고성 등) 지역에서 꾸준히관찰되고 있어 주의가 필요
❍ 먹노린재는 약충과 성충이 벼 줄기에 구침을 꽃아 즙액을 빨아먹는데 피해가 심하면 수확량에 큰 영향을 줌, 주로 논 가장자리에 피해 증상이 많이 나타나는데 생육 초기에 심하게 피해를받으면 초장이 짧아지고 이삭이 나오지 않을 수 있음
⇒ 작은 충격이나 소리에도 볏대 사이나 물속으로 숨어 방제가어렵기 때문에 논물을 빼고 해질무렵 등록 약제를 충분히 살포",12호.txt
2024,12,10,2024-09-01,2024-09-30,채소,바이러스병·역병·탄저병,주의보,"고추,방울토마토,오이","❍ (바이러스병) 지속적인 고온으로 인한 매개충들의 밀도 증가로시설재배 작물에서 확산될 가능성이 높음
❍ 바이러스병에 감염되면 방제가 어려우므로 예방위주로 방제 철저⇒ 오이모자이크바이러스(CMV)를 매개하는 진딧물과 토마토반점위조바이러스(TSWV)의 매개충인 총채벌레의 효율적인 방제를위해 계통이 다른 등록 약제를 번갈아 살포⇒ 바이러스병이 이미 진전된 포장에서는 고추의 주간부위에서 자란세력이 강한 측지 관리로 수량 확보
❍ (역병) 토양에 있던 병원균이 물을통하여 전염되는 병으로 일단 발병하면 급속하게 번지고 방제효과가낮음. 배수불량 포장에서는 급격히발생 될 가능성이 있음
⇒ 땅 닿는 부분까지 약액이 충분히 묻도록적용약제로 예방 위주 방제
❍ (고추 탄저병) 관찰포 조사결과 발생비율이 증가하고 있어지속적인 관찰 및 확산방지를 위한 방제 필요
⇒ 병든 과실을 그냥 두거나 이랑사이에 버리면 방제효과는 50%이상 감소하므로 병든 과실은 발견 즉시 매립 또는 소각하며,심하게 발병하면 방제가 어려움으로 예찰과 적기방제 필요",12호.txt
2024,12,11,2024-09-01,2024-09-30,채소,고랭지 무·배추 무름병·뿌리혹병,주의보,"무,배추","❍ (무름병) 세균에 의한 병으로 온도가 높을 때 많이 발생하는데,고온 다습한 환경이 되면 발생이 증가할 가능성이 높음
⇒ 병원균은 건조에 약하므로 배수와 통풍이 잘 되도록 관리하며약제 방제 시 등록 약제를 본잎이 5∼6매 이후에 7∼10일간격으로 살포하고 땅 닿는 부분까지 약제가 잘 묻도록 처리
❍ (뿌리혹병) 뿌리에 크고 작은 혹이 생기면서 지상부가 말라죽는병으로 주로 사전에 방제를 철저하게 하지 않은 밭에서 발생⇒ 병원균은 물이나 흙을 통하여 이동하므로 물 빠짐이 좋도록배수로를 잘 정비하고 병 발생 후에는 방제가 어려우므로 병든포기는 발견 즉시 제거",12호.txt
2024,12,12,2024-09-01,2024-09-30,채소,고추 담배나방,주의보,고추,"❍ 장마 이후 고온기가 지속 되면서 발생이 전국적으로 확인되고있음
⇒ 담배나방 등 나방류 유충은 3령이상 자라면 약제저항성이 커져서방제 효과가 떨어지므로 새잎을 중심으로 자세히 살펴보고 발생 초기등록 약제로 방제",12호.txt
2024,12,13,2024-09-01,2024-09-30,채소,"총채벌레류, 응애류, 가루이류",예보,"방울토마토,수박,오이,파프리카","❍ 시설재배 작물에서 꽃노랑총채벌레, 온실가루이, 담배가루이 등이관리 소홀 포장에서 발생하고 있는데 온도가 올라가면 확산 가능성이 있어 주의가 필요함
❍ 이 해충들은 식물체에 직접적인 피해를 줄 뿐만 아니라 그을음병을유발하거나 바이러스병을 전염시켜 작물에 피해를 주므로 끈끈이트랩 등을 활용하여 주의 깊게 예찰하고 발견 즉시 계통이 다른등록 약제를 바꿔가며 방제
❍ (꽃노랑총채벌레) 총채벌레류가 오이, 파프리카 등에 발생량이증가하고 있어 방제가 이루어지지 않으면 확산 및 피해가 예상⇒ 황색 끈끈이트랩이나 타락법(흰색 종이를 이용 꽃과 잎을 두드려서예찰) 등으로 예찰하고, 발생 포장은 초기에 방제⇒ 꽃노랑총채벌레는 번데기 방제용으로 아큐레이퍼응애를 토양에투입하고, 지상부 유충과 성충 방제용으로는 유럽애꽃노린재,지중해이리응애 등 천적을 활용하면 효과적으로 방제가 가능함
❍ (담배가루이 , 온실가루이 ) 남부와 중부지방 수확기에 있는 토마토와 하우스수박을 중심으로 밀도 증가가 예상되나 관리가 소홀해질 시기로 품질저하 및 다음 작기 재배 작물에 피해가 우려됨
⇒ 수확 완료 시기까지 정밀예찰과 지속적인 방제 및 관리가 필요",12호.txt
2024,12,14,2024-09-01,2024-09-30,채소,진딧물류,예보,고추,"❍ 진딧물류가 고추 등 일부 포장에 발생하기 시작하고 있어 기온이 올라가면 급속히 확산되어 피해가 우려됨
⇒ 작물의 신초 부위를 육안으로 관찰하여 예찰하고, 발생포장은 초기부터 유효성분과 계통이 다른 약제를 번갈아 가며 방제를 해줌",12호.txt
2024,12,15,2024-09-01,2024-09-30,과수,탄저병,주의보,"단감,사과,포도","❍ 탄저병은 주요 관리 과수병으로 병원균은 주로 습기가 많은 기후조건과 25℃ 전후 온도에서 감염이 잘 이루어짐
❍ 사과, 단감, 포도 등 주요 과수에서 발생하고 있어 확산 방지를위해 지속적인 관찰·방제 등 관리가 필요
⇒ 통풍과 물 빠짐이 잘 되도록 관리하고 강우 전 예방적 방제와강우 후 예찰을 통해 발생과가 발견되면 제거하고 확산되지않도록 약제 살포⇒ 약제 살포시 ‘약제 저항성을 방지하기 위해 작용기작이 다른약제를 교호살포’하는 것이 좋음",12호.txt
2024,12,16,2024-09-01,2024-09-30,과수,과수화상병,주의보,사과,"❍ (과수화상병) 세균에 의해 사과 및 배나무의 꽃, 잎, 열매, 가지가불에 탓 것과 같이 검게 변하고 서서히 말라죽게 되는데 전염성이높아 사전예방을 위해 사전방제와 과원 및 농자재 관리가 필수⇒ 걸리면 방제가 불가능 하기에 과수원을 청결하게 관리하고농작업 인원의 과수원 출입 시 사람과 작업도구 등을 수시로 소독⇒ 수시로 예찰을 하고 의심증상 발견 시에는 전국 대표전화(1833-8572)또는 가까운 농업기술센터·농업기술원에 즉시 신고",12호.txt
2024,12,17,2024-09-01,2024-09-30,과수,점무늬낙엽병,주의보,,"❍ 과실에서 5~6월부터 과점으로 감염되기 시작하여 8~9월까지감염되며, 흑색의 작은 반점을 형성하여 병반은 크게 확대되지않고 과실이 성숙하면 병반 주변이 적자색으로 됨
❍ 과실의 감염은 고온다습한 7~8월에 가장 많이 일어나므로겹무늬썩음병 , 갈색무늬병과 동시 방제하는 것이 효과적임",12호.txt
2024,12,18,2024-09-01,2024-09-30,과수,복숭아순나방 ‧ 복숭아심식나방,주의보,"복숭아,사과","❍ 과실 가해 나방류 중 복숭아순나방(3세대), 복숭아심식나방(2세대)이 장마기를 거치면서 발생하므로 성페로몬트랩 유살수를 지속적으로 조사하면서 방제대책 강구⇒ 피해를 받은 식물체(열매)를 발견하면 즉시 제거하여 땅에 묻고잡초나 사과나무에서 해충 발생이 관찰되면 많이 발생하는 곳을중심으로 동시 방제가 가능한 등록 약제를 살포",12호.txt
2024,12,19,2024-09-01,2024-09-30,과수,응애류·노린재류,예보,사과,"❍ (점박이응애) 7∼8월에 많이 발생하며 비가 적을 때 발생이급증하기 때문에 잎 뒷면을 잘 관찰하여 발생 초기에 방제 필요
⇒ 등록약제 살포시 잎 뒷면까지 약제가 골고루 묻을 수 있도록 방제기의노즐을 미세하게 조절하여 정밀 살포 방제
❍ (갈색날개노린재, 썩덩나무노린재) 사과 흡즙 주요 노린재류는성충으로 월동하다가 4∼5월부터 발생을 시작해 7∼8월에 사과과실에 집중적으로 가해⇒ 노린재류가 과원에서 발견되면 심식나방류와 동시에 방제 가능한적용약제를 2∼3회 골고루 살포",12호.txt
2024,12,20,2024-09-01,2024-09-30,과수,새눈무늬병·갈색무늬병,예보,포도,"❍ (포도 새눈무늬병) 잎에서 잎맥이 흑갈색으로 변하고, 진전되면 흑색 반점으로확대되어 구멍이 뚫리며 열매와 가지에서는 초기에 흑갈색의 반점이 나타남⇒ 비가 많이 올 때 발생이 많으므로, 병든 부위는 즉시 제거하고봉지 씌우기 전에 등록 약제로 방제
❍ (포도 갈색무늬병․노균병) 비가 자주 내리고 습도가 높을 때 발생이 많음
⇒ 잎과 과실을 자세히 살펴보아 발생 초기에 등록약제로 잎 뒷면까지 방제하되 가능한 비 오기 전․후 방제실시1개월 기상전망            (출처 : 국립농업과학원, 기상청)1개월(2024.09.09.∼10.06.) 전망(기상청, 2024.08.29., 11:00)(기온) 1주, 2주, 3주, 4주는 평년보다 높겠음
(강수량) 1주는 평년과 비슷하거나 많겠고, 2주, 3주는 평년보다 많겠으며,4주는 평년과 비슷하겠음
❍ 1주(9.9∼9.15): 기온은평년보다높겠고, 강수량은평년과비슷하거나많겠음
❍ 2주(9.16∼9.22): 기온은평년보다높겠고, 강수량은평년보다많겠음
❍ 3주(9.23∼9.29): 기온은평년보다높겠고, 강수량은평년보다많겠음
❍ 4주(9.30∼10.6): 기온은평년보다높겠고, 강수량은평년과비슷하겠음
농 업 지 대지역평균기온 강수량1주 2주 3주 4주 1주 2주 3주 4주(9.9~9.15) (9.16~9.22)(9.23~9.29)(9.30~10.6) (9.9~9.15) (9.16~9.22) (9.23~9.29) (9.30~10.6)1.태백고냉 대관령 조금높음 높음 높음 높음 많음 조금많음 많음 비슷2.태백준고냉 인제,홍천,제천 조금높음 높음 높음 높음 많음 조금많음 많음 비슷3.소백산간 충주,보은 높음 높음 높음 높음 조금많음조금많음 많음 비슷4.노 령 소 백 산 간임실 높음 높음 높음 높음 조금많음 많음 많음 비슷5.영 남 내 륙 산 간추풍령,영주,문경 높음 조금높음조금높음 높음 조금많음 많음 많음 비슷6.중북부내륙 춘천,양평 조금높음 높음 높음 높음 많음 조금많음 많음 비슷7.중부내륙 원주,이천 조금높음 높음 높음 높음 많음 조금많음 많음 비슷8.소 백 서 부 내 륙청주,대전,금산 조금높음 높음 높음 높음 많음 조금많음조금많음 비슷9.노 령 동 서 내 륙정읍,남원,거창,산청 높음 높음 높음 높음 조금많음 많음 많음 비슷10.호남내륙 광주,순천,장흥 높음 조금높음 높음 높음 조금많음 많음 많음 비슷11.영남분지 대구,의성,구미,영천 높음 조금높음조금높음 높음 조금많음 많음 많음 비슷12.영남내륙 진주,합천,밀양 높음 조금높음조금높음 높음 조금많음 많음 많음 비슷13.중서부평야서울,인천,수원,서산,강화,천안,보령 조금높음 높음 높음 높음 많음 조금많음조금많음 비슷14.차 령 남 부 평 야군산,전주,부여,부안 높음 높음 높음 높음 조금많음 많음 많음 비슷15.남서해안 목포,완도,해남,고흥 높음 조금높음 높음 높음 조금많음 많음 많음 비슷16.남부해안 부산,통영,여수,거제,남해 높음 조금높음조금높음 높음 조금많음 많음 많음 비슷17.동해안북부 속초,강릉 조금높음조금높음조금높음 높음 많음 많음 많음 비슷18.동해안중부 울진,영덕 높음 조금높음조금높음 높음 조금많음 많음 많음 비슷19.동 해 안 남 부포항,울산 높음 조금높음조금높음 높음 조금많음 많음 많음 비슷20.제주 제주,성산,서귀포 높음 조금높음 높음 높음 조금많음 많음 많음 비슷평균 높음 높음 높음 높음 조금많음 많음 많음 비슷10일(2024.09.01.~09.08.) 예보(기상청, 2024.08.29. 06:00)[기상예보]
❍ (기온) 아침 기온은 20∼25℃, 낮 기온은 29∼34℃로 평년(최저기온 17∼22℃, 최고기온 26∼30℃)보다 조금높겠음
❍(강수) 9월2일에는 수도권과 강원도, 경북권에 비가 오겠음
[날씨][최저/최고기온]최근 경과기상과 향후 기상전망[ 기  온 ][ 강 수 량 ]연도별 평균기온
❍ ’24년 1월부터8월 4주차까지의평균기온은15.3℃로, 평년(13.6)보다1.7℃ 높았음
- ’24년 8월 4주차의 평균기온은 27.3℃로, 평년(24.3)보다 3.0℃ 높았음",12호.txt
2024,12,21,2024-09-01,2024-09-30,과수,새눈무늬병·갈색무늬병,예보,,"기 간 1월 2월 3월 4월 5월 6월 7월8월 분석기간1.1~8.28 8.22~8.281주(8 .1 ~ 8 .7 )2주(8 .8 ~ 8 .1 4 )3주( 8 .1 5 ~ 8 . 2 1 )4주( 8 . 2 2 ~ 8 .2 8 )편차(℃)평균(℃)편차(℃)편차(℃)2 0 2 4년 1.4 4.5 7.2 15.1 17.8 22.7 26.4 29.0 28.3 28.2 27.3 15.3 1.7 27.3 3.02 0 2 3년 0.0 3.0 9.7 13.3 18.0 22.4 25.6 28.8 26.0 26.9 25.8 14.8 1.2 25.8 1.52 0 2 2년 -0.2 0.4 8.0 13.9 18.2 22.5 26.1 28.1 26.7 26.0 23.2 14.4 0.8 23.2 -1.12 0 2 1년 -0.4 3.9 9.0 13.4 16.9 21.9 26.2 27.5 25.3 24.0 24.0 14.5 0.9 24.0 -0.32 0 2 0년 3.0 3.8 8.0 10.9 17.7 22.7 22.7 26.0 26.4 27.4 26.9 14.3 0.7 26.9 2.62 0 1 9년 0.5 2.6 7.6 12.0 18.5 21.2 24.7 28.1 28.2 25.8 23.9 14.2 0.6 23.9 -0.42 0 1 8년 -1.8 0.0 8.2 13.3 17.8 22.1 26.7 29.6 28.6 26.3 25.3 14.2 0.6 25.3 1.02 0 1 7년 0.3 1.8 6.4 13.8 18.6 21.7 26.4 28.2 25.3 24.7 25.4 14.3 0.7 25.4 1.12 0 1 6년 -0.6 1.9 7.3 13.8 18.5 22.2 25.4 27.5 28.7 28.0 24.8 14.4 0.8 24.8 0.52 0 1 5년 0.8 2.2 6.8 12.7 18.5 21.5 24.3 27.8 25.6 24.8 23.3 14.0 0.4 23.3 -1.02 0 1 4년 0.7 2.7 7.7 13.3 18.3 21.7 24.9 25.7 23.4 23.2 23.6 14.2 0.6 23.6 -0.710년평균 0.2 2.2 7.9 13.0 18.1 22.0 25.3 27.7 26.4 25.7 24.6 14.3 0.7 24.6 0.3평 년 -0.4 1.7 6.5 12.3 17.5 21.5 24.7 26.5 26.0 25.3 24.3 13.6 0.0 24.3 0.0* 10년평균:최근10년(2014∼2023년)동안의강수량의평균** 평년:30년(1991～2020년)동안의강수량의평균***대비:평년의강수량에대한연도별강수량의비율연도별 강수량
❍ ’24년 1월부터 8월 4주차까지의 강수량의 합은 1,012.4㎜로, 평년(1,025.0)보다 12.6㎜ 적었음(평년대비 98.8%)
- ’24년 8월 4주차의 강수량의합은 14.0㎜로, 평년(71.9)보다 57.9㎜ 적었음",12호.txt
2024,12,22,2024-09-01,2024-09-30,과수,새눈무늬병·갈색무늬병,예보,벼,(평년대비19.5%)기 간 1월 2월 3월 4월 5월 6월 7월8월 분석기간1.1~8.28 8.22~8.281주(8.1~ 8.7 )2주(8 .8 ~ 8 .1 4 )3주( 8 .1 5 ~ 8 .2 1 )4주( 8 . 2 2 ~ 8 .2 8 )합계(㎜)대비(%)합계(㎜)대비(%)2 0 2 4년 36.9 111.4 68.8 87.9 118.4147.5361.4 17.6 6.5 42.0 14.0 1 0 1 2 .498.8 14.0 19.52 0 2 3년 44.9 20.0 30.5 70.2 207.2210.1497.0 7.3 128.5 15.8 73.4 1 3 0 5 .0127.3 73.4 1 0 2 .12 0 2 2년 5.0 5.5 89.5 62.7 6.3 181.9181.9 44.7 141.2 63.7 15.3 797.6 77.8 15.3 21.32 0 2 1년 25.4 23.4 112.1 77.5 138.9 94.7 234.7 42.4 42.0 65.5 1 1 6.1972.7 94.9 1 1 6 .11 6 1 .52 0 2 0년 85.7 62.1 34.4 44.0 107.4194.3422.9151.4156.0 11.6 56.0 1 3 2 5 .8129.3 56.0 77.92 0 1 9년 9.7 34.5 42.6 80.8 65.0 151.5238.3 28.8 28.5 29.7 49.4 758.8 74.0 49.4 68.72 0 1 8년 25.5 36.6 116.2140.3135.2147.2170.7 14.2 16.0 14.7 185.41 0 0 2 .097.8 1 8 5 .42 5 7 .92 0 1 7년 18.6 36.0 26.1 72.8 31.0 63.1 297.1 6.0 84.0 100.1 47.2 781.9 76.3 47.2 65.62 0 1 6년 32.9 50.6 62.8 163.2103.4 76.4 290.8 13.3 6.5 7.4 42.4 849.6 82.9 42.4 59.02 0 1 5년 31.9 31.0 47.8 135.6 70.1 103.3189.4 7.0 27.1 42.8 38.6 724.5 70.7 38.6 53.72 0 1 4년 14.0 34.8 82.3 89.3 84.2 85.7 167.2123.8 48.2 150.2 60.4 940.1 91.7 60.4 84.010년평균 29.4 33.5 64.4 93.6 94.9 130.8269.0 43.9 67.8 50.2 68.4 945.8 92.3 68.4 95.1평 년 30.6 37.5 63.0 90.7 108.0151.4290.4 58.6 65.5 57.3 71.9 1 0 2 5 .01 0 0 .071.9 1 0 0 .0*10년평균:최근10년(2014∼2023년)동안의강수량의평균**평년:30년(1991～2020년)동안의강수량의평균***대비:평년의강수량에대한연도별강수량의비율주요 과수 탄저병 관리 요령벼 먹노린재 피해예방 방법논콩 병해충 관리 방법여름철 폭염(고온) 대비 농작물 관리요령,12호.txt
2024,13,1,2024-10-01,2024-10-31,식량작물,벼멸구,주의보,벼,"❍ 벼멸구에의한피해 발생이 증가하고 있어 주의 필요
❍ 특히, 수확시기가임박하고농약안전사용기준에의해방제가어려움이 있어 예찰을 실시하고 피해가 우려되는 곳은 출수시기에 맞춰 조속히 수확 실시(출수후 50일)",13호.txt
2024,13,2,2024-10-01,2024-10-31,식량작물,"[밀, 보리 종자소독 철저] 붉은곰팡이병, 깜부기병",예보,"밀,보리","❍전년및 올해붉은곰팡이병과깜부기병 발생이증가하는추세⇒ 정선을철저히하여건전한종자를사용하고,전년에병이발생한포장은토양에서겨울포자로 월동할 가능성이높음으로파종 전종자에약이골고루묻도록하여파종[보리, 밀 붉은곰팡이병 병징]",13호.txt
2024,13,3,2024-10-01,2024-10-31,채소,(무·배추) 뿌리혹병·노균병·바이러스,주의보,"무,배추","❍ (뿌리혹병)뿌리에크고작은혹이생기면서지상부가말라죽는병으로사전에방제를철저하게하지않은밭에서주로발생⇒ 병원균은 물이나 흙을 통하여 이동하므로 물 빠짐이 좋도록배수로를 잘정비하고병발생후에는 방제가 어려우므로 병든포기는 발견 즉시 제거
❍ (노균병) 기온이낮아지고비가자주내릴때발생이많은병으로물 빠짐이 나쁘거나 너무 촘촘히 심어 통풍이 나쁜 포장이나생육 후기에비료기가떨어지는 포장에서발생함
⇒ 물 빠짐이 잘되도록 배수로 정비를 잘하고 생육 후기에 비료성분이떨어지지않도록충분히시비를해야함.또한병든포기는제거하고등록된 약제를농약안전사용기준에따라 방제",13호.txt
2024,13,4,2024-10-01,2024-10-31,채소,(마늘․양파) 잎마름병 ․ 흑색썩음균핵병,주의보,"마늘,양파","❍ 마늘에발생되는잎마름병, 흑색썩음균핵병, 선충, 응애등은종구를통해서도감염되기때문에, 파종전에씨마늘을 적용약제 처리 후그늘에서말렸다가파종전토양살충제를토양에혼합하여파종
❍ (흑색썩음균핵병 ) 상습 발생하는 포장이나 병든 종구를 사용했을경우 발생이우려되기에파종(정식) 전관리 필요
⇒ 병에걸리지않은건전한 종자를 사용하고 파종(정식)전 반드시소독을 실시하며, 지난해에병이발생했던포장은파종(정식)하기전후에등록약제를 토양에처리하여병 발생을예방
❍ (양파노균병)묘상을통해서전염될수있어사전예방이필요
⇒ 노균병이 발생하지 않은 밭에 묘상을 마련하거나 묘상 자리를토양훈증제를 활용하여소독한후 파종",13호.txt
2024,13,5,2024-10-01,2024-10-31,채소,파밤나방․담배거세미나방․목화바둑명나방,예보,"배추,오이","❍ (파밤나방 , 담배거세미나방 ) 나방류가 피해를 주고 있는 무,배추 등채소류와 밭작물 포장에서는새잎을중심으로잘살펴보아 발생이확인되면초기에 방제
❍ (목화바둑명나방 ) 오이 등 박과류 일부 시설재배지에서 발생하는데, 잎 뒷면을 갉아먹어 불규칙한 구멍을 내고 심하면 잎줄기만 남김. 때로는 열매를 가해하여 상품 가치를 저하시키기도해주의가 필요
⇒ 나방류의애벌레는자라면(3령 이상) 약제에 대한 내성이 커져서방제 효과가 많이 떨어지므로초기에 방제하고계통이 서로 다
른약제를번갈아 살포",13호.txt
2024,13,6,2024-10-01,2024-10-31,채소,(시설채소) 총채벌레․응애․진딧물 등,예보,"감자,딸기,방울토마토,오이","❍ 시설작물에 오이총채벌레, 꽃노랑총채벌레, 아메리카잎굴파리등과딸기의점박이응애나 진딧물등해충 발생우려⇒ 총채벌레는토마토반점위조바이러스를전염시키는해충으로최근발생이증가추세이므로 시설내부로유입되지 않도록유의⇒ 이들 해충은 일단 발생 되면 방제가 어려우므로 방충망을 설치하는등시설안으로들어오지못하도록막고,크기가작아발생여부를 알기어려우므로끈끈이 트랩을매달아주의 깊게관찰⇒ 해충에 따라 발생 초기에 천적을 투입하거나 등록 약제로 방제하고, 약제살포시에는안전사용기준을지켜계통이다른약제를바꾸어가면서살포
❍ (작은뿌리파리 ) 밭작물, 채소 등에서 전 생육기간 동안 발생하며,성충은 유기물이 풍부한 상토 또는 양액 육묘의 암면 큐브 위이끼에 산란하고 부화유충은 지제부와 뿌리에 해를 입혀 시들음
병이나청고병과같은 지상부시들음증상을 유발⇒ 유충은 감자 절편에 잘 유인되기 때문에 깍두기 모양의 크기로절단하여 작물의 뿌리 주변에 놓아두면 발생여부와 발생량을예찰할 수있음
⇒ 노란색 끈끈이 트랩을 지상부 50㎝ 이하에 설치해 두면 성충발생 여부와발생량예찰에 도움이됨",13호.txt
2024,13,7,2024-10-01,2024-10-31,과수,과수화상병,주의보,사과,"❍ (과수화상병) 세균에의해사과및배나무의꽃, 잎, 열매, 가지가불에탓것과같이검게변하고서서히말라죽게되는데전염성이높아사전예방을위해사전방제와과원및농자재관리가필수⇒ 걸리면 방제가 불가능 하기에 과수원을 청결하게 관리하고농작업인원의과수원출입시사람과작업도구등을수시로소독⇒ 수시로예찰을하고의심증상발견시에는전국대표전화(1833-8572)또는가까운농업기술센터·농업기술원에즉시신고",13호.txt
2024,13,8,2024-10-01,2024-10-31,과수,탄저병,주의보,"단감,사과","❍ 탄저병은주요 관리 과수병으로 병원균은 주로 습기가 많은 기후조건과 25℃ 전후온도에서 감염이잘이루어짐
❍ 사과(만생종), 단감 등 주요 과수에서 발생하고 있어 확산 방지를위해지속적인관찰 ·방제 등 관리가필요
⇒ 통풍과 물 빠짐이 잘되도록 관리하고 강우 전 예방적 방제와강우후예찰을 통해발생과가 발견되면 제거하고 확산되지 않도록 약제 살포⇒ 약제 살포시 ‘약제 저항성을 방지하기 위해 작용기작이 다른약제를 교호살포 ’하는것이 좋음",13호.txt
2024,13,9,2024-10-01,2024-10-31,과수,"노린재류, 주경배나무이",예보,,"❍ (노린재류 )톱다리개미허리노린재, 썩덩나무노린재및갈색날개노린재등의밀도가증가하여수확기까지지속적인가해가우려⇒ 집합페로몬 트랩을 이용하여 톱다리개미허리노린재, 썩덩나무노린재,갈색날개노린재를효과적으로포획할수있으며, 과원으로부터 15m이상떨어진곳에트랩을설치하고,밀도가높으면등록약제를오전또는해질무렵과원경계지역을더집중적으로살포
❍ (주경배나무이)발생이많았던과수원에서는수확후낙엽이지기전에방제",13호.txt
2024,13,10,2024-10-01,2024-10-31,과수,"갈색날개매미충, 미국선녀벌레, 꽃매미",주의보,,"❍ 과수원의 갈색날개매미충 , 미국선녀벌레 , 꽃매미 성충기 발생조사결과.개체수가전년대비증가한것으로조사되었으며,약충기방제가 소홀했던 과수원과 주변 산림은 밀도가 늘어날 것으로예상되므로발생과수원과인접산림등에대한철저한방제가필요
⇒ 수확이끝난과수원에서도밀도가높을경우에는산란전에약제방제1개월 기상전망            (출처 : 국립농업과학원, 기상청)1개월(2024.10.07.~11.03.) 전망(기상청, 2024.09.26., 11:00)(기온) 1주, 2주 는  평 년 보 다  높 고, 3주 는  평 년 보 다  조 금  높 겠 으 며, 4주 는  평 년 과  비 슷(강수량) 1주, 2주, 3주, 4주는 평년과 비슷하겠음
❍ 1주(10.7∼10.13):기온은평년보다높겠고,강수량은평년과비슷하겠음
❍ 2주(10.14∼10.20):기온은평년보다높겠고,강수량은평년과비슷하겠음
❍ 3주(10.21∼10.27):기온은평년과비슷하거나높고,강수량은평년과비슷하겠음
❍ 4주(10.28∼11.3): 기온은평년과비슷하겠고,강수량은평년과비슷하겠음
농 업 지 대지역평균기온 강수량1주 2주 3주 4주 1주 2주 3주 4주(10.7~10.13)(10.14~10.20)(10.21~10.27)(10.28~11.3)(10.7~10.13)(10.14~10.20)(10.21~10.27)(10.28~11.3)1.태백고냉 대관령 조금높음높음 조금높음조금낮음조금적음 비슷 비슷 조금적음
2.태백준고냉 인제,홍천,제천 조금높음높음 조금높음조금낮음조금적음 비슷 비슷 조금적음
3.소백산간 충주,보은 높음 높음 조금높음조금낮음비슷 비슷 비슷 조금적음
4.노 령 소 백 산 간임실 높음 높음 조금높음비슷 비슷 비슷 비슷 비슷5.영 남 내 륙 산 간추풍령,영주,문경 높음 높음 조금높음비슷 비슷 많음 비슷 비슷6.중북부내륙 춘천,양평 조금높음높음 조금높음조금낮음조금적음 비슷 비슷 조금적음
7.중부내륙 원주,이천 조금높음높음 조금높음조금낮음조금적음 비슷 비슷 조금적음
8.소 백 서 부 내 륙청주,대전,금산 높음 높음 조금높음조금낮음비슷 비슷 비슷 조금적음
9.노 령 동 서 내 륙정읍,남원,거창,산청 높음 높음 조금높음비슷 비슷 비슷 비슷 비슷10.호남내륙 광주,순천,장흥 높음 높음 높음 비슷 비슷 비슷 조금많음 비슷11.영남분지 대구,의성,구미,영천 높음 높음 조금높음비슷 비슷 많음 비슷 비슷12.영남내륙 진주,합천,밀양 높음 높음 높음 비슷 비슷 많음 조금많음 비슷13.중서부평야서울,인천,수원,서산,강화,천안,보령 조금높음높음 조금높음조금낮음조금적음 비슷 비슷 조금적음
14.차 령 남 부 평 야군산,전주,부여,부안 높음 높음 조금높음비슷 비슷 비슷 비슷 비슷15.남서해안 목포,완도,해남,고흥 높음 높음 높음 비슷 비슷 비슷 조금많음 비슷16.남부해안 부산,통영,여수,거제,남해 높음 높음 높음 비슷 비슷 많음 조금많음 비슷17.동해안북부 속초,강릉 조금높음높음 조금높음비슷 조금적음 많음 비슷 비슷18.동해안중부 울진,영덕 높음 높음 조금높음비슷 비슷 많음 비슷 비슷19.동 해 안 남 부포항,울산 높음 높음 높음 비슷 비슷 많음 조금많음 비슷20.제주 제주,성산,서귀포 높음 높음 높음 비슷 비슷 많음 조금많음 비슷평균 높음 높음 조금높음비슷 비슷 비슷 비슷 비슷10일(2024.09.29.∼10.06.) 예보(기상청,2024.09.26., 06:00)[기상예보 ]
❍ (기온) 29일∼10월1일아침기온은14∼21℃낮기온은22∼29℃로평년(최저기온12∼18℃, 최고기온22∼25℃)보다조금 높겠으나, 10월 2일∼6일아침기온은9∼19℃,낮기온은19∼26℃로평년(최저기온10∼17℃,최고기온22∼25℃)과 비슷하거나조금 낮겠음
❍ (강수) 10월1일은수도권과강원도,제주도에,2일은강원영동에비가오겠음
[날씨][최저 /최고기온 ]최근 경과기상과 향후 기상전망[ 기 온 ][ 강수량 ]연도별 평균기온
❍ ‘24년1월부터9월4주차까지의평균기온은16.4℃로,평년(14.5)보다1.9℃ 높았음
-’24년9월4주차의평균기온은22.7℃로,평년(19.4)보다3.3℃ 높았음",13호.txt
2024,13,11,2024-10-01,2024-10-31,과수,"갈색날개매미충, 미국선녀벌레, 꽃매미",주의보,,"기간 1월 2월 3월 4월 5월 6월 7월 8월9월 분석기간1.1~9.25 9.19~9.251주(8 .2 9 ~ 9 .4 )2주(9 .5 ~ 9 .1 1 )3주( 9 .1 2 ~ 9 .1 8 )4주( 9 .1 9 ~ 9 .2 5 )평균(℃)편차(℃)평균(℃)편차(℃)2 4년 1.4 4.5 7.2 15.1 17.8 22.7 26.4 28.1 26.1 26.5 27.2 22.7 16.4 1.9 22.7 3.32 3년 0.0 3.0 9.7 13.3 18.0 22.4 25.6 26.6 24.4 24.1 23.4 21.0 15.7 1.2 21.0 1.62 2년 -0.2 0.4 8.0 13.9 18.2 22.5 26.1 25.5 21.9 21.7 24.3 18.9 15.1 0.6 18.9 -0.52 1년 -0.4 3.9 9.0 13.4 16.9 21.9 26.2 25.0 22.7 21.9 22.0 21.3 15.3 0.8 21.3 1.92 0년 3.0 3.8 8.0 10.9 17.7 22.7 22.7 26.6 25.1 21.4 20.6 18.5 15.1 0.6 18.5 -0.91 9년 0.5 2.6 7.6 12.0 18.5 21.2 24.7 26.1 22.4 24.9 21.9 18.3 15.0 0.5 18.3 -1.11 8년 -1.8 0.0 8.2 13.3 17.8 22.1 26.7 27.2 24.2 21.0 21.7 19.0 15.0 0.5 19.0 -0.41 7년 0.3 1.8 6.4 13.8 18.6 21.7 26.4 25.5 21.3 21.6 20.8 20.3 15.0 0.5 20.3 0.91 6년 -0.6 1.9 7.3 13.8 18.5 22.2 25.4 26.7 22.4 23.2 21.8 19.7 15.1 0.6 19.7 0.31 5년 0.8 2.2 6.8 12.7 18.5 21.5 24.3 25.2 23.2 20.7 19.2 20.2 14.7 0.2 20.2 0.81 4년 0.7 2.7 7.7 13.3 18.3 21.7 24.9 23.7 21.9 22.3 20.8 19.6 14.9 0.4 19.6 0.210년평균 0.2 2.2 7.9 13.0 18.1 22.0 25.3 25.8 23.0 22.3 21.7 19.7 15.1 0.6 19.7 0.3평년 -0.4 1.7 6.5 12.3 17.5 21.5 24.7 25.4 23.3 22.1 21.0 19.4 14.5 0.0 19.4 0.0*10년평균:최근10년(2014∼2023년)동안의평균기온의평균**평년:30년(1991～2020년)동안의평균기온의평균***편차:평년의평균기온에대한연도별평균기온의차이연도별 강수량
❍ ‘24년1월부터9월4주차까지의강수량의합은1,254.0㎜로, 평년(1,192.3)보다61.7㎜많았음(평년대비105.2%)",13호.txt
2024,13,12,2024-10-01,2024-10-31,과수,"갈색날개매미충, 미국선녀벌레, 꽃매미",주의보,벼,"-’24년9월4주차의강수량의합은171.3㎜로,평년(31.0)보다140.3㎜많았음(평년대비552.6%)기간 1월 2월 3월 4월 5월 6월 7월 8월9월 분석기간1.1~9.25 9.19~9.251주(8.29~9.4)2주(9.5~9.11)3주(9 .1 2 ~ 9 .1 8 )4주(9 .1 9 ~ 9 .2 5 )합계(㎜)대비(%)합계(㎜)대비(%)2 4년 36.9 111.4 68.8 87.9 118.4 147.5 361.4 82.9 4.6 27.1 38.6 171.3 1 2 5 4 .0105.2 171.3 552.62 3년 44.9 20.0 30.5 70.2 207.2 210.1 497.0 286.3 74.8 0.5 101.2 59.6 1 5 4 1 .1129.3 59.6 192.32 2년 5.0 5.5 89.5 62.7 6.3 181.9 181.9 304.3 58.7 127.9 5.1 6.7 996.1 83.5 6.7 21.62 1년 25.4 23.4 112.1 77.5 138.9 94.7 234.7 291.0 68.7 23.7 38.8 33.1 1 1 3 6 .995.4 33.1 106.82 0년 85.7 62.1 34.4 44.0 107.4 194.3 422.9 3 9 7 .8123.4 98.9 20.6 3.8 1 5 7 2 .5131.9 3.8 12.31 9년 9.7 34.5 42.6 80.8 65.0 151.5 238.3 143.6 47.9 70.4 5.3 117.6 1 0 0 0 .083.9 117.6 379.41 8년 25.5 36.6 116.2 140.3 135.2 147.2 170.7 291.7 135.4 7.0 30.0 41.4 1 2 1 5 .8102.0 41.4 133.51 7년 18.6 36.0 26.1 72.8 31.0 63.1 297.1 239.0 2.1 73.5 2.0 4.3 863.7 72.4 4.3 13.91 6년 32.9 50.6 62.8 163.2 103.4 76.4 290.8 86.1 73.8 12.3 104.4 1.4 1 0 4 1 .487.3 1.4 4.51 5년 31.9 31.0 47.8 1 35 .670.1 103.3 189.4 117.5 18.6 19.5 12.9 14.3 789.7 66.2 14.3 46.11 4년 14.0 34.8 82.3 89.3 84.2 85.7 167.2 387.2 43.3 0.8 3.6 71.2 1 0 5 9 .088.8 71.2 229.710년평균 29.4 33.5 64.4 93.6 94.9 130.8 269.0 254.5 64.7 43.5 32.4 35.3 1 1 2 1 .694.1 35.3 113.9평년 30.6 37.5 63.0 90.7 108.0 151.4 290.4 277.6 52.2 38.6 45.4 31.0 1 1 9 2 .3100.0 31.0 100.0*10년평균:최근10년(2014∼2023년)동안의강수량의평균**평년:30년(1991～2020년)동안의강수량의평균***대비:평년의강수량에대한연도별강수량의비율과수 화상병 농업인 준수사항가루쌀 [바로미2] 생육 중·후기 및 수확후 관리기술",13호.txt
2024,14,1,2024-11-01,2024-11-30,식량작물,"[밀, 보리 종자소독 철저] 붉은곰팡이병, 깜부기병",예보,"밀,보리","❍ 전년 및 올해 붉은곰팡이병과 깜부기병 발생이 증가하는 추세⇒ 병이 많이 발생한 포장은 토양이나 감염식물 잔재 등에서 병원균이월동할 가능성이 높으므로 포장위생에 유의하고, 정선을 철저히한 건전한 종자를 종자소독하여 사용하여야 겉깜부기병·줄무늬병등의 발생을 예방할 수 있음
작물명 적용병해충 품목명 사용량 사용적기 사용방법 제형보리겉깜부기병,줄무늬병 카복신.티람분제 2.5g/종자 ㎏ 파종전 분의처리 분제밀 겉깜부기병맥류 줄무늬병 캡탄수화제 3g/종자 ㎏ 수화제",14호.txt
2024,14,2,2024-11-01,2024-11-30,채소,흰가루병,예보,"딸기,멜론,오이","❍ 공기로 전염되며 건조하면서 일교차가 심하면 많이 발생하는데오이, 멜론, 딸기 등에 발생 증가가 우려됨
⇒ 일사량이 부족하고 비료기가 많은 조건에서 발생이 많으므로질소질 비료를 알맞게 주며, 병든 잎과 과실은 신속히 제거하고발생 초기에 등록 약제로 방제",14호.txt
2024,14,3,2024-11-01,2024-11-30,채소,잿빛곰팡이병,예보,,"❍ 시설내의 온도가 낮고(20℃ 전후) 습도가 높은 조건이 오래 지속되면 발생이 증가하여 주의가 필요함
⇒ 환기를 통해 시설 내의 습도를 낮추어 주되 보온에 유의하고,병이 발생되면 급속하게 번지는 특성이 있으므로 병든 식물을 제거하고 발생 초기에 등록약제로 방제하되 약제를 바꾸어 가며 사용",14호.txt
2024,14,4,2024-11-01,2024-11-30,채소,노균병,예보,"멜론,오이","❍ 오이, 멜론 등 시설 내의 습도가 높고 온도가 낮은(20℃ 전후)조건에서 발생이 많고, 일조량이 부족하거나 거름기가 모자라작물 생육이 왕성하지 못할 때 발생이 많음
⇒ 야간에 저온이 되지 않도록 보온관리를 해주고 습도가 높아지지않도록 환기를 해주어야 함. 또한, 웃거름 주기와 열매솎기 및 햇볕쪼임을 좋게 하여 튼튼하게 생육하도록 함과 동시에⇒ 특히 오이 시설재배 중 환기를 시키는 과정에서 찬바람이 식물체에직접 닿을 경우 노균병이 심하게 발생되므로 환기 할 때 유의⇒ 병이 발생된 포장은 병든 잎을 일찍 따낸 다음 발병 초기에등록약제로 방제",14호.txt
2024,14,5,2024-11-01,2024-11-30,채소,토마토반점위조바이러스(TSWV),예보,"고추,방울토마토,파프리카","❍ 총채벌레가 전염시키는 바이러스 병으로 파프리카, 고추, 토마토등 시설재배지에서 이들 매개충이 꾸준히 발생하고 있으며, 방제시기를 놓칠 경우 피해가 커지기 때문에 초기 예방이 중요
⇒ 병에 걸린 식물을 발견하면 즉시 제거하여 병이 확산되는 것을 예방",14호.txt
2024,14,6,2024-11-01,2024-11-30,채소,토마토황화잎말림병(TYLCV),예보,방울토마토,"❍ 가지과 작물에서 담배가루이가 병을 매개하므로 육묘 단계부터정식 초기에 예찰을 강화하여 감염여부를 판단하고 정식 후에는잎 뒷면과 포장주위를 살펴보아 담배가루이를 철저히 방제⇒ 병을 전염시키는 담배가루이의 세대 기간이 짧아 연간 발생 횟수가많으므로 방충망을 설치하여 시설 안으로 담배가루이가 들어오는것을 막고 발생 초기에 등록약제로 방제하는 등 철저한 관리로병이 확산되는 것을 예방⇒ 발생된 시설재배 농가 주변지역은 담배가루이의 기주식물이 되는잡초와 병에 걸린 식물은 뽑아서 제거※ 기주식물 : 큰개불알풀, 광대나물, 별꽃,큰망초, 쑥, 머위",14호.txt
2024,14,7,2024-11-01,2024-11-30,채소,총채벌레류․가루이류․진딧물류․응애류․작은뿌리파리,예보,"감자,고추,방울토마토,오이","❍ (총채벌레류) 꽃노랑총채벌레 , 오이총채벌레 등은 오이, 고추,토마토 등 시설 내에서 연중 발생하는 해충으로 방제시기를 놓칠경우 바이러스병을 전염시켜 큰 피해를 주는 해충임
❍ (가루이류·진딧물류) 온실가루이와 담배가루이는 가지과 작물에서, 진딧물은 엽채류와 과채류에서 주로 발생하며 식물체의즙액을 빨아먹는 직접적인 피해뿐만 아니라 그을음병과 바이러스병 등을 유발함
❍ (응애류) 작물이 피해를 받으면 잎이 누렇게 변하여 말라 죽게 됨
⇒ 이들 해충은 일단 발생하면 방제가 어려우므로 방충망을 설치하는등 시설 안으로 들어오지 못하도록 막고, 크기가 작아 발생을 알아보기가 어려우므로 끈끈이 트랩을 매달아 주의 깊게 살펴봄⇒ 해충에 따라 발생초기 천적을 투입하거나 등록약제로 방제하고,약제 살포 시에는 안전사용기준을 지키고 계통이 다른 약제로바꾸어 가면서 살포하여 저항성 유발을 최소화
❍ (작은뿌리파리 ) 밭작물 , 채소, 화훼 등에서 전 생육기간 동안발생하며, 성충은 유기물이 풍부한 상토 또는 양액 육묘의 암면큐브 위 이끼에 산란하고 부화유충은 지제부와 뿌리에 해를입혀 시들음병이나 풋마름병과 같은 지상부 시들음증상을 유발⇒ 유충은 감자 절편에 잘 유인되기 때문에 깍두기 모양의 크기로절단하여 작물의 뿌리 주변에 놓아두면 발생여부와 발생량을예찰할 수 있음
⇒ 노란색 끈끈이 트랩을 지상부 50㎝ 이하에 설치해 두면 성충 발생여부와 발생량 예찰에 도움이 됨",14호.txt
2024,14,8,2024-11-01,2024-11-30,채소,(당근) 검은잎마름병,예보,당근,"❍ 당근 검은잎마름병 병원균은 분생포자를 형성하여 공기 전염되므로비가 많이 오고 잎이 무성한 곳에서 잘 확산됨
⇒ 생육 중에 양분이 부족하지 않도록 주의하고, 등록약제를 발생초기부터 살포함",14호.txt
2024,14,9,2024-11-01,2024-11-30,채소,"(무․배추) 뿌리혹병, 무름병",주의보,"배추,벼","❍ 뿌리에 크고 작은 혹이 생기면서 지상부가 말라 죽게 되는 병으로일부 포장에 발생이 확인되고 있으며 전년도에 병 발생이 심했던포장이나 사전에 방제를 철저하게 하지 않은 곳에서 발생이 심함
⇒ 병원균은 물이나 흙을 통하여 이동하므로 물 빠짐이 좋도록배수로 정비를 잘 해주고 병 발생 후에는 방제가 어려우므로병든 포기는 발견 즉시 제거
❍ 무름병은 세균에 의한 병으로 온도가 높고 비가 자주 오는 기상환경과 이어짓기에 의해 토양내 병원균 밀도가 증가할 경우 발생이 많음. 올해 무름병 발생이 많았던 포장은 벼과나 콩과 작물로 돌려짓기를 해야 하며, 수확 후 병든 식물체가 남지 않도록재배지 관리가 중요함",14호.txt
2024,14,10,2024-11-01,2024-11-30,채소,(토마토) 토마토뿔나방,주의보,방울토마토,"❍ 토마토뿔나방은 남미, 아프리카, 유럽, 아시아(인도, 파키스탄, 중국(신장), 네팔, 미얀마 등) 지역에 분포하는 외래 유입종으로
❍ 알에서 부화한 유충이 자라면서 줄기, 과실 등 식물체 조직에 구멍을뚫고 들어가 작물을 가해하여 피해를 주는데, 적기에 방제하지 못해유충 발생 밀도가 높아지면, 피해가 매우 커지므로 작기 시작 전과초기에 집중 예찰과 방제가 중요
⇒ 예찰 트랩과 끈끈이트랩 등을 활용해 발생 여부를 주기적으로 살피고, 발견 즉시 안전사용기준에 맞춰 약제 방제한다.
⇒ 약제를 쓸 수 없는 친환경 재배 농가는 방충망(1.6mm 미만)을설치하고 재배 초기부터 교미교란제와 유기농업자재 등을 병행해방제를 실시",14호.txt
2024,14,11,2024-11-01,2024-11-30,과수,과수화상병,주의보,사과,"❍ (과수화상병) 세균에 의해 사과 및 배나무의 꽃, 잎, 열매, 가지가불에 탓 것과 같이 검게 변하고 서서히 말라죽게 되는데 전염성이높아 사전 예방을 위해 사전방제와 과원 및 농자재 관리가 필수⇒ 걸리면 방제가 불가능 하기에 과수원을 청결하게 관리하고 농작업인원의 과수원 출입 시 사람과 작업도구 등을 수시로 소독⇒ 수시로 예찰을 하고 의심증상 발견 시에는 전국 대표전화(1833-8572)또는 가까운 농업기술센터·농업기술원에 즉시 신고
❍ (과수가지검은마름병) 과수화상병과 증상이 비슷하여 육안으로는구분이 불가하며, 발생시기와 전파경로, 피해증상이 유사함",14호.txt
2024,14,12,2024-11-01,2024-11-30,과수,탄저병,주의보,"단감,사과","❍ 탄저병은 주요 관리 과수병으로 병원균은 주로 습기가 많은 기후조건과 25℃ 전후 온도에서 감염이 잘 이루어짐
❍ 사과(만생종), 단감 등 주요 과수에서 발생하고 있어 확산 방지를위해 지속적인 관찰·방제 등 관리가 필요
⇒ 통풍과 물 빠짐이 잘되도록 관리하고 강우 전 예방적 방제와강우 후 예찰을 통해 발생과가 발견되면 제거하고 확산되지않도록 약제 살포⇒ 약제 살포시 ‘약제 저항성을 방지하기 위해 작용기작이 다른약제를 교호살포’하는 것이 좋음
1개월 기상전망            (출처 : 국립농업과학원, 기상청)1개월(2024.11.04.~12.01.) 전망(기상청, 2024.10.24., 11:00)(기온) 1주, 2주 는  평 년 보 다  높 고, 3주 는  평 년 보 다  조 금  높 겠 으 며, 4주 는  평 년 과  비 슷(강수량) 1주, 2주, 3주, 4주는 평년과 비슷하겠음
❍ 1주(10.7∼10.13):기온은평년보다높겠고,강수량은평년과비슷하겠음
❍ 2주(10.14∼10.20):기온은평년보다높겠고,강수량은평년과비슷하겠음
❍ 3주(10.21∼10.27):기온은평년과비슷하거나높고,강수량은평년과비슷하겠음
❍ 4주(10.28∼11.3): 기온은평년과비슷하겠고,강수량은평년과비슷하겠음
농 업 지 대 지역평균기온 강수량1주 2주 3주 4주 1주 2주 3주 4주(11.4~11.10)(11.11~11.17)(11.18~11.24)(11.25~12.1)(11.4~11.10)(11.11~11.17)(11.18~11.24)(11.25~12.1)1.태백고냉 대관령 조 금 낮 음조 금 높 음조 금 낮 음조 금 높 음조금적음조금적음 적음 비슷2.태백준고냉 인제,홍천,제천 조 금 낮 음조 금 높 음조 금 낮 음조 금 높 음조금적음조금적음 적음 비슷3.소백산간 충주,보은 비슷 조 금 높 음비슷 조 금 높 음적음 조금적음 적음 비슷4.노 령 소 백 산 간임실 비슷 조 금 높 음비슷 조 금 높 음적음 조금적음 적음 비슷5.영 남 내 륙 산 간추풍령,영주,문경 비슷 조 금 높 음비슷 조 금 높 음적음 조금적음조금적음 비슷6.중북부내륙 춘천,양평 조 금 낮 음조 금 높 음조 금 낮 음조 금 높 음조금적음조금적음 적음 비슷7.중부내륙 원주,이천 조 금 낮 음조 금 높 음조 금 낮 음조 금 높 음조금적음조금적음 적음 비슷8.소 백 서 부 내 륙청주,대전,금산 비슷 조 금 높 음비슷 조 금 높 음적음 조금적음 적음 비슷9.노 령 동 서 내 륙정읍,남원,거창,산청 비슷 조 금 높 음비슷 조 금 높 음적음 조금적음 적음 비슷10.호남내륙 광주,순천,장흥 비슷 높음 비슷 조 금 높 음적음 비슷 조금적음 비슷11.영남분지 대구,의성,구미,영천 비슷 조 금 높 음비슷 조 금 높 음적음 조금적음조금적음 비슷12.영남내륙 진주,합천,밀양 비슷 높음 비슷 조 금 높 음적음 비슷 조금적음 비슷13.중서부평야서울,인천,수원,서산,강화,천안,보령 조 금 낮 음조 금 높 음조 금 낮 음조 금 높 음조금적음조금적음 적음 비슷14.차 령 남 부 평 야군산,전주,부여,부안 비슷 조 금 높 음비슷 조 금 높 음적음 조금적음 적음 비슷15.남서해안 목포,완도,해남,고흥 비슷 높음 비슷 조 금 높 음적음 비슷 조금적음 비슷16.남부해안 부산,통영,여수,거제,남해 비슷 높음 비슷 조 금 높 음적음 비슷 조금적음 비슷17.동해안북부 속초,강릉 조 금 낮 음조 금 높 음비슷 조 금 높 음조금적음조금적음조금적음 비슷18.동해안중부 울진,영덕 비슷 조 금 높 음비슷 조 금 높 음적음 조금적음조금적음 비슷19.동 해 안 남 부포항,울산 비슷 높음 비슷 조 금 높 음적음 비슷 조금적음 비슷20.제주 제주,성산,서귀포 비슷 높음 비슷 조 금 높 음적음 비슷 조금적음 비슷평균 비슷 조 금 높 음비슷 조 금 높 음적음 조금적음 적음 비슷10일(2024.10.27.~11.03.) 예보(기상청, 2024.10.24., 06:00)[기상예보]
❍ (기온) 아침 기온은 8~18℃, 평년(최저기온 3~12℃)보다 높겠고, 낮기온은 16~23℃로 평년(최고기온 15~21℃)과 비슷하거나 조금 높겠음",14호.txt
2024,14,13,2024-11-01,2024-11-30,과수,탄저병,주의보,,"❍ (강수) 27일~29일 제주도, 27일~28일 오전 남부지방, 28일~29일 강원영동에 비가 오겠음
[날씨][최저 /최고기온 ]최근 경과기상과 향후 기상전망[ 기  온 ][ 강 수 량 ]연도별 평균기온
❍ ’24년1월부터10월4주차까지의평균기온은16.5℃로,평년(14.6)보다1.9℃높았음
-’24년10월4주차의평균기온은16.7℃로,평년(14.0)보다2.7℃높았음
기 간 1월 2월 3월 4월 5월 6월 7월 8월 9월10월 분석기간1.1~10.23 10.17~10.231주(9.26~10.2)2주(10.3~10.9)3주(10.10~10.16)4주(10.17~10..23)평균(℃)편차(℃)평균(℃)편차(℃)2024년 1.4 4.5 7.2 15.1 17.8 22.7 26.4 28.1 24.9 20.8 16.5 18.0 16.7 16.5 1.9 16.7 2.72023년 0.0 3.0 9.7 13.3 18.0 22.4 25.6 26.6 22.8 20.1 16.5 16.0 13.4 15.8 1.2 13.4 -0.62022년 -0.2 0.4 8.0 13.9 18.2 22.5 26.1 25.5 21.3 19.2 17.0 14.6 12.4 15.2 0.6 12.4 -1.62021년 -0.4 3.9 9.0 13.4 16.9 21.9 26.2 25.0 21.7 20.9 21.6 17.9 9.7 15.5 0.9 9.7 -4.32020년 3.0 3.8 8.0 10.9 17.7 22.7 22.7 26.6 20.4 18.4 16.5 14.3 12.8 15.1 0.5 12.8 -1.22019년 0.5 2.6 7.6 12.0 18.5 21.2 24.7 26.1 21.8 21.6 17.8 15.5 15.5 15.2 0.6 15.5 1.52018년 -1.8 0.0 8.2 13.3 17.8 22.1 26.7 27.2 20.5 17.3 16.8 12.5 12.3 14.9 0.3 12.3 -1.72017년 0.3 1.8 6.4 13.8 18.6 21.7 26.4 25.5 20.6 18.8 18.5 15.7 15.1 15.2 0.6 15.1 1.12016년 -0.6 1.9 7.3 13.8 18.5 22.2 25.4 26.7 21.7 20.4 18.8 15.2 16.6 15.4 0.8 16.6 2.62015년 0.8 2.2 6.8 12.7 18.5 21.5 24.3 25.2 20.5 19.2 17.0 14.5 16.5 14.9 0.3 16.5 2.52014년 0.7 2.7 7.7 13.3 18.3 21.7 24.9 23.7 20.9 19.6 16.1 15.7 14.2 15.0 0.4 14.2 0.210년평균 0.2 2.2 7.9 13.0 18.1 22.0 25.3 25.8 21.2 19.6 17.7 15.2 13.9 15.2 0.6 13.9 -0.1평 년 -0.4 1.7 6.5 12.3 17.5 21.5 24.7 25.4 20.8 18.4 16.8 15.3 14.0 14.6 0.0 14.0 0.0* 10년 평균 :최근 10년(2014∼2023년)동안의 평균기온의 평균** 평년 :30년(1991～2020년)동안의 평균기온의 평균*** 편차 :평년의 평균기온에 대한 연도별 평균기온의 차이연도별 강수량
❍ ’24년1월부터10월4주차까지의강수량의합은1,371.7㎜로,평년(1,267.7)보다104.0㎜많았음(평년대비108.2%)",14호.txt
2024,14,14,2024-11-01,2024-11-30,과수,탄저병,주의보,방울토마토,"-’24년10월4주차의강수량의합은80.5㎜로,평년(12.2)보다68.3㎜많았음(평년대비 659.8%)기 간 1월 2월 3월 4월 5월 6월 7월 8월 9월10월 분석기간1.1~10.23 10.17~10.231주(9.26~10.2)2주(10.3~10.9)3주(10.10~10.16)4주(10.17~10..23)합계(㎜)대비(%)합계(㎜)대비(%)2 0 2 4년 36.9 111.4 68.8 87.9 118.4 147.5 361.4 82.9 241.4 3.9 13.5 19.8 80.5 1371.7 108.2 80.5 659.82 0 2 3년 44.9 20.0 30.5 70.2 207.2 210.1 497.0 286.3 196.9 22.2 4.8 2.6 7.6 1578.2 124.5 7.6 62.32 0 2 2년 5.0 5.5 89.5 62.7 6.3 181.9 181.9 304.3 159.1 2.9 66.3 2.3 2.1 1069.7 84.4 2.1 17.22 0 2 1년 25.4 23.4 112.1 77.5 138.9 94.7 234.7 291.0 167.8 30.3 15.8 32.3 4.8 1220.2 96.3 4.8 39.32 0 2 0년 85.7 62.1 34.4 44.0 107.4 194.3 422.9 397.8 226.0 2.3 2.9 1.6 9.0 1588.4 125.3 9.0 73.82 0 1 9년 9.7 34.5 42.6 80.8 65.0 151.5 238.3 143.6 241.3 122.5 37.4 3.7 5.0 1168.5 92.2 5.0 41.02 0 1 8년 25.5 36.6 116.2 140.3 135.2 147.2 170.7 291.7 157.4 6.0 142.3 1.9 8.6 1374.6 108.4 8.6 70.52 0 1 7년 18.6 36.0 26.1 72.8 31.0 63.1 297.1 239.0 100.6 65.2 11.8 18.8 1.0 960.5 75.8 1.0 8.22 0 1 6년 32.9 50.6 62.8 163.2 103.4 76.4 290.8 86.1 209.6 42.0 101.8 19.0 5.6 1209.8 95.4 5.6 45.92 0 1 5년 31.9 31.0 47.8 135.6 70.1 103.3 189.4 117.5 68.3 45.0 0.5 7.4 0.5 843.2 66.5 0.5 4.12 0 1 4년 14.0 34.8 82.3 89.3 84.2 85.7 167.2 387.2 121.6 9.0 0.5 20.0 74.7 1163.3 91.8 74.7 612.310년평균 29.4 33.5 64.4 93.6 94.9 130.8 269.0 254.5 164.9 34.7 38.4 11.0 11.9 1217.6 96.0 11.9 97.5평 년 30.6 37.5 63.0 90.7 108.0 151.4 290.4 277.6 161.7 28.7 21.0 13.6 12.2 1267.7 100.0 12.2 100.0* 10년 평균 :최근 10년(2014∼2023년)동안의 강수량의 평균** 평년 :30년(1991～2020년)동안의 강수량의 평균*** 대비 :평년의 강수량에 대한 연도별 강수량의 비율과수 화상병 농업인 준수사항토마토뿔나방 관리(예찰·방제) 방법",14호.txt
2024,15,1,2024-12-01,2024-12-31,시설채소,잿빛곰팡이병,예보,"딸기,오이","❍ 시설내의 온도가 20℃ 전후로 낮고 비닐천장에 이슬이 맺힐정도의 습도가 높은 조건이 오래 지속되면 발생이 증가하는데오이, 딸기 등 일부 작물에서 발생되고 있어 주의가 필요함
⇒ 병든 식물은 시설 밖으로 빼내어 소각하거나 땅속에 묻어 전염원을차단하여야 함
⇒ 적절한 환기로 시설 내의 습도를 낮추어 주되 보온에 유의하고,시설 내에서 병이 발생되면 급속하게 번지는 특성이 있으므로발생 초기에 등록약제로 방제하되 약제를 바꾸어 가며 사용해야 함",15호.txt
2024,15,2,2024-12-01,2024-12-31,시설채소,균핵병,예보,"고추,딸기,방울토마토,오이","❍ 잿빛곰팡이병과 비슷한 환경인 온도가 낮고 습도가 높을 때 발생하며 질소질 비료를 많이 주어 작물체가 연약하게 자라거나연작에 의하여 병원균 밀도가 높을 때 발생이 늘어남. 오이,토마토, 고추, 딸기 등 중기와 가지의 분지점에 침입하여 발생하며, 윗부분의 줄기와 잎이 시들어 말라 죽게 되는 병임
⇒ 적절한 환기로 과습한 환경을 피하고보온력을 강화하여 적정온도를 유지시키며, 병든 기주는 바로 없애주고농약안전사용기준을 준수하여 잿빛곰팡이병과 동시 방제할 수 있도록 함",15호.txt
2024,15,3,2024-12-01,2024-12-31,시설채소,흰가루병,예보,"딸기,멜론,오이","❍ 분생포자가 공기로 전염되며 건조하면서 일교차가 심한 환경에서많이 발생하는데 12월 기온의 변화가 클 것으로 예상돼 오이,멜론 등 박과작물과 딸기 등에 발생 증가가 우려됨
⇒ 햇볕 쪼임이 부족하고 비료기가 많은 조건에서 발생이 많으므로질소질 비료를 알맞게 주며, 병든 잎과 과실은 신속히 제거하고병 발생 초기에 등록 약제로 방제",15호.txt
2024,15,4,2024-12-01,2024-12-31,시설채소,노균병,예보,"멜론,오이","❍ 오이, 멜론 등 시설 내의 습도가 높고 온도가 낮은(20℃ 전후)조건에서 발생이 많고, 일조량이 부족하거나 거름기가 모자라작물 생육이 왕성하지 못할 때 발생이 많음
⇒ 야간에 보온관리를 잘하여 저온이 되지 않도록 하고, 웃거름주기와 열매솎기 및 햇볕 쪼임을 좋게 하여 튼튼하게 생육하도록함과 동시에 습도가 높아지지 않도록 환기를 철저히 해줌⇒ 특히 오이 시설재배 중 환기를 시키는 과정에서 찬바람이 식물체에직접 닿을 경우 노균병이 심하게 발생되므로 환기 할 때 유의⇒ 병이 발생된 포장은 병든 잎을 일찍 따낸 다음 발병 초기에등록약제로 방제",15호.txt
2024,15,5,2024-12-01,2024-12-31,시설채소,딸기 꽃곰팡이병,예보,딸기,"❍ 암술에 녹색 곰팡이가 발생하는 병으로 심할 경우 꽃 전체가 마르면서 기형과를 유발하는 피해를 입힘
❍ 병원균은 딸기꽃 외에도 시설 내 식물 잔재물, 토양, 유기물 등에서도 증식이 가능하며 저온과 습도가높을 때 발생이 증가함
⇒ 시설 내 습도를 낮추고 식물체로 물방울이 떨어지지 않도록 하며 식물체잔재물을 제거하는 등 청결한 환경관리 필요
* 농촌진흥청 농사로 「딸기 주요 병해충 방제」 동영상 참고(https://www.nongsaro.go.kr/portal/ps/psb/psbo/vodPlay.ps?mvpNo=1727&mvpClipNo=&menuId=PS00069&cntntsNo=221247)",15호.txt
2024,15,6,2024-12-01,2024-12-31,시설채소,딸기 세균모무늬병,예보,딸기,"❍ 생육 초기 잎 뒷면에 작은 수침상이 나타나고 점차 확대되어잎 앞면에 점무늬를 형성함
❍ 후기의 병반은 세균 누출액으로 덮여 빛이 나고, 잎 전체가마르면서 갈색으로 변색되고 떨어지게 됨
❍ 세균 누출액이 튀거나 접촉으로 번지는 원인이 되고 딸기 러너에의해 확산됨
⇒ 감염된 포장이나 모주를 통해 전염되므로 병에 걸린 포기는 제거하여 태우거나 땅에 묻고, 병에 걸렸던 포장의 딸기는 절대 모주로사용하지 말아야 함",15호.txt
2024,15,7,2024-12-01,2024-12-31,시설채소,토마토반점위조바이러스(TSWV),예보,"고추,방울토마토,파프리카","❍ 총채벌레가 전염시키는 바이러스 병으로 파프리카, 고추, 토마토등 시설재배지에서 이들 매개충이 꾸준히 발생하고 있으며, 방제시기를 놓칠 경우 피해가 커지기 때문에 초기 예방이 중요
⇒ 병에 걸린 식물을 발견하면 즉시 제거하여 병이 확산되는 것을 예방",15호.txt
2024,15,8,2024-12-01,2024-12-31,시설채소,토마토황화잎말림병(TYLCV),예보,방울토마토,"❍ 가지과 작물에서 담배가루이가 병을 매개하므로 육묘 단계부터정식 초기에 예찰을 강화하여 감염여부를 판단하고 정식 후에는잎 뒷면과 포장주위를 살펴보아 담배가루이를 철저히 방제⇒ 병을 전염시키는 담배가루이의 세대 기간이 짧아 연간 발생횟수가많으므로 방충망을 설치하여 시설 안으로 담배가루이가 들어오는것을 막고 발생 초기에 등록약제로 방제하는 등 철저한 관리로병이 확산되는 것을 예방⇒ 발생된 시설재배 농가 주변지역은 담배가루이의 기주식물이 되는잡초와 병에 걸린 식물은 뽑아서 제거※ 기주식물 : 큰개불알풀, 광대나물, 별꽃,큰망초, 쑥, 머위",15호.txt
2024,15,9,2024-12-01,2024-12-31,시설채소,쥬키니황화모자이크바이러스(ZYMV),예보,"오이,호박","❍ 호박, 오이 등 과채류에서 전년에 이어 발생이 증가할 것으로 예상되며, 진딧물이 병을 매개하는 한편 이병식물의 접촉에 의한전염도 가능하므로 농작업 시 주의가 필요
⇒ 진딧물 방제를 철저히 하고 작물이 시설 내에 연중 재배되어항상 전염원이 있으므로 즙액에 의한 접촉전염을 막기 위해 병든식물체는 즉시 제거",15호.txt
2024,15,10,2024-12-01,2024-12-31,시설채소,총채벌레류․가루이류․진딧물류․응애류․작은뿌리파리,예보,"감자,고추,방울토마토,오이","❍ (총채벌레류) 꽃노랑총채벌레, 오이총채벌레 등은 오이, 고추,토마토 등 시설 내에서 연중 발생하는 해충으로 방제시기를 놓칠경우 바이러스병을 전염시켜 큰 피해를 주는 해충임
❍ (가루이류·진딧물류) 온실가루이와 담배가루이는 가지과 작물에서, 진딧물은 엽채류와 과채류에서 주로 발생하며 식물체의즙액을 빨아먹는 직접적인 피해뿐만 아니라 그을음병과 바이러스병 등을 유발함
❍ (응애류) 작물이 피해를 받으면 잎이 누렇게 변하여 말라 죽게 됨
⇒ 이들 해충은 일단 발생되면 방제가 어려우므로 방충망을 설치하는등 시설 안으로 들어오지 못하도록 막고, 크기가 작아 발생을 알아보기가 어려우므로 끈끈이 트랩을 매달아 주의 깊게 살펴봄⇒ 해충에 따라 발생초기 천적을 투입하거나 등록약제로 방제하고,약제 살포 시에는 안전사용기준을 지키고 계통이 다른 약제로바꾸어 가면서 살포하여 저항성 유발을 최소화
❍ (작은뿌리파리 ) 밭작물, 채소, 화훼 등에서 전 생육기간 동안발생하며, 성충은 유기물이 풍부한 상토 또는 양액 육묘의 암면큐브 위 이끼에 산란하고 부화유충은 지제부와 뿌리에 해를입혀 시들음병이나 청고병과 같은 지상부 시들음증상을 유발⇒ 유충은 감자 절편에 잘 유인되기 때문에 깍두기 모양의 크기로절단하여 작물의 뿌리 주변에 놓아두면 발생여부와 발생량을예찰할 수 있음
⇒ 노란색 끈끈이 트랩을 지상부 50㎝ 이하에 설치해 두면 성충 발생여부와 발생량 예찰에 도움이 됨",15호.txt
2024,15,11,2024-12-01,2024-12-31,과수,과수화상병,예보,사과,"❍ (과수화상병) 사과, 배 등의 병든 꽃은 수침상이 되고 쭈그러든후 흑갈색으로 변해 떨어지거나 나무에 매달려 있게 되고 꽃이달린 가지나 인접한 가지로 진전되어 잎맥을 따라 흑갈색의병반이 생기고 병이 진전됨에 따라 병든 잎은 말리고, 쭈그러들어보통은 가지에 매달려 있음. 병든 가지의 나무껍질은 흑갈색으로변하면서 물러졌다가 후에 위축되고 단단해져 궤양병반을 형성⇒ 한번 걸리면 방제가 불가능하기 때문에 예방을 위하여 과수원을 청결하게 관리하고 농작업을 하는 사람의 과수원 출입시사람과 작업도구 등을 수시로 소독⇒ 의심증상 발견 시에는 전국 대표전화(1833-8572) 또는 가까운농업기술센터·농업기술원에 즉시 신고, 병균의 밀도가 낮아 진단되지 않더라도 갈변궤양은 끝에서 40~70cm 아래를 절단․제거
❍ (과수가지검은마름병) 과수화상병과 증상이 비슷하여 육안으로는구분이 불가하며, 발생시기와 전파경로, 피해증상이 유사함.
사과나무병징엽맥따라갈색병반형성 신초마름병징(지팡이모양) 과실 줄기 병징배나무병징꽃전체가시들고마름 신초마름병징(지팡이모양) 과실 줄기 병징1개월 기상전망            (출처 : 국립농업과학원, 기상청)기온은 1주, 3주, 4주는 평년과 비슷하겠고, 2주는 평년보다 낮겠음
강수량은 1주, 2주, 3주는 평년보다 비슷하거나 적겠고, 4주는 평년과비슷하겠음
❍ 1주(12.11~12.17): 이동성 고기압과 대륙고기압의 영향을 받겠으나, 남쪽에서다가오는 저기압의 영향을 받을 때가 있겠음
- 기온은 평년과 비슷하겠고, 강수량은 평년보다 많겠음
❍ 2주(12.18~12.24): 이동성 고기압의 영향을 주로 받겠으나, 일시적으로 대륙고기압의 영향을 받아 추울 때가 있겠음
- 기온은 평년과 비슷하거나 높겠고, 강수량은 평년과 비슷하겠음
❍ 3주(12.25~12.31): 이동성 고기압의 영향을 주로 받겠으며, 남쪽에서 다가오는저기압의 영향을 받을 때가 있겠음
- 기온은 평년보다 높겠고, 강수량은 평년보다 많겠음
❍ 4주(1.1~1.7): 이동성 고기압과 대륙고기압의 영향을 받겠으나, 남쪽을 지나는저기압의 영향을 받을 때가 있겠음
- 기온은 평년과 비슷하거나 높겠고, 강수량은 평년과 비슷하거나 많겠음",15호.txt
2024,15,12,2024-12-01,2024-12-31,과수,과수화상병,예보,,"농업지대 지역평균기온 강수량1주 2주 3주 4주 1주 2주 3주 4주(12.9~12.15)(12.16~12.22)(12.23~12.29)(12.30~1.5) (12.9~12.15)(12.16~12.22)(12.23~12.29)(12.30~1.5)1 .태 백 고 냉 대 관 령조금낮음 낮음 조금낮음조금낮음조금적음조금적음조금적음 비슷2 .태 백 준 고 냉인 제,홍 천,제 천조금낮음 낮음 조금낮음조금낮음조금적음조금적음조금적음 비슷3 .소 백 산 간충 주,보 은 조금낮음 낮음 조금낮음조금낮음조금적음조금적음조금적음 비슷4 .노 령 소 백 산 간임 실 비슷 낮음 비슷 비슷 비슷 비슷 비슷 비슷5 .영 남 내 륙 산 간추 풍 령,영 주,문 경조금낮음 낮음 비슷 비슷 조금적음조금적음조금적음 비슷6 .중 북 부 내 륙춘 천,양 평 조금낮음 낮음 조금낮음조금낮음조금적음조금적음조금적음 비슷7 .중 부 내 륙원 주,이 천 조금낮음 낮음 조금낮음조금낮음조금적음조금적음조금적음 비슷8 .소 백 서 부 내 륙청 주,대 전,금 산 비슷 낮음 비슷 비슷 비슷 비슷 비슷 비슷9 .노 령 동 서 내 륙정 읍,남 원,거 창,산 청비슷 낮음 비슷 비슷 비슷 비슷 비슷 비슷1 0 .호 남 내 륙광 주,순 천,장 흥 비슷 낮음 비슷 비슷 비슷 비슷 비슷 비슷1 1 .영 남 분 지대 구,의 성,구 미,영 천조금낮음 낮음 비슷 비슷 조금적음조금적음조금적음 비슷1 2 .영 남 내 륙진 주,합 천,밀 양 비슷 낮음 비슷 비슷 비슷 조금적음조금적음 비슷1 3 .중 서 부 평 야서 울,인 천,수 원,서 산,강 화,천 안,보 령조금낮음 낮음 조금낮음 비슷 조금적음 비슷 비슷 비슷1 4 .차 령 남 부 평 야군 산,전 주,부 여,부 안비슷 낮음 비슷 비슷 비슷 비슷 비슷 비슷1 5 .남 서 해 안목 포,완 도,해 남,고 흥비슷 낮음 비슷 비슷 비슷 비슷 비슷 비슷1 6 .남 부 해 안부 산,통 영,여 수,거 제,남 해 비슷 낮음 비슷 비슷 비슷 조금적음조금적음 비슷1 7 .동 해 안 북 부속 초,강 릉 비슷 낮음 비슷 비슷 비슷 비슷 조금적음 비슷1 8 .동 해 안 중 부울 진,영 덕 조금낮음 낮음 비슷 비슷 조금적음조금적음조금적음 비슷1 9 .동 해 안 남 부포 항,울 산 비슷 낮음 비슷 비슷 비슷 조금적음조금적음 비슷2 0 .제 주 제 주,성 산,서 귀 포비슷 낮음 비슷 비슷 비슷 비슷 비슷 비슷평균 비슷 낮음 비슷 비슷 조금적음조금적음조금적음 비슷10일(2024.12.01.~12.08.) 예보(기상청, 2024.11.28., 06:00)<기상예보>
❍ (기온) 아침 기온은 -6~8℃, 낮 기온은 0~16℃로 평년(최저기온 -5~5℃, 최고기온4~13℃)과 비슷하겠음
❍ (강수) 1일 오후 제주도에, 2일 오후는 중부지방(강원 영동 제외)과 전북에 비 또는눈이 오는 곳이 있겠음
<날씨><최저/최고기온>최근 경과기상과 향후 기상전망<기온><강수량>연도별 평균기온
❍ ‘24년 1월부터 11월 4주차까지의 평균기온은 16.0℃로, 평년(14.0)보다 2.0℃ 높았음
- ’24년 11월 4주차의 평균기온은 7.4℃로, 평년(5.9)보다 1.5℃ 높았음",15호.txt
2024,15,13,2024-12-01,2024-12-31,과수,과수화상병,예보,,"기간 1월 2월 3월 4월 5월 6월 7월 8월 9월 10월11월 분석기간1.1~11.27. 11.21~11.271주(10.31~11.6)2주(11.7~11.13)3주(11.14~11.20)4주(11.21~11.27)평균(℃) 편차(℃) 평균(℃) 편차(℃)‘24년 1.4 4.5 7.2 15.1 17.8 22.7 26.4 28.1 24.9 16.5 13.6 12.1 10.7 7.4 16.0 2.0 7.4 1.5‘23년 0.0 3.0 9.7 13.3 18.0 22.4 25.6 26.6 22.8 15.2 17.4 7.5 6.0 6.3 15.2 1.2 6.3 0.4‘22년 -0.2 0.4 8.0 13.9 18.2 22.5 26.1 25.5 21.3 14.4 10.1 12.4 9.9 9.8 14.7 0.7 9.8 3.9‘21년 -0.4 3.9 9.0 13.4 16.9 21.9 26.2 25.0 21.7 15.6 12.3 8.7 9.6 6.2 14.9 0.9 6.2 0.3‘20년 3.0 3.8 8.0 10.9 17.7 22.7 22.7 26.6 20.4 14.1 10.0 9.4 13.0 6.5 14.6 0.6 6.5 0.6‘19년 0.5 2.6 7.6 12.0 18.5 21.2 24.7 26.1 21.8 15.9 13.0 9.7 7.0 8.5 14.7 0.7 8.5 2.6‘18년 -1.8 0.0 8.2 13.3 17.8 22.1 26.7 27.2 20.5 13.1 9.7 11.2 7.8 5.4 14.3 0.3 5.4 -0.5‘17년 0.3 1.8 6.4 13.8 18.6 21.7 26.4 25.5 20.6 15.4 10.3 10.0 4.3 4.0 14.5 0.5 4.0 -1.9‘16년 -0.6 1.9 7.3 13.8 18.5 22.2 25.4 26.7 21.7 15.9 9.1 9.4 10.9 4.2 14.8 0.8 4.2 -1.7‘15년 0.8 2.2 6.8 12.7 18.5 21.5 24.3 25.2 20.5 15.1 10.3 12.7 12.6 7.1 14.5 0.5 7.1 1.2‘14년 0.7 2.7 7.7 13.3 18.3 21.7 24.9 23.7 20.9 14.9 11.6 8.9 6.1 9.4 14.5 0.5 9.4 3.510년평균 0.2 2.2 7.9 13.0 18.1 22.0 25.3 25.8 21.2 15.0 11.4 10.0 8.7 6.7 14.7 0.7 6.7 0.8평년 -0.4 1.7 6.5 12.3 17.5 21.5 24.7 25.4 20.8 14.7 10.8 10.0 7.4 5.9 14.0 0.0 5.9 0.0* 10년평균:최근10년(2014~2023년)동안의평균기온의평균** 평년:30년(1991～2020년)동안의평균기온의평균***편차:평년의평균기온에대한연도별평균기온의차이연도별 강수량
❍ ‘24년 1월부터 11월 4주차까지의 강수량의 합은 1,447.4㎜로, 평년(1,326.0)보다 121.4㎜ 많았음(평년대비 109.2%)",15호.txt
2024,15,14,2024-12-01,2024-12-31,과수,과수화상병,예보,"배,사과","- ’24년 11월 4주차의 강수량의 합은 28.6㎜로, 평년(11.5)보다 17.1㎜ 많았음(평년대비 248.7%)기간 1월 2월 3월 4월 5월 6월 7월 8월 9월 10월11월 분석기간1.1~11.27. 11.21~11.271주(10.31~11.6)2주(11.7~11.13)3주(11.14~11.20)4주(11.21~11.27)합계(㎜)대비(%)합계(㎜)대비(%)‘24년 36.9 111.4 68.8 87.9 118.4 147.5 361.4 82.9 241.4 118.8 37.5 1.3 4.6 28.6 1447.4109.2 28.6 248.7‘23년 44.9 20.0 30.5 70.2 207.2 210.1 497.0 286.3 196.9 18.0 38.6 9.5 14.3 2.3 1645.9124.1 2.3 20.0‘22년 5.0 5.5 89.5 62.7 6.3 181.9 181.9 304.3 159.1 77.7 0.4 22.3 1.9 10.0 1108.4 83.6 10.0 87.0‘21년 25.4 23.4 112.1 77.5 138.9 94.7 234.7 291.0 167.8 55.2 0.9 30.4 0.2 4.3 1256.1 94.7 4.3 37.4‘20년 85.7 62.1 34.4 44.0 107.4 194.3 422.9 397.8 226.0 13.8 4.5 0.0 31.3 3.5 1627.7122.8 3.5 30.4‘19년 9.7 34.5 42.6 80.8 65.0 151.5 238.3 143.6 241.3 165.6 1.7 12.1 34.9 6.4 1227.8 92.6 6.4 55.7‘18년 25.5 36.6 116.2 140.3 135.2 147.2 170.7 291.7 157.4 166.6 0.4 42.5 1.7 5.4 1437.2108.4 5.4 47.0‘17년 18.6 36.0 26.1 72.8 31.0 63.1 297.1 239.0 100.6 77.9 2.6 2.6 1.1 7.6 976.0 73.6 7.6 66.1‘16년 32.9 50.6 62.8 163.2 103.4 76.4 290.8 86.1 209.6 156.1 2.2 11.7 16.3 6.0 1267.5 95.6 6.0 52.2‘15년 31.9 31.0 47.8 135.6 70.1 103.3 189.4 117.5 68.3 66.3 3.1 77.2 28.3 27.6 997.1 75.2 27.6 240.0‘14년 14.0 34.8 82.3 89.3 84.2 85.7 167.2 387.2 121.6 121.2 28.5 5.8 1.2 32.7 1231.5 92.9 32.7 284.310년평균 29.4 33.5 64.4 93.6 94.9 130.8 269.0 254.5 164.9 91.8 8.3 21.4 13.1 10.6 1277.5 96.3 10.6 92.2평년 30.6 37.5 63.0 90.7 108.0 151.4 290.4 277.6 161.7 68.7 9.7 15.3 11.4 11.5 1326.0100.0 11.5 100.0*10년평균:최근10년(2014~2023년)동안의강수량의평균**평년:30년(1991～2020년)동안의강수량의평균***대비:평년의강수량에대한연도별강수량의비율리플릿 사과·배 화상병 예방을 위한 궤양 제거 방법리플릿 겨울철 대설·한파 대비 농작물 및 시설물 관리요령리플릿 미세먼지 줄이기 행동요령12월 주요 품목별 농약 사용 주의보12월 주요 품목별 농약 사용 주의보",15호.txt
2024,1,1,2024-01-01,2024-01-31,시설채소,잿빛곰팡이병,예보,"딸기,오이","❍ 시설내의 온도가 20℃ 전후로 낮고 비닐천정에 이슬이 맺힐정도의 습도가 높은 조건이 오래 지속되면 발생이 증가하는데오이, 딸기 등 일부 작물에서 발생되고 있어 주의가 필요함
⇒ 병든 식물은 시설 밖으로 빼내어 땅속에 묻어 전염원을 차단하여야 함
⇒ 적절한 환기로 시설 내의 습도를 낮추어 주되 보온에 유의하고,시설 내에서 병이 발생되면 급속하게 번지는 특성이 있으므로발생 초기에 등록약제로 방제하되 약제를 바꾸어 가며 사용해야 함",1호.txt
2024,1,2,2024-01-01,2024-01-31,시설채소,균핵병,예보,"고추,딸기,방울토마토,오이","❍ 잿빛곰팡이병과 비슷한 환경인 온도가 낮고 습도가 높을 때 발생하며 질소질 비료를 많이 주어 작물체가 연약하게 자라거나연작에 의하여 병원균 밀도가 높을 때 발생이 늘어남. 오이,토마토, 고추, 딸기 등 중기와 가지의 분지점에 침입하여 발생하며, 윗부분의 줄기와 잎이 시들어 말라 죽게 되는 병임
⇒ 적절한 환기로 과습한 환경을 피하고보온력을 강화하여 적정온도를 유지시키며,병든 기주는 바로 없애주고 농약안전사용기준을 준수하여 잿빛곰팡이병과 동시방제할 수 있도록 함",1호.txt
2024,1,3,2024-01-01,2024-01-31,시설채소,흰가루병,예보,"딸기,멜론,오이","❍ 분생포자가 공기로 전염되며 건조하면서 일교차가 심한 환경에서많이 발생하는데 1월 기온의 변화가 클 것으로 예상돼 오이, 멜론 등 박과작물과 딸기 등에 발생 증가가 우려됨
⇒ 햇볕 쪼임이 부족하고 비료기가 많은 조건에서 발생이 많으므로질소질 비료를 알맞게 주며, 병든 잎과 과실은 신속히 제거하고병 발생 초기에 등록 약제로 방제",1호.txt
2024,1,4,2024-01-01,2024-01-31,시설채소,노균병,예보,"멜론,오이","❍ 오이, 멜론 등 시설 내의 습도가 높고 온도가 낮은(20℃ 전후)조건에서 발생이 많고, 일조량이 부족하거나 거름기가 모자라작물 생육이 왕성하지 못할 때 발생이 많음
⇒ 야간에 보온관리를 잘하여 저온이 되지 않도록 하고, 웃거름주기와 열매솎기 및 햇볕 쪼임을 좋게 하여 튼튼하게 생육하도록함과 동시에 습도가 높아지지 않도록 환기를 철저히 해줌⇒ 특히 오이 시설재배 중 환기를 시키는 과정에서 찬바람이 식물체에직접 닿을 경우 노균병이 심하게 발생되므로 환기 할 때 유의⇒ 병이 발생된 포장은 병든 잎을 일찍 따낸 다음 발병 초기에등록약제로 방제",1호.txt
2024,1,5,2024-01-01,2024-01-31,시설채소,딸기 꽃곰팡이병,예보,딸기,"❍ 암술에 녹색 곰팡이가 발생하는 병으로 심할 경우 꽃 전체가 마르면서 기형과를 유발하는 피해를 입힘
❍ 최근 한파로 인한 하우스 환기 부족, 폭설로 인한 과습, 일조부족 등으로 딸기의 생육이 저조하여 병 감염에 취약해진 상태임
❍ 병원균은 딸기꽃 외에도 시설 내 식물 잔재물, 토양, 유기물 등에서도 증식이 가능하며 저온과 습도가 높을 때 발생이 증가함
⇒ 시설 내 습도를 낮추고 식물체로 물방울이 떨어지지 않도록 하며식물체 잔재물을 제거하는 등 청결한 환경관리 필요
* 농촌진흥청 농사로 「딸기 주요 병해충 방제」 동영상 참고(https://www.nongsaro.go.kr/portal/ps/psb/psbo/vodPlay.ps?mvpNo=1727&mvpClipNo=&menuId=PS00069&cntntsNo=221247)",1호.txt
2024,1,6,2024-01-01,2024-01-31,시설채소,딸기 세균모무늬병,예보,딸기,"❍ 생육 초기 잎 뒷면에 작은 수침상이 나타나고 점차 확대되어잎 앞면에 점무늬를 형성함
❍ 후기의 병반은 세균 누출액으로 덮여 빛이 나고, 잎 전체가마르면서 갈색으로 변색되고 떨어지게 됨
❍ 세균 누출액이 튀거나 접촉으로 번지는 원인이 되고 딸기 러너에의해 확산됨
⇒ 감염된 포장이나 모주를 통해 전염되므로 병에 걸린 포기는 제거하여 태우거나 땅에 묻고, 병에 걸렸던 포장의 딸기는 절대 모주로사용하지 말아야 함",1호.txt
2024,1,7,2024-01-01,2024-01-31,시설채소,토마토반점위조바이러스(TSWV),예보,"고추,방울토마토,파프리카","❍ 총채벌레가 전염시키는 바이러스 병으로 파프리카, 고추, 토마토등 시설재배지에서 이들 매개충이 꾸준히 발생하고 있으며, 방제시기를 놓칠 경우 피해가 커지기 때문에 초기 예방이 중요
⇒ 병에 걸린 식물을 발견하면 즉시 제거하여 병이 확산되는 것을 예방",1호.txt
2024,1,8,2024-01-01,2024-01-31,시설채소,토마토황화잎말림병(TYLCV),예보,방울토마토,"❍ 가지과 작물에서 담배가루이가 병을 매개하므로 육묘 단계부터정식 초기에 예찰을 강화하여 감염여부를 판단하고 정식 후에는잎 뒷면과 포장주위를 살펴보아 담배가루이를 철저히 방제⇒ 병을 전염시키는 담배가루이의 세대 기간이 짧아 연간 발생횟수가많으므로 방충망을 설치하여 시설 안으로 담배가루이가 들어오는것을 막고 발생 초기에 등록약제로 방제하는 등 철저한 관리로병이 확산되는 것을 예방⇒ 발생된 시설재배 농가 주변지역은 담배가루이의 기주식물이 되는잡초와 병에 걸린 식물은 뽑아서 제거※ 기주식물 : 큰개불알풀, 광대나물, 별꽃,큰망초, 쑥, 머위",1호.txt
2024,1,9,2024-01-01,2024-01-31,시설채소,쥬키니황화모자이크바이러스(ZYMV),예보,"오이,호박","❍ 호박, 오이 등 과채류에서 전년에 이어 발생이 증가할 것으로 예상되며, 진딧물이 병을 매개하는 한편 이병식물의 접촉에 의한 전염도 가능하므로 농작업 시 주의가 필요
⇒ 진딧물 방제를 철저히 하고 작물이 시설내에 연중 재배되어 항상 전염원이 있으므로 즙액에 의한 접촉전염을 막기 위해 병든 식물체는 즉시 제거",1호.txt
2024,1,10,2024-01-01,2024-01-31,시설채소,총채벌레류․가루이류․진딧물류․응애류․작은뿌리파리,예보,"감자,고추,방울토마토,오이","❍ (총채벌레류) 꽃노랑총채벌레, 오이총채벌레 등은 오이, 고추,토마토 등 시설 내에서 연중 발생하는 해충으로 방제시기를 놓칠경우 바이러스병을 전염시켜 큰 피해를 주는 해충임
❍ (가루이류·진딧물류) 온실가루이와 담배가루이는 가지과 작물에서, 진딧물은 엽채류와 과채류에서 주로 발생하며 식물체의즙액을 빨아먹는 직접적인 피해뿐만 아니라 그을음병과 바이러스병 등을 유발함
❍ (응애류) 작물이 피해를 받으면 잎이 누렇게 변하여 말라 죽게 됨
⇒ 이들 해충은 일단 발생되면 방제가 어려우므로 방충망을 설치하는등 시설 안으로 들어오지 못하도록 막고, 크기가 작아 발생을 알아보기가 어려우므로 끈끈이를 매달아 주의 깊게 살펴봄⇒ 해충에 따라 발생 초기 천적을 투입하거나 등록 약제로 방제하고,약제 살포 시에는 안전사용기준을 지키고 계통이 다른 약제로바꾸어 가면서 살포하여 저항성 유발을 최소화
❍ (작은뿌리파리 ) 밭작물, 채소, 화훼 등에서 전 생육기간 동안발생하며, 성충은 유기물이 풍부한 상토 또는 양액 육묘의 암면큐브 위 이끼에 산란하고 부화유충은 지제부와 뿌리에 해를입혀 시들음병이나 청고병과 같은 지상부 시들음 증상을 유발⇒ 유충은 감자 절편에 잘 유인되기 때문에 깍두기 모양의 크기로절단하여 작물의 뿌리 주변에 놓아두면 발생 여부와 발생량을 예찰할 수 있음
⇒ 노란색 끈끈이 트랩을 지상부 50㎝ 이하에 설치해 두면 성충 발생여부와 발생량 예찰에 도움이 됨",1호.txt
2024,1,11,2024-01-01,2024-01-31,과수,과수화상병,예보,사과,"❍ (과수화상병) 사과, 배 등의 병든 꽃은 수침상이 되고 쭈그러든후 흑갈색으로 변해 떨어지거나 나무에 매달려 있게 되고 꽃이달린 가지나 인접한 가지로 진전되어 잎맥을 따라 흑갈색의병반이 생기고 병이 진전됨에 따라 병든 잎은 말리고, 쭈그러들어보통은 가지에 매달려 있음. 병든 가지의 나무껍질은 흑갈색으로변하면서 물러졌다가 후에 위축되고 단단해져 궤양병반을 형성⇒ 한번 걸리면 방제가 불가능하기 때문에 예방을 위하여 과수원을 청결하게 관리하고 농작업을 하는 사람의 과수원 출입시사람과 작업도구 등을 수시로 소독⇒ 의심증상 발견 시에는 전국 대표전화(1833-8572) 또는 가까운농업기술센터·농업기술원에 즉시 신고, 병균의 밀도가 낮아 진단되지 않더라도 갈변궤양은 끝에서 40~70cm 아래를 절단․제거[사과월동기화상병궤양증상]
❍ (과수가지검은마름병) 과수화상병과 증상이 비슷하여 육안으로는구분이 불가하며, 발생시기와 전파경로, 피해증상이 유사함.
1개월 기상전망            (출처 : 국립농업과학원, 기상청)기온은 1주는 평년과 비슷하거나 낮겠고, 2주, 3주는 평년과 비슷하거나높겠으며, 4주는 평년과 비슷하겠음
강수량은 1주, 2주, 3주는 평년과 비슷하거나 많겠고, 4주는 평년과 비슷하겠음
❍ 1주(1.8~1.14): 찬 대륙고기압의 영향으로 기온이 하강할 때가 있겠고, 저기압의 영향을 받을 때가 있겠음
- 기온은 평년과 비슷하거나 낮겠고, 강수량은 평년과 비슷하거나 많겠음
❍ 2주(1.15~1.21): 이동성 고기압과 대륙고기압의 영향을 받겠으나, 저기압의영향을 받을 때가 있겠음
- 기온은 평년과 비슷하거나 높겠고, 강수량은 평년과 비슷하거나 많겠음
❍ 3주(1.22~1.28): 이동성 고기압과 대륙고기압의 영향을 받겠으나, 저기압의영향을 받을 때가 있겠음
- 기온은 평년과 비슷하거나 높겠고, 강수량은 평년과 비슷하거나 많겠음
❍ 4주(1.29~2.4): 이동성 고기압과 대륙고기압의 영향을 받아, 기온의 변동폭이크겠음
- 기온은 평년과 비슷하겠고, 강수량은 평년과 비슷하겠음",1호.txt
2024,1,12,2024-01-01,2024-01-31,과수,과수화상병,예보,,"농업지대 지역 평균기온 강수량1주 2주 3주 4주 1주 2주 3주 4주(1.8~1.14) (1.15~1.21) (1.22~1.28) (1.29~2.4) (1.8~1.14) (1.15~1.21) (1.22~1.28) (1.29~2.4)1.태백고냉 대관령 조금낮음 비슷 조금높음 비슷 조금많음 조금많음 조금많음 비슷2.태백준고냉 인제,홍천,제천 조금낮음 비슷 조금높음 비슷 조금많음 조금많음 조금많음 비슷3.소백산간 충주,보은 조금낮음 조금높음 조금높음 비슷 조금많음 조금많음 조금많음 비슷4.노령소백산간 임실 조금낮음 조금높음 조금높음 비슷 조금많음 조금많음 조금많음 비슷5.영남내륙산간 추풍령,영주,문경 조금낮음 조금높음 조금높음 비슷 비슷 조금많음 조금많음 비슷6.중북부내륙 춘천,양평 조금낮음 비슷 조금높음 비슷 조금많음 조금많음 조금많음 비슷7.중부내륙 원주,이천 조금낮음 비슷 조금높음 비슷 조금많음 조금많음 조금많음 비슷8.소백서부내륙 청주,대전,금산 조금낮음 조금높음 조금높음 비슷 조금많음 조금많음 조금많음 비슷9.노령동서내륙 정읍,남원,거창,산청 조금낮음 조금높음 조금높음 비슷 조금많음 조금많음 조금많음 비슷10.호남내륙 광주,순천,장흥 조금낮음 조금높음 조금높음 조금높음 조금많음 조금많음 조금많음 비슷11.영남분지 대구,의성,구미,영천 조금낮음 조금높음 조금높음 비슷 비슷 조금많음 조금많음 비슷12.영남내륙 진주,합천,밀양 조금낮음 조금높음 조금높음 조금높음 비슷 조금많음 조금많음 비슷13.중서부평야 서울,인천,수원,서산,강화,천안,보령 조금낮음 비슷 조금높음 비슷 조금많음 조금많음 조금많음 비슷14.차령남부평야 군산,전주,부여,부안 조금낮음 조금높음 조금높음 비슷 조금많음 조금많음 조금많음 비슷15.남서해안 목포,완도,해남,고흥 조금낮음 조금높음 조금높음 조금높음 조금많음 조금많음 조금많음 비슷16.남부해안 부산,통영,여수,거제,남해 조금낮음 조금높음 조금높음 조금높음 비슷 조금많음 조금많음 비슷17.동해안북부 속초,강릉 조금낮음 조금높음 조금높음 비슷 조금많음 조금많음 조금많음 비슷18.동해안중부 울진,영덕 조금낮음 조금높음 조금높음 비슷 비슷 조금많음 조금많음 비슷19.동해안남부 포항,울산 조금낮음 조금높음 조금높음 조금높음 비슷 조금많음 조금많음 비슷20.제주 제주,성산,서귀포 조금낮음 조금높음 조금높음 조금높음 조금많음 조금많음 조금많음 비슷평균 조금낮음 조금높음 조금높음 비슷 조금많음 조금많음 조금많음 비슷10일(2023.12.31.~2024.01.07.) 예보(기상청, 2023.12.28., 06:00)<기상예보>
❍ (기온) 아침 기온은 -6~7℃로 평년(최저기온 -9~0℃)보다 높겠고, 낮기온은 3~11℃로 평년(최고기온 2~9℃)과 비슷하거나 조금 높겠음
❍ (강수) 31일 전국에 비 또는 눈이 오겠음
<최저/최고기온>최근 경과기상과 향후 기상전망<기온><강수량>연도별 평균기온
❍ ‘23년 1월부터 12월 4주차까지의 평균기온은 14.2℃로, 평년(13.1)보다 1.1℃ 높았음
- ’23년 12월 4주차의 평균기온은 -2.3℃로, 평년(1.2)보다 3.5℃ 낮았음",1호.txt
2024,1,13,2024-01-01,2024-01-31,과수,과수화상병,예보,,"* 10년 평균 : 최근 10년(2013~2022년)동안의 평균기온의 평균** 평년 : 30년(1991～2020년)동안의 평균기온의 평균*** 편차 : 평년의 평균기온에 대한 연도별 평균기온의 차이기간 1월 2월 3월 4월 5월 6월 7월 8월 9월 10월 11월12월 분석기간1.1~12.27 12.21~12.271주(11.30~12.6)2주(12.7~12.13)3주(12.14~12.20)4주(12.21~12.27)평균(℃)편차(℃)평균(℃)편차(℃)‘23년 0.0 3.0 9.7 13.3 18.0 22.4 25.6 26.6 22.8 15.2 8.4 3.0 10.0 0.6 -2.3 14.2 1.1 -2.3 -3.5‘22년 -0.2 0.4 8.0 13.9 18.2 22.5 26.1 25.5 21.3 14.4 10.1 0.4 3.7 -3.5 -3.2 13.5 0.4 -3.2 -4.4‘21년 -0.4 3.9 9.0 13.4 16.9 21.9 26.2 25.0 21.7 15.6 8.8 3.9 5.4 2.6 -0.3 13.9 0.8 -0.3 -1.5’20년 3.0 3.8 8.0 10.9 17.7 22.7 22.7 26.6 20.4 14.1 9.0 2.6 3.5 -3.0 2.2 13.5 0.4 2.2 1.0‘19년 0.5 2.6 7.6 12.0 18.5 21.2 24.7 26.1 21.8 15.9 9.0 3.0 3.3 4.8 2.6 13.8 0.7 2.6 1.4‘18년 -1.8 0.0 8.2 13.3 17.8 22.1 26.7 27.2 20.5 13.1 8.3 7.4 -1.7 1.9 2.5 13.3 0.2 2.5 1.3‘17년 0.3 1.8 6.4 13.8 18.6 21.7 26.4 25.5 20.6 15.4 7.0 1.3 -1.0 -1.7 1.0 13.3 0.2 1.0 -0.2‘16년 -0.6 1.9 7.3 13.8 18.5 22.2 25.4 26.7 21.7 15.9 8.0 5.2 3.1 3.2 4.3 13.9 0.8 4.3 3.1‘15년 0.8 2.2 6.8 12.7 18.5 21.5 24.3 25.2 20.5 15.1 10.3 4.8 6.3 2.6 3.7 13.7 0.6 3.7 2.5‘14년 0.7 2.7 7.7 13.3 18.3 21.7 24.9 23.7 20.9 14.9 9.0 0.9 0.5 -1.6 -0.6 13.3 0.2 -0.6 -1.8‘13년 -1.8 0.8 6.7 10.3 17.7 22.4 26.2 27.2 21.2 15.6 7.3 4.6 2.6 0.5 0.0 13.2 0.1 0.0 -1.210년평균 0.0 2.0 7.6 12.7 18.1 22.0 25.4 25.9 21.1 15.0 8.7 3.4 2.6 0.6 1.2 13.5 0.4 1.2 0.0평년 -0.4 1.7 6.5 12.3 17.5 21.5 24.7 25.4 20.8 14.7 8.1 3.8 2.3 1.3 1.2 13.1 0.0 1.2 0.0연도별 강수량
❍ ‘23년 1월부터 12월 4주차까지의 강수량의 합은 1,743.0㎜로, 평년(1,360.2)보다382.8㎜ 많았음(평년대비128.1%)
- ’23년 12월 4주차의 강수량의 합은 2.9㎜로, 평년(6.4)보다 3.5㎜ 적었음",1호.txt
2024,1,14,2024-01-01,2024-01-31,과수,과수화상병,예보,"딸기,배추,부추,사과,상추,시금치,오리,유채,치커리","(평년대비 45.3%)* 10년 평균 : 최근 10년(2013~2022년)동안의 강수량의 평균** 평년 : 30년(1991～2020년)동안의 강수량의 평균*** 대비 : 평년의 강수량에 대한 연도별 강수량의 비율기간 1월 2월 3월 4월 5월 6월 7월 8월 9월 10월 11월12월 분석기간1.1~12.27 12.21~12.271주(11.30~12.6)2주(12.7~12.13)3주(12.14~12.20)4주(12.21~12.27)합계(㎜)대비(%)합계(㎜)대비(%)‘23년 44.9 20.0 30.5 70.2 207.2 210.1 497.0 286.3 196.9 18.0 64.9 2.7 34.3 57.0 2.9 1743.0 128.1 2.9 45.3‘22년 5.0 5.5 89.5 62.7 6.3 181.9 181.9 304.3 159.1 77.7 63.6 0.6 3.1 3.8 10.7 1155.5 85.0 10.7 167.2‘21년 25.4 23.4 112.1 77.5 138.9 94.7 234.7 291.0 167.8 55.2 58.3 24.0 0.9 4.1 3.7 1288.8 94.8 3.7 57.8’20년 85.7 62.1 34.4 44.0 107.4 194.3 422.9 397.8 226.0 13.8 39.7 0.1 2.1 1.1 4.0 1635.4 120.2 4.0 62.5‘19년 9.7 34.5 42.6 80.8 65.0 151.5 238.3 143.6 241.3 165.6 57.9 14.8 0.7 3.6 3.4 1253.0 92.1 3.4 53.1‘18년 25.5 36.6 116.2 140.3 135.2 147.2 170.7 291.7 157.4 166.6 49.9 26.4 3.7 2.0 1.6 1471.0 108.1 1.6 25.0‘17년 18.6 36.0 26.1 72.8 31.0 63.1 297.1 239.0 100.6 77.9 14.4 2.3 4.3 1.6 14.8 999.5 73.5 14.8 231.3‘16년 32.9 50.6 62.8 163.2 103.4 76.4 290.8 86.1 209.6 156.1 38.4 2.8 3.6 9.8 54.6 1338.5 98.4 54.6 853.1‘15년 31.9 31.0 47.8 135.6 70.1 103.3 189.4 117.5 68.3 66.3 137.0 9.8 20.7 9.0 4.5 1041.9 76.6 4.5 70.3‘14년 14.0 34.8 82.3 89.3 84.2 85.7 167.2 387.2 121.6 121.2 60.1 18.9 4.7 13.1 1.7 1276.2 93.8 1.7 26.6‘13년 29.7 53.9 60.9 79.9 132.3 105.9 290.2 161.6 117.3 66.7 62.4 0.2 16.3 6.4 1.2 1184.8 87.1 1.2 18.810년평균 27.8 36.8 67.5 94.6 87.4 120.4 248.3 242.0 156.9 96.7 58.2 10.0 6.0 5.5 10.0 1264.5 93.0 10.0 156.3평년 30.6 37.5 63.0 90.7 108.0 151.4 290.4 277.6 161.7 68.7 51.0 11.1 8.2 5.4 6.4 1360.2 100.0 6.4 100.0리플릿 고농도 미세먼지 대응 농업인 행동요령리플릿 과수화상병 증상과 궤양 제거 방법(사과)리플릿 과수화상병 유입 차단 관리방법★1월에 검출된 15개 조합(10품목/11성분)★* 이 자료는 국립농산물품질관리원 안전성조사 결과 중 ’23년도 부적합 발생 품목 및농약 성분을 바탕으로 작성했습니다.
□ 지역별 부적합 발생 우려 정보
❍ 주요 부적합 우려 품목(성분)
- [부산광역시] 유채잎(테트라코나졸)
- [경기도] 얼갈이배추(터부포스)
- [강원도] 딸기(포스 티 아제 이 트), 상추(오리 사 스트 로 빈)
- [충청남도] 참당귀잎(테부펜피라드)
- [전라북도] 딸기(트리사이클라졸), 치커리(터부포스)
- [전라남도] 딸기(만디프로파미드), 부추(티아메톡삼)
- [경상북도] 딸기(디메토에이트), 시금치(터부포스)",1호.txt
2024,1,15,2024-01-01,2024-01-31,과수,과수화상병,예보,"감귤,들깨,배추,사과,상추,생강,시금치,쪽파,참다래","- [경상남도] 시금치(터부포스)
- [제주특별자치도] 감귤류(프 로 클 로 라 즈, 트 리 아 조 포 스)※ 전국적으로 토양처리 살충제 농약(입제) 성분인 터부포스,포레이트 잔류농약 부적합이 많이 발생되고 있습니다.
농업인께서는 해당 성분의 농약을 사용이 등록된 작물에만안전사용기준을 반드시 준수하여 살포하시기 바랍니다.
1월 주요 품목별 농약 사용 주의보1월 주요 품목별 농약 사용 주의보□ 부적합 발생 우려 품목/성분의 잔류허용기준 및 농약 등록 유무□ 부적합 발생 주요 농산물 품목 현황(11월 기준)2022년 11월 2023년 11월번호 품목명 발생(건) 번호 품목명 발생(건)1 쪽파 15 1 배추 62 배추 7 2 쪽파 63 대파 6 3 대파 54 무 5 4 들깨 45 상추 5 5 사과 4기타 참다래, 갓, 고수, 생강, 시금치 등 46 기타 생강, 무, 갓, 순무 등 45합계 84 합계 70품목 검출성분잔류허용기준(mg/kg) 잔류허용기준적용 근거농약 안전사용기준등록 유무‘23.1. ‘23.12.",1호.txt
2024,1,16,2024-01-01,2024-01-31,과수,과수화상병,예보,"감귤,딸기,배추,부추,사과,상추,시금치,유채,쪽파,치커리","감귤Prochloraz 1.03.0(기준변경)당해성분 당해품목 등록(단제, 합제)Triazophos 0.01 0.01 일률기준 미등록딸기Dimethoate 0.01 0.01 일률기준 미등록Fosthiazate 0.05 0.05 당해성분 당해품목 등록(단제)Mandipropamid 0.1 0.1 당해성분 당해품목 등록(단제)Tricyclazole 0.01 0.01 일률기준 미등록부추 Thiamethoxam 0.1 0.1 당해성분 당해품목 등록(합제)상추 Orysastrobin 0.01 0.01 일률기준 미등록시금치Phorate 0.01 0.01 일률기준 미등록Terbufos 0.05 0.05 당해성분 당해품목 등록(단제, 합제)얼갈이배추 Terbufos 0.05 0.05 당해성분 당해품목 등록(단제, 합제)유채잎 Tetraconazole 0.01 0.01 일률기준 미등록쪽파 Phorate 0.05 0.05 당해성분 당해품목 등록(단제, 합제)참당귀잎 Tebufenpyrad 1.0 1.0 당해성분 당해품목 등록(단제)치커리 Terbufos 0.01 0.01 일률기준 미등록□ 농약안전정보시스템(https://psis.rda.go.kr) 활용자료제공 및 검토 전문가 명단구분 성명 /  소속 / 직급1 채의석 / 농촌지원국 재해대응과 / 과장2 김기형 / 농촌지원국 재해대응과 / 농촌지도관3 장정희 / 농촌지원국 재해대응과 / 농촌지도관4 김상목 / 농촌지원국 재해대응과 / 농업연구관5 박승무 / 농촌지원국 재해대응과 / 농촌지도관6 이우일 / 농촌지원국 재해대응과 / 농촌지도사7 최효원 / 농촌지원국 재해대응과 / 농업연구사8 양미숙 / 농촌지원국 재해대응과 / 농촌지도사9 정은수 / 농촌지원국 재해대응과 / 농촌지도사10 맹권재 / 농촌지원국 재해대응과 / 농업주사보11 박명일 / 농촌지원국 재해대응과 / 주무관12 최인후 / 농촌지원국 재해대응과 / 기술전문위원13 박해융 / 농촌지원국 재해대응과 / 기술전문위원14 성신상 / 농촌지원국 재해대응과 / 기술전문위원15 강신곤 / 농촌지원국 기술보급과 / 농촌지도관16 고창호 / 농촌지원국 기술보급과 / 농촌지도관17 김현철 / 농촌지원국 기술보급과 / 농촌지도사18 장진경 / 농촌지원국 기술보급과 / 농촌지도사19 노석원 / 농촌지원국 식량산업기술팀 / 농촌지도관20 엄미옥 / 농촌지원국 식량산업기술팀 / 농촌지도사21 윤  송 / 농촌지원국 식량산업기술팀 / 농촌지도사22 이세원 / 국립농업과학원 작물보호과 / 과장23 박병용 / 국립농업과학원 작물보호과 / 농업연구관24 이봉춘 / 국립농업과학원 작물보호과 / 농업연구관25 이용환 / 국립농업과학원 작물보호과 / 농업연구관26 이영기 / 국립농업과학원 작물보호과 / 농업연구사27 정인홍 / 국립농업과학원 작물보호과 / 농업연구사28 류현주 / 국립농업과학원 작물보호과 / 농업연구사29 심교문 / 국립농업과학원 기후변화평가과 / 농업연구관30 허지나 /국립농업과학원 기후변화평가과 / 농업연구사31 박진우 / 국립농업과학원 작물기초기반과 / 과장32 서보윤 / 국립농업과학원 작물기초기반과 / 농업연구관33 김상민 / 국립식량과학원 작물기초기반과 / 농업연구사34 김현주 / 국립식량과학원 기술지원과 / 농업연구관35 김은영 / 국립식량과학원 재배환경과 / 농업연구사36 김동환 / 국립원예특작과학원 원예특작환경과 / 과장37 이성찬 / 국립원예특작과학원 원예특작환경과 / 농업연구관38 조인숙 / 국립원예특작과학원 원예특작환경과 / 농업연구관39 한유경 / 국립원예특작과학원 원예특작환경과 / 농업연구사40 이선영 / 국립원예특작과학원 원예특작환경과 / 농업연구사41 서미혜 / 국립원예특작과학원 원예특작환경과 / 농업연구사42 윤정범 / 국립원예특작과학원 원예특작환경과 / 농업연구사43 이동혁 / 국립원예특작과학원 사과연구소 / 소장44 양상진 / 국립원예특작과학원 사과연구소 / 농업연구관45 송장훈 / 국립원예특작과학원 배연구소 / 농업연구관46 강아랑 / 국립원예특작과학원 배연구소 / 농업연구사47 한승갑 / 국립원예특작과학원 감귤연구소 / 농업연구관2024년 농작물 병해충 발생정보(제1호)집 필 인채의석 , 김기형 , 장정희 , 김상목 , 박승무 , 이우일 , 최효원 , 양미숙 , 정은수 ,맹권재 , 박명일발 행 처 농촌진흥청 재해대응과주소 54875 전북 전주시 덕진구 농생명로 300전화 (063) 238–1045~1049homepage : http://www.nongsaro.go.kr",1호.txt
2024,2,1,2024-02-01,2024-02-29,시설채소,잿빛곰팡이병,예보,"딸기,오이","❍ 시설내의 온도가 20℃ 전후로 낮고 비닐 천정에 이슬이 맺힐정도의 습도가 높은 조건이 오래 지속되면 발생이 증가하는데오이, 딸기 등 일부 작물에서 발생되고 있어 주의가 필요함
⇒ 병든 식물은 시설 밖으로 빼내어 소각하거나 땅속에 묻어 전염원을차단하여야 함
⇒ 적절한 환기로 시설 내의 습도를 낮추어 주되 보온에 유의하고,시설 내에서 병이 발생되면 급속하게 번지는 특성이 있으므로발생 초기에 등록약제로 방제하되 약제를 바꾸어 가며 사용해야 함
* 농촌진흥청웹페이지“농사로”에서농업기술동영상「딸기주요병해충방제」참고",2호.txt
2024,2,2,2024-02-01,2024-02-29,시설채소,균핵병,예보,"고추,딸기,방울토마토,오이","❍ 잿빛곰팡이병과 비슷한 환경인 온도가 낮고 습도가 높을 때 발생하며 질소질 비료를 많이 주어 작물체가 연약하게 자라거나연작에 의하여 병원균 밀도가 높을 때 발생이 늘어남. 오이,토마토, 고추, 딸기 등 줄기와 가지의 분지점에 침입하여 발생하며, 윗부분의 줄기와 잎이 시들어 말라 죽게 되는 병임
⇒ 적절한 환기로 과습한 환경을 피하고 보온력을 강화하여 적정온도를 유지시키며, 병든 기주는 바로 없애주고 농약안전사용기준을 준수하여 잿빛곰팡이병과 동시 방제할 수 있도록 함",2호.txt
2024,2,3,2024-02-01,2024-02-29,시설채소,흰가루병,예보,"딸기,멜론,오이","❍ 분생포자가 공기로 전염되며 건조하면서 일교차가 심한 환경에서많이 발생하는데 2월 기온의 변화가 클 것으로 예상돼 오이, 멜론 등 박과작물과 딸기 등에 발생 증가가 우려됨
⇒ 햇볕 쪼임이 부족하고 비료기가 많은 조건에서 발생이 많으므로질소질 비료를 알맞게 주며, 병든 잎과 과실은 신속히 제거하고병 발생 초기에 등록 약제로 방제",2호.txt
2024,2,4,2024-02-01,2024-02-29,시설채소,딸기 꽃곰팡이병,주의보,딸기,"❍ 암술에 녹색 곰팡이가 발생하는 병으로 심할 경우 꽃 전체가 마르면서 기형과를 유발하는 피해를 입힘
❍ 최근 한파로 인한 하우스 환기 부족, 폭설로 인한 과습, 일조부족 등으로 딸기의 생육이 저조하여 병 감염에 취약해진 상태임
❍ 병원균은 딸기꽃 외에도 시설 내 식물 잔재물, 토양, 유기물 등에서도 증식이 가능하며 저온과 습도가 높을 때 발생이 증가함
⇒ 시설 내 습도를 낮추고 식물체로 물방울이 떨어지지 않도록 하며식물체 잔재물을 제거하는 등 청결한 환경관리 필요
* 농촌진흥청 농사로 「딸기 주요 병해충 방제」 동영상 참고(https://www.nongsaro.go.kr/portal/ps/psb/psbo/vodPlay.ps?mvpNo=1727&mvpClipNo=&menuId=PS00069&cntntsNo=221247)",2호.txt
2024,2,5,2024-02-01,2024-02-29,시설채소,딸기 세균모무늬병,예보,딸기,"❍ 잎 뒷면에 뜨거운 물로 데친 것 같은 작은 점무늬가 형성되고 점차확대되어 잎 앞면에 점무늬를 형성함
❍ 후기의 병반은 세균 누출액으로 덮여 빛이 나고, 잎 전체가마르면서 갈색으로 변색되고 떨어지게 됨
❍ 세균 누출액이 튀거나 접촉으로 번지는 원인이 되고 딸기 런너에 의해 확산됨
⇒ 감염된 포장이나 모주를 통해 전염되므로 병에 걸린 포기는 제거하여 땅에 묻고, 병에 걸렸던 포장의 딸기는 절대 모주로 사용하지 말아야 함",2호.txt
2024,2,6,2024-02-01,2024-02-29,시설채소,노균병,예보,"멜론,오이","❍ 오이, 멜론 등 시설 내의 습도가 높고 온도가 낮은(20℃ 전후)조건에서 발생이 많고, 일조량이 부족하거나 거름기가 모자라작물 생육이 왕성하지 못할 때 발생이 많음
⇒ 야간에 보온관리를 잘하여 저온이 되지 않도록 하고, 웃거름주기와 열매솎기 및 햇볕 쪼임을 좋게 하여 튼튼하게 생육하도록함과 동시에 습도가 높아지지 않도록 환기를 철저히 해줌⇒ 특히 오이 시설재배 중 환기를 시키는 과정에서 찬바람이 식물체에 직접 닿을 경우 노균병이 심하게 발생되므로 환기 할 때 유의⇒ 병이 발생된 포장은 병든 잎을 일찍 따낸다음 발병 초기에 등록약제로 방제",2호.txt
2024,2,7,2024-02-01,2024-02-29,시설채소,역병,예보,,"❍ 시설내 온도가 3∼26℃사이에서 발병이 가능하며 일교차가 크고다습할 때 심하게 발생함. 시설 내 환경조건이 저온 다습하여 역병이발병하기 좋을 조건일 경우 1∼2주 만에 포장을 황폐화시키는 치명적인 피해를 주기도 함. 밤 기온은 낮고, 낮에는 따뜻하여 일교차가 크고다습하여 발생할 가능성이 있음
⇒ 환기를 철저히 하여 시설 내에과습하지 않도록 하며, 잦은관수를 피하고 배수가 잘 되게 관리⇒ 항상 포장을 청결히 하고 병든잎이나 줄기는 조기에 제거하고예방적으로 적용약제를 살포",2호.txt
2024,2,8,2024-02-01,2024-02-29,시설채소,"양파 노균병, 고자리파리",예보,양파,"❍ (노균병) 양파를 이어짓는 포장을 중심으로 노균병이 매년 증가하는추세로 기온이 15℃정도에서 비가 자주 내리고 안개 끼는 날이 많으면발생이 많아지는데 발병 이후에 약제로 방제를 할 경우 효과가 거의없으므로 사전 관리가 중요함
⇒ 포장을 습하지 않도록 관리하고 병이 발생한 포장은 병든 식물을 반드시제거하여 2차 감염을 차단해야 함
❍ (고자리파리) 전년 11월 기온이 따뜻하여 월동전 유충 밀도가 높아주의가 필요(보통 3~4월에 발생이 많음)애벌레(구더기)가 뿌리를 갉아 먹어 아래 잎부터 노랗게 말라 죽으며심하면 포기 전체가 말라 죽게 됨
⇒ 사전예찰을 철저히 하고 월동 후 따뜻한 날이 지속되고 비가 많을경우 2월말 초기방제 후 4월초에 추가 방제하여 확산을 방지",2호.txt
2024,2,9,2024-02-01,2024-02-29,시설채소,총 채 벌 레 류․가 루 이 류․진 딧 물 류․응 애 류  등,예보,"감자,고추,방울토마토,오이","❍ (총채벌레류) 꽃노랑총채벌레, 오이총채벌레 등은 오이, 고추,토마토 등 시설 내에서 연중 발생하는 해충으로 방제시기를 놓칠경우 바이러스병을 전염시켜 큰 피해를 주는 해충임
⇒ 해충의 크기가 작아 발견하기 어렵기 때문에 초기에 발생을 알지 못하여피해를 입는 경우가 많으므로 해충이 좋아하는 색깔(노란색)의끈끈이트랩을 매달아 발생을 예찰하고, 발생 시 초기에 방제
❍ (가루이류·진딧물류) 온실가루이와 담배가루이는 가지과 작물에서, 진딧물은 엽채류와 과채류에서 주로 발생하며 식물체의즙액을 빨아먹는 직접적인 피해뿐만 아니라 그을음병과 바이러스병 등을 유발함
❍ (응애류) 작물이 피해를 받으면 잎이 누렇게 변하여 말라 죽게 됨
⇒ 이들 해충은 일단 발생되면 방제가 어려우므로 방충망을 설치하는등 시설 안으로 들어오지 못하도록 막고, 크기가 작아 발생을 알아보기가 어려우므로 끈끈이를 매달아 주의 깊게 살펴봄⇒ 해충에 따라 발생 초기 천적을 투입하거나 등록 약제로 방제하고,약제 살포 시에는 안전사용기준을 지키고 계통이 다른 약제로바꾸어 가면서 살포하여 저항성 유발을 최소화
❍ (작은뿌리파리 ) 밭작물, 채소, 화훼 등에서 전 생육기간 동안발생하며, 성충은 유기물이 풍부한 상토 또는 양액 육묘의 암면큐브 위 이끼에 산란하고 부화유충은 지제부와 뿌리에 해를입혀 지상부 시들음 증상을 유발⇒ 유충은 감자 절편에 잘 유인되기 때문에 깍두기 모양의 크기로절단하여 작물의 뿌리 주변에 놓아두면 발생 여부와 발생량을 예찰할 수 있음
⇒ 노란색 끈끈이 트랩을지상부 50㎝ 이하에 설치해 두면 성충 발생 여부와 발생량 예찰에 도움이 됨",2호.txt
2024,2,10,2024-02-01,2024-02-29,시설채소,토마토반점위조바이러스(TSWV),예보,"고추,방울토마토,파프리카","❍ 총채벌레가 전염시키는 바이러스 병으로 파프리카, 고추, 토마토등 시설재배지에서 이들 매개충이 꾸준히 발생하고 있으며, 방제시기를 놓칠 경우 피해가 커지기 때문에 초기 예방이 중요
⇒ 병에 걸린 식물을 발견하면 즉시 제거하여 병이 확산되는 것을 예방",2호.txt
2024,2,11,2024-02-01,2024-02-29,시설채소,쥬키니황화모자이크바이러스(ZYMV),예보,"오이,호박","❍ 호박, 오이 등 과채류에서 전년에 이어 발생이 증가할 것으로 예상되며, 진딧물이 병을 매개하는 한편 이병식물의 접촉에 의한전염도 가능하므로 농작업 시 주의가 필요
⇒ 진딧물 방제를 철저히 하고 작물이 시설내에 연중 재배되어 항상 전염원이 있으므로 즙액에 의한 접촉전염을 막기 위해병든 식물체는 즉시 제거",2호.txt
2024,2,12,2024-02-01,2024-02-29,시설채소,토마토황화잎말림병(TYLCV),예보,방울토마토,"❍ 가지과 작물에서 담배가루이가 병을 매개하므로 육묘 단계부터정식 초기에 예찰을 강화하여 감염여부를 판단하고 정식 후에는잎 뒷면과 포장주위를 살펴보아 담배가루이를 철저히 방제⇒ 병을 전염시키는 담배가루이의 세대 기간이 짧아 연간 발생횟수가많으므로 방충망을 설치하여 시설 안으로 담배가루이가 들어오는것을 막고 발생 초기에 등록약제로 방제하는 등 철저한 관리로병이 확산되는 것을 예방⇒ 발생된 시설재배 농가 주변지역은 담배가루이의 기주식물이 되는잡초와 병에 걸린 식물은 뽑아서 제거※ 기주식물 : 큰개불알풀, 광대나물, 별꽃,큰망초, 쑥, 머위",2호.txt
2024,2,13,2024-02-01,2024-02-29,과수,과수화상병,예보,사과,"❍ (과수화상병) 사과, 배 등의 병든 꽃은 수침상이 되고 쭈그러든후 흑갈색으로 변해 떨어지거나 나무에 매달려 있게 되고 꽃이달린 가지나 인접한 가지로 진전되어 잎맥을 따라 흑갈색의병반이 생기고 병이 진전됨에 따라 병든 잎은 말리고, 쭈그러들어보통은 가지에 매달려 있음. 병든 가지의 나무껍질은 흑갈색으로변하면서 물러졌다가 후에 위축되고 단단해져 궤양병반을 형성⇒ 한번 걸리면 방제가 불가능하기 때문에 예방을 위하여 과수원을 청결하게 관리하고 농작업을 하는 사람의 과수원 출입시사람과 작업도구 등을 수시로 소독⇒ 의심증상 발견 시에는 전국 대표전화(1833-8572) 또는 가까운농업기술센터·농업기술원에 즉시 신고, 병균의 밀도가 낮아 진단되지 않더라도 갈변궤양은 끝에서 40~70cm 아래를 절단․제거[사과월동기화상병궤양증상]
❍ (과수가지검은마름병) 과수화상병과 증상이 비슷하여 육안으로는구분이 불가하며, 발생시기와 전파경로, 피해증상이 유사함.",2호.txt
2024,2,14,2024-02-01,2024-02-29,과수,주경배나무이,예보,,"❍ 배에 발생하는 주경배나무이는 거친 껍질 밑에서 성충상태로월동을 하고, 2월 중순부터 나무 위쪽의 열매가 달리는 가지로이동하며 3월 상순부터 산란을 시작하고 개화 전 무렵부터알이 부화됨
⇒ 기계유유제의 경우 산란된 알에 대해서는 효과가 거의 없기 때문에가능한 한 최적 방제시기 초기에 방제하는 것이 효과적임
⇒ 국가농작물병해충관리시스템(http://ncpms.rda.go.kr)의「병해충예측-병해충예측지도」메뉴에서 내 농장 지역의 최적방제시기와과수원내 주경배나무이 밀도를 살펴보고 기계유유제 살포* 농촌진흥청웹페이지“농사로”에서농업기술동영상「주경배나무이방제기술」참고※ 중부지방 방제시기: 2월부터 최고온도 6℃이상의 날이 16∼20일이되면 월동한 성충의 약 80%가 나무로 이동함. 이때 기계유유제(약12.5 ∼17ℓ/물 500 ℓ) 살포* 남부 지방은 주경배나무이의 이동이 10일 정도 빠름을 감안하여방제 시기를 결정* 단, 줄기마름병이 많이 발생하거나 찬 기운이 정체돼 언 피해가잦은 농가는 기계유유제 대신 주경배나무이 적용 약제를 살포1개월 기상전망            (출처 : 국립농업과학원, 기상청)기온은 1주, 4주는 평년과 비슷하겠고, 2주, 3주는 평년과 비슷하거나 높겠음
강수량은 1주, 4주는 평년과 비슷하겠고, 2주, 3주는 평년과 비슷하거나 많겠음
❍ 1주(2.12~2.18): 이동성 고기압의 영향을 받겠으나, 일시적으로 찬공기의 영향을 받을 때가 있겠음
- 기온은 평년과 비슷하겠고, 강수량은 평년과 비슷하겠음
❍ 2주(2.19~2.25): 이동성 고기압의 영향을 주로 받겠고, 남쪽을 지나는 저기압의 영향을 받을 때가 있겠음
- 기온은 평년과 비슷하거나 높겠고, 강수량은 평년과 비슷하거나 많겠음
❍ 3주(2.26~3.3): 이동성 고기압의 영향을 주로 받겠고, 남서쪽에서 다가오는 저기압의 영향을 받을 때가 있겠음
- 기온은 평년과 비슷하거나 높겠고, 강수량은 평년과 비슷하거나 많겠음
❍ 4주(3.4~3.10): 이동성 고기압의 영향을 받겠으나, 일시적으로 찬공기의 영향을 받을 때가 있겠음
- 기온은 평년과 비슷하겠고, 강수량은 평년과 비슷하겠음",2호.txt
2024,2,15,2024-02-01,2024-02-29,과수,주경배나무이,예보,,"농업지대 지역 평균기온 강수량1주 2주 3주 4주 1주 2주 3주 4주(2.12~2.18) (2.19~2.25) (2.26~3.3) (3.4~3.10) (2.12~2.18) (2.19~2.25) (2.26~3.3) (3.4~3.10)1.태백고냉 대관령 비슷 조금높음 조금높음 비슷 비슷 비슷 조금많음 비슷2.태백준고냉 인제,홍천,제천 비슷 조금높음 조금높음 비슷 비슷 비슷 조금많음 비슷3.소백산간 충주,보은 비슷 조금높음 조금높음 비슷 비슷 조금많음 조금많음 비슷4.노령소백산간 임실 비슷 조금높음 조금높음 비슷 비슷 조금많음 조금많음 비슷5.영남내륙산간 추풍령,영주,문경 비슷 조금높음 조금높음 비슷 비슷 조금많음 조금많음 비슷6.중북부내륙 춘천,양평 비슷 조금높음 조금높음 비슷 비슷 비슷 조금많음 비슷7.중부내륙 원주,이천 비슷 조금높음 조금높음 비슷 비슷 비슷 조금많음 비슷8.소백서부내륙 청주,대전,금산 비슷 조금높음 조금높음 비슷 비슷 조금많음 조금많음 비슷9.노령동서내륙 정읍,남원,거창,산청 비슷 조금높음 조금높음 비슷 비슷 조금많음 조금많음 비슷10.호남내륙 광주,순천,장흥 조금높음 조금높음 조금높음 비슷 비슷 조금많음 조금많음 비슷11.영남분지 대구,의성,구미,영천 비슷 조금높음 조금높음 비슷 비슷 조금많음 조금많음 비슷12.영남내륙 진주,합천,밀양 조금높음 조금높음 조금높음 비슷 비슷 조금많음 조금많음 비슷13.중서부평야 서울,인천,수원,서산,강화,천안,보령 비슷 조금높음 조금높음 비슷 비슷 비슷 조금많음 비슷14.차령남부평야 군산,전주,부여,부안 비슷 조금높음 조금높음 비슷 비슷 조금많음 조금많음 비슷15.남서해안 목포,완도,해남,고흥 조금높음 조금높음 조금높음 비슷 비슷 조금많음 조금많음 비슷16.남부해안 부산,통영,여수,거제,남해 조금높음 조금높음 조금높음 비슷 비슷 조금많음 조금많음 비슷17.동해안북부 속초,강릉 비슷 조금높음 조금높음 비슷 비슷 비슷 조금많음 비슷18.동해안중부 울진,영덕 비슷 조금높음 조금높음 비슷 비슷 조금많음 조금많음 비슷19.동해안남부 포항,울산 조금높음 조금높음 조금높음 비슷 비슷 조금많음 조금많음 비슷20.제주 제주,성산,서귀포 조금높음 조금높음 조금높음 비슷 비슷 조금많음 조금많음 비슷평균 비슷 조금높음 조금높음 비슷 비슷 조금많음 조금많음 비슷10일(2024.02.04.~02.11.) 예보(기상청, 2024.02.01., 06:00)<기상예보>
❍ (기온) 4일~6일 아침 기온은 -3~7℃로 평년(최저기온 -9~1℃)보다 높겠고,낮 기온은 3~11℃로 평년(최고기온 3~10℃)과 비슷하겠음. 7일~11일아침 기온은 -7~2℃, 낮 기온은 2~10℃로 평년과 비슷하겠음
❍ (강수) 4일은 강원영동과 충청권, 남부지방, 제주도에, 5일은 전국에 비(중부지방과 경북권 비 또는 눈)가 오겠으며, 강원영동은 6일 오전까지 이어지겠음
<날씨><최저/최고기온>최근 경과기상과 향후 기상전망<기온><강수량>연도별 평균기온
❍ ‘23년 12월부터 ‘24년 1월 5주차까지의 평균기온은 2.2℃로, 평년(0.7)보다 1.5℃ 높았음
- ’24년 1월 5주차의 평균기온은 0.7℃로, 평년(-0.4)보다 1.1℃ 높았음",2호.txt
2024,2,16,2024-02-01,2024-02-29,과수,주경배나무이,예보,,"기  간 12월1월 분석기간‘23.12.1~’24.1.31 ‘24.1.25~1.311주(12.28~1.3)2주(1.4~1.10)3주(1.11~1.17)4주(1.18~1.24)5주(1.25~1.31)평균(℃)편차(℃)평균(℃)편차(℃)‘23~’24년 3.0 3.4 1.2 1.9 0.7 0.7 2.2 1.5 0.7 1.1‘22~’23년 -0.7 -0.9 1.5 3.6 -1.6 -3.0 -0.3 -1.0 -3.0 -2.6‘21~’22년 2.4 -0.5 0.6 -2.0 0.1 0.9 1.1 0.4 0.9 1.3‘20~’21년 1.0 -1.7 -6.4 0.4 3.1 2.0 0.3 -0.4 2.0 2.4‘19~’20년 3.1 1.2 3.7 0.7 3.1 5.4 3.1 2.4 5.4 5.8‘18~’19년 1.5 -3.5 -0.5 1.0 1.9 0.7 1.0 0.3 0.7 1.1‘17~’18년 0.1 0.9 -0.7 -0.9 -0.6 -5.6 -0.9 -1.6 -5.6 -5.2‘16~’17년 3.3 1.6 4.4 -2.3 -2.3 -0.2 1.8 1.1 -0.2 0.2‘15~’16년 3.7 1.9 1.5 -0.1 -5.8 -0.3 1.5 0.8 -0.3 0.1‘14~’15년 -0.3 -0.4 0.7 1.1 2.0 1.0 0.2 -0.5 1.0 1.4‘13~’14년 1.7 1.7 -0.1 -1.5 -0.4 3.5 1.2 0.5 3.5 3.910년평균 1.6 0.0 0.5 0.0 0.0 0.4 0.9 0.2 0.4 0.8평  년 1.7 -0.1 -0.3 -0.4 -0.5 -0.4 0.7 0.0 -0.4 0.0* 10년 평균 : 최근 10년(2013~2022년)동안의 평균기온의 평균** 평년 : 30년(1991～2020년)동안의 평균기온의 평균*** 편차 : 평년의 평균기온에 대한 연도별 평균기온의 차이연도별 강수량
❍ ‘23년 12월부터 ‘24년 1월 5주차까지의 강수량의 합은 140.1㎜로, 평년(62.8)보다 77.3㎜ 많았음(평년대비 223.1%)",2호.txt
2024,2,17,2024-02-01,2024-02-29,과수,주경배나무이,예보,"딸기,방울토마토,배추,부추,사과,상추,시금치,쑥갓,오이,쪽파,참다래,호박","- ’24년 1월 5주차의 강수량의 합은 1.2㎜로, 평년(6.2)보다 5.0㎜ 적었음(평년대비 19.4%)기  간 12월1월 분석기간‘23.12.1~’24.1.31 ‘24.1.25~1.311주(12.28~1.3)2주(1.4~1.10)3주(1.11~1.17)4주(1.18~1.24)5주(1.25~1.31)합계(㎜)대비(%)합계(㎜)대비(%)‘23~’24년 103.2 7.9 3.2 6.0 25.0 1.2 140.1 223.1 1.2 19.4‘22~’23년 18.2 0.1 2.5 38.3 2.6 1.5 63.1 100.5 1.5 24.2‘21~’22년 11.0 1.2 1.4 1.2 1.4 1.0 16.0 25.5 1.0 16.1‘20~’21년 11.8 4.9 3.8 1.6 11.0 8.6 37.2 59.2 8.6 138.7‘19~’20년 30.4 8.2 54.2 1.5 9.3 20.8 116.1 184.9 20.8 335.5‘18~’19년 34.3 0.6 0.3 2.8 0.5 6.1 44.0 70.1 6.1 98.4‘17~’18년 24.1 1.3 7.5 15.5 1.7 0.8 49.6 79.0 0.8 12.9‘16~’17년 68.6 0.3 5.4 0.8 5.2 7.1 87.2 138.9 7.1 114.5‘15~’16년 45.2 1.4 0.7 5.8 7.0 19.4 78.1 124.4 19.4 312.9‘14~’15년 29.7 2.7 9.4 3.9 7.3 9.6 61.5 97.9 9.6 154.8‘13~’14년 24.8 0.8 5.1 0.9 3.5 4.5 38.8 61.8 4.5 72.610년평균 29.8 2.2 9.0 7.2 5.0 7.9 59.2 94.3 7.9 127.4평  년 32.2 4.1 8.1 7.1 7.7 6.2 62.8 100.0 6.2 100.0* 10년 평균 : 최근 10년(2013~2022년)동안의 강수량의 평균** 평년 : 30년(1991～2020년)동안의 강수량의 평균*** 대비 : 평년의 강수량에 대한 연도별 강수량의 비율리플릿 고농도 미세먼지 대응 농업인 행동요령리플릿 과수화상병 유입 차단 관리방법★2월에 검출된 21개 조합(13품목/19성분)★* 이 자료는 국립농산물품질관리원 안전성조사 결과 중 ’23년도 부적합 발생 품목 및농약 성분을 바탕으로 작성했습니다.
□ 지역별 부적합 발생 우려 정보
❍ 주요 부적합 우려 품목(성분)
- [광주광역시] 상추(뷰프로페진)
- [세종특별자치시] 대파(터부포스), 상추(프로클로라즈)
- [경기도] 근대(카보퓨란, 시마진), 루꼴라(피메트로진), 비타민(다이아지논), 상추(디메토에이트,오 메 토 에 이 트), 쑥 갓(사 이 플 루 메 토 펜), 열 무(터 부 포 스)
- [충청남도] 들깻잎(페니트로티온, 이프로벤포스,아이소프로티올레인)
- [전라북도] 상추(포레이트)
- [전라남도] 딸기(포스티아제이트), 토마토(트리사이클라졸)
- [경상북도] 시금치(파목사돈)
- [경상남도] 고춧잎(플루피라디퓨론, 플룩사메타마이드), 오이(트리사이클라졸)※ 전국적으로 토양처리 살충제 농약(입제) 성분인 터부포스,포레이트 잔류농약 부적합이 많이 발생되고 있습니다.
농업인께서는 해당 성분의 농약을 사용이 등록된 작물에만안전사용기준을 반드시 준수하여 살포하시기 바랍니다.
2월 주요 품목별 농약 사용 주의보2월 주요 품목별 농약 사용 주의보□ 부적합 발생 우려 품목/성분의 잔류허용기준 및 농약 등록 유무□ 부적합 발생 주요 농산물 품목 현황(12월 기준)2022년 12월 2023년 12월번호 품목명 발생(건) 번호 품목명 발생(건)1 쪽파 3 1 쪽파 22 머위 2 2 당귀잎 23 사과 1 3 고수 54 참다래(키위) 1 4 들깻잎 15 딸기 1 5 딸기 1기타 호박, 콩, 배추, 봄동배추 등 10 기타 대파, 부추, 상추, 시금치 등 5합계 18 합계 16품목 검출성분잔류허용기준(mg/kg) 잔류허용기준적용 근거농약 안전사용기준등록 유무‘23.2. ‘24.1.",2호.txt
2024,2,18,2024-02-01,2024-02-29,과수,주경배나무이,예보,"감귤,딸기,방울토마토,사과,상추,시금치,쑥갓,오이","고춧잎Flupyradifurone 5.0 5.0 소분류기준(엽채류) 미등록Fluxametamide 0.01 6.0(기준변경) 소분류기준(엽채류) 미등록근대Carbofuran 0.01 0.01 일률기준 미등록Simazine 0.01 0.01 일류기준 미등록대파 Terbufos 0.05 0.05 당해성분 당해품목 등록(단제, 합제)들깻잎Fenitrothion 0.05 0.05 당해성분 당해품목 등록(합제)Iprobenfos 0.01 0.01 일률기준 미등록Isoprothiolane 0.01 0.01 일률기준 미등록딸기 Fosthiazate 0.05 0.05 당해성분 당해품목 등록(단제)루꼴라 Pymetrozine 0.01 3.0(기준변경) 소분류기준(엽채류) 미등록비타민 Diazinon 0.01 0.01 일률기준 미등록상추Buprofezin 0.01 0.01 일률기준 미등록Dimethoate 0.01 0.01 일률기준 미등록Omethoate 0.01 0.01 일률기준 미등록Phorate 0.01 0.01 일률기준 미등록Prochloraz 0.01 0.01 일률기준 미등록시금치 Famoxadone 0.01 0.01 일률기준 미등록쑥갓 Cyflumetofen 0.01 0.01 일률기준 미등록열무 Terbufos 0.05 0.05 당해성분 당해품목 등록(합제)오이 Tricyclazole 0.01 0.01 일률기준 미등록토마토 Tricyclazole 0.01 0.01 일률기준 미등록자료제공 및 검토 전문가 명단구분 성명 /  소속 / 직급1 채의석 / 농촌지원국 재해대응과 / 과장2 김기형 / 농촌지원국 재해대응과 / 농촌지도관3 배철호 / 농촌지원국 재해대응과 / 농촌지도관4 김상목 / 농촌지원국 재해대응과 / 농업연구관5 박승무 / 농촌지원국 재해대응과 / 농촌지도관6 이우일 / 농촌지원국 재해대응과 / 농촌지도사7 최효원 / 농촌지원국 재해대응과 / 농업연구사8 양미숙 / 농촌지원국 재해대응과 / 농촌지도사9 정은수 / 농촌지원국 재해대응과 / 농촌지도사10 맹권재 / 농촌지원국 재해대응과 / 농업주사보11 박명일 / 농촌지원국 재해대응과 / 주무관12 최인후 / 농촌지원국 재해대응과 / 기술전문위원13 박해융 / 농촌지원국 재해대응과 / 기술전문위원14 성신상 / 농촌지원국 재해대응과 / 기술전문위원15 강신곤 / 농촌지원국 기술보급과 / 농촌지도관16 고창호 / 농촌지원국 기술보급과 / 농촌지도관17 김현철 / 농촌지원국 기술보급과 / 농촌지도사18 장진경 / 농촌지원국 기술보급과 / 농촌지도사19 노석원 / 농촌지원국 식량산업기술팀 / 농촌지도관20 엄미옥 / 농촌지원국 식량산업기술팀 / 농촌지도사21 윤  송 / 농촌지원국 식량산업기술팀 / 농촌지도사22 이세원 / 국립농업과학원 작물보호과 / 과장23 박병용 / 국립농업과학원 작물보호과 / 농업연구관24 이봉춘 / 국립농업과학원 작물보호과 / 농업연구관25 이용환 / 국립농업과학원 작물보호과 / 농업연구관26 이영기 / 국립농업과학원 작물보호과 / 농업연구사27 정인홍 / 국립농업과학원 작물보호과 / 농업연구사28 류현주 / 국립농업과학원 작물보호과 / 농업연구사29 심교문 / 국립농업과학원 기후변화평가과 / 농업연구관30 조세라 /국립농업과학원 기후변화평가과 / 농업연구사31 박진우 / 국립농업과학원 작물기초기반과 / 과장32 서보윤 / 국립농업과학원 작물기초기반과 / 농업연구관33 김상민 / 국립식량과학원 작물기초기반과 / 농업연구사34 김현주 / 국립식량과학원 기술지원과 / 농업연구관35 김은영 / 국립식량과학원 재배환경과 / 농업연구사36 김동환 / 국립원예특작과학원 원예특작환경과 / 과장37 이성찬 / 국립원예특작과학원 원예특작환경과 / 농업연구관38 조인숙 / 국립원예특작과학원 원예특작환경과 / 농업연구관39 한유경 / 국립원예특작과학원 원예특작환경과 / 농업연구사40 이선영 / 국립원예특작과학원 원예특작환경과 / 농업연구사41 서미혜 / 국립원예특작과학원 원예특작환경과 / 농업연구사42 윤정범 / 국립원예특작과학원 원예특작환경과 / 농업연구사43 이동혁 / 국립원예특작과학원 사과연구소 / 소장44 양상진 / 국립원예특작과학원 사과연구소 / 농업연구관45 송장훈 / 국립원예특작과학원 배연구소 / 농업연구관46 강아랑 / 국립원예특작과학원 배연구소 / 농업연구사47 한승갑 / 국립원예특작과학원 감귤연구소 / 농업연구관2024년 농작물 병해충 발생정보(제2호)집 필 인채의석 , 김기형 , 장정희 , 김상목 , 박승무 , 이우일 , 최효원 , 양미숙 , 정은수 ,맹권재 , 박명일발 행 처 농촌진흥청 재해대응과주소 54875 전북 전주시 덕진구 농생명로 300전화 (063) 238–1045~1049homepage : http://www.nongsaro.go.kr",2호.txt
2024,3,1,2024-03-01,2024-03-31,시설채소,모잘록병,예보,"고추,수박","❍ 고추, 수박 등의 어린 모에 발생하는 병으로 습도가 높고 야간에온도가 낮을 때, 밀식되어 모가 웃자랄 때 발생⇒ 육묘용 상토를 소독하거나 파종 직후나, 이식하기 2∼3주 전에 등록약제를 토양에 관주⇒ 질소질 비료의 과용을 피하고 햇볕이 잘 들게 하여 모가 튼튼히 자라도록 하고, 야간온도가 15℃이하로 내려가지 않도록 온도 관리를 철저히 해줌.
⇒ 전염성이 강하므로 병든 식물을 발견하되면 즉시 제거하고 발병 초기에등록약제로 방제",3호.txt
2024,3,2,2024-03-01,2024-03-31,시설채소,잿빛곰팡이병,예보,딸기,"❍ 시설 내의 온도가 20℃ 전후로 낮고 비닐하우스천장에 이슬이 맺힐정도의 높은 습도가 지속될 경우 급속하게 확산의 우려가 있어 주의가 필요함
⇒ 적절한 환기로 시설 내의 습도를 낮추어 주되 보온에 유의하고,병이 발생되면 급속하게 번지는 특성이 있으므로 발생 초기에등록약제로 방제* 농촌진흥청웹페이지“농사로”에서농업기술동영상「딸기주요병해충방제」참고",3호.txt
2024,3,3,2024-03-01,2024-03-31,시설채소,"흰가루병, 노균병",예보,"딸기,멜론,방울토마토,오이","❍ (흰가루병) 분생포자가 공기로 전염되며 건조하면서 일교차가 심한환경에서 많이 발생하는데 1월 기온의 변화가 클 것으로 예상돼오이, 멜론 등 박과작물과 딸기 등에 발생 증가가 우려됨
⇒ 일조량이 부족하고 비료기가 많은 조건에서 발생이 많으므로 질소질 비료를 알맞게 주며, 병든 잎과 과실은 신속히 제거하고 병발생 초기에 등록 약제로 방제⇒ 흰가루병 포자는 일출 후부터 오전 10시경 까지 포자 비산이 가장 많이 이루어지므로 약제 살포는 10시 이전에 하는 것이 효과적이고, 같은 계통의 약제 연용 시 약제저항성이 생겨 방제효과가떨어지게 되므로 반드시 다른 계통의 약제를 번갈아 가며 살포
❍ (노균병) 시설 내의 습도가 높고 온도가 낮은 조건에서 발생이 많고,일조량이 부족하거나 거름기가 모자라 작물의 생육이 왕성하지못할 때 발생이 많음
⇒ 야간에 보온관리를 잘하여 저온이 되지 않도록 하고 웃거름 주기,햇볕 쪼임 등으로 생육을 튼튼하게 하고 시설 내 습도가 높아지지않도록 보온에 유의하며 환기를 철저히 해야 함
⇒ 특히 오이 시설재배 중 환기를 시키는 과정에서 찬바람이 식물체에직접 닿을 경우 노균병이 심하게 발생함으로 환기 할 때 유의⇒ 병이 발생된 포장은 병든 잎을 일찍 따낸 다음 발병 초기에 적용약제로 방제* 농촌진흥청웹페이지“농사로”에서농업기술동영상「토마토병해충및생리장해」참고",3호.txt
2024,3,4,2024-03-01,2024-03-31,시설채소,역병,예보,,"❍ 시설내 온도가 3∼26℃사이에서 발병이 가능하며 일교차가 크고다습할 때 심하게 발생함. 시설 내 환경조건이 저온 다습하여 역병이발병하기 좋을 조건일 경우 1∼2주 만에 포장이 황폐화되는 치명적인피해를 주기도 함. 밤 기온은 낮고, 낮에는 따뜻하여 일교차가 크고다습하여 발생할 가능성이 있음
⇒ 환기를 철저히 하여 시설 내부가 과습하지 않도록 하며, 잦은관수를 피하고 배수가 잘되게 관리⇒ 항상 포장을 청결히 하고 병든 잎이나 줄기는 조기에 제거하고예방적으로 적용약제를 살포",3호.txt
2024,3,5,2024-03-01,2024-03-31,시설채소,"노균병, 흑색썩음균핵병",주의보,"마늘,양파","1. 양파 노균병
❍ 양파를 이어짓는 포장을 중심으로 노균병이 매년 증가 하고있는추세로 기온이 15℃정도에서 비가 자주 내리고 안개 끼는 날이많으면 발생이 많아지는데 발병 이후에 약제로 방제를 할 경우 효과가거의 없으므로 사전 관리가 중요함
⇒ 포장을 습하지 않도록 관리하고 병이 발생한 포장은 병든 식물을 반드시제거하여 2차 감염을 차단해야 함
2. 양파, 마늘 흑색썩음균핵병
❍ 난지형 마늘에 발생이 많으며, 구근에 흰 균사가 발생하여 구근껍질이 검게 변하면서 흑색의 작은 균핵을 형성하고 오래되면 구근이물러 썩는 병으로 지상부 전체가 시들어 노랗게 마름⇒ 병든 포기를 발견하면 즉시 제거하여 전염원을 없애주고, 농기계등에 의해 병 발생 포장의 흙이 건전한 포장으로 유입되지 않도록주의하고 이어짓기 금지",3호.txt
2024,3,6,2024-03-01,2024-03-31,시설채소,딸기 꽃곰팡이병,예보,딸기,"❍ 암술에 녹색 곰팡이가 발생하는 병으로 심할 경우 꽃 전체가 마르면서 기형과를 유발하는 피해를 입힘
❍ 최근 한파로 인한 하우스 환기 부족, 폭설로 인한 과습, 일조부족 등으로 딸기의 생육이 저조하여 병 감염에 취약해진 상태임
❍ 병원균은 딸기꽃 외에도 시설 내 식물 잔재물, 토양, 유기물 등에서도 증식이 가능하며 저온과 습도가 높을 때 발생이 증가함
⇒ 시설 내 습도를 낮추고 식물체로 물방울이 떨어지지 않도록 하며식물체 잔재물을 제거하는 등 청결한 환경관리 필요",3호.txt
2024,3,7,2024-03-01,2024-03-31,시설채소,딸기 세균모무늬병,예보,딸기,"❍ 잎 뒷면에 뜨거운 물로 데친 것 같은 작은 점무늬가 형성되고 점차확대되어 잎 앞면에 점무늬를 형성함
❍ 후기의 병반은 세균 누출액으로 덮여 빛이 나고, 잎 전체가마르면서 갈색으로 변색되고 떨어지게 됨
❍ 세균 누출액이 튀거나 접촉으로 번지는 원인이 되고 딸기 러너에 의해 확산됨
⇒ 감염된 포장이나 모주를 통해 전염되므로 병에 걸린 포기는 제거하여 땅에 묻고, 병에 걸렸던 포장의 딸기는 절대 모주로 사용하지 말아야 함",3호.txt
2024,3,8,2024-03-01,2024-03-31,시설채소,총 채 벌 레 류․가 루 이 류․진 딧 물 류․응 애 류  등,예보,"감자,고추,방울토마토,오이","❍ (총채벌레류) 꽃노랑총채벌레 , 오이총채벌레 등은 오이, 고추,토마토 등 시설 내에서 연중 발생하는 해충으로 방제시기를 놓칠경우 바이러스병을 전염시켜 큰 피해를 주는 해충임
⇒ 해충의 크기가 작아 발견하기 어렵기 때문에 초기에 발생을 알지 못하여피해를 입는 경우가 많으므로 해충이 좋아하는 색깔(노란색)의끈끈이트랩을 매달아 발생을 예찰하고, 발생 시 초기에 방제
❍ (가루이류·진딧물류) 온실가루이와 담배가루이는 가지과 작물에서, 진딧물은 엽채류와 과채류에서 주로 발생하며 식물체의즙액을 빨아먹는 직접적인 피해뿐만 아니라 그을음병과 바이러스병 등을 유발함
❍ (응애류) 작물이 피해를 받으면 잎이 누렇게 변하여 말라 죽게 됨
⇒ 이들 해충은 일단 발생되면 방제가 어려우므로 방충망을 설치하는등 시설 안으로 들어오지 못하도록 막고, 크기가 작아 발생을 알아보기가 어려우므로 끈끈이를 매달아 주의 깊게 살펴봄⇒ 해충에 따라 발생 초기 천적을 투입하거나 등록 약제로 방제하고,약제 살포 시에는 안전사용기준을 지키고 계통이 다른 약제로바꾸어 가면서 살포하여 저항성 유발을 최소화【점박이응애 모습】 【점박이응애 피해】 【잎 뒷면에 발생한점박이응애 피해】
❍ (작은뿌리파리 ) 밭작물 , 채소, 화훼 등에서 전 생육기간 동안발생하며, 성충은 유기물이 풍부한 상토 또는 양액 육묘의 암면큐브 위 이끼에 산란하고 부화유충은 지제부와 뿌리에 해를입혀 지상부 시들음 증상을 유발⇒ 유충은 감자 절편에 잘 유인되기 때문에 깍두기 모양의 크기로절단하여 작물의 뿌리 주변에 놓아두면 발생 여부와 발생량을 예찰할 수 있음
⇒ 노란색 끈끈이 트랩을 지상부 50㎝ 이하에 설치해 두면 성충 발생여부와 발생량 예찰에 도움이 됨",3호.txt
2024,3,9,2024-03-01,2024-03-31,시설채소,토마토반점위조바이러스(TSWV),예보,"고추,방울토마토,파프리카","❍ 총채벌레가 즙액을 흡즙하면서 바이러스를 전염시키는 병으로 고추,토마토, 파프리카 등 특히 가지과 시설재배지에서 꾸준히 발생하고있으며, 밀도가 높아 방제시기를 놓칠 경우 피해가 커지기 때문에초기 예방이 중요
⇒ 방충망을 이용하여 시설 안으로 들어오는 총채벌레를 막고 발생초기 천적이나 등록약제로 방제⇒ 병에 걸린 식물은 발견 즉시 제거하여 병이 확산되는 것을 예방",3호.txt
2024,3,10,2024-03-01,2024-03-31,시설채소,토마토황화잎말림바이러스(TYLCV),예보,방울토마토,❍ 가지과 작물에서 담배가루이가 병을 매개하고 감염된 묘를 통해확산될 수 있으므로 육묘 단계부터 정식 초기에 예찰을 강화하여감염여부를 판단하고 정식 후에는 잎 뒷면과 포장주위를 살펴보아담배가루이를 철저히 방제⇒ 병을 감염시키는 담배가루이는 세대 기간이 짧고 번식력이 강하므로방충망을 설치하여 시설 안으로 담배가루이가 들어오는 것을 막고 발생초기에 등록약제를 이용하여 방제하는 등 철저한 관리로 확산을방지하여 예방,3호.txt
2024,3,11,2024-03-01,2024-03-31,시설채소,쥬키니황화모자이크바이러스(ZYMV),예보,"오이,호박","❍ 박과 작물인 호박, 오이 등에 많이 발생하며 과채류에서 전년에 이어지속적으로 발생 될 것으로 예상됨, 진딧물에 의하여 병을 매개하는한편 이병식물의 접촉에 의한 전염도 가능하므로 농작업 시 주의가 필요
⇒ 매개충인 진딧물 방제를 철저히 하고, 작물이 시설 내에 연중재배되어 항상 전염원은 있으므로 농작업시 즙액에 의한 접촉전염을 막기 위해 병든 식물체는 즉시 제거해야 함",3호.txt
2024,3,12,2024-03-01,2024-03-31,과수,과수화상병,예보,사과,"❍ (과수화상병) 사과, 배 등의 병든 꽃은 수침상이 되고 쭈그러든후 흑갈색으로 변해 떨어지거나 나무에 매달려 있게 되고 꽃이달린 가지나 인접한 가지로 진전되어 잎맥을 따라 흑갈색의병반이 생기고 병이 진전됨에 따라 병든 잎은 말리고, 쭈그러들어보통은 가지에 매달려 있음. 병든 가지의 나무껍질은 흑갈색으로변하면서 물러졌다가 후에 위축되고 단단해져 궤양병반을 형성⇒ 한번 걸리면 방제가 불가능하기 때문에 예방을 위하여 과수원을 청결하게 관리하고 농작업을 하는 사람의 과수원 출입시사람과 작업도구 등을 수시로 소독⇒ 의심증상 발견 시에는 전국 대표전화(1833-8572) 또는 가까운농업기술센터·농업기술원에 즉시 신고, 병균의 밀도가 낮아 진단되지 않더라도 갈변궤양은 끝에서 40~70cm 아래를 절단․제거[사과월동기화상병궤양증상]
❍ (과수가지검은마름병) 과수화상병과 증상이 비슷하여 육안으로는구분이 불가하며, 발생시기와 전파경로, 피해증상이 유사함.",3호.txt
2024,3,13,2024-03-01,2024-03-31,과수,주경배나무이,예보,,"❍ 배에 발생하는 주경배나무이는 거친 껍질 밑에서 성충상태로월동을 하고, 지역과 겨울철 기온에 따라 2월 중순부터 나무위쪽의 열매가 달리는 가지로 이동하며 3월 상순부터 산란을시작하고 개화 전 무렵부터 알이 부화됨
⇒ 기계유유제의 경우 산란된 알에 대해서는 효과가 거의 없기 때문에가능한 한 최적 방제시기 초기에 방제하는 것이 효과적임
⇒ 겨울형 성충이 산란한 알은 개화기 무렵 부화하며 약제에 의해방화곤충의 피해가 없도록 최소 개화 일주일 전 혹은 만개기 직후에 방제하는 것이 효과적임
⇒ 국가농작물병해충관리시스템(http://ncpms.rda.go.kr)의「병해충예측-병해충예측지도」메뉴에서 내 농장 지역의 최적방제시기와과수원내 주경배나무이 밀도를 살펴보고 기계유유제 살포* 농촌진흥청웹페이지“농사로”에서농업기술동영상「주경배나무이방제기술」참고※ 중부지방 방제시기: 2월부터 최고온도 6℃이상의 날이 16∼20일이되면 월동한 성충의 약 80%가 나무로 이동함. 이때 기계유유제(약12.5 ∼17ℓ/물 500 ℓ) 살포* 남부 지방은 주경배나무이의 이동이 10일 정도 빠름을 감안하여방제 시기를 결정* 단, 줄기마름병이 많이 발생하거나 찬 기운이 정체돼 언 피해가잦은 농가는 기계유유제 대신 주경배나무이 적용 약제를 살포1개월 기상전망            (출처 : 국립농업과학원, 기상청)기온은 1주, 4주는 평년과 비슷하거나 높겠고, 2주, 3주는 평년보다 높겠음
강수량은 1주는 평년과 비슷하겠고, 2주는 평년보다 많겠으며, 3주, 4주는평년과 비슷하거나 많겠음
❍ 1주(3.18~3.24): 이동성 고기압의 영향을 받겠으나, 일시적으로 찬공기의영향을 받을 때가 있겠음
- 기온은 평년과 비슷하거나 높겠고, 강수량은 평년과 비슷하겠음
❍ 2주(3.25~3.31): 이동성 고기압의 영향을 받겠고, 남서쪽에서 다가오는 저기압의 영향을 받을 때가 있겠음
- 기온은 평년보다 높겠고, 강수량은 평년보다 많겠음
❍ 3주(4.1~4.7): 이동성 고기압의 영향을 받겠고, 남쪽을 지나는 저기압의 영향을 받을 때가 있겠음
- 기온은 평년보다 높겠고, 강수량은 평년과 비슷하거나 많겠음
❍ 4주(4.8~4.14): 이동성 고기압의 영향을 받겠으나, 일시적으로 찬공기의 영향을 받을 때가 있겠으며, 남쪽을 지나는 저기압의 영향을 받을 때가 있겠음
- 기온은 평년과 비슷하거나 높겠고, 강수량은 평년과 비슷하거나 많겠음
농업지대 지역평균기온 강수량1주 2주 3주 4주 1주 2주 3주 4주(3.18~3.24) (3.25~3.31) (4.1~4.7) (4.8~4.14) (3.18~3.24)(3.25~3.31) (4.1~4.7) (4.8~4.14)1.태백고냉 대관령 조금높음 높음 높음 조금높음 비슷 많음 조금많음 조금많음
2.태백준고냉 인제,홍천,제천 조금높음 높음 높음 조금높음 비슷 많음 조금많음 조금많음
3.소백산간 충주,보은 조금높음 높음 높음 조금높음 비슷 많음 조금많음 조금많음
4.노령소백산간 임실 조금높음 높음 높음 조금높음 비슷 많음 조금많음 조금많음
5.영남내륙산간 추풍령,영주,문경 조금높음 높음 높음 조금높음 비슷 많음 조금많음 조금많음
6.중북부내륙 춘천,양평 조금높음 높음 높음 조금높음 비슷 많음 조금많음 조금많음
7.중부내륙 원주,이천 조금높음 높음 높음 조금높음 비슷 많음 조금많음 조금많음
8.소백서부내륙 청주,대전,금산 조금높음 높음 높음 조금높음 비슷 많음 조금많음 조금많음
9.노령동서내륙 정읍,남원,거창,산청 조금높음 높음 높음 조금높음 비슷 많음 조금많음 조금많음
10.호남내륙 광주,순천,장흥 조금높음 높음 높음 조금높음 비슷 많음 많음 조금많음
11.영남분지 대구,의성,구미,영천 조금높음 높음 높음 조금높음 비슷 많음 조금많음 조금많음
12.영남내륙 진주,합천,밀양 조금높음 높음 높음 조금높음 비슷 많음 많음 조금많음
13.중서부평야 서울,인천,수원,서산,강화,천안,보령 조금높음 높음 높음 조금높음 비슷 많음 조금많음 조금많음
14.차령남부평야 군산,전주,부여,부안 조금높음 높음 높음 조금높음 비슷 많음 조금많음 조금많음",3호.txt
2024,3,14,2024-03-01,2024-03-31,과수,주경배나무이,예보,,"15.남서해안 목포,완도,해남,고흥 조금높음 높음 높음 조금높음 비슷 많음 많음 조금많음
16.남부해안 부산,통영,여수,거제,남해 조금높음 높음 높음 조금높음 비슷 많음 많음 조금많음
17.동해안북부 속초,강릉 조금높음 높음 높음 조금높음 비슷 많음 조금많음 조금많음
18.동해안중부 울진,영덕 조금높음 높음 높음 조금높음 비슷 많음 조금많음 조금많음
19.동해안남부 포항,울산 조금높음 높음 높음 조금높음 비슷 많음 많음 조금많음
20.제주 제주,성산,서귀포 조금높음 높음 높음 조금높음 비슷 많음 많음 조금많음
평균 조금높음 높음 높음 조금높음 비슷 많음 조금많음 조금많음
10일(2023.03.10.~03.17.) 예보(기상청, 2023.03.07., 06:00)<기상예보>
❍ (기온) 10일 아침 기온은 -5~1℃, 낮 기온은 7~12℃로 평년(최저기온 -3~6℃, 최고기온 9~15℃)과 비슷하거나 조금 낮겠고, 11일~17일 아침 기온은
-2~9℃, 낮 기온은 9~18℃로 평년과 비슷하거나 조금 높겠음
❍ (강수) 11일 오후 제주도에, 12일은 전국(전남권, 경남권, 강원영동 제외)에 비(강원영서 비 또는 눈)가 오겠음
<날씨><최저/최고기온>최근 경과기상과 향후 기상전망<기온><강수량>연도별 평균기온
❍ ‘24년 1월부터 3월 1주차까지의 평균기온은 3.0℃로, 평년(1.0)보다 2.0℃ 높았음
- ’24년 3월 1주차의 평균기온은 4.0℃로, 평년(4.5)보다 0.5℃ 낮았음
기 간 1월 2월3월 분석기간1.1~3.6 2.29~3.61주(2.29~3.6)평균(℃)편차(℃)평균(℃)편차(℃)2024년 1.4 4.5 4.0 3.0 2.0 4.0 -0.52023년 0.0 3.0 6.1 1.9 0.9 6.1 1.62022년 -0.2 0.4 5.3 0.6 -0.4 5.3 0.82021년 -0.4 3.9 6.0 2.0 1.0 6.0 1.52020년 3.0 3.8 5.2 3.6 2.6 5.2 0.72019년 0.5 2.6 8.0 2.1 1.1 8.0 3.52018년 -1.8 0.0 5.8 -0.3 -1.3 5.8 1.32017년 0.3 1.8 4.7 1.4 0.4 4.7 0.22016년 -0.6 1.9 5.7 1.2 0.2 5.7 1.22015년 0.8 2.2 2.4 1.5 0.5 2.4 -2.12014년 0.7 2.7 4.4 1.9 0.9 4.4 -0.110년평균 0.2 2.2 5.4 1.6 0.6 5.4 0.9평 년 -0.4 1.7 4.5 1.0 0.0 4.5 0.0* 10년 평균 : 최근 10년(2014~2023년)동안의 평균기온의 평균** 평년 : 30년(1991～2020년)동안의 평균기온의 평균*** 편차 : 평년의 평균기온에 대 한 연도별 평균기온의 차이연도별 강수량
❍ ’24년1월부터3월1주차까지의강수량의합은154.7㎜로,평년(81.0)보다73.7㎜많았음(평년대비191.0%)",3호.txt
2024,3,15,2024-03-01,2024-03-31,과수,주경배나무이,예보,"감자,당근,딸기,미나리,배추,부추,상추,시금치,오리,유채,쪽파","-’24년3월1주차의강수량의합은9.9㎜로,평년(12.9)보다3.0㎜적었음(평년대비76.7%)기 간 1월 2월3월 분석기간1.1~3.6 2.29~3.61주(2.29~3.6)합계(㎜)대비(%)합계(㎜)대비(%)2024년 36.9 111.4 9.9 154.7 191.0 9.9 76.72023년 44.9 20.0 0.5 65.3 80.6 0.5 3.92022년 5.0 5.5 2.2 12.7 15.7 2.2 17.12021년 25.4 23.4 57.0 105.8 130.6 57.0 441.92020년 85.7 62.1 1.2 148.3 183.1 1.2 9.32019년 9.7 34.5 1.7 45.9 56.7 1.7 13.22018년 25.5 36.6 28.4 90.4 111.6 28.4 220.22017년 18.6 36.0 4.9 59.4 73.3 4.9 38.02016년 32.9 50.6 44.0 127.0 156.8 44.0 341.12015년 31.9 31.0 4.2 67.0 82.7 4.2 32.62014년 14.0 34.8 5.2 53.9 66.5 5.2 40.310년평균 29.4 33.5 14.9 77.6 95.8 14.9 115.5평 년 30.6 37.5 12.9 81.0 100.0 12.9 100.0* 10년 평균 : 최근 10년(2014~2023년)동안의 강수량의 평균** 평년 : 30년(1991～2020년)동안의 강수량의 평균*** 대비 : 평년의 강수량에 대한 연도별 강수량의 비율리플릿 고농도 미세먼지 대응 농업인 행동요령리플릿 과수화상병 유입 차단 관리방법★3월에 검출된 30개 조합(16품목/17성분)★* 이 자료는 국립농산물품질관리원 안전성조사 결과 중 ’23년도 부적합 발생 품목 및농약 성분을 바탕으로 작성했습니다.
□ 지역별 부적합 발생 우려 정보
❍ 주요 부적합 우려 품목(성분)
- [경기도] 고수(터부포스), 시금치(포레이트,터부포스)
- [강원도] 당 근(포 레 이트), 대 파(포레 이 트, 터부 포 스)
- [충청남도] 부추(피리다벤), 상추(피프로닐, 오리사스트로빈), 열무(카벤다짐, 피리다벤)
- [전라북도] 시금치(터부포스)
- [전라남도] 감자(이미시아포스), 딸기(아이소프로티올레인), 방풍나물(포레이트, 터부포스),시금치(프로파닐), 쑥(펜디메탈린), 취나물(에토프로포스)
- [경상북도] 시금치(터부포스)
- [경상남도] 가지(프로사이미돈), 대파(디메토에이트, 오메토에이트), 들깻잎(파목사돈), 미나리(프로사이미돈), 부추(프로클로라즈, 터부포스)
- [제주특별자치도] 쪽파(카보퓨란, 디메토에이트, 오메토에이트, 포레이트)※ 전국적으로 토양처리 살충제 농약(입제) 성분인 터부포스,포레이트 잔류농약 부적합이 많이 발생되고 있습니다.
농업인께서는 해당 성분의 농약을 사용이 등록된 작물에만안전사용기준을 반드시 준수하여 살포하시기 바랍니다.
3월 주요 품목별 농약 사용 주의보3월 주요 품목별 농약 사용 주의보□ 부적합 발생 우려 품목/성분의 잔류허용기준 및 농약 등록 유무□ 부적합 발생 주요 농산물 현황(1월 기준)2023년 1월 2024년 1월번호 품목명 발생(건) 번호 품목명 발생(건)1 딸기 4 1 딸기 32 한라봉 3 2 배 23 시금치 2 3 시금치 24 부추 1 4 쪽파 25 상추 1 5 감자 1기타 얼갈이배추, 유채잎, 쪽파 등 6 기타 고수, 부추, 상추 등 5합계 17 합계 15품목 검출성분 잔류허용기준(mg/kg) 잔류허용기준적용 근거농약 안전사용기준등록 유무‘23.3. ‘24.2.",3호.txt
2024,3,16,2024-03-01,2024-03-31,과수,주경배나무이,예보,"감귤,감자,당근,딸기,미나리,부추,사과,상추,시금치,쪽파","가지 Procymidone 0.01 0.01 일률기준 미등록감자 Imicyafos 0.01 0.01 일률기준 미등록고수 Terbufos 0.01 0.01 일률기준 미등록당근 Phorate 0.05 0.05 당해성분 당해품목 등록(단제)대파Dimethoate 0.05 0.05 당해성분 당해품목 등록(단제, 합제)Omethoate 0.05 0.05 당해성분 당해품목 미등록Phorate 0.05 0.05 당해성분 당해품목 등록(단제, 합제)Terbufos 0.05 0.05 당해성분 당해품목 등록(단제, 합제)들깻잎 Famoxadone 0.01 0.01 일률기준 미등록딸기 Isoprothiolane 0.01 0.01 일률기준 미등록미나리 Procymidone 0.15 0.15 소분류기준(엽경채류) 미등록방풍나물 Phorate 0.01 0.01 일률기준 미등록Terbufos 0.01 0.01 일률기준 미등록부추Prochloraz 0.01 0.01 일률기준 미등록Pyridaben 0.01 0.01 일률기준 미등록Terbufos 0.05 0.05 당해성분 당해품목 등록(단제, 합제)상추 Fipronil 0.01 0.01 일률기준 미등록Orysastrobin 0.01 0.01 일률기준 미등록시금치Phorate 0.01 0.01 일률기준 미등록Propanil 0.01 0.01 일률기준 미등록Terbufos 0.05 0.05 당해성분 당해품목 등록(단제, 합제)쑥 Pendimethalin 0.01 0.01 일률기준 미등록열무 Carbendazim 0.01 0.01 일률기준 미등록Pyridaben 0.01 0.01 일률기준 미등록쪽파Carbofuran 0.05 0.05 당해성분 당해품목 미등록(벤퓨라카브 등록)Dimethoate 0.05 0.05 당해성분 당해품목 등록(단제, 합제)Omethoate 0.05 0.05 당해성분 당해품목 미등록Phorate 0.05 0.05 당해성분 당해품목 등록(단제, 합제)Terbufos 0.05 0.05 당해성분 당해품목 등록(단제, 합제)취나물 Ethoprophos 0.05 0.05 당해성분 당해품목 등록(단제)자료제공 및 검토 전문가 명단구분 성명 /  소속 / 직급1 채의석 / 농촌지원국 재해대응과 / 과장2 김기형 / 농촌지원국 재해대응과 / 농촌지도관3 배철호 / 농촌지원국 재해대응과 / 농촌지도관4 전승기 / 농촌지원국 재해대응과 / 농촌지도관5 김상목 / 농촌지원국 재해대응과 / 농업연구관6 박승무 / 농촌지원국 재해대응과 / 농촌지도관7 이우일 / 농촌지원국 재해대응과 / 농촌지도사8 최효원 / 농촌지원국 재해대응과 / 농업연구사9 정은수 / 농촌지원국 재해대응과 / 농촌지도사10 맹권재 / 농촌지원국 재해대응과 / 농업주사보11 박명일 / 농촌지원국 재해대응과 / 주무관12 최인후 / 농촌지원국 재해대응과 / 기술전문위원13 박해융 / 농촌지원국 재해대응과 / 기술전문위원14 성신상 / 농촌지원국 재해대응과 / 기술전문위원15 강신곤 / 농촌지원국 기술보급과 / 농촌지도관16 박종윤 / 농촌지원국 기술보급과 / 농촌지도관17 김현철 / 농촌지원국 기술보급과 / 농촌지도사18 장진경 / 농촌지원국 기술보급과 / 농촌지도사19 노석원 / 농촌지원국 식량산업기술팀 / 농촌지도관20 엄미옥 / 농촌지원국 식량산업기술팀 / 농촌지도사21 윤  송 / 농촌지원국 식량산업기술팀 / 농촌지도사22 이세원 / 국립농업과학원 작물보호과 / 과장23 박병용 / 국립농업과학원 작물보호과 / 농업연구관24 이봉춘 / 국립농업과학원 작물보호과 / 농업연구관25 이용환 / 국립농업과학원 작물보호과 / 농업연구관26 이영기 / 국립농업과학원 작물보호과 / 농업연구사27 정인홍 / 국립농업과학원 작물보호과 / 농업연구사28 류현주 / 국립농업과학원 작물보호과 / 농업연구사29 심교문 / 국립농업과학원 기후변화평가과 / 농업연구관30 조세라 /국립농업과학원 기후변화평가과 / 농업연구사31 박진우 / 국립농업과학원 작물기초기반과 / 과장32 서보윤 / 국립농업과학원 작물기초기반과 / 농업연구관33 김상민 / 국립식량과학원 작물기초기반과 / 농업연구사34 김현주 / 국립식량과학원 기술지원과 / 농업연구관35 김은영 / 국립식량과학원 재배환경과 / 농업연구사36 김동환 / 국립원예특작과학원 원예특작환경과 / 과장37 이성찬 / 국립원예특작과학원 원예특작환경과 / 농업연구관38 한유경 / 국립원예특작과학원 원예특작환경과 / 농업연구사39 이선영 / 국립원예특작과학원 원예특작환경과 / 농업연구사40 서미혜 / 국립원예특작과학원 원예특작환경과 / 농업연구사41 윤정범 / 국립원예특작과학원 원예특작환경과 / 농업연구사42 이동혁 / 국립원예특작과학원 사과연구소 / 소장43 양상진 / 국립원예특작과학원 사과연구소 / 농업연구관44 송장훈 / 국립원예특작과학원 배연구소 / 농업연구관45 강아랑 / 국립원예특작과학원 배연구소 / 농업연구사46 한승갑 / 국립원예특작과학원 감귤연구소 / 농업연구관2024년 농작물 병해충 발생정보(제3호)집 필 인채의석 , 김기형 , 배철호 , 전승기 , 김상목 , 박승무 , 이우일 , 최효원 , 정은수 ,맹권재 , 박명일발 행 처 농촌진흥청 재해대응과주소 54875 전북 전주시 덕진구 농생명로 300전화 (063) 238–1045~1049homepage : http://www.nongsaro.go.kr",3호.txt
2024,4,1,2024-04-01,2024-04-30,식량작물,벼 종자전염성 병해충,예보,벼,"❍ 키다리병,도열병, 깨씨무늬병,벼잎선충등은 종자소독으로 피해를줄일 수 있는데, 최근 몇 년간 일부 지역에서도열병, 벼잎선충의밀도가증가한사례가있음
-종자소독약제는주기적으로다른계통으로바꾸어사용□ 소금물가리기 (염수선 )
❍ 볍씨가발아하여3~4엽이자랄때까지는배유에저장된양분에의하여자라므로튼튼한종자를얻으려면충실하게등숙된볍씨를골라야함
❍ 충실한 종자는 무거운 종자를 의미하므로 이를 가려내기 위하여소금물에 담가충실한종자를 선별함
❍ 메벼는 염수선 비중을 1.13(물 20ℓ + 소금 4.24㎏), 찰벼는 비중1.04(물 20ℓ +소금 1.36㎏)에서가라앉는볍씨를사용
❍ 소금물가리기할때볍씨를소금물에오래담가두면발아를해치기쉬우므로곧바로맑은물로씻어야함
□ 온탕소독
❍ 물온도 60℃에 10분간담가소독한후바로냉수에담가식혀줌
❍ 온탕침지에민감한 ‘삼광’, ‘운광’, ‘일미’ 등의품종은위의소독조건(60℃, 10분)을지키지않을경우발아율이떨어질수있으므로주의해야함
□ 약제 침지소독① 종자소독기에물을종자량에맞게채움(종자 10㎏당물 20ℓ)② 물온도를 30℃까지올린후에종자소독약을정량으로희석※선충방제를위하여등록살충제와함께희석③ 종자를 10㎏단위로 물이통할수 있는망에담아 침지④ 소독액에 30℃에서 24∼48시간침지(약제마다다름) 후에깨끗한물로교체한후싹이 움트기시작하면싹틔우기 실시⑤ 품종에따라 48시간이전에싹이나오면바로싹틔우기작업실시",4호.txt
2024,4,2,2024-04-01,2024-04-30,식량작물,"모잘록병, 뜸모",예보,,"❍ 모가 연약하고밤낮의온도차가 클때피해가 많음
⇒ 못자리 병은 육묘상자에 묻어 있는 흙속에 병원균이 잠복하고있으므로작년에사용한육묘상자는맑은물로깨끗이씻어사용⇒알맞은 양을파종하고온도 및환기등의 관리를철저히함",4호.txt
2024,4,3,2024-04-01,2024-04-30,식량작물,맥류 붉은곰팡이병,주의보,보리,"❍  4월 출수기전후비가자주오면붉은곰팡이병발생이 증가할 수있으므로 기상예보에맞추어 예방적으로약제를 살포하고 배수로정비 등물관리를철저히 해야함
- 2018년 4월하순 보리출수기의고온과 연속강우로다발생* 연도별병든이삭률:(‘02)54.7 →(’11)14.4 →(’15)9.5 →(’18)16.2 →(’19)0.2%⇒ 약제방제적기는밀,쌀보리는개화최성기(출수후약 7∼10일)이고,맥주보리는이삭이거의팬날로부터 10일경실시⇒ 맥류의 생육단계는 품종과 포장에 따라 다르므로 포장별 생육상황과기상을 잘살펴방제 실시",4호.txt
2024,4,4,2024-04-01,2024-04-30,채소,양파노균병,주의보,양파,❍ 양파에서노균병은피해를많이주는병중의하나로발생포장에서는3월하순∼4월 상순경병발생양파로부터포자가발생하여퍼지면서건전한양파에2차감염유발하여피해를줌⇒ 2차감염으로인한피해를줄이기위해서는1차피해주의잎에서회색분말가루나검정그을음같은포자가형성되기시작하면등록된약제를사용하여방제해야함,4호.txt
2024,4,5,2024-04-01,2024-04-30,채소,"잎마름병(마늘, 양파)",예보,"마늘,양파",❍ 잎마름병은 양파와 마늘의 잎에서 발생하는 곰팡이병으로 4~5월고온다습환경시발생이증가하므로주기적인예찰을실시하여발생초기에등록된약제를사용하여방제해야함,4호.txt
2024,4,6,2024-04-01,2024-04-30,채소,"흑색썩음균핵병(마늘, 양파)",예보,"마늘,양파","❍ 전형적인토양전염성병으로연작재배지에서피해가큰데감염되면아랫잎부터황갈색으로변하고심하면포기전체가말라죽는다.
⇒ 병든식물체가보이는즉시수시로뽑아격리된곳에버린다.
⇒ 습한 토양에서 피해가 크므로 물빠짐(배수) 관리와 함께 초기에등록된약제를 사용하여방제함",4호.txt
2024,4,7,2024-04-01,2024-04-30,채소,"잿빛곰팡이병(딸기, 오이, 토마토, 상추 등)",예보,"딸기,방울토마토,상추,오이","❍ 저온다습조건을선호하여시설내의온도가낮고비닐천장에이슬이맺힐정도의높은습도가계속될경우병발생이증가함
⇒ 통풍 등적절한 환기로시설내의습도를 낮추어 주되 보온에 유의하고, 병이 발생되면 급속하게 번지는 특성이 있으므로 발생초기에 등록약제로 방제하되 약제를 바꾸어 가며 사용해야 함",4호.txt
2024,4,8,2024-04-01,2024-04-30,채소,"흰가루병(딸기, 오이, 메론 등)",예보,"딸기,오이","❍ 고온다습및다비재배시과번무로인한통기불량환경에서발생증가⇒ 환기 등 시설내의환경관리를잘조절해주며질소비료를과용하지않고균형시비를하면서병발생초기에방제※ 흰가루병포자비산이 일출후부터오전 10시경사이가장 많이이루어지므로약제는 10시 이전살포하는것이 효과적이고, 같은계통의약제연용보다 다른계통의약제를 번갈아가며살포",4호.txt
2024,4,9,2024-04-01,2024-04-30,채소,토마토궤양병,예보,방울토마토,"❍ 종자나토양을통해서전염,점염성이높고병원균의잠복기가길어주의필요
❍ 잎, 줄기, 열매에서 주로 발생되며 줄기에는황갈색점무늬가나타나고진전되면궤양증상을보이며심하면그루전체가시들어마름⇒ 건전한 종자를 사용하고 반드시 종자소독을 실시해야하며, 농작업 전 기구들은 차아염소산나트륨 등으로 소독하고 발병 시등록약제로즉시방제함",4호.txt
2024,4,10,2024-04-01,2024-04-30,채소,"고자리파리, 뿌리응애(마늘, 양파)",예보,"마늘,양파","❍ (고자리파리 ) 토양속알에서부화한유충이줄기의밑부분을가해한다. 초기피해증상은눈에 띄지 않으나피해받은 포기는점차 광택을 잃으면서 아래 줄기부터노랗게 색이 변하며 포기 전체가 시들며말라죽는다.
⇒ 월동 후 3월 중순부터 피해가 증가하므로성충 발생밀도를예찰하고 3월 하순경에는고자리파리의산란 억제를 위하여 등록 살충제(액상)를 7∼10일간격으로 2∼3회살포⇒ 토양 속 유충은 계속해서 가해하기 때문에 약대 등을 이용하여토양에도 직접 포기 관주처리하고 약물이 흙 또는 멀칭필름 밖으로넘쳐나올정도로흠뻑처리하는것이효과적
❍ (뿌리응애 ) 마늘, 양파 등 땅속의 구근을 가해하며, 초기에는 잘 나타나지 않으나 점차 지상부의 생육이나빠지고구근 부패의원인이됨
⇒ 피해발생시등록약제를피해포기주위에국소적으로 토양 처리하거나, 생장점 부근뿌리나 비늘줄기에서 서식, 가해하기때문에 약대 등을이용하여직접 포기관주처리하여약제물이흙 또는 멀칭필름 밖으로넘쳐나올정도로흠뻑처리하는것이효과적⇒ 뿌리응애는 35℃ 이상이면 죽기 때문에 가장 뜨거운 7~8월에멀칭필름+약제등을이용한토양소독을길게할수록효과적",4호.txt
2024,4,11,2024-04-01,2024-04-30,채소,"총채벌레류, 가루이류, 진딧물, 응애류",예보,"고추,딸기,방울토마토,오이","❍ (총채벌레류 ) 꽃노랑총채벌레, 오이총채벌레 등은 날개모양이총채처럼생긴작은해충으로오이,고추,토마토,딸기등시설내에서연중발생하고방제시기를놓칠경우바이러스병을전염시켜피해를주는해충임
⇒ 크기가작아발견이쉽지않아초기에발생을알지못하고피해를입는경우가많음.끈끈이트랩을이용예찰하고,발생시초기에방제
❍ (가루이류,진딧물)가루이류는가지과 작물에서,진딧물은엽채류와과채류에서주로발생하는데, 식물의즙액을빨아먹는직접적인피해뿐만아니라그을음병과바이러스병등을유발하여상품성을떨어뜨림⇒ 크기가 작아 육안 관찰이 힘들고 일단 발생되면 방제가 어려우므로 외부 유입통로에 방충망을 설치하는 등 시설 안으로 들어오지못하도록 막고,트랩을이용예찰필요
⇒ 예방적조치로해충에따라천적을투입하여방제하고국부적으로해충이집중 발생하였을경우등록약제를 이용방제실시
❍ (점박이응애 ) 딸기에발생하면잎을누렇게변하여말라죽게되어생육을억제하는데최근딸기재배지에서발생이확인되고있어주의가필요함
⇒ 세대 기간이 짧아 연간 발생횟수가 많고 증식률이 높은 것이특징인데,유입방지와발생시등록약제를이용하여초기에방제⇒ 약제처리시응애류는대부분잎뒷면에기생하기때문에약제가잎 뒷면까지충분히묻도록살포하고동일 약제또는 동일 계통의약제연용을피하고유효성분이다른약제를바꾸어가며살포",4호.txt
2024,4,12,2024-04-01,2024-04-30,채소,토마토반점위조바이러스(TSWV),예보,"고추,방울토마토,파프리카","❍ 총채벌레가 즙액을흡즙하면서바이러스를 전염시키는병으로고추,토마토, 파프리카 등 특히전년도발생이많았던 가지과시설재배지에서 꾸준히 발생하고 있으며, 밀도가 높아 방제시기를 놓칠 경우피해가커지기때문에초기예방이 중요
⇒ 방충망을이용하여시설안으로들어오는총채벌레를 막고발생초기 천적이나등록약제로방제⇒ 병에 걸린 식물은발견 즉시 제거하여병이 확산되는 것을 예방",4호.txt
2024,4,13,2024-04-01,2024-04-30,채소,토마토황화잎말림바이러스(TYLCV),예보,방울토마토,❍ 가지과 작물에서 담배가루이가 병을 매개하고 감염된 묘를 통해확산될 수 있으므로 육묘 단계부터 정식 초기에 예찰을 강화하여감염여부를판단하고 정식 후에는 잎 뒷면과 포장주위를살펴보아담배가루이를철저히 방제⇒ 병을감염시키는담배가루이는세대기간이짧고연간발생횟수가많아번식률이강하므로방충망을설치하여시설안으로담배가루이가 들어오는것을막고발생초기에등록약제를이용하여방제하는등철저한관리로확산을방지하여예방⇒ 발생된시설재배농가 주변지역은담배가루이의기주식물이되는잡초와병이 걸린식물은뽑아서 제거,4호.txt
2024,4,14,2024-04-01,2024-04-30,과수,과수화상병․과수가지검은마름병,주의보,사과,"❍ (과수화상병 ) 세균에의해사과, 배나무의꽃, 잎, 열매, 가지가불에탓것과같이검게변하고서서히말라죽게되는데전염성이높아사전예방을위한사전방제와과원및농자재관리가필수⇒ 개화전(3월하순∼4월중순) 방제요령으로는사과는녹색기∼전엽기시기에 석회보르도액또는 동제를 살포하고, 배는 꽃눈 발아 직후에동제또는석회유황합제살포⇒ 개화기 방제요령은 ‘과수화상병예측시스템’에서 안내하는 위험경보(감염위험도)에 따라 24시간 이내 2∼3회 약제 살포⇒ 한번 걸리면방제가불가능하기때문에예방을위하여과수원을청결하게관리하고농작업을하는사람의과수원출입시사람과작업도구 등을수시로소독⇒ 의심증상 발견 시에는 전국 대표전화(1833-8572) 또는 가까운농업기술센터·농업기술원에즉시신고
❍ (과수가지검은마름병) 과수화상병과증상이비슷하여 육안으로는구분이불가하며,발생시기와전파경로,피해증상이유사함.",4호.txt
2024,4,15,2024-04-01,2024-04-30,과수,검은별무늬병,예보,사과,"❍ 개화기이후잦은 강우시병 발생이우려되므로적기 방제필요
⇒ 국가농작물병해충관리시스템(http://ncpms.rda.go.kr)의 병해충예측
-병해충예측지도메뉴에서내농장 지역의감염위험 시간정보(경고값 2이상인경우)에따라최초경보시반드시적기방제실시[검은별무늬병 - 배] [검은별무늬병 - 사과]",4호.txt
2024,4,16,2024-04-01,2024-04-30,과수,참다래 궤양병,예보,"오리,참다래","❍ 가지, 주간, 신초, 잎, 꽃봉오리, 꽃에 감염되는 병으로서 감염된가지와 주간부에 크고 작은 균열을 유발하며, 이 균열된 부위로부터흘러나오 적갈색수액에의해 쉽게구분가능
❍ 병든 조직에서 월동한 병원균이 상처, 기공 및 수공을 통하여 잎으로침입하며전정 등농작업도구를 통해전염⇒ 전년발생포장은방제용등록약제를 3월하순∼4월상순부터10일간격으로살포하여예방하고감염된이병주는굴취하여매몰",4호.txt
2024,4,17,2024-04-01,2024-04-30,과수,나무좀류,예보,사과,"❍ 세력이 약한 나무에 피해가 예상되는데, 나무좀은 크기가 2∼4㎜내외로 작아서 육안으로 관찰하기가 매우 곤란하며, 또한 성충이사과나무 줄기 안으로 침입할 때 유충의 먹이가 되는 공생균(암브로시아균)도함께들어가는데,나무목질부에서공생한균으로부터생성된독소는 독성이강해나무가 말라죽는것을촉진시킴⇒ 나무좀 발생예찰유인트랩을 이용할경우, 트랩에 20∼30마리가유인되면동해를받았거나침수피해등으로나무세력이약해진나무를중점적으로관찰하여 침입여부를확인하여 방제⇒ 특히 나무좀은 오후 2∼3시경에기온이 20℃ 이상일 경우 주로날아들기 시작하므로이시기에 방제를실시⇒ 약제방제에우선하여물관리,시비관리및토양관리등의 재배관리를철저히하여나무세력을적정수준으로유지하는것이중요",4호.txt
2024,4,18,2024-04-01,2024-04-30,과수,사과응애,예보,사과,"❍ 사과, 배에 발생하는 사과응애의 월동밀도가 높은 과원은 기계유유제를 살포하고 개화 전 월동알 부화시기 예찰을 철저히 하여적기방제를실시⇒ 국가농작물병해충관리시스템(http://ncpms.rda.go.kr)의 병해충예측-병해충예측지도 메뉴에서 내 농장 지역의 최적방제시기를판단하여 적기방제(사과응애 : 50% 부화기에등록약제 살포)⇒ 개화 전 방제가 소홀할 경우 개화기 및 유과기 때 철저히 방제하여야하는데약제살포가미흡할경우발생증가로피해발생",4호.txt
2024,4,19,2024-04-01,2024-04-30,과수,복숭아씨살이좀벌,예보,복숭아,"❍ 연 1회 발생하며 피해과실 속에서 다자란 유충으로 월동하며 3월하순부터번데기가되며성충은 4월상순부터 5월중순까지발생함
❍ 성충은과실의크기가 1~2cm 정도되는어린과실에산란하므로,성충산란시기를확인하여 가급적발생적기 오전에방제를실시⇒ 복숭아씨살이좀벌은 성충 기간을 제외하고 알, 애벌레, 번데기기간은 씨앗 속에서 살기 때문에 약제를 살포해도 방제효과가낮으므로성충이어린과일속에알을낳는시기에맞춰집중방제⇒ 피해가 심한 과원에서는 과실크기가 1cm 정도 되는 시기부터성충의발생을관찰하면서 5∼7일간격으로 2∼3회등록약제살포1개월 기상전망            (출처 : 국립농업과학원, 기상청)(기온) 1주, 2주, 3주는 평년보다 높겠고, 4주는 평년과 비슷하거나 높겠음
(강수량) 1주, 4주는 평년과 비슷하겠고, 2주, 3주는 평년과 비슷하거나 많겠음
❍ 1주(4.8~4.14): 이동성 고기압의 영향을 주로 받겠음
- 기온은 평년보다 높겠고, 강수량은 평년과 비슷하겠음
❍ 2주(4.15~4.21): 이동성 고기압의 영향을 주로 받겠으나, 남쪽을 지나는저기압의 영향을 받을 때가 있겠음
- 기온은 평년보다 높겠고, 강수량은 평년과 비슷하거나 많겠음
❍ 3주(4.22~4.28): 이동성 고기압의 영향을 주로 받겠으나, 남쪽을 지나는저기압의 영향을 받을 때가 있겠음
- 기온은 평년보다 높겠고, 강수량은 평년과 비슷하거나 많겠음
❍ 4주(4.29~5.5): 이동성 고기압의 영향을 받겠으나, 일시적으로 찬 공기의영향을 받을 때가 있겠음
- 기온은 평년과 비슷하거나 높겠고, 강수량은 평년과 비슷하겠음
농업지대 지역 평균기온 강수량1주 2주 3주 4주 1주 2주 3주 4주(4.8~4.14) (4.15~4.21)(4.22~4.28) (4.29~5.5) (4.8~4.14) (4.15~4.21)(4.22~4.28) (4.29~5.5)1.태백고냉 대관령 높음 높음 높음 조금높음비슷 조금많음조금많음비슷2.태백준고냉 인제,홍천,제천 높음 높음 높음 조금높음비슷 조금많음조금많음비슷3.소백산간 충주,보은 높음 높음 높음 조금높음비슷 조금많음조금많음비슷4.노 령 소 백 산 간 임실 높음 높음 높음 조금높음비슷 조금많음조금많음비슷5.영 남 내 륙 산 간추풍령,영주,문경 높음 높음 높음 조금높음비슷 조금많음조금많음비슷6.중북부내륙 춘천,양평 높음 높음 높음 조금높음비슷 조금많음조금많음비슷7.중부내륙 원주,이천 높음 높음 높음 조금높음비슷 조금많음조금많음비슷8.소 백 서 부 내 륙청주,대전,금산 높음 높음 높음 조금높음비슷 조금많음조금많음비슷9.노 령 동 서 내 륙정읍,남원,거창,산청 높음 높음 높음 조금높음비슷 조금많음조금많음비슷10.호남내륙 광주,순천,장흥 높음 높음 높음 조금높음비슷 조금많음조금많음비슷11.영남분지 대구,의성,구미,영천 높음 높음 높음 조금높음비슷 조금많음조금많음비슷12.영남내륙 진주,합천,밀양 높음 높음 높음 조금높음비슷 조금많음조금많음비슷13.중서부평야서울,인천,수원,서산,강화,천안,보령 높음 높음 높음 조금높음비슷 조금많음조금많음비슷1 4.차 령 남 부 평 야군산,전주,부여,부안 높음 높음 높음 조금높음비슷 조금많음조금많음비슷15.남서해안 목포,완도,해남,고흥 높음 높음 높음 조금높음비슷 조금많음조금많음비슷16.남부해안 부산,통영,여수,거제,남해 높음 높음 높음 조금높음비슷 조금많음조금많음비슷17.동해안북부 속초,강릉 높음 높음 높음 조금높음비슷 조금많음조금많음비슷18.동해안중부 울진,영덕 높음 높음 높음 조금높음비슷 조금많음조금많음비슷19.동해안남부 포항,울산 높음 높음 높음 조금높음비슷 조금많음조금많음비슷20.제주 제주,성산,서귀포 높음 높음 높음 조금높음비슷 조금많음조금많음비슷평균 높음 높음 높음 조금높음비슷 조금많음조금많음비슷10일(2024.03.31.~04.07.) 예보(기상청, 2024.03.28., 06:00)<기상예보>
❍ (기온 ) 아침 기온은 1~11℃, 낮 기온은 13~22℃로 평년(최저기온2~9℃, 최고기온 13~19℃)과 비슷하거나 조금 높겠음
❍ (강수 ) 4월 4일 오전 제주도에 비가 오겠음",4호.txt
2024,4,20,2024-04-01,2024-04-30,과수,복숭아씨살이좀벌,예보,복숭아,"<날씨><최저/최고기온>최근 경과기상과 향후 기상전망<기온><강수량>연도별 평균기온
❍ ‘24년 1월부터 3월 4주차까지의 평균기온은 4.1℃로, 평년(2.4)보다 1.7℃ 높았음
- ’24년 3월 4주차의 평균기온은 9.6℃로, 평년(7.6)보다 2.0℃ 높았음
기간 1월 2월3월 분석기간1.1~3.27 3.21~3.271주(2.29~3.6)2주(3.7~3.13)3주(3.14~3.20)4주(3.21~3.27)평균(℃)편차(℃)평균(℃)편차(℃)2024년 1.4 4.5 4.0 4.6 8.5 9.6 4.1 1.7 9.6 2.02023년 0.0 3.0 6.1 10.6 8.9 11.4 3.9 1.5 11.4 3.82022년 -0.2 0.4 5.3 9.0 7.8 8.6 2.5 0.1 8.6 1.02021년 -0.4 3.9 6.0 7.8 10.0 10.1 3.8 1.4 10.1 2.52020년 3.0 3.8 5.2 7.0 7.4 11.7 4.8 2.4 11.7 4.12019년 0.5 2.6 8.0 6.4 7.6 7.8 3.4 1.0 7.8 0.22018년 -1.8 0.0 5.8 6.3 8.7 8.3 1.7 -0.7 8.3 0.72017년 0.3 1.8 4.7 5.0 7.0 7.0 2.6 0.2 7.0 -0.62016년 -0.6 1.9 5.7 3.9 8.4 7.3 2.5 0.1 7.3 -0.32015년 0.8 2.2 2.4 3.7 9.4 7.9 2.9 0.5 7.9 0.32014년 0.7 2.7 4.4 3.4 8.8 10.6 3.3 0.9 10.6 3.010년평균 0.2 2.2 5.4 6.3 8.4 9.1 3.1 0.7 9.1 1.5평 년 -0.4 1.7 4.5 5.2 7.1 7.6 2.4 0.0 7.6 0.0* 10년 평균 :최근 10년(2014~2023년)동안의 평균기온의 평균** 평년 :30년(1991～2020년)동안의 평균기온의 평균*** 편차 :평년의 평균기온에 대한 연도별 평균기온의 차이연도별 강수량
❍ ’24년 1월부터 3월 4주차까지의 강수량의 합은 192.3㎜로, 평년(123.8)보다 68.5㎜ 많았음(평년대비 155.3%)
- ’24년 3월 4주차의 강수량의 합은 33.3㎜로, 평년(12.7)보다 20.6㎜ 많았음",4호.txt
2024,4,21,2024-04-01,2024-04-30,과수,복숭아씨살이좀벌,예보,"고추,당근,두릅,마늘,복숭아,부추,상추,시금치,쑥갓,아스파라거스,오이,쪽파,청경채","(평년대비 262.2%)기간 1월 2월3월 분석기간1.1~3.27 3.21~3.271주(2.29~3.6)2주(3.7~3.13)3주(3.14~3.20)4주(3.21~3.27)합계(㎜)대비(%)합계(㎜)대비(%)2024년 36.9 111.4 9.9 2.2 2.1 33.3 192.3 155.3 33.3 262.22023년 44.9 20.0 0.5 8.5 0.8 20.6 95.2 76.9 20.6 162.22022년 5.0 5.5 2.2 17.7 28.7 39.4 98.5 79.6 39.4 310.22021년 25.4 23.4 57.0 14.6 9.7 26.2 156.3 126.3 26.2 206.32020년 85.7 62.1 1.2 16.7 0.8 16.2 181.9 146.9 16.2 127.62019년 9.7 34.5 1.7 12.4 20.7 3.8 82.7 66.8 3.8 29.92018년 25.5 36.6 28.4 23.8 55.2 8.8 178.2 143.9 8.8 69.32017년 18.6 36.0 4.9 1.1 4.1 9.8 74.4 60.1 9.8 77.22016년 32.9 50.6 44.0 7.1 10.8 1.3 146.2 118.1 1.3 10.22015년 31.9 31.0 4.2 2.1 36.9 0.0 106.0 85.6 0.0 0.02014년 14.0 34.8 5.2 35.5 5.9 19.2 114.5 92.5 19.2 151.210년평균 29.4 33.5 14.9 14.0 17.4 14.5 123.4 99.7 14.5 114.2평 년 30.6 37.5 12.9 11.7 18.4 12.7 123.8 100.0 12.7 100.0* 10년 평균 :최근 10년(2014∼2023년)동안의 강수량의 평균** 평년 :30년(1991～2020년)동안의 강수량의 평균*** 대비 :평년의 강수량에 대한 연도별 강수량의 비율과수화상병 개화전 방제요령과수화상병 개화기 방제 요령시설재배 일조량 감소에 따른 대응기술시설재배 일조량 감소에 따른 대응기술산불예방 준수사항미세먼지 대응 농업인 농작업 안전 준수사항★4월에 검출된 46개 조합(24품목/22성분)★* 이 자료는 국립농산물품질관리원 안전성조사 결과 중 ’23년도 부적합 발생 품목 및농약 성분을 바탕으로 작성했습니다.
□ 지역별 부적합 발생 우려 정보
❍ 주요 부적합 우려 품목(성분)
- [대구광역시] 가지(프로사이미돈)
- [인천광역시] 마늘(오메토에이트, 포레이트)
- [광주광역시] 부추(포레이트)
- [대전광역시] 쑥갓(페니트로티온, 프로클로라즈)
- [경기도] 고수(다이아지논, 플루퀸코나졸, 티아메톡삼), 당귀잎(에토프로포스, 터부포스) 대파(메타벤즈티아주론), 돌나물(퍼메트린), 민들레(터부포스), 부추(터부포스), 상추(페니트로티온),시금치(페노트린, 터부포스), 열무(포레이트),쪽파(카보퓨란, 포레이트, 터부포스), 청경채(다이아지논), 취나물(카보퓨란)
- [강원도] 부추(페니트로티온, 메타벤즈티아주론),아스파라거스(포레이트), 쪽파(포레이트), 취나물(리뉴론)
- [충청북도] 상추(포레이트)
- [충청남도] 두릅(포레이트), 취나물(보스칼리드,뷰 프 로 페 진, 페 니 트 로 티 온, 펜 디 메 탈 린, 프 로 클 로 라 즈)
- [전라북도] 대파(터부포스), 시금치(터부포스),열무(터부포스), 표고버섯(포레이트)
- [전라남도] 대파(터부포스), 쑥(포레이트), 오이(디클로르보스)
- [경상북도] 방풍나물(터부포스), 부추(루페뉴론)
- [경상남도] 가지(프로사이미돈), 고추(키노메티오네이트), 당근(에토프로포스), 들깻잎(이프로벤포스), 부추(터부포스)
- [제주특별자치도] 부추(프로클로라즈)※ 전국적으로 토양처리 살충제 농약(입제) 성분인 터부포스,포레이트 잔류농약 부적합이 많이 발생되고 있습니다.
농업인께서는 해당 성분의 농약을 사용이 등록된 작물에만안전사용기준을 반드시 준수하여 살포하시기 바랍니다.",4호.txt
2024,4,22,2024-04-01,2024-04-30,과수,복숭아씨살이좀벌,예보,"고추,냉이,당근,두릅,딸기,마늘,미나리,방울토마토,복숭아,부추,상추,셀러리,시금치,쑥갓,오이,쪽파","4월 주요 품목별 농약 사용 주의보4월 주요 품목별 농약 사용 주의보□ 부적합 발생 우려 품목/성분의 잔류허용기준 및 농약 등록 유무품목 검출성분 잔류허용기준(mg/kg) 잔류허용기준적용 근거농약 안전사용기준등록 유무‘23.4. ‘24.3.
가지 Procymidone 0.01 0.01 일률기준 미등록고수Diazinon 0.01 0.01 일률기준 미등록Fluquinconazole 0.01 0.01 일률기준 미등록Thiamethoxam 0.01 0.01 일률기준 미등록고추 Chinomethionat 0.01 0.01 일률기준 미등록당귀잎Ethoprophos 0.01 0.01 일률기준 미등록Terbufos 0.01 0.01 일률기준 미등록당근 Ethoprophos 0.05 0.05 당해성분 당해품목 등록(단제)대파Methabenzthiazuron 0.01 0.01 일률기준 미등록Terbufos 0.05 0.05 당해성분 당해품목 등록(단제, 합제)돌나물 Permethrin 0.01 0.01 일률기준 미등록두릅 Phorate 0.01 0.01 일률기준 미등록들깻잎 Iprobenfos 0.01 0.01 일률기준 미등록풋마늘Omethoate 0.05 0.05 당해성분 당해품목 미등록* 디메토에이트 등록Phorate 0.01 0.01 일률기준 미등록민들레 Terbufos 0.01 0.01 일률기준 미등록방풍나물 Terbufos 0.01 0.01 일률기준 미등록부추Fenitrothion 0.05 0.05 당해성분 당해품목 등록(단제, 합제)Lufenuron 0.2 0.2 당해성분 당해품목 등록(단제)Methabenzthiazuron 0.01 0.01 일률기준 미등록Phorate 0.1 0.1 당해성분 당해품목 등록(단제, 합제)Prochloraz 0.01 0.01 일률기준 미등록Terbufos 0.05 0.05 당해성분 당해품목 등록(단제, 합제)상추Fenitrothion 0.01 0.01 일률기준 미등록Phorate 0.01 0.01 일률기준 미등록시금치Phenothrin 0.01 0.01 일률기준 미등록Terbufos 0.05 0.05 당해성분 당해품목 등록(단제, 합제)쑥 Phorate 0.01 0.01 일률기준 미등록□ 부적합 발생 주요 농산물 현황(2월 기준)2023년 2월 2024년 2월번호 품목명 발생(건) 번호 품목명 발생(건)1 상추 4 1 쪽파 42 근대 2 2 쑥갓 23 들깻잎 2 3 냉이 14 고춧잎 1 4 딸기 15 대파 1 5 미나리 1기타 딸기, 루꼴라, 비타민, 시금치,쑥갓, 열무, 오이, 토마토 8 기타 바질, 배, 상추, 셀러리, 시금치 5합계 18 합계 14품목 검출성분 잔류허용기준(mg/kg) 잔류허용기준적용 근거농약 안전사용기준등록 유무‘23.4. ‘24.3.",4호.txt
2024,4,23,2024-04-01,2024-04-30,과수,복숭아씨살이좀벌,예보,"감귤,복숭아,사과,쑥갓,아스파라거스,오이,쪽파,청경채","쑥갓Fenitrothion 0.05 0.05 당해성분 당해품목 미등록Prochloraz 0.01 0.01 일률기준 미등록아스파라거스 Phorate 0.01 0.01 일률기준 미등록열무Phorate 0.05 0.05 당해성분 당해품목 미등록Terbufos 0.05 0.05 당해성분 당해품목 등록(합제)오이 Dichlorvos 0.1 0.1 당해성분 당해품목 등록(합제)쪽파Carbofuran 0.05 0.05 당해성분 당해품목 미등록*벤퓨라카브 등록Phorate 0.05 0.05 당해성분 당해품목 등록(단제, 합제)Terbufos 0.05 0.05 당해성분 당해품목 등록(단제, 합제)청경채 Diazinon 0.01 0.01 일률기준 미등록취나물Boscalid 0.07 0.07 당해성분 당해품목 등록(합제)Buprofezin 0.01 0.01 일률기준 미등록Carbofuran 0.01 0.01 일률기준 미등록Fenitrothion 7.0 7.0 당해성분 당해품목 등록(단제)Linuron 0.01 0.01 일률기준 미등록Pendimethalin 0.01 0.01 일률기준 미등록Prochloraz 0.01 0.01 일률기준 미등록표고버섯 Phorate 0.01 0.01 일률기준 미등록자료제공 및 검토 전문가 명단구분 성명 /  소속 / 직급1 채의석 / 농촌지원국 재해대응과 / 과장2 김기형 / 농촌지원국 재해대응과 / 농촌지도관3 배철호 / 농촌지원국 재해대응과 / 농촌지도관4 전승기 / 농촌지원국 재해대응과 / 농촌지도관5 김상목 / 농촌지원국 재해대응과 / 농업연구관6 박승무 / 농촌지원국 재해대응과 / 농촌지도관7 이우일 / 농촌지원국 재해대응과 / 농촌지도사8 최효원 / 농촌지원국 재해대응과 / 농업연구사9 정은수 / 농촌지원국 재해대응과 / 농촌지도사10 맹권재 / 농촌지원국 재해대응과 / 농업주사보11 박명일 / 농촌지원국 재해대응과 / 주무관12 최인후 / 농촌지원국 재해대응과 / 기술전문위원13 박해융 / 농촌지원국 재해대응과 / 기술전문위원14 고만건 / 농촌지원국 재해대응과 / 기술전문위원15 강신곤 / 농촌지원국 기술보급과 / 농촌지도관16 박종윤 / 농촌지원국 기술보급과 / 농촌지도관17 장진경 / 농촌지원국 기술보급과 / 농촌지도사18 조아라 / 농촌지원국 기술보급과 / 농촌지도사19 노석원 / 농촌지원국 식량산업기술팀 / 농촌지도관20 엄미옥 / 농촌지원국 식량산업기술팀 / 농촌지도사21 윤  송 / 농촌지원국 식량산업기술팀 / 농촌지도사22 이세원 / 국립농업과학원 작물보호과 / 과장23 박병용 / 국립농업과학원 작물보호과 / 농업연구관24 이봉춘 / 국립농업과학원 작물보호과 / 농업연구관25 이용환 / 국립농업과학원 작물보호과 / 농업연구관26 이영기 / 국립농업과학원 작물보호과 / 농업연구사27 정인홍 / 국립농업과학원 작물보호과 / 농업연구사28 류현주 / 국립농업과학원 작물보호과 / 농업연구사29 심교문 / 국립농업과학원 기후변화평가과 / 농업연구관30 허지나 /국립농업과학원 기후변화평가과 / 농업연구사31 박진우 / 국립농업과학원 작물기초기반과 / 과장32 서보윤 / 국립농업과학원 작물기초기반과 / 농업연구관33 김상민 / 국립식량과학원 작물기초기반과 / 농업연구사34 김현주 / 국립식량과학원 기술지원과 / 농업연구관35 김은영 / 국립식량과학원 재배환경과 / 농업연구사36 최경희 / 국립원예특작과학원 원예특작환경과 / 과장37 이성찬 / 국립원예특작과학원 원예특작환경과 / 농업연구관38 송장훈 / 국립원예특작과학원 원예특작환경과 / 농업연구관39 한유경 / 국립원예특작과학원 원예특작환경과 / 농업연구사40 이선영 / 국립원예특작과학원 원예특작환경과 / 농업연구사41 서미혜 / 국립원예특작과학원 원예특작환경과 / 농업연구사42 윤정범 / 국립원예특작과학원 원예특작환경과 / 농업연구사43 이동혁 / 국립원예특작과학원 사과연구센터 / 센터장44 양상진 / 국립원예특작과학원 사과연구센터 / 농업연구관45 조영식 / 국립원예특작과학원 배연구센터 / 농업연구관46 강아랑 / 국립원예특작과학원 배연구센터 / 농업연구사47 한승갑 / 국립원예특작과학원 감귤연구센터 / 농업연구관2024년 농작물 병해충 발생정보(제4호)집 필 인채의석 , 김기형 , 배철호 , 전승기 , 김상목 , 박승무 , 이우일 , 최효원 , 정은수 ,맹권재 , 박명일발 행 처 농촌진흥청 재해대응과주소 54875 전북 전주시 덕진구 농생명로 300전화 (063) 238–1045~1049homepage : http://www.nongsaro.go.kr",4호.txt
2024,5,1,2024-05-01,2024-05-31,식량작물,붉은곰팡이병(맥류),주의보,보리,"❍ 붉은곰팡이병은맥류의출수·개화기부터수확기에걸쳐고온다습한조건이(평균기온 24∼28℃, 습도 90%,강우 3일이상지속시) 되면많이 발생하는데, 감염되면 주로 이삭에서 병 증상이 나타나며 낟알이 고사하여갈변하고쭉정이가 된다.
❍ 붉은곰팡이병에감염된알곡은사람이나가축에게중독을일으키는독소를생성하여피해를줌⇒ 논 재배 맥류 포장에서는 배수로 정비 등 물빠짐을 좋게 하여재배지내에 습도가높지않게 관리해야한다.
⇒ 출수·개화기에 잦은 비 예보가 있으면 등록된 약제(살균제)를이용하여이삭에 약액이충분히묻도록 분무해줘야한다.
※ 맥류의 생육단계는 품종과 포장에 따라 다르므로 포장별 생육상황과 기상을잘살펴 방제실시⇒ 수확 후에도 살아남을 수 있으므로  건조한 날 수확하며 거둔즉시 건조하여 병의 확산을 예방하고 이병립은 제거를 함
< 작물별 붉은곰팡이병 발병 이삭 >밀 보리 귀리",5호.txt
2024,5,2,2024-05-01,2024-05-31,식량작물,열대거세미나방(옥수수 등),주의보,"벼,수수,옥수수","❍ 열대거세미나방은 아메리카 대륙의 열대·아열대 지역이 원산으로아프리카(‘16),동남아(’18),중국(‘19.1),한국(’19.6),등으로확산
❍ 유충 시기에 식물의 잎과 줄기를 가해하여피해를 발생시키며기주식물은 80여작물(옥수수,수수,벼등)로알려져있음
❍ 제주및남부지방 조기재배옥수수에 피해발생예상*산란(4월하순) →알에서유충부화(5월초·중순) →6령유충경과(피해발생)*’23년대비약7일정도빠르게국내비래확인(제주,고성/’24.4.11.)⇒약제방제는발생초기에품목별로등록된약제를살포하도록함
< 열대거세미나방 형태 및 피해 ><성충 (사진 출처: Goergen 등), 유충(사진 출처: FAO)>",5호.txt
2024,5,3,2024-05-01,2024-05-31,식량작물,멸강나방,예보,"벼,옥수수","❍ 멸강나방은중국에서날아와서피해를주는비래해충으로목초, 옥수수 등에 발생하고보통사료작물과벼에피해를줌⇒ 올해는 3월 하순 처음 비래가 확인되었으며 목초지나옥수수포장 등 기주식물재배지역에 어린 벌레가 발견되면 등록약제로발생 초기에방제",5호.txt
2024,5,4,2024-05-01,2024-05-31,식량작물,애멸구(벼줄무늬잎마름병 매개),예보,벼,"❍ 애멸구는 벼줄무늬잎마름병을 옮기는 해충으로 최근 월동밀도가낮은 편이지만, 중국에서 대량으로 날아올 경우 피해가 우려되며철저한사전방제가 필요함
⇒ 서해안애멸구비래지역등발생우려지역은저항성품종(조평, 주남조생, 대보,알찬미, 삼광, 화영, 새일미, 새누리, 호품, 신동진 등)을 선택하고맥류 포장 주변에서 육묘 시 방충망을씌워애멸구유입차단⇒ 모내기하는날벼물바구미, 벼잎벌레,굴파리류 등과 동시 방제가 가능한살충제(입제) 살포",5호.txt
2024,5,5,2024-05-01,2024-05-31,식량작물,모마름병 및 뜸모,예보,,"❍ 파종량이 많아 산소가 부족하고 낮과 밤의 온도 차이가 클 때에피해가 발생하므로 철저한못자리관리가필요
⇒ 알맞은 양을 파종하고 온도 차이를 줄이기 위해 낮에는 환기를잘하고 밤에는보온관리 철저",5호.txt
2024,5,6,2024-05-01,2024-05-31,채소,"잎마름병(마늘, 양파), 노균병(양파)",주의보,"마늘,양파","❍ 잎마름병, 노균병 발생이 점차 증가하고있는 것으로 조사되었으며, 5월까지 발생·확산 될수있으므로 주의가필요함
⇒ 5월 중순까지 비가 자주 올 경우 발생이 확대될 수 있으므로배수구정비를잘하고병 발생이우려되는포장은비오기전․후등록된 약제를살포",5호.txt
2024,5,7,2024-05-01,2024-05-31,채소,"흑색썩음균핵병(마늘, 양파)",주의보,"마늘,양파",❍ 병징은아랫잎부터황갈색으로변하며구근에흰 균사가발생하여구근 껍질이 검게 변하면서 구근이 물러 썩는 병으로 지상부전체가시들어노랗게 마름⇒ 습한 토양에서 피해가 크므로 물빠짐(배수) 관리와 함께 초기에방제용약제로방제함,5호.txt
2024,5,8,2024-05-01,2024-05-31,채소,"고자리파리, 뿌리응애(마늘, 양파)",주의보,"마늘,양파","❍ (고자리파리) 마늘, 양파등 보통 4월중·하순부터 5월까지발생이많으며, 애벌레가뿌리를갉아먹어아래 잎부터노랗게말라죽으며심하면포기전체가말라죽게됨
⇒ 토양 속 유충은 계속해서 가해하기 때문에약대등을이용하여토양에도직접포기관주처리하고 약물이 흙 또는 멀칭필름 밖으로넘쳐나올정도로흠뻑처리하는것이효과적
❍ (뿌리응애 ) 마늘, 양파 등 땅속의 구근을 가해하며, 초기에는 잘나타나지않으나점차지상부의생육이나빠지고구근부패의원인이됨
⇒ 일부 지역에서는 뿌리응애, 작은뿌리파리, 구근선충이 2종 혹은3종이 동시에발생하여피해를 줌⇒ 뿌리응애의 방제법은 고자리파리와 작은뿌리파리 방제에 준하며 , 구근선충은입제형등록약제를정식전에토양혼화처리하거나, 정식 후에는 액제형 등록 약제를관주처리",5호.txt
2024,5,9,2024-05-01,2024-05-31,채소,역병·탄저병(고추),예보,고추,"❍ 고추의 역병은토양의병원균이물을통하여전염되는병으로일단발병하면급속하게번지고약제에의한방제가어려움⇒ 퇴비등을뿌려토양성질을개선해주며해마다 발생이 많은 상습지에서는 비닐을 씌우기 전이나 정식 직전에 등록약제를토양에 관주하고 물 빠짐을 좋게 하여 발생 억제
❍ 고추 탄저병은 지난해 버려진 병든 잔재물이 가장 중요한 1차전염원이되며개화기에 1차감염이되어잠복할경우피해가커짐⇒ 포장경운 전잔재물들을모두 제거하고 정식후개화기에보호용살균제를 2회이상살포하여 1차감염에의한피해를예방해야함
⇒ NCPMS 예측정보를활용하여 5월중순이후에감염위험경보시3일이내에 침투이행성등록약제를 충분히처리",5호.txt
2024,5,10,2024-05-01,2024-05-31,채소,"흰가루병(딸기, 오이, 메론 등)",예보,"딸기,오이","❍ 시설 재배지에서고온다습등 통기불량조건에서 발생증가⇒ 시설 내의환경관리를잘조절해주며병든 식물은속히제거하고질소가과용되지않도록균형시비를하면서병발생초기에방제※ 흰가루병 포자비산이일출후부터오전 10시경사이가장많이이루어지므로약제는 10시 이전살포하는것이효과적이고, 같은계통의약제연용보다다른계통의약제를번갈아가며살포",5호.txt
2024,5,11,2024-05-01,2024-05-31,채소,"잿빛곰팡이병(딸기, 오이, 토마토, 상추 등)",예보,"딸기,방울토마토,상추,오이","❍ 시설내온도가낮고다습한조건이오래지속되면 발생하는데일부관리소홀 포장에서 발생이 확인되고 있음. 기상에 따라 시설 내일교차가커지면확산될 가능성있음
⇒ 적절한 환기로 시설내의 습도를 낮추어 주되 보온에 유의하고 ,병이 발생되면 급속하게 번지는 특성이 있으므로 발생 초기에등록 약제로 방제하되 약제를 바꾸어 가며 사용해야 함
⇒병든식물은시설밖으로빼내어땅속에묻는등전염원을차단하여야함",5호.txt
2024,5,12,2024-05-01,2024-05-31,채소,"총채벌레류, 가루이류, 진딧물, 응애류",예보,"고추,딸기,방울토마토,오이","❍ (총채벌레류 ) 꽃노랑총채벌레 , 오이총채벌레 등은 날개 모양이총채처럼 생긴 작은 해충으로 오이, 고추, 토마토, 딸기 등 시설내에서연중발생하는해충으로방제시기를놓칠 경우바이러스병을전염시켜 피해를주는해충임
⇒ 해충의크기가작아발견하기어렵기때문에초기에발생을알지못하여피해를입는 경우가 많으므로 해충이 좋아하는 색깔의 끈끈이트랩을 매달아발생을예찰하고,발생시초기에방제
❍ (가루이류, 진딧물) 가루이류는 가지과 작물에서, 진딧물은 엽채류와과채류에서주로발생하는데,식물의즙액을빨아먹는직접적인피해뿐만아니라그을음병과바이러스병등을유발하여상품성을떨어뜨림⇒ 크기가 작아 육안으로 관찰하기 힘들고 일단 발생되면 방제가어려우므로 외부 유입통로에 방충망을 설치하는 등 시설 안으로들어오지못하도록 막고,점착트랩을매달아 주의깊게살펴봄⇒ 예방적 조치로해충에따라천적을투입하여방제하고국부적으로해충이 집중발생하였을경우 작물별적용농약으로 방제
❍ (점박이응애 )딸기에발생하면잎을누렇게변하여말라죽게되어생육을 억제하는데 최근 딸기 재배지에서 발생이 확인되고 있어주의가필요함
⇒ 세대기간이짧아연간발생횟수가많고증식률이높으며,모를통해서 유입되는 것을 막기 위하여 모종을 철저하게 방제함은물론 방충망을 설치하여 해충 유입을 방지하고, 적용약제를 이용하여발생초기에 방제",5호.txt
2024,5,13,2024-05-01,2024-05-31,채소,토마토반점위조바이러스(TSWV),예보,"고추,방울토마토,파프리카","❍ 총채벌레가즙액을흡즙하면서바이러스를전염시키는병으로고추,토마토,파프리카등특히전년도발생이많았던가지과시설재배지에서꾸준히 발생하고 있으며, 방제 시기를 놓쳐 총채벌레 밀도가높아지면 피해가 커지기 때문에 초기 방제로 병발생을 예방하는것이중요
⇒ 방충망을이용하여시설 안으로들어오는총채벌레를막고발생초기천적이나등록약제로방제⇒ 병에걸린식물은발견즉시제거하여병이확산되는것을예방",5호.txt
2024,5,14,2024-05-01,2024-05-31,채소,토마토황화잎말림바이러스(TYLCV),예보,방울토마토,❍ 가지과작물에서담배가루이가병을매개하고감염된묘를통해확산될수있으므로육묘단계부터정식초기에예찰을강화하여감염여부를판단하고정식후에는잎뒷면과포장주위를살펴보아담배가루이를철저히방제⇒ 방충망을설치하여담배가루이의침입을막고 발생시 담배가루이의기주식물이되는 잡초와 병이걸린 식물은 뽑아서 제거,5호.txt
2024,5,15,2024-05-01,2024-05-31,과수,과수화상병․과수가지검은마름병,주의보,사과,"❍ (과수화상병 ) 세균에의해사과, 배나무의꽃, 잎, 열매, 가지가불에탓것과같이검게변하고서서히말라죽게되는데전염성이높아사전예방을위한사전방제와과원및농자재관리가필수⇒ 개화전(3월하순∼4월중순) 방제요령으로는사과는녹색기∼전엽기시기에 석회보르도액 또는 동제를 살포하고, 배는 꽃눈 발아직후에동제또는석회유황합제살포⇒ 개화기 방제요령은 ‘과수화상병예측시스템’에서 안내하는 위험경보(감염위험도)에 따라 24시간 이내 2∼3회 약제 살포⇒ 한번 걸리면방제가불가능하기때문에 예방을위하여과수원을청결하게관리하고농작업을하는사람의과수원출입시사람과작업도구 등을수시로소독⇒ 의심증상 발견 시에는 전국 대표전화(1833-8572) 또는 가까운농업기술센터·농업기술원에 즉시 신고
❍ (과수가지검은마름병) 과수화상병과증상이비슷하여 육안으로는 구분이 불가하며, 발생 시기와 전파경로, 피해증상이 유사함.",5호.txt
2024,5,16,2024-05-01,2024-05-31,과수,"갈색날개매미충, 미국선녀벌래, 꽃매미",주의보,"매실,복숭아,사과,포도","❍ 올해측정된 1~3월전국평균기온은 4도로평년(2.3도)보다 1.7도높게 나타났다. 월동난이 부화하는 5월 중‧하순 무렵 기온은 평년과비슷하거나약간높을것으로예측됨
❍ 온도에따른월동난부화시기를분석한결과,꽃매미,갈색날개매미충,미국선녀벌레등 돌발해충 3종의부화시기가평년보다 2~3일 정도빠를것으로전망< 돌발해충 3종 부화 예상 시기 >구분 경기‧충남‧경북 남해안 지역꽃매미 5월 16일 5월 6일갈색날개매미충 5월 23∼24일 5월 11일미국선녀벌레 5월 26∼28일 5월 16일< 갈색날개매미충 >
❍ 5월초·중순에부화하여약충이되고, 7월이후성충으로우화* 5월 중·하순 알 부화 → 약충(1∼4령,70일) → 성충(3개월)⇒ 갈색날개매미충을효과적으로방제하려면갈색날개매미충부화후1~2주사이에애벌레(1~2령)가붙어있는나무에약제를뿌리는것이 좋음. 2령이 지난 애벌레와 성충은 이동성이 크기 때문에방제효과가떨어짐.
⇒ 발생 정도에따라전용 약제를 1주일 간격으로 1~3회 살포*지역별‘공동방제의날’은시도별여건에따라탄력적으로운영약충 성충 집단 사과 어린 가지 산란 피해< 미국선녀벌레  >
❍ 미국선녀벌레는 연간 1세대 발생하며월동한알은 5월중·하순경에부화하며,약충은 5령을거쳐성충이되며, 성충은7월에서 10월까지발생함
⇒ 농약살포시적용약제를어린약충기나다발생기에농약안전사용기준에 맞게살포* 기주범위가넓으므로농경지뿐만아니라인근야산의나무들도동시에방제해야미국선녀벌레피해를효과적으로줄일수있음.
⇒ 천적인선녀벌레집게벌을이용하여장기적으로밀도억제< 꽃매미 >
❍ 꽃매미는 연간 1세대 발생하고월동한알은 5월상·중순경에부화하며 약충은 5령을 거쳐 성충이되고 성충은 7월에서 11월까지발생함
❍ 주로포도, 사과, 배, 복숭아, 매실,가죽나무, 참죽나무등을가해하나,포도속(포도, 머루) 작물을특이적으로선호함.
❍ 약충과성충이집단적으로즙을빨아먹어나무생육을저하시키고그을음병유발⇒ 월동알을 제거해 주는 것이 친환경적이며 발생을 줄이는 데에큰 효과가있으므로봄철에약충으로 부화하기전과수원및인근야산의 나무 등에 있는 알 덩어리를 제거해 주고 약충이 깨어나오면 등록약제로 반드시 방제< 2024년 돌발해충 월동난 부화 시기 예측 >□ 꽃매미 월동난 50% 부화 시기 예측경기・강원・충북 지역 충남・전북・경북 지역 전남・경남 지역□ 갈색날개매미충 월동난 50% 부화 시기 예측경기・강원・충북 지역 충남・전북・경북 지역 전남・경남 지역□ 미국선녀벌레 월동난 50% 부화 시기 예측경기・강원・충북 지역 충남・전북・경북 지역 전남・경남 지역",5호.txt
2024,5,17,2024-05-01,2024-05-31,과수,탄저병,예보,"복숭아,사과,포도","❍ 사과, 복숭아, 포도등에발생하는탄저병은주요관리과수병으로병원균은주로습기가많은기후조건과 25℃ 전후온도에서감염이잘 이루어지므로장마기이후에 주의가필요함
❍ 탄저병에 감염된 과실은 초기에 검정색 작은 반점이 껍질에 나타나며, 병이 커질수록 과실 표면이 움푹 들어가면서 과실 내부가갈색으로 변하면서 과실 표면에 많은 분생포자가 생겨 주변 건전한 과실을 감염. 특히 장마기나 바람이 많이 부는 날씨에는 분생포자들이이동되는시기이므로 철저한관리가필요
⇒ 지난해에탄저병이많이발생했던 농가는과원내에탄저병균이남아 있을 수 있으므로 탄저병균의 밀도를 줄이기 위해 예방적으로 적용 살균제를 살포⇒또한탄저병은습한환경조건에서잘발생하므로과원내통풍이잘 되게하고물 빠짐이잘되도록 관리",5호.txt
2024,5,18,2024-05-01,2024-05-31,과수,참다래 궤양병,예보,"오리,참다래","❍ 가지, 주간, 신초, 잎, 꽃봉오리, 꽃에 감염되는 병으로서 감염된가지와 주간부에 크고 작은 균열을 유발하며, 이 균열된 부위로부터흘러나오는 적갈색수액에의해 쉽게구분가능
❍ 병든조직에서월동한병원균이상처,기공및수공을통하여잎으로침입하며전정등 농작업도구를통해 전염⇒ 궤양병 증상이 관찰되면 다른 나무에 감염되지 않도록 증상이보이는 부위부터 1m정도 안쪽까지 제거해 주고 제거 부위는살균제를 발라다른병원균이 침입하지않도록조치",5호.txt
2024,5,19,2024-05-01,2024-05-31,과수,붉은별무늬병,예보,사과,❍ 병원균이향나무에서월동한 후 4∼5월 비가 오면 사과․배나무로날아가병을발생시킴⇒ 특히 배 붉은별무늬병은 꽃이 진 이후 비가 온 다음 발생하여피해를 주므로기상여건에 따라적절히방제,5호.txt
2024,5,20,2024-05-01,2024-05-31,과수,검은별무늬병,예보,사과,"❍ 개화기이후잦은강우시병발생이확산되므로방제시기를놓치지않도록주의해야 함
⇒ 발생한 이후는 방제가 어려우므로 전년도 발생이 많았던 곳은비가오기전에보호살균제를반드시살포해야함
⇒ 국가농작물병해충관리시스템(http://ncpms.rda.go.kr)의 병해충예측지도 메뉴에서 내 농장 지역의 감염위험시간 정보에 따라침투이행성약제로 방제하되 강우 시작으로부터 2∼3일 이내에약제방제를 끝내야함
[검은별무늬병 - 배] [검은별무늬병 - 사과]",5호.txt
2024,5,21,2024-05-01,2024-05-31,과수,과수해충,예보,"복숭아,사과","< 나무좀 >
❍ 최근피해가늘어나세력이약한나무에피해가예상되는데,나무좀은크기가 2∼4㎜ 내외로작아서육안으로관찰하기가매우 곤란하며,또한성충이사과나무줄기안으로침입할때유충의먹이가되는공생균(암브로시아균)도 함께 들어가는데, 나무 목질부에서 공생한균으로부터 생성된 독소는 독성이 강해 나무가 말라 죽는 것을촉진시킴⇒ 나무좀 발생예찰 유인트랩을 이용할 경우, 트랩에 20∼30마리가유인되면동해를받았거나침수피해등으로나무세력이약해진나무를중점적으로관찰하여 침입여부를확인하여 방제⇒ 특히 나무좀은 오후 2∼3시경에기온이 20℃ 이상일 경우 주로날아들기 시작하므로이시기에 방제를실시⇒ 약제방제에우선하여물관리,시비관리및토양관리등의 재배관리를철저히하여나무세력을적정수준으로유지하는것이중요
< 진딧물류  >
❍ 진딧물류(사과혹진딧물, 배나무면충, 꼬마배나무이)는 월동약제및개화 전방제를소홀히 한과원에서는꽃이 진후방제< 가루깍지벌레  >
❍ 월동난은보통 4월하순부터부화하므로적기방제실시⇒ 국가농작물병해충관리시스템(http://ncpms.rda.go.kr)의 병해충예측-병해충예측지도메뉴에서내농장지역의최적방제시기를판단하여적기방제(월동알 부화시기에등록약제살포)< 복숭아씨살이좀벌  >
❍ 연 1회발생하는데,성충은 4월상순부터 5월중순까지발생함
- 성충은과실의크기가 1~2cm 정도되는어린과실에산란하므로,성충 산란시기를확인하여 가급적발생적기 오전에방제를실시⇒ 복숭아씨살이좀벌은 성충 기간을 제외하고 알, 애벌레, 번데기기간은 씨앗 속에서 살기 때문에 약제를 살포해도 방제효과가낮으므로성충이어린과일속에알을낳는시기에맞춰집중방제⇒ 피해가 심한 과원에서는 과실 크기가 1cm 정도 되는 시기부터성충의발생을관찰하면서 5∼7일간격으로 2∼3회등록약제살포< 북숭아순나방  >
❍ 1세대성충이발생하는시기로성페로몬트랩을활용하여철저한예찰필요
⇒ 피해 신초를 발견하면 제거하여 불에 태우거나 땅에 묻어주고지난해에복숭아순나방발생이많았던곳에서는꽃이진후방제1개월 기상전망            (출처 : 국립농업과학원, 기상청)1개월(2024.05.13.~06.09.) 전망(기상청, 2024.05.02., 11:00)(기온) 1주, 2주는 평년과 비슷하거나 높겠고, 3주, 4주는 평년보다 높겠음
(강수량) 1주, 3주는 평년과 비슷하거나 적겠고, 2주는 평년과 비슷하거나많겠으며, 4주는 평년과 비슷하겠음
❍ 1주(5.13∼5.19): 기온은평년과비슷하거나높겠고, 강수량은평년과비슷하거나적겠음
❍ 2주(5.20∼5.26): 기온은 평년과비슷하거나높겠고, 강수량은 평년과비슷하거나많겠음
❍ 3주(5.27∼6.2):기온은평년보다높겠고,강수량은평년과비슷하거나적겠음
❍ 4주(6.3∼6.9):기온은평년보다높겠고,강수량은평년과비슷하겠음",5호.txt
2024,5,22,2024-05-01,2024-05-31,과수,과수해충,예보,,"농업지대 지역 평균기온 강수량1주 2주 3주 4주 1주 2주 3주 4주(5.13~5.19)(5.20~5.26) (5.27~6.2) (6.3~6.9) (5.13~5.19)(5.20~5.26) (5.27~6.2) (6.3~6.9)1.태백고냉 대관령 조금높음조금높음 높음 높음 조금적음조금많음조금적음 비슷2.태백준고냉 인제,홍천,제천 조금높음조금높음 높음 높음 조금적음조금많음조금적음 비슷3.소백산간 충주,보은 조금높음조금높음 높음 높음 조금적음조금많음조금적음 비슷4.노 령 소 백 산 간임실 조금높음조금높음 높음 높음 조금적음조금많음조금적음 비슷5.영 남 내 륙 산 간추풍령,영주,문경 조금높음조금높음 높음 높음 조금적음조금많음조금적음 비슷6.중북부내륙 춘천,양평 조금높음조금높음 높음 높음 조금적음조금많음조금적음 비슷7.중부내륙 원주,이천 조금높음조금높음 높음 높음 조금적음조금많음조금적음 비슷8.소 백 서 부 내 륙청주,대전,금산 조금높음조금높음 높음 높음 비슷 조금많음조금적음 비슷9.노 령 동 서 내 륙정읍,남원,거창,산청 조금높음조금높음 높음 높음 조금적음조금많음조금적음 비슷10.호남내륙 광주,순천,장흥 조금높음조금높음 높음 높음 조금적음조금많음조금적음 비슷11.영남분지 대구,의성,구미,영천 조금높음조금높음 높음 높음 조금적음조금많음조금적음 비슷12.영남내륙 진주,합천,밀양 조금높음조금높음 높음 높음 조금적음조금많음조금적음 비슷13.중서부평야서울,인천,수원,서산,강화,천안,보령 조금높음조금높음 높음 높음 비슷 조금많음조금적음 비슷1 4.차 령 남 부 평 야군산,전주,부여,부안 조금높음조금높음 높음 높음 조금적음조금많음조금적음 비슷15.남서해안 목포,완도,해남,고흥 조금높음조금높음 높음 높음 조금적음조금많음조금적음 비슷16.남부해안 부산,통영,여수,거제,남해 조금높음조금높음 높음 높음 조금적음조금많음조금적음 비슷17.동해안북부 속초,강릉 조금높음조금높음 높음 높음 조금적음조금많음조금적음 비슷18.동해안중부 울진,영덕 조금높음조금높음 높음 높음 조금적음조금많음조금적음 비슷19.동해안남부 포항,울산 조금높음조금높음 높음 높음 조금적음조금많음조금적음 비슷20.제주 제주,성산,서귀포 조금높음조금높음 높음 높음 조금적음조금많음조금적음 비슷평균 조금높음조금높음 높음 높음 조금적음조금많음조금적음 비슷10일(2024.05.05.~05.12.) 예보(기상청, 2024.05.02., 06:00)<기상예보>
❍ (기온) 아침 기온은 9~18℃, 낮 기온은 15~27℃로 평년(최저기온 9~14℃,최고기온 20~25℃)과비슷하겠음
❍ (강수) 5일오후~7일은전국대부분지역(6일오후제주도, 7일오전경남권, 제주도, 7일 오후남부지방과제주도제외)에비가오겠고, 강원영동은 8일오전까지비가이어지겠음
<날씨><최저/최고기온>최근 경과기상과 향후 기상전망<기온><강수량>연도별 평균기온
❍’24년1월부터5월1주차까지의평균기온은7.1℃로,평년(5.1)보다2.0℃높았음
-’24년5월1주차의평균기온은16.4℃로,평년(14.6)보다1.8℃높았음",5호.txt
2024,5,23,2024-05-01,2024-05-31,과수,과수해충,예보,,"기간 1월 2월 3월 4월5월 분석기간1.1~5.1 4.25~5.11주(4.25~5.1)평균(℃)편차(℃)평균(℃)편차(℃)2024년 1.4 4.5 7.2 15.1 16.4 7.1 2.0 16.4 1.82023년 0.0 3.0 9.7 13.3 13.0 6.6 1.5 13.0 -1.62022년 -0.2 0.4 8.0 13.9 15.2 5.7 0.6 15.2 0.62021년 -0.4 3.9 9.0 13.4 14.2 6.5 1.4 14.2 -0.42020년 3.0 3.8 8.0 10.9 14.8 6.6 1.5 14.8 0.22019년 0.5 2.6 7.6 12.0 12.6 5.8 0.7 12.6 -2.02018년 -1.8 0.0 8.2 13.3 15.9 5.1 0.0 15.9 1.32017년 0.3 1.8 6.4 13.8 16.3 5.7 0.6 16.3 1.72016년 -0.6 1.9 7.3 13.8 15.4 5.7 0.6 15.4 0.82015년 0.8 2.2 6.8 12.7 17.4 5.7 0.6 17.4 2.82014년 0.7 2.7 7.7 13.3 15.4 6.2 1.1 15.4 0.810년평균 0.2 2.2 7.9 13.0 15.0 6.0 0.9 15.0 0.4평 년 -0.4 1.7 6.5 12.3 14.6 5.1 0.0 14.6 0.0* 10년 평균 :최근 10년(2014∼2023년)동안의 평균기온의 평균** 평년 :30년(1991～2020년)동안의 평균기온의 평균*** 편차 :평년의 평균기온에 대한 연도별 평균기온의 차이연도별 강수량
❍ ’24년 1월부터 5월 1주차까지의 강수량의 합은 306.4㎜로, 평년(225.9)보다80.5㎜많았음(평년대비 135.6%)
- ’24년5월 1주차의강수량의합은18.2㎜로, 평년(23.1)보다4.9㎜적었음 (평년대비 78.8%)기간 1월 2월 3월 4월5월 분석기간1.1~5.1 4.25~5.11주(4.25~5.1)합계(㎜)대비(%)합계(㎜)대비(%)2024년 36.9 111.4 68.8 87.9 18.2 306.4 135.6 18.2 78.82023년 44.9 20.0 30.5 70.2 12.9 165.6 73.3 12.9 55.82022년 5.0 5.5 89.5 62.7 48.3 162.7 72.0 48.3 209.12021년 25.4 23.4 112.1 77.5 19.5 247.7 109.7 19.5 84.42020년 85.7 62.1 34.4 44.0 0.4 226.3 100.2 0.4 1.72019년 9.7 34.5 42.6 80.8 30.2 167.6 74.2 30.2 130.72018년 25.5 36.6 116.2 140.3 1.9 319.0 141.2 1.9 8.22017년 18.6 36.0 26.1 72.8 2.9 153.5 68.0 2.9 12.62016년 32.9 50.6 62.8 163.2 28.6 309.4 137.0 28.6 123.82015년 31.9 31.0 47.8 135.6 33.0 246.3 109.0 33.0 142.92014년 14.0 34.8 82.3 89.3 64.8 220.5 97.6 64.8 280.510년평균 29.4 33.5 64.4 93.6 24.3 221.9 98.2 24.3 105.2평 년 30.6 37.5 63.0 90.7 23.1 225.9 100.0 23.1 100.0* 10년 평균 :최근 10년(2014~2023년)동안의 강수량의 평균** 평년 :30년(1991～2020년)동안의 강수량의 평균*** 대비 :평년의 강수량에 대한 연도별 강수량의 비율2024년 농림지 돌발해충 월동난 조사결과 보고돌발해충의밀도조사를통해방제적기,방제범위설정등방제계획수립에활용〔근거:식물방역법,농작물병해충예찰·방제규정,식물병해충예찰·방제규정등〕□ 조사 개요",5호.txt
2024,5,24,2024-05-01,2024-05-31,과수,과수해충,예보,,"○ 기간: ’24. 2. 26.(화) ∼ 3. 22.(금), 26일간○ 지역: 전국(9개 도 및 특·광역시 등 161개)* 농진청: 농경지 및 주변,산림청: 산지,공원 등○ 대상: 갈색날개매미충,꽃매미,매미나방 등 3종□ 조사결과 및 예측○ (조사결과) 돌발해충3종의발생면적이급격한증가세를보이고있음
- (갈색날개매미충)전년대비발생면적767.1ha(18.9%)증가,발생지역4시·군감소* (’21)109/4,204.6→(’22)117/3,559.5 →(’23)124/4,052.5 →(’24)120시군/4,819.6ha
- (꽃매미)전년대비발생면적526.1ha(147.6%)증가,발생지역7시·군증가* (’21) 68/258.9 → (’22) 71/334.1 → (’23) 64/356.5 → (’24) 71시군/882.6ha
- (매미나방)전년대비발생면적504.5ha(738.8%)증가,발생지역15시·군증가* (’21) 32/342.5 → (’22) 32/141.8 → (’23) 31/68.4→ (’24) 46시군/572.9ha○ (예측) 올해겨울철(’24.1.∼3.) 평균기온(4℃)은 평년보다1.7℃ 높아,부화시기는지난해보다8∼9일늦고평년보다2∼3일빠를것으로전망(작물보호과)* 겨울철평균기온(1∼3월):(’21)4.1℃ →(’22)2.6℃ →(’23)3.8℃ →(’24)4.0℃,(평년)2.3℃□ 금후 계획○ (협의)방제계획 수립을 위한 협의(’24.5.8., 방제대책협의회)* (내용)돌발해충발생범위예측및지역별방제구역설정,공동방제시기결정등○ (방제)농진청, 산림청, 지자체등협업 방제실시(’24.5.∼6.)참고 1  2024년 돌발해충 월동난 조사 결과□ 조사 개요",5호.txt
2024,5,25,2024-05-01,2024-05-31,과수,과수해충,예보,포도,"○ 기간: ’24. 2. 26.(화) ∼ 3. 22.(금), 26일간* 성충조사:7∼8월 예정○ 지역: 전국(9개도및특·광역시)/발생지역중심농경지,주변산림등* 농진청: 농경지 및 주변 /산림청 : 산지,공원 등○ 대상: 갈색날개매미충, 꽃매미, 매미나방 등 3종* 돌발해충성충조사시에는꽃매미,갈색날개매미충,미국선녀벌레등3종조사□ 결과 요약돌발해충발생시·군수발생면적(ha)농경지 농경지주변 계’23년 ’24년 ’23년 ’24년 ’23년 ’24년 ’23년 ’24년계 219 237 3,704.5 5,431.2 772.9 843.9 4,477.4 6,275.1갈색날개매미충 124 120 3,403.9 4,185.9 648.6 633.7 4,052.5 4,819.6꽃매미 64 71 263.7 777.7 92.8 104.9 356.5 882.6매미나방 31 46 36.9 467.6 31.5 105.3 68.4 572.9<발생시·군수><발생면적(ha)>연도별(’22~’24) 돌발해충 월동난 발생현황□ 갈색날개매미충돌발해충 발생시·군수 발생면적(ha)농경지 농경지주변 계’23년 ’24년 ’23년 ’24년 ’23년 ’24년 ’23년 ’24년합계 123 120 3,403.8 4,185.9 648.7 633.7 4,052.5 4,819.6경기 22 20 247.9 215.3 203.6 184.5 451.5 399.8강원 13 13 290.7 329.0 43.8 115.1 334.5 444.1충북 11 11 90.7 83.7 9.0 8.0 99.9 91.7충남 15 15 88.2 79.4 152.2 90.7 240.4 170.1전북 14 13 111.2 102.1 18.3 16.7 129.5 118.8전남 11 10 626.7 612.2 25.3 21.4 651.9 633.6경북 17 16 129.2 88.5 28.2 24.9 157.4 113.4경남 14 15 1,801.5 2,653.0 144.8 142.7 1,946.2 2,795.7제주 - - - - - - - -서울 - - - - - - - -부산 - - - - - - - -대구 1 2 2.0 2.7 1.0 1.0 3.0 3.7인천 2 2 4.9 5.3 4.0 4.0 8.9 9.3광주 - - - - - - - -대전 1 1 1.2 1.1 - - 1.2 1.1울산 1 1 0.6 0.6 0.5 0.7 1.1 1.3세종 1 1 9.0 13.0 18.0 24.0 27.0 37.0【갈색날개매미충 조사결과】 *대상:전국161시․군29,484.7ha(농경지26,674.8+농경지주변2,809.9)○ 전년 대비 발생면적 증가(767.1ha↑), 발생 시·군수 증가(4개 시군 ↓)○ 발생면적 증가 지역: 대구, 경남○ 발생밀도 : 소(2,107.0ha, 43.8%), 중(1915.0ha, 39.7%), 다(734.9ha, 15.2%), 심(62.7ha, 1.3%)2023 2024 2023 2024<지역별 분포도> <발생밀도 변화>□ 꽃매미돌발해충 발생시·군수 발생면적(ha)농경지 농경지주변 계’23년 ’24년 ’23년 ’24년 ’23년 ’24년 ’23년 ’24년합계 64 70 263.9 777.8 92.6 98.4 356.5 882.6경기 14 12 23.6 15.0 9.4 6.4 33.2 21.4강원 6 8 7.5 12.4 40 9.6 47.5 22.0충북 5 7 7.4 14.9 0.5 2.4 8.0 17.3충남 10 12 15.5 23.9 33.7 16.9 49.3 40.8전북 3 5 0.7 0.8 1 3.8 1.8 4.6전남 3 1 0.5 0.1 - - 0.5 0.1경북 9 8 5.5 4.4 2.8 4.7 8.3 9.1경남 7 10 197.1 701.0 0.7 55.6 197.9 756.6제주 - - - - - - - -서울 - - - - - - - -부산 - - - - - - - -대구 2 3 4.0 3.8 3.0 3.0 7 6.8인천 2 1 0.2 0.2 - 1.0 0.2 1.2광주 - - - - - - - -대전 1 1 0.3 0.3 - - 0.3 0.3울산 1 1 0.6 - 0.5 0.4 0.5 0.4세종 1 1 1 1.0 1 1.0 2 2.0【꽃매미 조사결과】 *대상:전국161시․군28,101.1ha(농경지25,636.9+농경지주변2,464.2)○ 전년 대비 발생면적 증가(526.1ha↑), 발생 시·군수 감소(7개 시군↑)○ 발생면적 증가 지역: 강원, 충북, 충남, 전북, 경남, 대구○ 발생밀도 : 소(286.0ha, 32.4%), 중(574.4ha, 65.1%), 다(11.7ha, 1.3%), 심(10.5ha, 1.2%)2023 2024 2023 2024<지역별 분포도> <발생밀도 변화>□ 매미나방돌발해충 발생시·군수 발생면적(ha)농경지 농경지주변 계’23년 ’24년 ’23년 ’24년 ’23년 ’24년 ’23년 ’24년합계 31 36 36.9 467.5 31.5 105.3 68.4 572.9경기 10 9 10.5 4.7 2.4 16.6 34.4 21.3강원 4 3 5.5 3.4 23.9 3.0 8.0 6.4충북 7 6 3.5 3.0 4.3 4.2 7.8 7.2충남 2 5 0.9 5.1 0.3 2.7 1.2 7.8전북 1 4 0.1 1.1 0.1 2.8 0.1 4.0전남 - - - - - - - -경북 3 1 1 - 0.5 1.4 1.5 1.4경남 4 6 15.4 450.2 - 74.3 15.4 524.5제주 - - - - - - - -서울 - - - - - - - -부산 - - - - - - - -대구 - 1 - - - 0.1 - 0.1인천 - 1 - - - 0.2 - 0.2광주 - - - - - - - -대전 - - - - - - - -울산 - - - - - - - -세종 - - - - - - - -【매미나방 조사결과】 *대상:전국161시․군28,125.1ha(농경지25,608.1+농경지주변2,517.0)○ 전년 대비 발생면적 감소(504.5ha ↑), 발생 시·군수 감소(15개 시·군↑)○ 발생면적 증가 지역: 충남, 전북, 경남, 대구, 인천(대구, 인천은 전년 미발견 시·군)○ 발생밀도 : 소(172.6ha, 30.1%), 중(355.8ha, 62.1%), 다(27.1ha, 4.7%), 심(17.4ha, 3.1%)2023 2024 2023 2024<지역별 분포도> <발생밀도 변화>맥류 안정생산 재배기술기본형 공직불제 관련 화학비료 사용기준 준수 안내미세먼지 대응 농업인 농작업 안전 준수사항★5월에 검출된 74개 조합(34품목/41성분)★* 이 자료는 국립농산물품질관리원 안전성조사 결과 중 ’23년도 부적합 발생 품목 및농약 성분을 바탕으로 작성했습니다.",5호.txt
2024,5,26,2024-05-01,2024-05-31,과수,과수해충,예보,"감귤,감자,고추,당근,두릅,딸기,방울토마토,배추,부추,브로콜리,사과,상추,시금치,쑥갓,양파,오리,쪽파,치커리,호박","□ 지역별 부적합 발생 우려 정보
❍ 주요 부적합 우려 품목(성분)
- [부산광역시] 쪽파(터부포스)
- [인천광역시] 치커리(터부포스)
- [광주광역시] 대 파(포 레 이 트), 참 당 귀(디 페 노 코 나 졸)
- [대전광역시] 쑥갓(다이아지논)
- [울산광역시] 방 풍 나 물(클 로 르 피 리 포 스, 페 노 뷰 카 브)
- [경기도] 고수(아바멕틴, 알레트린, 클로로탈로닐,스피네토람, 티오벤카브), 민들레(터부포스), 부추(플루퀸코나졸, 오메토에이트, 폭심, 테트라코나졸),상추(카보퓨란, 포레이트, 피플루뷰마이드), 시금치(터부포스), 쑥갓(페니트로티온), 열무(터부포스)
- [강원도] 상추(옥사딕실), 양상추(펜디메탈린)
- [충청북도] 딸기(니텐피람), 브로콜리(플루아지남), 얼갈이배추(포레이트), 열무(카보퓨란,디메토에이트, 오메토에이트, 포레이트)
- [충청남도] 고추잎(키노메티오네이트, 플룩사메타마이드, 이미다클로프리드, 터부포스),두릅(펜디메탈린), 들깻잎(클로로탈로닐, 페니트로티온), 부추(카보퓨란), 상추(다이아지논),상황버섯(비펜트린, 클로르페나피르), 쑥갓(페니트로티온), 취나물(뷰프로페진, 카보퓨란)
- [전라북도] 부추(페니트로티온), 상추(클로로탈로닐, 플루아지남), 쌈추(디니코나졸), 양파(터부포스), 열무(터푸보스)
- [전라남도] 감자(터부포스), 방울토마토(이미시아포스), 부추(테트라코나졸), 얼갈이배추(프로클로라즈), 취나물(페니트로티온), 콩(프로사이미돈)※ 전국적으로 토양처리 살충제 농약(입제) 성분인 터부포스,포레이트 잔류농약 부적합이 많이 발생되고 있습니다.
농업인께서는 해당 성분의 농약을 사용이 등록된 작물에만안전사용기준을 반드시 준수하여 살포하시기 바랍니다.
- [경상북도] 어수리(펜디메탈린), 당근(터부포스), 방풍나물(플루벤디아마이드), 사과(프로클로라즈), 상추(카바릴, 포레이트), 취나물(카보퓨란), 호박잎(펜디메탈린, 터부포스)
- [경상남도] 가지(트리사이클라졸), 대파(터부포스), 들깻잎(오리사스트로빈, 피플루뷰마이드), 산딸기(프로사이미돈), 부추(리뉴론),상추(피프로닐, 이미시아포스, 오리사스트로빈), 열무(포레이트),풋고추(에토프로포스)
- [제주특별자치도] 감귤(프로클로라즈), 토마토(사이프로디닐)5월 주요 품목별 농약 사용 주의보5월 주요 품목별 농약 사용 주의보□ 부적합 발생 우려 품목/성분의 잔류허용기준 및 농약 등록 유무품목 검출성분 잔류허용기준(mg/kg) 잔류허용기준적용 근거농약 안전사용기준등록 유무‘23.5. ‘24.4.",5호.txt
2024,5,27,2024-05-01,2024-05-31,과수,과수해충,예보,"감귤,감자,고추,당근,두릅,딸기,방울토마토,부추,사과","가지 Tricyclazole 0.01 0.01 일률기준(0.01㎎/㎏) 미등록감귤 Prochloraz 1.0 3.0 식품의 기준 및 규격 등록(합제)감자 Terbufos 0.01 0.01 식품의 기준 및 규격 등록(단제, 합제)고수Abamectin 0.01 0.01 일률기준 미등록Allethrin 0.01 0.01 일률기준 미등록Chlorothalonil 0.01 0.01 일률기준 미등록Spinetoram 0.01 0.01 일률기준 미등록Thiobencarb 0.01 0.01 일률기준 미등록고추잎Chinomethionat 0.01 0.01 일률기준 미등록Fluxametamide 0.01 20 식품의 기준 및 규격 미등록Imidacloprid 1.0 1.0 식품의 기준 및 규격 미등록Terbufos 0.05 0.05 식품의 기준 및 규격 미등록어수리 Pendimethalin 0.01 0.01 일률기준 미등록당근 Terbufos 0.05 0.05 식품의 기준 및 규격 등록(단제, 합제)대파Phorate 0.05 0.01 일률기준 등록(단제, 합제)Terbufos 0.05 0.05 식품의 기준 및 규격 등록(단제, 합제)두릅 Pendimethalin 0.01 0.01 일률기준 미등록들깻잎Chlorothalonil 0.01 0.01 일률기준 미등록Fenitrothion : MEP 0.05 0.05 식품의 기준 및 규격 미등록Orysastrobin 0.01 0.01 일률기준 미등록Pyflubumide 0.01 0.01 일률기준 미등록딸기 Nitenpyram 0.01 0.01 일률기준 미등록산딸기 Procymidone 0.01 0.01 일률기준 미등록민들레 Terbufos 0.01 0.01 일률기준 미등록방울토마토 Imicyafos 0.05 0.05 식품의 기준 및 규격 미등록방풍나물Chlorpyrifos 0.01 0.01 일률기준 미등록Fenobucarb 0.01 0.01 일률기준 미등록Flubendiamide 0.01 0.01 일률기준 미등록부추Carbofuran 0.01 0.01 일률기준 미등록Fenitrothion : MEP 0.05 0.05 식품의 기준 및 규격 등록(단제, 합제)Fluquinconazole 0.01 0.01 일률기준 미등록Linuron 0.01 0.01 일률기준 미등록Omethoate 0.05 0.05 식품의 기준 및 규격 미등록Phoxim 0.05 0.05 식품의 기준 및 규격 등록(단제, 합제)Tetraconazole 0.01 0.01 일률기준 미등록Fluazinam 0.05 0.05 식품의 기준 및 규격 미등록브로코리사과 Prochloraz 0.5 0.5 식품의 기준 및 규격 등록(단제, 합제)품목 검출성분 잔류허용기준(mg/kg) 잔류허용기준적용 근거농약 안전사용기준등록 유무‘23.5. ‘24.4.",5호.txt
2024,5,28,2024-05-01,2024-05-31,과수,과수해충,예보,"감귤,고추,방울토마토,배추,사과,상추,시금치,쑥갓,양파,쪽파,치커리,호박","상추Carbaryl 0.01 0.01 일률기준 미등록Carbofuran 0.01 0.01 일률기준 미등록Chlorothalonil 0.01 0.01 일률기준 미등록Diazinon 0.01 0.01 일률기준 미등록Fipronil 0.01 0.01 일률기준 미등록Fluazinam 0.03 0.03 식품의 기준 및 규격 미등록Imicyafos 0.01 0.01 일률기준 미등록Orysastrobin 0.01 0.01 일률기준 미등록Oxadixyl 0.01 0.01 일률기준 미등록Phorate 0.01 0.01 일률기준 미등록Pyflubumide 0.01 0.01 일률기준 미등록상황버섯Bifenthrin 0.01 0.01 일률기준 미등록Chlorfenapyr 0.01 0.01 일률기준 미등록시금치 Terbufos 0.05 0.05 식품의 기준 및 규격 등록(단제, 합제)쌈추 Diniconazole 0.3 0.3 식품의 기준 및 규격 미등록쑥갓Diazinon 0.01 0.01 일률기준 미등록Fenitrothion : MEP 0.05 0.05 식품의 기준 및 규격 미등록양상추 Pendimethalin 0.01 0.01 일률기준 미등록양파 Terbufos 0.05 0.05 식품의 기준 및 규격 등록(단제, 합제)얼갈이배추Phorate 0.05 0.05 식품의 기준 및 규격 등록(단제)Prochloraz 0.01 0.01 일률기준 미등록열무Carbofuran 0.03 0.03 식품의 기준 및 규격 미등록Dimethoate 0.01 0.01 일률기준 미등록Omethoate 0.01 0.01 일률기준 미등록Phorate 0.05 0.05 식품의 기준 및 규격 미등록Terbufos 0.05 0.05 식품의 기준 및 규격 등록(합제)쪽파 Terbufos 0.05 0.05 식품의 기준 및 규격 등록(단제, 합제)참당귀 Difenoconazole 0.01 0.01 일률기준 미등록취나물Buprofezin 0.01 0.01 일률기준 미등록Carbofuran 0.01 0.01 일률기준 미등록Fenitrothion : MEP 7.0 7.0 식품의 기준 및 규격 등록(단제)치커리 Terbufos 0.01 0.01 일률기준 미등록콩 Procymidone 0.01 0.01 일률기준 미등록토마토 Cyprodinil 0.01 0.01 일률기준 미등록풋고추 Ethoprophos(Ethoprop) 0.02 0.02 식품의 기준 및 규격 등록(단제)호박잎Pendimethalin 0.01 0.01 일률기준 미등록Terbufos 0.05 0.05 식품의 기준 및 규격 미등록자료제공 및 검토 전문가 명단구분 성명 /  소속 / 직급1 채의석 / 농촌지원국 재해대응과 / 과장2 김기형 / 농촌지원국 재해대응과 / 농촌지도관3 배철호 / 농촌지원국 재해대응과 / 농촌지도관4 전승기 / 농촌지원국 재해대응과 / 농촌지도관5 김상목 / 농촌지원국 재해대응과 / 농업연구관6 박승무 / 농촌지원국 재해대응과 / 농촌지도관7 이우일 / 농촌지원국 재해대응과 / 농촌지도사8 최효원 / 농촌지원국 재해대응과 / 농업연구사9 정은수 / 농촌지원국 재해대응과 / 농촌지도사10 맹권재 / 농촌지원국 재해대응과 / 농업주사보11 박명일 / 농촌지원국 재해대응과 / 주무관12 최인후 / 농촌지원국 재해대응과 / 기술전문위원13 박해융 / 농촌지원국 재해대응과 / 기술전문위원14 고만건 / 농촌지원국 재해대응과 / 기술전문위원15 강신곤 / 농촌지원국 기술보급과 / 농촌지도관16 박종윤 / 농촌지원국 기술보급과 / 농촌지도관17 장진경 / 농촌지원국 기술보급과 / 농촌지도사18 조아라 / 농촌지원국 기술보급과 / 농촌지도사19 노석원 / 농촌지원국 식량산업기술팀 / 농촌지도관20 엄미옥 / 농촌지원국 식량산업기술팀 / 농촌지도사21 윤  송 / 농촌지원국 식량산업기술팀 / 농촌지도사22 이세원 / 국립농업과학원 작물보호과 / 과장23 박병용 / 국립농업과학원 작물보호과 / 농업연구관24 이봉춘 / 국립농업과학원 작물보호과 / 농업연구관25 이용환 / 국립농업과학원 작물보호과 / 농업연구관26 이영기 / 국립농업과학원 작물보호과 / 농업연구사27 정인홍 / 국립농업과학원 작물보호과 / 농업연구사28 류현주 / 국립농업과학원 작물보호과 / 농업연구사29 심교문 / 국립농업과학원 기후변화평가과 / 농업연구관30 허지나 /국립농업과학원 기후변화평가과 / 농업연구사31 박진우 / 국립농업과학원 작물기초기반과 / 과장32 서보윤 / 국립농업과학원 작물기초기반과 / 농업연구관33 김상민 / 국립식량과학원 작물기초기반과 / 농업연구사34 김현주 / 국립식량과학원 기술지원과 / 농업연구관35 김은영 / 국립식량과학원 재배환경과 / 농업연구사36 최경희 / 국립원예특작과학원 원예특작환경과 / 과장37 이성찬 / 국립원예특작과학원 원예특작환경과 / 농업연구관38 송장훈 / 국립원예특작과학원 원예특작환경과 / 농업연구관39 한유경 / 국립원예특작과학원 원예특작환경과 / 농업연구사40 이선영 / 국립원예특작과학원 원예특작환경과 / 농업연구사41 서미혜 / 국립원예특작과학원 원예특작환경과 / 농업연구사42 윤정범 / 국립원예특작과학원 원예특작환경과 / 농업연구사43 이동혁 / 국립원예특작과학원 사과연구센터 / 센터장44 양상진 / 국립원예특작과학원 사과연구센터 / 농업연구관45 조영식 / 국립원예특작과학원 배연구센터 / 농업연구관46 강아랑 / 국립원예특작과학원 배연구센터 / 농업연구사47 한승갑 / 국립원예특작과학원 감귤연구센터 / 농업연구관2024년 농작물 병해충 발생정보(제5호)집 필 인채의석 , 김기형 , 배철호 , 전승기 , 김상목 , 박승무 , 이우일 , 최효원 , 정은수 ,맹권재 , 박명일발 행 처 농촌진흥청 재해대응과주소 54875 전북 전주시 덕진구 농생명로 300전화 (063) 238–1045~1049homepage : http://www.nongsaro.go.kr",5호.txt
2024,6,1,2024-06-01,2024-06-15,식량작물,열대거세미나방,주의보,"수수,옥수수","❍ 열대거세미나방은 아메리카 대륙의 열대·아열대 지역이 원산으로아프리카(‘16), 동남아(’18), 중국(‘19.1), 한국(’19.6) 등으로 확산됨
❍ 올해 4월 11일, 전남 신안, 제주 한림에서 성충이 첫 발견* 전년(4.18) 보대 7일 빨리 발견⇒ 작년 발생지역과 주 비래지역(충남, 전남‧북, 경남, 제주 등)은성페로몬트랩 예찰 및 어린 옥수수 포장 중심 철저한 관찰이 필요
⇒ 유충기(애벌레)에 식물의 잎과 줄기를 갉아 먹어 피해를 발생시키며기주식물은 80여 작물(옥수수, 수수 등)로 알려져 있음
❍ 약제를 위해 발생초기(유충1~3령) 등록약제로 살포하되, 약제를살포할 때는 약액이 골고루 작물에 묻도록 충분히 살포□ 열대거세미나방 유충형태 및 피해 사진열대거세미나방 유충(좌, 2령), 피해 사진(우)",6호.txt
2024,6,2,2024-06-01,2024-06-15,식량작물,멸강나방,예보,옥수수,"❍ 멸강나방은 해외에서 날아와 피해를 주는 장거리 비래성 해충으로화본과 목초류, 옥수수 등에 발생해 피해를 줌
❍ 올해는 3월 하순 처음 비래가 확인되었으며 목초지나 옥수수 포장등 기주식물 재배지역을 예찰하여 유충이 발견되면 등록 약제로발생 초기에 방제멸강나방 유충(좌)과 피해(우) 사진",6호.txt
2024,6,3,2024-06-01,2024-06-15,식량작물,애멸구(벼줄무늬잎마름병 매개),예보,벼,"❍ 애멸구는 국내 월동과 해외 비래가 가능한 해충으로 흡즙하여 어린벼에 벼줄무늬잎마름병을 매개함
❍ 애멸구 발생이 많은 지역은 신속하게 살충효과가 있는 접촉독 등록 약제를 살포하고, 애멸구가 논뿐만 아니라 논두렁 주변에도 많이 있으므로 논두렁이나 인근 제방까지 철저히 방제하여 애멸구가본답에 유입되지 않도록 함",6호.txt
2024,6,4,2024-06-01,2024-06-15,식량작물,조명나방,예보,옥수수,"❍ 조명나방은 옥수수에서 발생하는 해충으로 유충이 잎과 이삭을 갉아먹거나 줄기 속으로 파고들어가 피해를 줌⇒ 조명나방 1화기 성충이 최대로 발생한 날(6월 상순경)부터7~10일 후 혹은 옥수수 줄기가 형성되기 전에 잎이 전부 전개되지 않은 시기인 8~9엽기에 방제하는 것이 효율적임
⇒ 애벌레가 옥수수 줄기 속으로 파고 들어가면 약제 방제가 어려움알덩어리 유충(애벌레) 번데기 성충잎 가해 줄기가해 열매가해",6호.txt
2024,6,5,2024-06-01,2024-06-15,식량작물,벼물바구미 등,예보,벼,"❍ 벼물바구미는 벼 잎과 뿌리를 갉아먹고 벼잎벌레와 굴파리류는벼 잎이나 줄기 속을 갉아 먹어 피해를 주는 해충으로 해마다
발생함
❍ 이앙시기와 월동 세대 성충의 본답 이동시기가 일치할 때 피해가 심함
⇒ 벼물바구미, 벼물가파리, 깔따구, 도열병 등해충과 병을 동시에 방제할 수 있는 약제를선택하여 모내기 당일 육묘상자에 입제를뿌려 방제하고, 육묘상자에 약제처리를 못한경우는 모낸 후 10∼15일 사이에 등록 약제를 선택하여 방제",6호.txt
2024,6,6,2024-06-01,2024-06-15,채소,역병·탄저병(고추),주의보,고추,"❍ 역병은 비가 내린 후 다습한 환경조건에서 발생이 증가하며 토양에있는 병원균이 물을 통하여 전염되는 병으로 일단 발병하면 급속하게 번지고 방제 효과가 낮음
⇒ 병 발생이 많았던 곳은 두둑을 높여 준 후 배수로를 정비하고병든 포기 발견 즉시 제거하여 전염원을 제거하고 비오기 전후등록 약제를 주기적으로 살포
❍ 고추 탄저병은 지난해 버려진 병든 잔재물이 가장 중요한 1차전염원이고, 온·습도가 높은 장마철 비가 잦은 환경에서 감염위험이 높음
⇒ 병든 과실을 그냥 두거나 이랑사이에 버리면 방제효과는 50%이상 감소하므로 병든 과실은 발견 즉시 매립 또는 소각하는것이 효과적이며, 재식거리를 넓히고 두둑을 높게 하고 물 빠짐을 좋게 하여 발병에 좋은 환경을 차단함
⇒ 국가농작물병해충관리시스템(http://ncpms.rda.go.kr)에서 고추역병과 탄저병 최초 감염위험시기를 알려주는 문자서비스를활용하여 병징이 없더라도 감염 시기 알림 후 3일 이내에 예방적으로 침투이행성 약제 처리",6호.txt
2024,6,7,2024-06-01,2024-06-15,채소,"덩굴마름병(수박, 참외)",예보,"수박,참외","❍ 수박 덩굴마름병은 감염된 묘를 정식하거나 비가 많이 오는 경우발생하는 병으로 생육후기에 초세가 약해질 무렵부터 잎이나 줄기가집중적으로 말라 죽음
⇒ 약제 방제만으로는 효과적인 방제가 어려우므로 과습을 방지하고 생육을 강건하게 유지시킴",6호.txt
2024,6,8,2024-06-01,2024-06-15,채소,흰가루병(오이 등),예보,오이,"❍ 하우스 등 시설재배지에서 흔히 발생되며 일조가 부족하고 밤낮의온도 차이가 심하면서 건조한 경우에 병 발생이 증가함.
⇒ 병든 식물은 속히 제거하고 질소가 과용되지 않도록 균형시비를하면서 병 발생 초기에 등록약제로 방제⇒ 흰가루병 포자는 일출 후부터 오전 10시경 까지 포자 비산이가장 많이 이루어지므로 약제 살포는 10시 이전에 하는 것이효과적이고, 같은 계통의 약제 연용 시 약제저항성균이 쉽게생겨 방제효과가 떨어지게 되므로 반드시 다른 계통의 약제를번갈아 가며 살포",6호.txt
2024,6,9,2024-06-01,2024-06-15,채소,"총채벌레류, 가루이류, 진딧물",예보,"방울토마토,오이,파프리카","❍ ‘22년 1월~5월 말까지 기온은 7.6℃로 평년(7.1)보다 0.5℃ 높았음
시설재배 작물에서 꽃노랑총채벌레, 온실가루이, 담배가루이 등이 관리가 소홀한 포장에서 온도가 올라가면 밀도가 높아질 수 있어주의가 필요함
❍ 시설재배에서 발생하는 해충은 대부분 크기가 작고 연중 발생하고있으나, 발생초기에 예찰이 어려워 피해를 입는 경우가 많음. 특히 이해충들은 식물체에 직접적인 피해를 줄 뿐만 아니라 그을음병을 유발하거나 바이러스병을 전염시켜 작물에 피해를 줌⇒ 끈끈이트랩 등을 활용하여 주의 깊게 예찰하고 발견 즉시 계통이다른 등록 약제를 바꾸어가며 방제
❍ 꽃노랑총채벌레 등 총채벌레류가 오이, 파프리카 등에서 발생 초기에방제가 이루어지지 않으면 확산 및 피해가 예상⇒ 황색 끈끈이트랩이나 타락법(꽃과 잎을 두드려서 흰색 종이 위에떨어진 벌레를 조사) 등으로 예찰하고, 발생포장은 초기에 방제⇒ 꽃노랑총채벌레의 번데기 방제용으로 아큐레이퍼응애를 토양에투입하고, 지상부 유충과 성충 방제용으로는 유럽애꽃노린재,지중해이리응애 등 천적을 활용하면 효과적으로 방제가 가능함
❍ (가루이류, 진딧물) 온실가루이와 담배가루이는 토마토와 같은 가지과작물에서, 진딧물은 엽채류와 과채류에서 주로 발생하며 식물의즙액을 빨아먹는 직접적인 피해뿐만 아니라 그을음병과 바이러스병등을 유발하여 상품성을 떨어뜨림⇒ 크기가 작아 육안으로 관찰하기 힘들고 일단 발생하면 방제가어려우므로 외부 유입통로에 방충망을 설치하는 등 시설 안으로들어오지 못하도록 막고, 끈끈이트랩을 매달아 주의 깊게 살펴봄⇒ 예방적 조치로 해충에 따라 천적을 투입하여 방제하고 국부적으로해충이 집중 발생했을 경우 작물별 등록 약제로 방제",6호.txt
2024,6,10,2024-06-01,2024-06-15,채소,토마토반점위조바이러스(TSWV),예보,"고추,방울토마토,파프리카","❍ 총채벌레가 즙액을 흡즙하면서 바이러스를 전염시키는 병으로 고추,토마토, 파프리카 등 특히 전년도 발생이 많았던 가지과 시설재배지에서 꾸준히 발생하고 있으며, 방제시기르 놓쳐 총체벌레의 밀도가높아지면 피해가 커지기 때문에 초기 방제로 병발생을 예방하는것이 중요
⇒ 방충망을 이용하여 시설 안으로 들어오는 총채벌레를 막고 발생초기 천적이나 등록약제로 방제⇒ 병에 걸린 식물은 발견 즉시 제거하여 병이 확산 되는 것을 예방",6호.txt
2024,6,11,2024-06-01,2024-06-15,채소,토마토황화잎말림바이러스(TYLCV),예보,방울토마토,❍ 가지과 작물에서 담배가루이가 병을 매개하고 감염된 묘를 통해확산될 수 있으므로 육묘 단계부터 정식 초기에 예찰을 강화하여감염여부를 판단하고 정식 후에는 잎 뒷면과 포장 주위를 살펴보아 담배가루이를 철저히 방제⇒ 방충망을 설치하여 담배가루이의침입을 막고 발생 시 담배가루이의 기주식물이 되는 잡초와 병이걸린 식물은 뽑아서 제거,6호.txt
2024,6,12,2024-06-01,2024-06-15,과수,과수화상병,경보,사과,"❍ (과수화상병) 세균에 의해 사과, 배나무의 꽃, 잎, 열매, 가지가불에 탓 것과 같이 검게 변하고 서서히 말라죽게 되는데 전염성이높아 사전예방을 위해 사전방제와 과원 및 농자재 관리가 필수⇒ 한번 걸리면 방제가 불가능하기 때문에 예방을 위하여 과수원을청결하게 관리하고 농작업을 하는 사람의 과수원 출입 시 사람과작업도구 등을 수시로 소독⇒ 수시로 예찰을 하고 의심증상 발견 시에는 전국 대표전화(1833-8572)또는 가까운 농업기술센터·농업기술원에 즉시 신고
❍ (과수가지검은마름병) 과수화상병과 증상이 비슷하여 육안으로는구분이 불가하며, 발생 시기와 전파경로, 피해증상이 유사함.",6호.txt
2024,6,13,2024-06-01,2024-06-15,과수,"갈색날개매미충, 꽃매미, 매미나방",주의보,,"< 갈색날개매미충 >
❍ 월동난 조사 결과 갈색날개매미충 발생면적은 전년대비 증가* 전년 대비발생면적 767.1ha(18.9%) 증가
❍ 갈색날개매미층 월동난 부화예측 결과 5월 상순∼중순 사이 부화할것으로 예측되며, 유충과 성충이 모두 피해를 주기 때문에 발생정도에 따라 전용약제를 1주일 간격으로 1~3회 살포* 월동난50%부화시기(예측):경기·강원·충북(5.23),충남·전북·경북(5.24),전남·경남(5.1)* 지역별 ‘공동방제의 날’은 시도별 여건에 따라탄력적으로 운영⇒ 갈색날개매미충을 효과적으로 방제하려면 갈색날개매미충 부화후 1~2주 사이에 애벌레(1~2령)가 붙어 있는 나무에 약제를 뿌리는 것이 좋음. 2령이 지난 애벌레와 성충은 이동성이 크기때문에 방제 효과가 떨어짐.
<갈색날개매미충 약충, 성충, 난괴 사진>< 미국선녀벌레 >
❍ 미국선녀벌레는 연간 1세대 발생하며월동한 알은 5월 중·하순경에 부화하며,약충은 5령을 거쳐 성충이 되며, 성충은7월에서 10월까지 발생함
* 월동난50%부화시기(예측):경기·강원·충북(5.26),충남·전북·경북(5.28),전남·경남(5.16)< 꽃매미 >
❍ 꽃매미는 연간 1세대 발생하고 월동한 알은 5월 상·중순경에 부화하며 약충은 5령을 거쳐 성충이되고 성충은 7월에서 11월까지발생함
⇒ 월동알을 제거해 주는 것이 친환경적이며 발생을 줄이는 데에큰 효과가 있으므로 봄철에 약충으로 부화하기 전 과수원 및 인근야산의 나무 등에 있는 알 덩어리를 제거해 주고 약충이 깨어나오면 등록약제로 반드시 방제⇒ 금년은 지난 겨울과 봄철의 기온이 평년기온보다 약간 높아지난해와 비슷한 수준이고 평년보다 6∼7일 빨라질 것으로 예상* 월동난50%부화시기(예측):경기·강원·충북(5.16),충남·전북·경북(5.16),전남·경남(5.6)⇒ 시설재배지는 측창과 입구에 방충망을 설치하면 꽃매미의 침입과외부로의 확산을 막고, 방제 효과도 증대시킬 수 있음",6호.txt
2024,6,14,2024-06-01,2024-06-15,과수,복숭아 세균구멍병‧잿빛무늬병,예보,복숭아,"❍ 복숭아 세균구멍병은 비바람에 의해 발생이 많아지며, 복숭아 잎․가지․열매에 수침상의 반점이 생긴 후 확대되어 피해가 발생하는데,최근 비가 오고 바람이 많이 불어 발생이 증가할 수 있으므로 철저한예찰과 방제 필요
⇒ 병든 가지는 제거해 주며 발생이 많은 곳은 방풍망․방풍림을설치하고 병 발생 전에 예방위주로 방제
❍ 복숭아 잿빛무늬병은 과실에 피해가 가장 크며 표면에 갈색반점이생기고 점차 확대되어 전체가 부패하고 심한 악취를 발산하며,국지적으로 바람이 많은 지역에서 피해가 예상됨
⇒ 병에 걸린 가지는 조기에 제거하여 소각처리",6호.txt
2024,6,15,2024-06-01,2024-06-15,과수,탄저병,주의보,"단감,복숭아,사과,포도","❍ 사과, 복숭아, 포도, 단감 등에 발생하는 탄저병은 주요 관리 과수병으로 병원균은 주로 습기가 많은 기후조건과 25℃ 전후 온도에서 감염이 잘 이루어지므로 장마기 이후에 주의가 필요함
❍ 탄저병에 감염된 과실은 초기에 검정색 작은 반점이 껍질에 나타나며, 병이 커질수록 과실 표면이 움푹 들어가면서 과실 내부가갈색으로 변하면서 과실 표면에 많은 분생포자가 생겨 주변 건전한 과실을 감염. 특히 장마기나 바람이 많이 부는 날씨에는 분생포자들이 이동되는 시기이므로 철저한 관리가 필요
⇒ 지난해에 탄저병이 많이 발생했던 농가는 과원 내에 탄저병균이남아 있을 수 있으므로 탄저병균의 밀도를 줄이기 위해 예방적으로 적용 살균제를 살포⇒ 또한 탄저병은 습한 환경조건에서 잘 발생하므로 과원 내 통풍이잘 되게 하고 물 빠짐이 잘 되도록 관리",6호.txt
2024,6,16,2024-06-01,2024-06-15,과수,참다래 궤양병,예보,"오리,참다래","❍ 가지, 주간, 신초, 잎, 꽃봉오리, 꽃에 감염되는 병으로서 감염된가지와 주간부에 크고 작은 균열을 유발하며, 이 균열된 부위로부터 흘러나오는 적갈색 수액에 의해 쉽게 구분 가능
❍ 병든 조직에서 월동한 병원균이 상처, 기공 및 수공을 통하여 잎으로침입하며 전정 등 농작업 도구를 통해 전염⇒ 궤양병 증상이 관찰되면 다른 나무에 감염되지 않도록 증상이보이는 부위부터 1m정도 안쪽까지 제거해 주고 제거 부위는살균제를 발라 다른 병원균이 침입하지 않도록 조치",6호.txt
2024,6,17,2024-06-01,2024-06-15,과수,복숭아 순나방,예보,복숭아,"❍ 복숭아 관찰포에서 성페로몬 트랩조사(5월) 결과 전년보다 포획된마리수는 감소하였으나, 전북, 경북 등 일부 지역에서는 포획량이증가함
⇒ 전년에 과실 피해가 많았거나, 성페로몬 트랩에 유인이 많이 된과원은 등록 약제로 복숭아심식나방과 방제하고, 열매솎기나봉지씌우기를 할 때 피해를 받은 신초나 어린과실이 발견되면즉시 제거하여 땅에 묻음",6호.txt
2024,6,18,2024-06-01,2024-06-15,과수,"잎말이나방, 감꼭지나방",예보,"감귤,매실,사과","❍ 감귤, 사과, 배, 매실 등에 발생하는 잎말이나방류는 새로 나오는 잎으로 이동해서잎을 세로로 말고 들어가 갉아먹어 피해를주며 과실의 표면을 핥듯이 가해하여 상품성을 떨어뜨림⇒ 성페로몬 트랩을 주의 깊게 관찰하여성충발생 최성기 7∼10일 이후 등록 약제 살포
❍ 감꼭지나방은 꽃잎이나 잎을 갉아 먹다가 감꼭지에 유충이 과육을 먹고들어가 낙과를 시키며, 열매꼭지와 과실 사이로 배설물을 배출함
⇒ 성페로몬트랩 예찰 결과를 활용하여 1화기 성충 발생 최성기인 6월 상․중순에 등록 약제로 방제1개월 기상전망            (출처 : 국립농업과학원, 기상청)(기온) 1주는 평년과 비슷하거나 높겠고, 2주, 3주, 4주는 평년보다 높겠음
(강수량) 1주, 3주는 평년과 비슷하겠고, 2주는 평년과 비슷하거나 적겠으며, 4주는평년과 비슷하거나 많겠음
❍ 2주(6.3~6.9): 이동성 고기압의 영향을 주로 받아 낮과 밤의 기온차가 크겠음
- 기온은 평년보다 높겠고, 강수량은 평년과 비슷하거나 적겠음
❍ 3주(6.10~6.16): 고기압의 영향을 주로 받겠으나, 남쪽을 지나는 기압골의 영향을 받겠음
- 기온은 평년보다 높겠고, 강수량은 평년과 비슷하겠음
❍ 4주(6.17~6.23): 고기압의 가장자리에 들어 구름많은 날씨를 보이겠으며, 남쪽에서 다가오는 저기압의 영향을 받을 때가 있겠음
- 기온은 평년보다 높겠고, 강수량은 평년과 비슷하거나 많겠음
농 업 지 대 지역 평균기온 강수량1주 2주 3주 4주 1주 2주 3주 4주(6.26~7.2) (7.3~7.9) (7.10~7.16) (7.17~7.23) (6.26~7.2) (7.3~7.9) (7.10~7.16) (7.17~7.23)1.태 백 고 냉 대관령 조금높음높음 높음 높음 비슷 조금적음비슷 조금많음
2.태 백 준 고 냉 인제,홍천,제천 조금높음높음 높음 높음 비슷 조금적음비슷 조금많음
3.소 백 산 간 충주,보은 조금높음높음 높음 높음 비슷 조금적음비슷 조금많음
4.노 령 소 백 산 간 임실 조금높음높음 높음 높음 비슷 조금적음비슷 조금많음
5.영 남 내 륙 산 간추풍령,영주,문경 조금높음높음 높음 높음 조금많음조금적음비슷 조금많음
6.중 북 부 내 륙 춘천,양평 조금높음높음 높음 높음 비슷 조금적음비슷 조금많음
7.중 부 내 륙 원주,이천 조금높음높음 높음 높음 비슷 조금적음비슷 조금많음
8.소 백 서 부 내 륙청주,대전,금산 조금높음높음 높음 높음 비슷 조금적음비슷 조금많음
9.노 령 동 서 내 륙정읍,남원,거창,산청 조금높음높음 높음 높음 비슷 조금적음비슷 조금많음
10.호 남 내 륙 광주,순천,장흥 조금높음높음 높음 높음 조금많음조금적음비슷 조금많음
11.영 남 분 지 대구,의성,구미,영천 조금높음높음 높음 높음 조금많음조금적음비슷 조금많음
12.영 남 내 륙 진주,합천,밀양 조금높음높음 높음 높음 조금많음조금적음비슷 조금많음
13.중 서 부 평 야서울,인천,수원,서산,강화,천안,보령 조금높음높음 높음 높음 비슷 조금적음비슷 조금많음
14.차 령 남 부 평 야군산,전주,부여,부안 조금높음높음 높음 높음 비슷 조금적음비슷 조금많음
15.남 서 해 안 목포,완도,해남,고흥 조금높음높음 높음 높음 조금많음조금적음비슷 조금많음
16.남 부 해 안부산,통영,여수,거제,남해조금높음높음 높음 높음 조금많음조금적음비슷 조금많음
17.동 해 안 북 부 속초,강릉 조금높음높음 높음 높음 비슷 조금적음비슷 조금많음
18.동 해 안 중 부 울진,영덕 조금높음높음 높음 높음 조금많음조금적음비슷 조금많음
19.동 해 안 남 부 포항,울산 조금높음높음 높음 높음 조금많음조금적음비슷 조금많음
20.제 주 제주,성산,서귀포 조금높음높음 높음 높음 조금많음조금적음비슷 조금많음
평균 조금높음높음 높음 높음 비슷 조금적음 비슷 조금많음
10일(2024.03.31.~04.07.) 예보(기상청, 2024.03.28., 06:00)<기상예보>
❍ (기온) 아침 기온은 1~11℃, 낮 기온은 13~22℃로 평년(최저기온2~9℃, 최고기온 13~19℃)과 비슷하거나 조금 높겠음",6호.txt
2024,6,19,2024-06-01,2024-06-15,과수,"잎말이나방, 감꼭지나방",예보,,"❍ (강수) 4월 4일 오전 제주도에 비가 오겠음
<날씨><최저/최고기온>최근 경과기상과 향후 기상전망<기온><강수량>연도별 평균기온
❍ ‘24년 1월부터 5월 3주차까지의 평균기온은 8.1℃로, 평년(6.3)보다 1.8℃  높았음
- ’24년 5월 3주차의 평균기온은 16.9℃로, 평년(16.6)보다 0.3℃ 높았음
기 간 1월 2월 3월 4월5월 분석기간1.1~5.15 5.9~5.151주(4.25~5.1)2주(5.2~5.8)3주(5.9~5.15)평균(℃)편차(℃)평균(℃)편차(℃)2024년 1.4 4.5 7.2 15.1 16.4 16.1 16.9 8.1 1.8 16.9 0.32023년 0.0 3.0 9.7 13.3 13.0 15.6 17.1 7.6 1.3 17.1 0.52022년 -0.2 0.4 8.0 13.9 15.2 15.9 16.7 6.8 0.5 16.7 0.12021년 -0.4 3.9 9.0 13.4 14.2 14.8 17.9 7.5 1.2 17.9 1.32020년 3.0 3.8 8.0 10.9 14.8 17.9 16.8 7.7 1.4 16.8 0.22019년 0.5 2.6 7.6 12.0 12.6 16.0 18.5 7.0 0.7 18.5 1.92018년 -1.8 0.0 8.2 13.3 15.9 15.2 17.2 6.2 -0.1 17.2 0.62017년 0.3 1.8 6.4 13.8 16.3 17.9 16.7 6.9 0.6 16.7 0.12016년 -0.6 1.9 7.3 13.8 15.4 17.3 16.8 6.9 0.6 16.8 0.22015년 0.8 2.2 6.8 12.7 17.4 16.5 18.0 6.9 0.6 18.0 1.42014년 0.7 2.7 7.7 13.3 15.4 14.2 17.8 7.2 0.9 17.8 1.210년평균 0.2 2.2 7.9 13.0 15.0 16.1 17.4 7.1 0.8 17.4 0.8평 년 -0.4 1.7 6.5 12.3 14.6 16.2 16.6 6.3 0.0 16.6 0.0* 10년 평균 :최근 10년(2013∼2022년)동안의 평균기온의 평균** 평년 :30년(1991～2020년)동안의 평균기온의 평균*** 편차 :평년의 평균기온에 대한 연도별 평균기온의 차이연도별 강수량
❍  ‘24년 1월부터 5월 3주차까지의 강수량의 합은 406.1㎜로, 평년(279.9)보다 126.2㎜  많았음(평년대비 145.1%)
- ’24년 5월 3주차의 강수량의 합은 29.5㎜로, 평년(28.4)보다 1.1㎜  많았음
(평년대비 103.9%)기 간 1월 2월 3월 4월5월 분석기간1.1~5.15 5.9~5.151주(4.25~5.",6호.txt
2024,6,20,2024-06-01,2024-06-15,과수,"잎말이나방, 감꼭지나방",예보,,1)2주(5.2~5.8)3주(5.9~5.15)합계(㎜)대비(%)합계(㎜)대비(%)2024년 36.9 111.4 68.8 87.9 18.2 70.2 29.5 406.1 145.1 29.5 103.92023년 44.9 20.0 30.5 70.2 12.9 118.5 2.0 286.1 102.2 2.0 7.02022년 5.0 5.5 89.5 62.7 48.3 1.1 1.5 165.3 59.1 1.5 5.32021년 25.4 23.4 112.1 77.5 19.5 22.8 17.3 287.8 102.8 17.3 60.92020년 85.7 62.1 34.4 44.0 0.4 19.1 55.6 301.0 107.5 55.6 195.82019년 9.7 34.5 42.6 80.8 30.2 0.1 0.2 167.8 59.9 0.2 0.72018년 25.5 36.6 116.2 140.3 1.9 51.1 23.0 393.2 140.5 23.0 81.02017년 18.6 36.0 26.1 72.8 2.9 4.6 19.0 177.0 63.2 19.0 66.92016년 32.9 50.6 62.8 163.2 28.6 40.4 33.5 383.3 136.9 33.5 118.02015년 31.9 31.0 47.8 135.6 33.0 18.4 41.7 306.3 109.4 41.7 146.82014년 14.0 34.8 82.3 89.3 64.8 4.6 56.6 281.7 100.6 56.6 199.310년평균 29.4 33.5 64.4 93.6 24.3 28.1 25.0 275.0 98.2 25.0 88.0평 년 30.6 37.5 63.0 90.7 23.1 25.7 28.4 279.9 100.0 28.4 100.0* 10년 평균 :최근 10년(2013∼2022년)동안의 강수량의 평균** 평년 :30년(1991～2020년)동안의 강수량의 평균*** 대비 :평년의 강수량에 대한 연도별 강수량의 비율,6호.txt
2024,7,1,2024-06-16,2024-06-30,식량작물,열대거세미나방,주의보,"수수,옥수수","❍ 열대거세미나방은 아메리카 대륙의 열대·아열대 지역이 원산으로아프리카(‘16),동남아(’18),중국(‘19.1),한국(’19.6)등으로확산됨
❍ 제주에서올해 4월 18일성충이첫발견되었으며,경남고성(4.30),거제(5.9),전남여수(5.10),고흥(5.17),충남태안(5.22),전북고창,전남보성(5.24),전남신안,진도(5.29),경남거제(6.11)지역에서발견되고있음.
❍ 특히,전남고흥지역에서유충이발견(5.17)되어성충이발견된지역및작년발생지역과주 비래지역(충남, 전남‧북, 경남, 제주 등)은 성페로몬트랩예찰및어린옥수수포장중심철저한관찰이필요
⇒ 유충(애벌레)이 식물의잎과줄기를갉아먹어피해를발생시키며기주식물은80여작물(옥수수,수수등)로알려져있음
❍ 약제를 위해 발생초기(유충1~3령) 등록약제로 살포하되, 약제를 살포할 때는약액이골고루 작물에묻도록충분히 살포□ 열대거세미나방 유충형태 및 피해 사진열대거세미나방 유충(좌, 2령), 피해 사진(우)",7호.txt
2024,7,2,2024-06-16,2024-06-30,식량작물,멸강나방,예보,옥수수,"❍ 멸강나방은해외에서날아와피해를주는장거리비래성해충으로화본과 목초류,옥수수등에 발생해피해를줌
❍ 올해는 5월(NCPMS) 처음비래가확인되었으며, 6월제주에서도확인되었음. 목초지나 옥수수 포장 등 기주식물 재배지역을 예찰하여유충이 발견되면 등록 약제로 발생 초기에 방제멸강나방 유충(좌)과 피해(우) 사진",7호.txt
2024,7,3,2024-06-16,2024-06-30,식량작물,애멸구(벼줄무늬잎마름병 매개),예보,벼,"❍ 애멸구는국내월동과해외비래가가능한해충으로흡즙하여어린벼에벼줄무늬잎마름병을 매개함
❍ 최근서남해안지역에비래가확인되고있어주기적예찰이필요함
❍ 애멸구 발생이 많은 지역은 신속하게 살충효과가 있는 접촉독 등록 약제를살포하고, 애멸구가논뿐만아니라논두렁 주변에도 많이있으므로논두렁이나인근제방까지철저히방제하여 애멸구가본답에유입되지않도록 함",7호.txt
2024,7,4,2024-06-16,2024-06-30,식량작물,조명나방,예보,옥수수,"❍ 조명나방은옥수수에서발생하는해충으로유충이잎과이삭을 갉아먹거나줄기속으로 파고들어가피해를줌⇒ 조명나방 1화기 성충이 최대로 발생한 날(6월 상순경)부터7~10일 후 혹은 옥수수 줄기가 형성되기 전에 잎이 전부 전개되지않은시기인 8~9엽기에방제하는 것이효율적임
⇒애벌레가옥수수줄기속으로파고들어가면약제방제가어려움알덩어리 유충(애벌레) 번데기 성충잎 가해 줄기가해 열매가해",7호.txt
2024,7,5,2024-06-16,2024-06-30,식량작물,벼물바구미 등,예보,벼,"❍ 벼물바구미는 벼 잎과 뿌리를 갉아먹고 벼잎벌레와 굴파리류는벼 잎이나 줄기 속을 갉아 먹어 피해를 주는 해충으로 해마다
발생함
❍ 이앙시기와월동세대성충의본답이동시기가일치할때피해가심함
⇒ 벼물바구미, 벼물가파리, 깔따구, 도열병 등해충과 병을 동시에 방제할 수 있는약제를선택하여 모내기 당일 육묘상자에 입제를뿌려 방제하고, 육묘상자에약제처리를못한경우는모낸후 10∼15일 사이에 등록 약제를선택하여방제",7호.txt
2024,7,6,2024-06-16,2024-06-30,채소,역병·탄저병(고추),주의보,고추,"❍ 역병은비가내린후다습한환경조건에서발생이증가하며토양에있는 병원균이물을 통하여 전염되는병으로 일단 발병하면 급속하게 번지고방제효과가 낮음
⇒ 병 발생이 많았던 곳은 두둑을 높여 준 후 배수로를 정비하고병든 포기 발견 즉시 제거하여 전염원을 제거하고 비오기 전후등록 약제를주기적으로살포
❍ 고추 탄저병은 지난해 버려진 병든 잔재물이 가장 중요한 1차전염원이고,온·습도가높은장마철비가잦은환경에서감염위험이높음
⇒ 병든 과실을 그냥 두거나 이랑사이에 버리면 방제효과는 50%이상 감소하므로 병든 과실은 발견 즉시 매립 또는 소각하는것이효과적이며, 재식거리를넓히고두둑을높게하고물 빠짐을좋게 하여발병에좋은 환경을차단함
⇒ 국가농작물병해충관리시스템(http://ncpms.rda.go.kr)에서 고추역병과 탄저병 최초 감염위험시기를 알려주는 문자서비스를활용하여병징이없더라도감염시기알림후 3일이내에예방적으로 침투이행성약제처리",7호.txt
2024,7,7,2024-06-16,2024-06-30,채소,"덩굴마름병(수박, 참외)",예보,"수박,참외","❍ 수박 덩굴마름병은 감염된묘를정식하거나비가많이오는경우발생하는병으로생육후기에초세가약해질무렵부터잎이나줄기가집중적으로말라죽음
⇒ 약제 방제만으로는 효과적인 방제가 어려우므로 과습을 방지하고 생육을 강건하게유지시킴",7호.txt
2024,7,8,2024-06-16,2024-06-30,채소,흰가루병(오이 등),예보,오이,"❍ 하우스 등 시설재배지에서흔히 발생되며일조가부족하고밤낮의온도차이가 심하면서건조한경우에 병발생이증가함.
⇒ 병든식물은속히제거하고질소가과용되지않도록 균형시비를하면서 병발생초기에 등록약제로방제⇒ 흰가루병 포자는 일출 후부터 오전 10시경 까지 포자 비산이가장 많이 이루어지므로 약제 살포는 10시 이전에 하는 것이효과적이고, 같은 계통의 약제 연용 시 약제저항성균이 쉽게생겨 방제효과가 떨어지게 되므로 반드시 다른 계통의 약제를번갈아 가며 살포",7호.txt
2024,7,9,2024-06-16,2024-06-30,채소,"총채벌레류, 가루이류, 진딧물",예보,"방울토마토,오이,파프리카","❍ ‘22년 1월~5월 말까지 기온은 7.6℃로 평년(7.1)보다 0.5℃ 높았음
시설재배 작물에서 꽃노랑총채벌레 , 온실가루이, 담배가루이 등이 관리가소홀한포장에서온도가올라가면밀도가높아질 수있어주의가필요함
❍ 시설재배에서발생하는해충은대부분크기가작고연중 발생하고있으나,발생초기에예찰이어려워피해를입는경우가많음.특히 이해충들은식물체에직접적인피해를줄뿐만아니라그을음병을 유발하거나바이러스병을전염시켜 작물에피해를줌⇒ 끈끈이트랩등을활용하여주의깊게예찰하고발견즉시 계통이다른등록 약제를바꾸어가며방제
❍ 꽃노랑총채벌레등총채벌레류가오이,파프리카등에서발생초기에방제가이루어지지않으면 확산및피해가 예상⇒ 황색끈끈이트랩이나타락법(꽃과잎을두드려서흰색 종이위에떨어진벌레를조사)등으로예찰하고,발생포장은초기에방제⇒ 꽃노랑총채벌레의 번데기 방제용으로 아큐레이퍼응애를 토양에투입하고, 지상부 유충과 성충 방제용으로는 유럽애꽃노린재,지중해이리응애등천적을 활용하면효과적으로방제가 가능함
❍ (가루이류,진딧물)온실가루이와담배가루이는토마토와같은가지과작물에서, 진딧물은 엽채류와 과채류에서 주로 발생하며 식물의즙액을빨아먹는직접적인피해뿐만아니라그을음병과바이러스병등을유발하여상품성을 떨어뜨림⇒ 크기가 작아 육안으로 관찰하기 힘들고 일단 발생하면 방제가어려우므로 외부 유입통로에 방충망을 설치하는 등 시설 안으로들어오지못하도록막고,끈끈이트랩을매달아주의깊게살펴봄⇒ 예방적조치로해충에따라천적을투입하여방제하고국부적으로해충이 집중발생했을경우 작물별등록약제로 방제",7호.txt
2024,7,10,2024-06-16,2024-06-30,채소,토마토반점위조바이러스(TSWV),예보,"고추,방울토마토,파프리카","❍ 총채벌레가즙액을흡즙하면서바이러스를전염시키는병으로고추,토마토,파프리카등특히전년도발생이많았던가지과시설재배지에서꾸준히발생하고 있으며, 방제시기르 놓쳐 총체벌레의밀도가높아지면 피해가 커지기 때문에 초기 방제로 병발생을 예방하는것이중요
⇒ 방충망을이용하여시설 안으로들어오는총채벌레를막고발생초기천적이나등록약제로방제⇒ 병에걸린식물은발견즉시제거하여병이확산되는것을예방",7호.txt
2024,7,11,2024-06-16,2024-06-30,채소,토마토황화잎말림바이러스(TYLCV),예보,방울토마토,❍ 가지과 작물에서 담배가루이가 병을 매개하고 감염된 묘를 통해확산될 수 있으므로 육묘 단계부터 정식 초기에 예찰을 강화하여감염여부를판단하고 정식 후에는 잎 뒷면과 포장 주위를 살펴보아담배가루이를 철저히방제⇒ 방충망을설치하여담배가루이의침입을막고발생시 담배가루이의기주식물이되는 잡초와병이걸린식물은뽑아서제거,7호.txt
2024,7,12,2024-06-16,2024-06-30,과수,과수화상병,경보,사과,"❍ (과수화상병 ) 세균에의해사과, 배나무의꽃, 잎, 열매, 가지가불에탓것과같이검게변하고서서히말라죽게되는데전염성이높아사전예방을위해사전방제와과원및농자재관리가필수⇒ 한번걸리면방제가불가능하기때문에예방을위하여과수원을청결하게관리하고농작업을하는사람의과수원출입시사람과작업도구 등을수시로 소독⇒ 수시로예찰을하고의심증상발견시에는전국대표전화(1833-8572)또는가까운농업기술센터·농업기술원에즉시신고
❍ (과수가지검은마름병) 과수화상병과증상이비슷하여 육안으로는구분이불가하며,발생시기와전파경로,피해증상이유사함.",7호.txt
2024,7,13,2024-06-16,2024-06-30,과수,"갈색날개매미충, 꽃매미, 매미나방",주의보,,"< 갈색날개매미충 >
❍ 올해월동난조사결과갈색날개매미충, 꽃매미의발생면적이다시증가세를보이고있으며,매미나방은감소한것으로조사됨
⇒ 발생정도에 따라전용약제를 1주일간격으로 1~3회살포*지역별‘공동방제의날’은시도별여건에따라탄력적으로운영⇒ 갈색날개매미충을 효과적으로 방제하려면 갈색날개매미충 부화후 1~2주 사이에 애벌레(1~2령)가 붙어 있는 나무에 약제를 뿌리는 것이 좋음. 2령이 지난 애벌레와 성충은 이동성이 크기때문에방제효과가 떨어짐.
<갈색날개매미충약충,성충, 난괴사진>< 미국선녀벌레  >
❍ 미국선녀벌레는 연간 1세대 발생하며월동한알은 5월중·하순경에부화하며,약충은 5령을거쳐성충이되며, 성충은7월에서 10월까지발생함
< 꽃매미 >
❍ 꽃매미는 연간 1세대 발생하고월동한 알은 5월 상·중순경에 부화하며 약충은 5령을 거쳐 성충이되고 성충은 7월에서 11월까지발생함
⇒ 시설재배지는측창과입구에방충망을설치하면꽃매미의침입과외부로의확산을막고, 방제효과도 증대시킬수있음",7호.txt
2024,7,14,2024-06-16,2024-06-30,과수,복숭아 세균구멍병‧잿빛무늬병,예보,복숭아,"❍ 복숭아 세균구멍병은비바람에의해발생이많아지며, 복숭아잎․가지․열매에수침상의반점이생긴후확대되어피해가발생하는데,최근비가오고바람이많이불어발생이증가할수있으므로철저한예찰과방제필요
⇒ 병든 가지는 제거해 주며 발생이 많은 곳은 방풍망․방풍림을설치하고 병발생전에 예방위주로방제
❍복숭아잿빛무늬병은과실에피해가가장크며표면에갈색반점이생기고 점차 확대되어 전체가 부패하고 심한 악취를 발산하며,국지적으로바람이 많은지역에서피해가 예상됨
⇒병에 걸린가지는조기에 제거하여소각처리",7호.txt
2024,7,15,2024-06-16,2024-06-30,과수,탄저병,주의보,"단감,복숭아,사과,포도","❍ 사과,복숭아,포도,단감등에발생하는탄저병은주요관리과수병으로 병원균은주로 습기가 많은 기후조건과 25℃ 전후 온도에서감염이잘 이루어지므로 장마기 이후에 주의가필요함
❍ 탄저병에 감염된 과실은 초기에 검정색 작은 반점이 껍질에 나타나며, 병이 커질수록 과실 표면이 움푹 들어가면서 과실 내부가갈색으로 변하면서 과실 표면에 많은 분생포자가 생겨 주변 건전한 과실을 감염. 특히 장마기나 바람이 많이 부는 날씨에는 분생포자들이이동되는시기이므로 철저한관리가필요
⇒ 지난해에탄저병이많이발생했던농가는과원내에탄저병균이남아 있을 수 있으므로 탄저병균의 밀도를 줄이기 위해 예방적으로 적용 살균제를 살포⇒또한탄저병은습한환경조건에서잘발생하므로과원내통풍이잘 되게하고물 빠짐이잘되도록 관리< 방제요령 >○강우 전 보호살균제, 강우 후 침투이행성 약제로 방제* 정기방제일비가올경우미루기보단앞당겨약제살포실시* 고온기에비가여러번온다면정기방제사이에추가방제권장※ 발병 후에는 보호살균제 방제 지양",7호.txt
2024,7,16,2024-06-16,2024-06-30,과수,참다래 궤양병,예보,"오리,참다래","❍ 가지, 주간, 신초, 잎, 꽃봉오리, 꽃에 감염되는 병으로서 감염된가지와 주간부에 크고 작은 균열을 유발하며, 이 균열된 부위로부터흘러나오는 적갈색수액에의해 쉽게구분가능
❍ 병든조직에서월동한병원균이상처,기공및수공을통하여잎으로침입하며전정등 농작업도구를통해 전염⇒ 궤양병 증상이 관찰되면 다른 나무에 감염되지 않도록 증상이보이는 부위부터 1m정도 안쪽까지 제거해 주고 제거 부위는살균제를 발라다른병원균이 침입하지않도록조치",7호.txt
2024,7,17,2024-06-16,2024-06-30,과수,복숭아 순나방,예보,복숭아,"❍ 복숭아 관찰포에서성페로몬트랩조사(5월) 결과 전년보다포획된마리수는감소하였으나, 전북, 경북 등 일부 지역에서는 포획량이증가함
⇒ 전년에과실 피해가많았거나, 성페로몬트랩에유인이많이된과원은 등록 약제로 복숭아심식나방과 방제하고, 열매솎기나봉지씌우기를 할 때 피해를 받은 신초나 어린과실이 발견되면즉시제거하여 땅에묻음",7호.txt
2024,7,18,2024-06-16,2024-06-30,과수,"잎말이나방, 감꼭지나방",예보,"감귤,매실,사과","❍ 감귤,사과,배,매실등에발생하는잎말이나방류는 새로 나오는 잎으로 이동해서잎을세로로말고들어가갉아먹어피해를주며과실의표면을핥듯이가해하여상품성을 떨어뜨림⇒ 성페로몬 트랩을 주의 깊게 관찰하여성충발생최성기 7∼10일 이후등록약제 살포
❍ 감꼭지나방은꽃잎이나잎을갉아먹다가감꼭지에유충이과육을 먹고들어가낙과를시키며,열매꼭지와과실사이로배설물을배출함
⇒ 성페로몬트랩예찰결과를활용하여 1화기 성충 발생최성기인 6월상․중순에등록약제로방제1개월 기상전망(6.17∼7.14)     (출처 : 국립농업과학원, 기상청)(기온) 1주, 3주, 4주는 평년보다 높겠고, 2주는 평년과 비슷하거나 높겠음
(강수량) 1주는 평년과 비슷하거나 많겠고, 2주는 평년보다 많겠으며, 3주,4주는 평년과 비슷
❍ 1주(6.17~6.23):기온은평년보다높겠고,강수량은평년과비슷하거나많겠음
❍ 2주(6.24~6.30):기온은평년과비슷하거나높겠고,강수량은평년보다많겠음
❍ 3주(7.1~7.7) :기온은평년보다높겠고,강수량은평년과비슷하겠음
❍ 4주(7.8~7.14):기온은평년보다높겠고,강수량은평년과비슷하겠음
농 업 지 대 지역평균기온 강수량1주(6.26~7.2)2주(7.3~7.9)3주(7.10~7.16)4주(7.17~7.23)1주(6.26~7.2)2주(7.3~7.9)3주(7.10~7.16)4주(7.17~7.23)1.태 백 고 냉 대관령 높음 조금높음높음 높음 조금많음 많음 조금많음 비슷2.태 백 준 고 냉 인제,홍천,제천 높음 조금높음높음 높음 조금많음 많음 조금많음 비슷3.소 백 산 간 충주,보은 높음 조금높음높음 높음 조금많음 많음 비슷 비슷4.노 령 소 백 산 간 임실 높음 조금높음높음 높음 조금많음 많음 비슷 비슷5.영 남 내 륙 산 간추풍령,영주,문경 높음 조금높음높음 높음 조금많음 많음 비슷 비슷6.중 북 부 내 륙 춘천,양평 높음 조금높음높음 높음 조금많음 많음 조금많음 비슷7.중 부 내 륙 원주,이천 높음 조금높음높음 높음 조금많음 많음 조금많음 비슷8.소 백 서 부 내 륙청주,대전,금산 높음 조금높음높음 높음 조금많음 많음 비슷 비슷9.노 령 동 서 내 륙정읍,남원,거창,산청 높음 조금높음높음 높음 조금많음 많음 비슷 비슷10.호 남 내 륙 광주,순천,장흥 높음 조금높음높음 높음 많음 많음 비슷 비슷11.영 남 분 지 대구,의성,구미,영천 높음 조금높음높음 높음 조금많음 많음 비슷 비슷12.영 남 내 륙 진주,합천,밀양 높음 조금높음높음 높음 많음 많음 비슷 비슷13.중 서 부 평 야서울,인천,수원,서산,강화,천안,보령 높음 조금높음높음 높음 조금많음 많음 조금많음 비슷14.차 령 남 부 평 야군산,전주,부여,부안 높음 조금높음높음 높음 조금많음 많음 비슷 비슷15.남 서 해 안 목포,완도,해남,고흥 높음 조금높음높음 높음 많음 많음 비슷 비슷16.남 부 해 안부산,통영,여수,거제,남해 높음 조금높음높음 높음 많음 많음 비슷 비슷17.동 해 안 북 부 속초,강릉 높음 조금높음높음 높음 조금많음 많음 비슷 비슷18.동 해 안 중 부 울진,영덕 높음 조금높음높음 높음 조금많음 많음 비슷 비슷19.동 해 안 남 부 포항,울산 높음 조금높음높음 높음 많음 많음 비슷 비슷20.제 주 제주,성산,서귀포 높음 조금높음높음 높음 많음 많음 비슷 비슷평균 높음 조금높음높음 높음 조금많음 많음 비슷 비슷10일(2024.06.10.~06.17.) 예보(기상청, 2024.06.07., 06:00)<기상예보>
❍ (기온) 아침 기온은 17∼21℃, 낮 기온은 25∼32℃로 평년(최저기온16∼19℃, 최고기온 24∼29℃)과비슷하거나조금높겠음
❍ (강수) 12일 오후에강원영서에소나기가오는 곳이있겠고, 15일제주도에비가오겠음
<날씨><최저/최고기온>최근 경과기상과 향후 기상전망<기온><강수량>연도별 평균기온
❍ ’24년1월부터6월1주차까지의평균기온은9.6℃로,평년(8.0)보다1.6℃높았음
-’24년6월1주차의평균기온은19.7℃로,평년(19.9)보다0.2℃낮았음",7호.txt
2024,7,19,2024-06-16,2024-06-30,과수,"잎말이나방, 감꼭지나방",예보,,"기간 1월 2월 3월 4월 5월6월 분석기간1.1~6.5 5.30~6.51주(5.30~6.5)평균(℃)편차(℃)평균(℃)편차(℃)2024년 1.4 4.5 7.2 15.1 17.8 19.7 9.6 1.6 19.7 -0.22023년 0.0 3.0 9.7 13.3 18.0 20.8 9.3 1.3 20.8 0.92022년 -0.2 0.4 8.0 13.9 18.2 20.8 8.6 0.6 20.8 0.92021년 -0.4 3.9 9.0 13.4 16.9 19.8 9.0 1.0 19.8 -0.12020년 3.0 3.8 8.0 10.9 17.7 21.2 9.1 1.1 21.2 1.32019년 0.5 2.6 7.6 12.0 18.5 20.8 8.8 0.8 20.8 0.92018년 -1.8 0.0 8.2 13.3 17.8 21.5 8.1 0.1 21.5 1.62017년 0.3 1.8 6.4 13.8 18.6 20.5 8.6 0.6 20.5 0.62016년 -0.6 1.9 7.3 13.8 18.5 20.7 8.6 0.6 20.7 0.82015년 0.8 2.2 6.8 12.7 18.5 20.3 8.7 0.7 20.3 0.42014년 0.7 2.7 7.7 13.3 18.3 21.8 9.0 1.0 21.8 1.910년평균 0.2 2.2 7.9 13.0 18.1 20.8 8.8 0.8 20.8 0.9평 년 -0.4 1.7 6.5 12.3 17.5 19.9 8.0 0.0 19.9 0.0* 10년 평균 :최근 10년(2014∼2023년)동안의 평균기온의 평균** 평년 :30년(1991～2020년)동안의 평균기온의 평균*** 편차 :평년의 평균기온에 대한 연도별 평균기온의 차이연도별 강수량
❍  ’24년 1월부터 6월 1주차까지의 강수량의 합은 424.1㎜로, 평년(342.1)보다 82.0㎜ 많았음(평년대비 124.0%)
-’24년6월1주차의강수량의합은1.4㎜로,평년(17.1)보다15.7㎜적었음(평년대비8.2%)기간 1월 2월 3월 4월 5월6월 분석기간1.1~6.5 5.30~6.51주(5.30~6.5)합계(㎜)대비(%)합계(㎜)대비(%)2024년 36.9 111.4 68.8 87.9 118.4 1.4 424.1 124.0 1.4 8.22023년 44.9 20.0 30.5 70.2 207.2 17.3 381.1 111.4 17.3 101.22022년 5.0 5.5 89.5 62.7 6.3 22.4 190.9 55.8 22.4 131.02021년 25.4 23.4 112.1 77.5 138.9 30.7 399.3 116.7 30.7 179.52020년 85.7 62.1 34.4 44.0 107.4 3.8 334.8 97.9 3.8 22.22019년 9.7 34.5 42.6 80.8 65.0 0.9 232.6 68.0 0.9 5.32018년 25.5 36.6 116.2 140.3 135.2 6.0 457.1 133.6 6.0 35.12017년 18.6 36.0 26.1 72.8 31.0 5.0 187.6 54.8 5.0 29.22016년 32.9 50.6 62.8 163.2 103.4 4.7 417.5 122.0 4.7 27.52015년 31.9 31.0 47.8 135.6 70.1 8.9 321.9 94.1 8.9 52.02014년 14.0 34.8 82.3 89.3 84.2 32.2 336.8 98.5 32.2 188.310년평균 29.4 33.5 64.4 93.6 94.9 13.2 326.0 95.3 13.2 77.2평 년 30.6 37.5 63.0 90.7 108.0 17.1 342.1 100.0 17.1 100.0* 10년 평균 :최근 10년(2014∼2023년)동안의 강수량의 평균** 평년 :30년(1991～2020년)동안의 강수량의 평균*** 대비 :평년의 강수량에 대한 연도별 강수량의 비율",7호.txt
2024,8,1,2024-07-01,2024-07-15,식량작물,열대거세미나방,주의보,"수수,옥수수","❍ 열대거세미나방은 아메리카 대륙의 열대·아열대 지역이 원산으로유충(애벌레)이식물의잎과줄기를갉아먹어피해를발생시키며기주식물은80여작물(옥수수,수수등)로알려져있음 *국내는19년유입확인
❍ 제주에서첫발견(4월)중내륙지역에서도지속적으로발견되고있음
❍ 특히 전남 고흥지역에서 유충 발견(5.17),작년발생지역과주비래지역(충남, 전남‧북, 경남, 제주 등)은 성페로몬트랩예찰및어린옥수포장중심철저한관찰이필요
⇒ 발생초기(유충1~3령) 등록약제로 살포하되, 약제를 살포할 때는약액이골고루작물에 묻도록충분히살포",8호.txt
2024,8,2,2024-07-01,2024-07-15,식량작물,먹노린재,예보,벼,"❍ 먹노린재는 7∼8월에 약충과성충이벼 줄기에구침을박고 흡즙하여심하면 수확량에 큰 영향을 줌, 주로 논 가장자리에 피해증상이 많이 나타나는데 생육초기에 심하게 피해를 받으면 초장이짧아지고이삭이나오지 않을수있음
⇒ 방제적기는성충의이동최성기인 6월 하순∼7월 상순으로주변논두렁이나배수로등서식처가될만한곳까지약제를살포하면방제효과를높일수있음",8호.txt
2024,8,3,2024-07-01,2024-07-15,식량작물,멸강나방,예보,옥수수,"❍ 멸강나방은해외에서날아와피해를주는장거리비래성해충으로화본과 목초류,옥수수등에 발생해피해를줌
❍ 올해는 5월(NCPMS) 처음 비래가 확인되었으며, 6월 제주지역에서유충발생도확인되었음.
❍ 멸강나방피해가급속도로확산되는경향이있어목초지나옥수수등기주식물 재배지역을 예찰하여 성충 및 유충이 발견되면 등록 약제로발생초기에 방제",8호.txt
2024,8,4,2024-07-01,2024-07-15,식량작물,감자역병(고랭지 씨감자),예보,감자,"❍ 감자역병(Phytophthora infestans)은 서늘한 온도(10∼24도)와 다습한(상대습도90%이상) 조건에서발생함.대관령등주요씨감자 재배지의최근 기상 조건을 고려할 때, 장마가 기간(6월 하순~) 이후 감자역병의발생우려가 높음
❍ 감자역병은 감자의 생육 후기까지 환경조건만 맞으면 언제든지발생할수있고,비가올때병원균이병든잎에서씻겨내려가얕게묻힌덩이줄기를감염시켜수확전후또는저장중에부패를일으킴
❍ 감자역병보호용 살균제를살포하여역병 발생을 예방하고, 예방시기를놓쳐 역병이발생하였다면치료용 살균제를살포
❍ 역병에 의한 덩이줄기 피해를 최소화하기 위해서는 흙을 충분히덮어덩이줄기가나오지않도록하고, 지속적인비 예보가있으면줄기와 잎이 살아 있는 동안에는 살균제를 처리",8호.txt
2024,8,5,2024-07-01,2024-07-15,식량작물,잎도열병,예보,,❍ 잎도열병은 거름기가 7월 1주차 잦은 비가 예보되어 있어 전년도 생육 후기 병해 발생이많아 전염원이 포장 등에 잔존하고 있을 가능성이높은포장에서는예찰을통해발생초기에적용약제로방제가중요함,8호.txt
2024,8,6,2024-07-01,2024-07-15,식량작물,"벼물바구미, 벼잎벌레, 굴파리 등",예보,벼,"❍ 벼물바구미는 벼 잎과 뿌리를 갉아먹고 벼잎벌레와 굴파리류는벼잎이나줄기속을갉아먹어피해를주는해충으로해마다발생함
❍ 이앙시기와월동세대성충의본답이동시기가일치할때피해가심함
⇒ 벼물바구미, 벼물가파리, 깔따구, 도열병 등해충과 병을 동시에 방제할수 있는약제를선택하여모내기당일 육묘상자에 입제를 뿌려 방제하고, 육묘상자에 약제처리를 못한경우는모낸후 10∼15일 사이에 등록 약제를선택하여 방제",8호.txt
2024,8,7,2024-07-01,2024-07-15,식량작물,"벼멸구, 흰등멸구, 혹명나방",예보,벼,"❍ 벼멸구․흰등멸구는 중국 남부지방과 동남아사아에서 6~7월 남서풍을타고비래하는해충으로장마철비래에적합한기류가형성될경우 국내로비래함
⇒ 비래해충은 초기방제가 중요하므로 볏대 아래쪽을 잘 살펴보아발생이 많으면 적용약제로 방제
❍ 혹명나방은 6월하순에서 7월상순에논을 살펴보아 포장에 피해잎이 1~2개정도 보일 때 방제를 실시해야 함
⇒ 막대기로벼포기를쳐서나방이나는모습을보거나유충피해인벼잎이세로로 말리는증상이보이면 방제",8호.txt
2024,8,8,2024-07-01,2024-07-15,식량작물,애멸구(줄무늬잎마름병 매개),예보,벼,"❍ 국내에 월동하거나 중국에서 비래하여 어린 벼를 흡즙하여 벼줄무늬잎마름병을매개하는데
❍ 최근서남해안지역에비래가확인되고있어주기적예찰이필요함
⇒ 애멸구의 발생이 많은 지역은 신속하게 즉시 살충효과가 있는접촉독 농약을 뿌려주고, 애멸구가 논뿐만 아니라 논두렁 주변에도많이있으므로논두렁이나인근제방까지철저히방제하여애멸구가 본답에유입되지않도록 함",8호.txt
2024,8,9,2024-07-01,2024-07-15,채소,"담배나방(고추 등), 파밤나방(고추, 콩 등)",주의보,고추,"❍ 담배나방은 고추에해마다발생하여피해를주는해충으로주로장마가끝나고기온이 높아지면담배나방, 파밤나방 등의발생이증가할우려가있음
⇒ 담배나방 등 나방류 유충은 3령 이상 자라면 약제저항성이커져서 방제효과가떨어지므로새 잎을중심으로자세히살펴보고 알이나유충을 발견하는즉시등록 약제로방제",8호.txt
2024,8,10,2024-07-01,2024-07-15,채소,"역병, 탄저병",주의보,고추,"❍ 역병은 비가 오는 다습한 환경조건에서 발생이 증가하며 토양에있는 병원균이물을 통하여 전염되는병으로 일단 발병하면 급속하게번지고 방제효과가낮음
⇒ 병 발생이 많았던 곳은 두둑을 높여 준 후 배수로를 정비하고병든 포기 발견 즉시 제거하여 전염원을 제거하고 비오기 전후등록 약제를주기적으로살포
❍ 고추 탄저병은지난해버려진 병든잔재물이가장중요한 1차전염원이고, 장마가길고 비가 잦은 해에 발생이 많은데, 특히 국지적으로 비가자주올 경우발생이증가할 가능성있음
⇒ 병든 과실을 그냥 두거나 이랑사이에 버리면 방제효과는 50%이상 감소하므로 병든 과실은 발견 즉시 매립 또는 제거하는것이 효과적이며, 재식거리를넓히고두둑을 높게하고물 빠짐을좋게 하여발병에좋은 환경을차단함",8호.txt
2024,8,11,2024-07-01,2024-07-15,채소,"덩굴마름병(수박, 참외)",예보,"수박,참외","❍ 수박 덩굴마름병은 비가 많이 오는 경우 발생하는 병으로 생육후기에초세가약해질무렵부터잎이나줄기가집중적으로말라죽음
⇒ 약제 방제만으로는 효과적인 방제가 어려우므로 과습을 방지하고 생육을 강건하게유지시킴",8호.txt
2024,8,12,2024-07-01,2024-07-15,채소,토마토반점위조바이러스(TSWV),예보,"고추,방울토마토,파프리카","❍ 총채벌레가즙액을흡즙하면서바이러스를전염시키는병으로고추,토마토,파프리카등특히전년도발생이많았던가지과시설재배지에서꾸준히 발생하고 있으며, 밀도가 높아 방제시기를놓칠 경우피해가커지기때문에초기 예방이중요
⇒ 방충망을 설치하여총채벌레의침입을막고발생시총채벌래의 기주식물이되는 잡초와병이걸린식물은뽑아서제거",8호.txt
2024,8,13,2024-07-01,2024-07-15,채소,토마토황화잎말림바이러스(TYLCV),예보,방울토마토,❍ 가지과 작물에서 담배가루이가 병을 매개하고 감염된 묘를 통해확산될 수 있으므로 육묘 단계부터 정식 초기에 예찰을 강화하여감염여부를판단하고정식후에는잎 뒷면과포장주위를살펴보아 담배가루이를철저히방제⇒ 방충망을설치하여담배가루이의침입을막고발생시 담배가루이의기주식물이되는 잡초와병이걸린식물은뽑아서제거,8호.txt
2024,8,14,2024-07-01,2024-07-15,채소,"총채벌레류, 가루이류, 진딧물",예보,"방울토마토,오이,파프리카","❍ 시설재배에서발생하는해충은대부분크기가작고연중 발생하고있으나,발생초기에예찰이어려워피해를입는경우가많음.특히이해충들은식물체에직접적인피해를줄뿐만아니라 그을음병을유발하거나 바이러스병을전염시켜작물에 피해를줌⇒ 이들해충은끈끈이트랩등을활용하여주의깊게예찰하고발견즉시계통이다른적용약제를 바꾸어가며방제
❍ 꽃노랑총채벌레 등 총채벌레류가 오이, 파프리카 등에서 초기에방제가이루어지지않으면 확산및피해가 예상⇒ 황색 끈끈이트랩이나 타락법(흰색 종이를 이용 꽃과 잎을 두드려서예찰)등으로 예찰하고,발생포장은초기에 방제⇒ 꽃노랑총채벌레는 번데기 방제용으로 아큐레이퍼응애를 토양에투입하고, 지상부 유충과 성충 방제용으로는 유럽애꽃노린재,지중해이리응애등천적을 활용하면효과적으로방제가 가능함
❍ (가루이류, 진딧물) 온실가루이와담배가루이는토마토와 같은 가지과 작물에서, 진딧물은 엽채류와 과채류에서 주로 발생하며 식물의 즙액을빨아먹는직접적인피해뿐만 아니라 그을음병과바이러스병 등을유발하여상품성을 떨어뜨림⇒ 크기가 작아 육안으로 관찰하기 힘들고 일단 발생되면 방제가어려우므로 외부 유입통로에 방충망을 설치하는 등 시설 안으로들어오지못하도록 막고,점착트랩을매달아 주의깊게살펴봄⇒ 예방적조치로해충에따라 천적을투입하여방제하고국부적으로해충이 집중발생하였을경우 작물별등록약제로 방제",8호.txt
2024,8,15,2024-07-01,2024-07-15,과수,과수화상병,경보,사과,"❍ (과수화상병 ) 세균에의해사과, 배나무의꽃, 잎, 열매, 가지가불에탓것과같이검게변하고서서히말라죽게되는데전염성이높아사전예방을위해사전방제와과원및농자재관리가필수⇒ 한번 걸리면방제가불가능하기때문에예방을위하여과수원을청결하게관리하고농작업을하는사람의과수원출입시사람과작업도구 등을수시로 소독⇒ 수시로예찰을하고의심증상발견시에는전국대표전화(1833-8572)또는가까운농업기술센터·농업기술원에즉시신고
❍ (과수가지검은마름병) 과수화상병과증상이비슷하여 육안으로는구분이불가하며,발생시기와전파경로,피해증상이유사함.",8호.txt
2024,8,16,2024-07-01,2024-07-15,과수,탄저병,주의보,"복숭아,사과,포도","❍ 사과, 복숭아, 포도등에발생하는탄저병은주요관리과수병으로병원균은주로습기가많은기후조건과 25℃ 전후온도에서감염이잘 이루어지므로장마기 이후에 주의가 필요함
❍ 탄저병에 감염된 과실은 초기에 검정색 작은 반점이 껍질에 나타나며, 병이 커질수록 과실 표면이 움푹 들어가면서 과실 내부가갈색으로 변하면서 과실 표면에 많은 분생포자가 생겨 주변 건전한 과실을 감염. 특히 장마기나 바람이 많이 부는 날씨에는 분생포자들이이동되는시기이므로 철저한관리가필요
⇒ 지난해에 탄저병이 많이 발생했던 농가는 과원 내에 탄저병균이 남아 있을 수 있으므로 탄저병균의 밀도를 줄이기 위해 예방적으로 적용살균제를살포⇒ 또한탄저병은습한환경조건에서잘발생하므로과원내통풍이잘 되게하고물 빠짐이 잘 되도록관리하고강우후 예찰을통해발생과가발견되면제거하고확산되지않도록약제살포⇒ 약제 살포시 ‘약제 저항성을 방지하기 위해 작용기작이 다른약제를교호살포’하는것이좋음",8호.txt
2024,8,17,2024-07-01,2024-07-15,과수,복숭아 세균구멍병,주의보,복숭아,"❍ 복숭아 세균구멍병은비바람에의해발생이많아지며, 복숭아잎․가지․열매에수침상의반점이생긴후확대되어피해가발생하는데,최근비가오고바람이많이불어발생이증가할수있으므로철저한예찰과방제필요
⇒ 병든 가지는 제거해 주며 발생이 많은 곳은 방풍망․방풍림을설치하고 병발생전에 예방위주로방제
❍복숭아잿빛무늬병은과실에피해가가장크며표면에갈색반점이생기고점차 확대되어전체가 부패하며, 국지적으로바람이 많은지역에서피해가 예상됨
⇒병에 걸린가지는조기에 제거함",8호.txt
2024,8,18,2024-07-01,2024-07-15,과수,배 검은별무늬병,주의보,,"❍ 검은별무늬병은 비가 자주 올 때 질소 비료를 많이 주어 가지가무성한과수원에서발생이많은데 7월강우가올경우 발생이 예상되어 방제시기를 놓치지 않도록 주의해야 함
⇒ 약제저항성 문제가 있는 약제는 작용 기작이 다른 약제로 바꿔가며살포하고 병에걸린잎과 과실은제거하여땅에 묻어줌",8호.txt
2024,8,19,2024-07-01,2024-07-15,과수,"갈색날개매미충, 미국선녀벌레, 꽃매미",주의보,,"< 갈색날개매미충 >
❍ 올해월동난 조사결과갈색날개매미충, 꽃매미의발생면적이다시증가세를보이고있으며,매미나방은감소한것으로조사됨
❍ 발생지역에서생산된 묘목을통해다른 지역으로전파될가능성이있어묘목을구입하여식재할경우어린가지의아래쪽을잘살펴난괴(알)가보일경우가지를제거해야함
⇒ 발생정도에 따라전용약제를 1주일간격으로 1~3회살포*지역별‘공동방제의날’은시도별여건에따라탄력적으로운영⇒ 갈색날개매미충을효과적으로방제하려면갈색날개매미충부화후1~2주 사이에 애벌레(1~2령)가 붙어 있는 나무에 약제를 뿌리는것이 좋음. 2령이 지난 애벌레와 성충은 이동성이 크기 때문에방제효과가 떨어짐.
< 미국선녀벌레  >
❍ 미국선녀벌레는 연간 1세대 발생하며월동한알은 5월중·하순경에부화하며,약충은 5령을거쳐성충이되며, 성충은 7월에서 10월까지발생함
< 꽃매미 >
❍ 꽃매미는 연간 1세대 발생하고월동한 알은 5월 상·중순경에 부화하며 약충은 5령을 거쳐 성충이되고 성충은 7월에서 11월까지발생함
⇒ 시설재배지는측창과입구에방충망을설치하면꽃매미의침입과외부로의확산을막고, 방제효과도 증대시킬수있음",8호.txt
2024,8,20,2024-07-01,2024-07-15,과수,복숭아심식나방,주의보,"복숭아,사과","❍ 복숭아심식나방의 밀도가예년과다르게 매우높게나타나고있어심식나방의발생예찰과 방제에특별한주의 필요
❍ 주로사과의꽃받침부분과과경부에산란하며,부화한유충이과실을뚫고들어가피해를입힘⇒ 성페로몬트랩을 사과나무에 설치하여 5일 동안 끈끈이판에 10마리이상포획되면 그로부터 7일 후에적용약제를 살포
❍ 성충은 6월상순에서 8월상순사이 1회 성충이발생하고, 7월하순부터 9월상순사이 2회성충이발생,발생최성기는8월중순경임
⇒ 교미교란제(성페로몬을이용해나방류교미방해)를나무상단부에 걸어복숭아심식나방의 교미를 저해하여 복숭아심식나방 다음 세대의 발생밀도를낮출 수있음
(A) 복숭아심식나방알; (B) 복숭아심식나방유충; (C) 복숭아심식나방성충;복숭아심식나방 피해로 인한 기형과 (A) 피해 초기, (B),(C) 피해 후기",8호.txt
2024,8,21,2024-07-01,2024-07-15,과수,복숭아순나방,예보,복숭아,"❍ 복숭아관찰포조사(6월) 결과전년보다감소하였으나, 충북등일부지역에서는포획량이증가함
⇒ 전년에 과실 피해가 많았거나, 성페로몬 트랩에유인이많이된과원은복숭아심식나방과 등록 약제로 동시 방제하고, 열매솎기나 봉지씌우기를 할 때 피해를 받은 신초나 어린 과실이 발견되면즉시제거하여 땅에묻음",8호.txt
2024,8,22,2024-07-01,2024-07-15,과수,"잎말이나방, 감꼭지나방",예보,"감귤,매실,사과","❍ 감귤,사과,배,매실등에발생하는잎말이나방류는 새로 나오는 잎으로 이동해서잎을세로로말고들어가갉아먹어피해를주며과실의표면을핥듯이가해하여상품성을 떨어뜨림⇒ 성페로몬트랩을주의깊게관찰하여성충발생최성기7～10일이후등록약제살포
❍감꼭지나방은꽃잎이나잎을갉아먹다가감꼭지에유충이과육을먹고들어가낙과를시키며, 열매꼭지와 과실사이로 배설물을 배출함
⇒페로몬 예찰결과를활용하여등록약제로 방제",8호.txt
2024,8,23,2024-07-01,2024-07-15,과수,포도 새눈무늬병·갈색무늬병·노균병,예보,포도,"❍ 포도 새눈무늬병은 잎에서 잎맥이 흑갈색으로 변하고, 진전되면 흑색 반점으로확대되어구멍이뚫리며열매와가지에서는초기에흑갈색의반점이나타남⇒ 비가 많이 올 때 발생이 많으므로,병든부위는 즉시제거하고봉지 씌우기전에등록약제로 방제
❍포도갈색무늬병․노균병은비가자주내리고습도가높을때발생이많음
⇒ 잎과과실을자세히살펴보아발생초기에 등록약제로잎뒷면까지방제하되가능한비오기전․후방제실시",8호.txt
2024,8,24,2024-07-01,2024-07-15,과수,참다래 궤양병,예보,"오리,참다래","❍ 가지, 주간, 신초, 잎, 꽃봉오리, 꽃에 감염되는 병으로서 감염된가지와 주간부에 크고 작은 균열을 유발하며, 이 균열된 부위로부터흘러나오는 적갈색수액에의해 쉽게구분가능
❍ 병든조직에서월동한병원균이상처,기공및수공을통하여잎으로침입하며전정등 농작업도구를통해 전염⇒ 궤양병 증상이 관찰되면 다른 나무에 감염되지 않도록 증상이보이는 부위부터 1m정도 안쪽까지 제거해 주고 제거 부위는살균제를 발라다른병원균이 침입하지않도록조치1개월 기상전망(7.8∼8.4)        (출처 : 국립농업과학원, 기상청)(기온) 1주, 2주, 4주는 평년보다 높겠고, 3주는 평년과 비슷하거나 높겠음
(강수) 1주, 3주는 평년과 비슷하거나 많겠고, 2주, 4주는 평년과 비슷하겠음
❍ 1주(7. 8∼14.) 기 온 은평년보다높고, 강 수 량 은평년과비슷하게나많겠음
❍ 2주(7.15∼21.) 기온은평년보다높고, 강수량은평년과비슷하겠음
❍ 3주(7.22∼28.) 기 온 은평 년 보 다비 슷 하 거 나높 고,강수량은평년과비슷하거나많음
❍ 4주(7.29∼8.4): 기온은 평년보다 높겠고,강수량은평년과비슷하겠음
농 업 지 대 지역평균기온 강수량1주(7.8~7.14)2주(7.15~7.
21)3주(7.22~7.28)4주(7.29~8.4)1주(7.8~7.14)2주(7.15~7.21)3주(7.22~7.28)4주(7.29~8.4)1.태 백 고 냉 대관령 조금높음높음 조금높음높음 조금많음조금많음조금많음 비슷2.태 백 준 고 냉 인제,홍천,제천 조금높음높음 조금높음높음 조금많음조금많음조금많음 비슷3.소 백 산 간 충주,보은 높음 높음 조금높음높음 조금많음 비슷 조금많음 비슷4.노 령 소 백 산 간 임실 높음 높음 조금높음높음 조금많음 비슷 조금많음 비슷5.영 남 내 륙 산 간추풍령,영주,문경 높음 높음 조금높음높음 조금많음 비슷 조금많음 비슷6.중 북 부 내 륙 춘천,양평 조금높음높음 조금높음높음 조금많음조금많음조금많음 비슷7.중 부 내 륙 원주,이천 조금높음높음 조금높음높음 조금많음조금많음조금많음 비슷8.소 백 서 부 내 륙청주,대전,금산 높음 높음 조금높음높음 조금많음 비슷 조금많음 비슷9.노 령 동 서 내 륙정읍,남원,거창,산청 높음 높음 조금높음높음 조금많음 비슷 조금많음 비슷10.호 남 내 륙 광주,순천,장흥 높음 높음 조금높음높음 비슷 비슷 조금많음 비슷11.영 남 분 지 대구,의성,구미,영천 높음 높음 조금높음높음 조금많음 비슷 조금많음 비슷12.영 남 내 륙 진주,합천,밀양 높음 높음 조금높음높음 비슷 비슷 조금많음 비슷13.중 서 부 평 야서울,인천,수원,서산,강화,천안,보령 조금높음높음 조금높음높음 조금많음조금많음조금많음 비슷14.차 령 남 부 평 야군산,전주,부여,부안 높음 높음 조금높음높음 조금많음 비슷 조금많음 비슷15.남 서 해 안 목포,완도,해남,고흥 높음 높음 조금높음높음 비슷 비슷 조금많음 비슷16.남 부 해 안 부산,통영,여수,거제,남해 높음 높음 조금높음높음 비슷 비슷 조금많음 비슷17.동 해 안 북 부 속초,강릉 높음 높음 조금높음높음 조금많음 비슷 조금많음 비슷18.동 해 안 중 부 울진,영덕 높음 높음 조금높음높음 조금많음 비슷 조금많음 비슷19.동 해 안 남 부 포항,울산 높음 높음 조금높음높음 비슷 비슷 조금많음 비슷20.제 주 제주,성산,서귀포 높음 높음 조금높음높음 비슷 비슷 조금많음 비슷평균 높음 높음 조금높음높음 조금많음 비슷 조금많음 비슷10일(2024. 6.30.∼ 7.07.) 예보(기상청, 2024. 6.27., 6:00)<기상예보>
❍ (기온) 아침 기온은 20∼25℃, 낮 기온은 24~33℃로 평년(최저기온 20∼22℃, 최고기온 26∼30℃)과비슷하거나 조금높겠음
❍ (강수) 30일∼7월 3일 전국(수도권과강원도는1일 오전 비 소강상태, 제주도는2일까지)에 비가 오겠음. 4일은 중부지방과 전라권, 경북에, 5일은 중부지방과 전라권에, 6∼7일은 중부지방과 전북에 비가 오겠음.
<날씨><최저/최고기온>최근 경과기상과 향후 기상전망<기온><강수량>연도별 평균기온",8호.txt
2024,8,25,2024-07-01,2024-07-15,과수,참다래 궤양병,예보,참다래,"❍ ’24년 1월 부 터6월 4주 차 까지 의평 균기 온 은11.2℃로, 평 년(9.6)보 다1.6℃ 높 았음
- ’24년 6월 4주차의 평균기온은 23.5℃로, 평년(22.1)보다 1.4℃ 높았음
기간 1월 2월 3월 4월 5월6월 분석기간1.1~6.26 6.20~6.261주(5.30~6.5)2주(6.6~6.12)3주(6.13~6.19)4주(6.20~6.26)평균(℃)편차(℃)평균(℃)편차(℃)2024년 1.4 4.5 7.2 15.1 17.8 19.7 22.2 24.4 23.5 11.2 1.6 23.5 1.42023년 0.0 3.0 9.7 13.3 18.0 20.8 21.6 22.8 22.8 10.8 1.2 22.8 0.72022년 -0.2 0.4 8.0 13.9 18.2 20.8 19.5 21.4 25.3 10.2 0.6 25.3 3.22021년 -0.4 3.9 9.0 13.4 16.9 19.8 22.6 21.6 22.0 10.5 0.9 22.0 -0.12020년 3.0 3.8 8.0 10.9 17.7 21.2 23.7 22.5 22.9 10.8 1.2 22.9 0.82019년 0.5 2.6 7.6 12.0 18.5 20.8 19.4 20.9 22.3 10.2 0.6 22.3 0.22018년 -1.8 0.0 8.2 13.3 17.8 21.5 20.9 20.8 23.8 9.7 0.1 23.8 1.72017년 0.3 1.8 6.4 13.8 18.6 20.5 19.9 22.0 23.2 10.2 0.6 23.2 1.12016년 -0.6 1.9 7.3 13.8 18.5 20.7 21.8 22.6 23.0 10.2 0.6 23.0 0.92015년 0.8 2.2 6.8 12.7 18.5 20.3 21.4 22.2 21.5 10.2 0.6 21.5 -0.62014년 0.7 2.7 7.7 13.3 18.3 21.8 20.6 22.0 21.9 10.5 0.9 21.9 -0.210년평균 0.2 2.2 7.9 13.0 18.1 20.8 21.1 21.9 22.9 10.3 0.7 22.9 0.8평 년 -0.4 1.7 6.5 12.3 17.5 19.9 20.8 21.6 22.1 9.6 0.0 22.1 0.0* 10년 평균 :최근 10년(2014~2023년)동안의 평균기온의 평균** 평년 :30년(1991～2020년)동안의 평균기온의 평균*** 편차 :평년의 평균기온에 대한 연도별 평균기온의 차이연도별 강수량
❍ ‘24년 1월부터 6월 4주차까지의 강수량의 합은 491.5㎜로, 평년(441.6)보다 49.9㎜ 많았음(평년대비 111.3%)",8호.txt
2024,8,26,2024-07-01,2024-07-15,과수,참다래 궤양병,예보,"벼,참다래","- ’24년6월 4주 차 의강 수 량 의합 은47.1㎜로, 평 년(50.5)보 다3.4㎜적 었 음(평 년 대 비93.3% )기간 1월 2월 3월 4월 5월6월 분석기간1.1~6.26 6.20~6.261주(5.30~6.5)2주(6.6~6.12)3주(6.13~6.19)4주(6.20~6.26)합계(㎜)대비(%)합계(㎜)대비(%)2024년 36.9 111.4 68.8 87.9 118.4 1.4 16.3 4.1 47.1 491.5 111.3 47.1 93.32023년 44.9 20.0 30.5 70.2 207.2 17.3 12.6 6.9 74.3 474.9 107.5 74.3 147.12022년 5.0 5.5 89.5 62.7 6.3 22.4 17.8 18.7 58.8 286.3 64.8 58.8 116.42021년 25.4 23.4 112.1 77.5 138.9 30.7 34.4 17.5 13.8 464.9 105.3 13.8 27.32020년 85.7 62.1 34.4 44.0 107.4 3.8 33.5 63.7 29.1 461.1 104.4 29.1 57.62019년 9.7 34.5 42.6 80.8 65.0 0.9 53.2 10.6 41.7 338.0 76.5 41.7 82.62018년 25.5 36.6 116.2 140.3 135.2 6.0 13.0 6.9 28.1 505.2 114.4 28.1 55.62017년 18.6 36.0 26.1 72.8 31.0 5.0 20.2 2.0 25.0 234.7 53.1 25.0 49.52016년 32.9 50.6 62.8 163.2 103.4 4.7 6.4 10.4 48.3 482.6 109.3 48.3 95.62015년 31.9 31.0 47.8 135.6 70.1 8.9 3.7 13.1 64.7 403.3 91.3 64.7 128.12014년 14.0 34.8 82.3 89.3 84.2 32.2 20.4 6.6 24.6 388.4 88.0 24.6 48.710년평균 29.4 33.5 64.4 93.6 94.9 13.2 21.5 15.6 40.8 403.9 91.5 40.8 80.8평 년 30.6 37.5 63.0 90.7 108.0 17.1 20.2 28.9 50.5 441.6 100.0 50.5 100.0* 10년 평균 :최근 10년(2014~2023년)동안의 강수량의 평균** 평년 :30년(1991～2020년)동안의 강수량의 평균*** 대비 :평년의 강수량에 대한 연도별 강수량의 비율주요 과수 탄저병 관리 요령벼 먹노린재 피해예방 방법여름철 집중호우·태풍 대비 농작물 및 농업시설물 안전관리요령여름철 폭염(고온) 대비 농작물 관리요령",8호.txt
2024,9,1,2024-07-16,2024-07-31,식량작물,열대거세미나방,주의보,"수수,옥수수","❍ 열대거세미나방은 아메리카 대륙의 열대·아열대 지역이 원산으로유충(애벌레)이식물의잎과줄기를갉아먹어피해를발생시키며기주식물은80여작물(옥수수,수수등)로알려져있음 *국내는19년유입확인
❍ 제주에서첫발견(4월)중내륙지역에서도지속적으로발견되고있음
❍ 특히 전남 고흥지역에서 유충 발견(5.17),작년발생지역과주비래지역(충남, 전남‧북, 경남, 제주 등)은 성페로몬트랩예찰및어린옥수수포장중심철저한관찰이필요
⇒ 발생 초기(유충1~3령) 등록 약제로 살포하되, 약제를 살포할 때는약액이골고루작물에묻도록충분히살포",9호.txt
2024,9,2,2024-07-16,2024-07-31,식량작물,멸강나방,주의보,옥수수,"❍ 멸강나방은해외에서날아와피해를주는장거리비래성해충으로화본과목초류, 옥수수등에발생해피해를줌
❍ 올해는 5월 처음 비래가 확인되었으며(NCPMS 관찰포 조사 결과),6월 제주에서도 확인되었음. 목초지나 옥수수 포장 등 기주식물재배지역을 예찰하여 유충이 발견되면 등록 약제로 발생 초기에방제",9호.txt
2024,9,3,2024-07-16,2024-07-31,식량작물,"벼멸구, 흰등멸구, 혹명나방",주의보,벼,"❍ (벼멸구․흰등멸구) 중국남부지방과동남아사아에서6~7월 남서풍을타고비래하는해충으로예찰포조사결과전년동기대비발견건수가증가하고있어주의가필요
⇒ 비래해충은 초기방제가 중요하므로 볏대 아래쪽을 잘 살펴보아발생이 많으면 적용약제로 방제
❍ (혹명나방)예찰포조사결과전년동기대비발견건수가증가하고있어 주의가필요. 논을살펴보아포장에피해잎이 1~2개정도 보일때 방제를 실시해야 함
⇒ 막대기로벼포기를쳐서나방이나는모습을보거나유충피해인벼잎이세로로말리는증상이보이면방제",9호.txt
2024,9,4,2024-07-16,2024-07-31,식량작물,먹노린재,예보,벼,"❍ 예찰포 조사 결과 발견 개체수는 전년 동기와 비슷한 수준이나서남해안(충남 서천, 전남 여수, 광양 경남 고성 등) 지역에서 꾸준히관찰되고있어주의가필요.
❍ 7∼8월에약충과성충이벼줄기에구침을박고흡즙하여심하면수확량에 큰 영향을 줌, 주로 논 가장자리에 피해증상이 많이나타나는데생육 초기에 심하게피해를 받으면초장이 짧아지고이삭이 나오지 않을 수 있음. 먹노린재 피해가 발생했던 지역에서는 철저한 예찰과방제필요
⇒ 방제적기는성충의이동최성기인 6월하순∼7월상순으로주변논두렁이나배수로등서식처가될만한곳까지약제를살포하면방제효과를높일수있음",9호.txt
2024,9,5,2024-07-16,2024-07-31,식량작물,감자역병(고랭지 씨감자),예보,감자,"❍ 감자역병(Phytophthora infestans)은 서늘한 온도(10∼24℃)와 다습한(상대습도90%이상) 조건에서발생함.대관령등주요씨감자 재배지의최근 기상 조건을 고려할 때, 장마가 기간(6월 하순~) 이후 감자역병의발생우려가높음
⇒ 감자역병보호용살균제를살포하여역병 발생을 예방하고, 예방시기를놓쳐역병이발생하였다면치료용살균제를살포⇒ 역병에 의한 덩이줄기 피해를 최소화하기 위해서는 흙을 충분히 덮어덩이줄기가나오지않도록하고, 지속적인비예보가있으면 줄기와 잎이 살아 있는 동안에는 살균제를 처리",9호.txt
2024,9,6,2024-07-16,2024-07-31,식량작물,벼 잎도열병,주의보,벼,"❍거름기가많은논에서비가자주내리거나장마가지속되면발생함.
❍ 예찰포 조사 결과 일부지역(충남, 경남등)에서도열병병징이확인되고있고도열병에약한품종에서는잦은강우로 인해추가발생할가능성있음
⇒ 발생이 우려 지역은 예찰을 통해 발생 초기에 적용 약제로방제 필요
⇒ 또한 잦은 강우로 벼가 침수됐을경우에는필요시 추가적으로방제실시",9호.txt
2024,9,7,2024-07-16,2024-07-31,식량작물,"잎집무늬마름병, 흰잎마름병",주의보,,"❍ (잎집무늬마름병) 장마이후에온·습도가높아병발생에유리한환경이지속되면확산이우려됨
⇒ 중간물떼기를 잘하여 주고, 논을 잘 살펴 병든 줄기가 20%이상이면등록약제를살포하여방제
❍ (흰잎마름병 ) 주로 배수가 불량하고 고온다습 조건에서 발생우려높음. 특히침수시병발생우려가매우높아침수가되지않도록하고 침수시바로 퇴수하고맑은 물로 씻어 주고 등록약제를선택하여잎도열병과동시에방제",9호.txt
2024,9,8,2024-07-16,2024-07-31,채소,"담배나방(고추 등), 파밤나방(고추, 콩 등)",주의보,고추,"❍ 관찰포조사결과전국적으로발생하고있는데장마가끝나고기온이높아지면담배나방, 파밤나방 등의발생이증가할우려가있음
⇒ 담배나방 등 나방류 유충은 3령 이상 자라면 약제저항성이커져서 방제효과가떨어지므로새 잎을 중심으로자세히살펴보고 알이나유충을발견하는즉시등록약제로방제",9호.txt
2024,9,9,2024-07-16,2024-07-31,채소,바이러스‧역병‧탄저병(고추),주의보,"고추,방울토마토,오이","❍ 최근 고온으로인해 진딧물, 총채벌레의 밀도가 높아져서이들매개충들이전파하는바이러스병 확산이우려됨
⇒ 오이모자이크바이러스(CMV)를매개하는진딧물과토마토반점위조바이러스(TSWV)의매개충인총채벌레의효율적인방제는기작이다른등록약제를선택하여방제⇒ 바이러스병에감염되면방제가어려우므로예방위주로방제철저⇒ 바이러스병이 이미 진전된 포장에서는 고추의 주간 부위에서자란세력이강한측지관리로고추수량확보
❍ (역병 ) 비가 오는 다습한 환경조건에서 발생이 증가하며 토양에있는병원균이물을 통하여전염되는병으로일단 발병하면급속하게번지고방제효과가낮음
⇒ 병 발생이 많았던 곳은 두둑을 높여 준 후 배수로를 정비하고병든 포기 발견즉시 제거하여전염원을 제거하고비오기전후등록약제를주기적으로살포
❍ (고추탄저병)지난해버려진병든잔재물이가장중요한 1차전염원이고,장마가길고비가잦은해에발생이많음
⇒ 병든과실을그냥 두거나이랑 사이에버리면방제효과가크게감소하므로 병든 과실은 발견 즉시 매립 또는 제거하는 것이효과적이며, 재식거리를 넓히고 두둑을 높게 하고 물 빠짐을좋게하여발병에좋은환경을차단함",9호.txt
2024,9,10,2024-07-16,2024-07-31,채소,"고랭지 무·배추 무름병, 뿌리혹병",주의보,"무,배추","❍ (무름병) 세균에 의한 병으로 온도가 높을 때 많이 발생하며땅과 맞닿은 부분의 잎자루와 줄기부터 발병해서 결구 속까지무르고부패하게됨
❍ 장마 이후 기온이 올라가고 습도가 높아지면 발생이 증가할가능성이높음
⇒ 병원균은 건조에약하므로배수와 통풍이 잘 되도록 관리하며약제방제시등록약제를본잎이 5∼6매이후에 7∼10일간격으로 살포하고 땅 닿는 부분까지약제가잘묻도록처리
❍ (뿌리혹병) 뿌리에크고작은혹이생기면서지상부가말라죽는병으로 주로 사전에방제를철저하게하지않은밭에서발생⇒ 병원균은 물이나 흙을 통하여 이동하므로 물 빠짐이 좋도록배수로를잘정비하고병발생후에는방제가어려우므로병든포기는 발견즉시제거",9호.txt
2024,9,11,2024-07-16,2024-07-31,채소,진딧물류,예보,고추,"❍ 진딧물류가 고추 등 일부 포장에발생하기시작하고있어 기온이올라가면급속히확산되어피해가우려됨
⇒ 작물의 신초 부위를 육안으로 관찰하여 예찰하고, 발생 포장은초기부터유효성분과계통이다른약제를번갈아가며방제필요",9호.txt
2024,9,12,2024-07-16,2024-07-31,채소,"총채벌레류, 응애류, 가루이류",예보,"방울토마토,수박,오이,파프리카","❍ 기온이올라가면시설재배지에서꽃노랑총채벌레, 온실가루이,담배가루이등이확산가능성높아주의가필요
❍ 시설재배에서발생하는해충은 대부분크기가 작고연중 발생하고 있으나, 발생 초기에 예찰이 어려워 피해를 입는 경우가많음. 특히이해충들은식물체에직접적인피해를줄뿐만아니라그을음병을유발하거나바이러스병을전염시켜작물에피해를줌⇒ 이들 해충은끈끈이트랩등을 활용하여주의 깊게 예찰하고발견즉시계통이다른적용약제를바꾸어가며방제
❍ 꽃노랑총채벌레  등총채벌레류가오이, 파프리카등에서초기에방제가이루어지지않으면확산및피해가예상⇒ 황색 끈끈이트랩이나 타락법(흰색 종이를 이용 꽃과 잎을두드려서예찰) 등으로예찰하고, 발생포장은초기에방제
❍ 담배가루이와 온실가루이는 남부와 중부지방 수확기에 있는토마토와 하우스수박을중심으로밀도증가가예상되나관리가소홀해질시기로품질저하및다음작기재배작물에피해가우려됨
⇒ 수확완료시기까지정밀예찰과지속적인방제및관리가필요",9호.txt
2024,9,13,2024-07-16,2024-07-31,과수,과수화상병,경보,사과,"❍ (과수화상병 ) 세균에의해사과, 배나무의꽃, 잎, 열매, 가지가불에탓것과같이검게변하고서서히말라죽게되는데전염성이높아사전예방을위해사전방제와과원및농자재관리가필수⇒ 걸리면방제가불가능하기에과수원을청결하게관리하고농작업을하는사람의과수원출입시사람과작업도구등을수시로소독⇒ 수시로예찰을하고의심증상발견시에는전국대표전화(1833-8572)또는가까운농업기술센터·농업기술원에즉시신고
❍ (과수가지검은마름병) 과수화상병과증상이비슷하여 육안으로는구분이불가하며,발생시기와전파경로,피해증상이유사함.",9호.txt
2024,9,14,2024-07-16,2024-07-31,과수,탄저병,주의보,"단감,복숭아,사과,포도","❍ 사과, 복숭아, 단감, 포도등에발생하는탄저병은주요관리과수병으로 병원균은주로습기가많은기후조건과 25℃ 전후온도에서감염이잘이루어지므로장마기 이후에 주의가 필요함
❍ 감염된 과실은초기에검정색 작은반점이 껍질에 나타나며, 병이커질수록 과실 표면이 움푹 들어가면서내부가갈색으로변하면서표면에많은분생포자가생겨 주변건전한 과실을감염. 특히 장마시기나 바람이 많이부는날씨에는 분생포자들이 이동되는 시기이므로 철저한 관리가필요
⇒ 통풍과물빠짐이잘되도록관리하고강우전예방적방제와강우후예찰을통해발생과가발견되면제거하고확산되지않도록약제살포⇒ 약제 살포시 ‘약제 저항성을 방지하기 위해 작용기작이 다른약제를 교호살포 ’하는것이좋음",9호.txt
2024,9,15,2024-07-16,2024-07-31,과수,사과갈색무늬병,주의보,사과,"❍ 사과 갈색무늬병은 포자의 공기 전염에 의해발생되는데포자의비산은 7월이후에증가하여8월에가장많은양이비산됨.
⇒ 8월 까지 강우 전에 정기적으로 적용약제를수관 내부까지 골고루 묻도록 충분한 양을살포하여야함",9호.txt
2024,9,16,2024-07-16,2024-07-31,과수,새눈무늬병·갈색무늬병,예보,포도,"❍ 포도 새눈무늬병은 잎에서잎맥이 흑갈색으로 변하고, 진전되면흑색 반점으로확대되어 구멍이 뚫리며 열매와 가지에서는초기에흑갈색의반점이나타남⇒ 비가 많이 올 때 발생이 많으므로,병든부위는즉시제거하고봉지씌우기전에등록약제로방제
❍포도갈색무늬병․노균병은비가자주내리고습도가높을때발생이많음
⇒ 잎과과실을자세히살펴보아발생초기에등록약제로잎뒷면까지방제하되가능한비오기전․후방제실시",9호.txt
2024,9,17,2024-07-16,2024-07-31,과수,"갈색날개매미충, 미국선녀벌레, 꽃매미",주의보,,"❍ 과수원의돌발해충(갈색날개매미충,미국선녀벌레,꽃매미)의주변산림에밀도가늘어날것으로예상되므로 발생 과수원과인접 산림 등에대한철저한방제가필요
⇒ 5∼6월에약충방제가소홀했던과원은적용약제로반드시방제",9호.txt
2024,9,18,2024-07-16,2024-07-31,과수,복숭아순나방 ‧ 복숭아심식나방,예보,"복숭아,사과","❍ 과실가해나방류중복숭아순나방(3세대), 복숭아심식나방(2세대)이장마기를거치면서발생하므로성페로몬트랩을정기적으로조사
❍ 주로사과의꽃받침부분과과경부에산란하며,부화한유충이과실을뚫고들어가피해를줌.
⇒ 성페로몬트랩을 사과나무에 설치하여 5일 동안 끈끈이판에10마리이상포획되면그로부터 7일후에적용약제를살포⇒ 교미교란제(성페로몬을이용해나방류교미방해)를나무상단부에 걸어복숭아심식나방의 교미를 저해하여 복숭아심식나방 다음 세대의발생밀도를낮출수있음",9호.txt
2024,9,19,2024-07-16,2024-07-31,과수,"응애류, 노린재류",예보,사과,"❍ (점박이응애) 7∼8월에많이발생하며비가적을때발생이 급증하기 때문에잎뒷면을잘관찰하여발생초기에방제필요
⇒ 등록된 약제를 이용 방제를 실시하고, 약제 살포시 약제저항성 회피를 위해 계통이 서로다른 약제를 교호살포하고 동일약제를 1회이상 살포하지 않는 것이 좋음
❍ (노린재류) 갈색날개노린재 , 썩덩나무노린재는  사과흡즙주요
노린재류는 성충으로 월동하다가 4∼5월부터 발생을 시작해7∼8월에사과과실에집중적으로가해⇒ 노린재는 한낮에는 그늘에 숨어 있어 육안으로 발생 예측이어려워아침또는저녁에관찰하거나페로몬트랩을이용하여예찰⇒ 발생밀도높을경우등록된 약제를사용하여방제",9호.txt
2024,9,20,2024-07-16,2024-07-31,과수,점무늬낙엽병,예보,,"❍ 과실에서 5~6월부터 과점으로 감염되기 시작하여 8~9월까지감염되며, 흑색의 작은 반점을 형성하여 병반은 크게 확대되지않고과실이성숙하면병반주변이적자색으로됨
❍ 과실의 감염은 7~8월에 가장 많이 일어남으로 겹무늬썩음병,갈색무늬병과동시방제하는것이효과적임",9호.txt
2024,9,21,2024-07-16,2024-07-31,과수,뽕나무깍지벌레(핵과류),예보,"매실,복숭아","❍ 다식성해충으로복숭아, 매실등핵과류에서피해가컸음. 약충과성충이줄기, 잎, 과일에부착하여흡즙하여피해를주는데, 피해를받은줄기와잎은낙엽이빨리지고심하면고사함.
❍ 2세대뽕나무깍지벌레방제적기는부화애벌레가최초로발생한후15일정도가지났을때임(부화애벌레가깍지속에서모두나오고먼저나온애벌레가깍지를만들기전)⇒ 금년도에는 7월 9일∼11일에부화애벌레가발생하였으므로방제적기는 7월 24일∼26일임
❍ 방제 적기를 벗어나 약제를 뿌리면 방제 효과가 낮아질 수 있으므로적기방제시기를반드시준수1개월 기상전망(7.22∼8.18)      (출처 : 국립농업과학원, 기상청)(기온) 1주, 2주, 3주, 4주는 평년보다 높겠음
(강수) 1주, 3주는 평년과 비슷하거나 많겠고, 2주, 4주는 평년과 비슷하겠음
❍ 1주(7.22∼28.) 기온은평년보다높겠고, 강수량은평년과 비슷하거나 많겠음
❍ 2주(7.29.∼8.4.) 기온은평년보다 높겠고, 강수량은평년과 비슷하겠음
❍ 3주(8.5.∼11.) 기온은평년보다 높겠고, 강수량은평년과 비슷하거나 많겠음
❍ 4주(8.12.∼.18.): 기온은평년보다 높겠고, 강수량은평년과 비슷하겠음
농 업 지 대 지역평균기온 강수량1주(7.22~7.28)2주(7.29~8.04)3주(8.4~8.11)4주(8.12~8.18)1주(7.22~7.28)2주(7.29~8.04)3주(8.4~8.11)4주(8.12~8.18)1.태 백 고 냉 대관령 조금높음 높음 높음 높음 조금많음 비슷 조금많음 비슷2.태 백 준 고 냉인제,홍천,제천 조금높음 높음 높음 높음 조금많음 비슷 조금많음 비슷3.소 백 산 간 충주,보은 높음 높음 높음 높음 조금많음 비슷 조금많음 비슷4.노 령 소 백 산 간임실 높음 높음 높음 높음 조금많음 비슷 조금많음 비슷5.영 남 내 륙 산 간추풍령,영주,문경 높음 높음 높음 높음 조금많음 비슷 조금많음 비슷6.중 북 부 내 륙춘천,양평 조금높음 높음 높음 높음 조금많음 비슷 조금많음 비슷7.중 부 내 륙 원주,이천 조금높음 높음 높음 높음 조금많음 비슷 조금많음 비슷8.소 백 서 부 내 륙청주,대전,금산 높음 높음 높음 높음 조금많음 비슷 조금많음 비슷9.노 령 동 서 내 륙정읍,남원,거창,산청 높음 높음 높음 높음 조금많음 비슷 조금많음 비슷10.호 남 내 륙 광주,순천,장흥 높음 높음 높음 높음 비슷 비슷 조금많음 비슷11.영 남 분 지대구,의성,구미,영천 높음 높음 높음 높음 조금많음 비슷 조금많음 비슷12.영 남 내 륙 진주,합천,밀양 높음 높음 높음 높음 비슷 비슷 조금많음 비슷13.중 서 부 평 야서울,인천,수원,서산,강화,천안,보령 조금높음 높음 높음 높음 조금많음 비슷 조금많음 비슷14.차 령 남 부 평 야군산,전주,부여,부안 높음 높음 높음 높음 조금많음 비슷 조금많음 비슷15.남 서 해 안목포,완도,해남,고흥 높음 높음 높음 높음 비슷 비슷 조금많음 비슷16.남 부 해 안부산,통영,여수,거제,남해 높음 높음 높음 높음 비슷 비슷 조금많음 비슷17.동 해 안 북 부속초,강릉 높음 높음 높음 높음 조금많음 비슷 조금많음 비슷18.동 해 안 중 부울진,영덕 높음 높음 높음 높음 조금많음 비슷 조금많음 비슷19.동 해 안 남 부포항,울산 높음 높음 높음 높음 비슷 비슷 조금많음 비슷20.제 주 제주,성산,서귀포 높음 높음 높음 높음 비슷 비슷 조금많음 비슷평균 높음 높음 높음 높음 조금많음 비슷 조금많음 비슷10일(2024.7. 14.∼7.21.) 예보(기상청,2024.7.11., 06:00)<기상예보>
❍ (기온) 아침 기온은 21∼26℃, 낮 기온은 27∼33℃로 평년(최저기온21∼24℃,최고기온27∼32℃)과 비슷하겠음
❍ (강수) 14일제주도에비,14일오후남부지방에는소나기가내리는곳이있겠고,15일은남부지방과제주도에, 16일∼19일은전국(제주도제외), 20일∼21일은중부지방과전북,경북권에비가오겠음
<날씨><최저/최고기온>최근 경과기상과 향후 기상전망<기온><강수량>연도별 평균기온
❍ ’24년1월부터7월2주차까지의평균기온은12.2℃로,평년(10.6)보다1.6℃높았음",9호.txt
2024,9,22,2024-07-16,2024-07-31,과수,뽕나무깍지벌레(핵과류),예보,,"-’24년7월2주차의평균기온은25.6℃로,평년(23.6)보다2.0℃높았음
기간 1월 2월 3월 4월 5월6월 7월1.1~7.10 7.4~7.101주(6.27~7.3)2주(7.4~7.10)평균(℃)편차(℃)평균(℃)편차(℃)평균(℃)편차(℃)2024년 1.4 4.5 7.2 15.1 17.8 22.7 24.2 25.6 12.2 1.6 25.6 2.0 1.42023년 0.0 3.0 9.7 13.3 18.0 22.4 24.9 24.7 11.9 1.3 24.7 1.1 0.72022년-0.2 0.4 8.0 13.9 18.2 22.5 26.7 27.2 11.4 0.8 27.2 3.6 3.22021년-0.4 3.9 9.0 13.4 16.9 21.9 23.5 24.1 11.5 0.9 24.1 0.5 -0.12020년 3.0 3.8 8.0 10.9 17.7 22.7 21.9 23.1 11.6 1.0 23.1 -0.5 0.82019년 0.5 2.6 7.6 12.0 18.5 21.2 23.1 23.3 11.1 0.5 23.3 -0.3 0.22018년-1.8 0.0 8.2 13.3 17.8 22.1 23.6 22.5 10.7 0.1 22.5 -1.1 1.72017년 0.3 1.8 6.4 13.8 18.6 21.7 24.6 25.9 11.3 0.7 25.9 2.3 1.12016년-0.6 1.9 7.3 13.8 18.5 22.2 23.0 24.7 11.2 0.6 24.7 1.1 0.92015년 0.8 2.2 6.8 12.7 18.5 21.5 22.1 21.9 11.1 0.5 21.9 -1.7 -0.62014년 0.7 2.7 7.7 13.3 18.3 21.7 23.3 24.1 11.5 0.9 24.1 0.5 -0.210년평균 0.2 2.2 7.9 13.0 18.1 22.0 23.7 24.2 11.3 0.7 24.2 0.6 0.8평 년-0.4 1.7 6.5 12.3 17.5 21.5 23.0 23.6 10.6 0.0 23.6 0.0 0.0* 10년평균: 최근10년(2014∼2023년)동안의평균기온의평균**평년: 30년(1991～2020년)동안의평균기온의평균*** 편차:평년의평균기온에대한연도별평균기온의차이연도별 강수량
❍ ’24년 1월부터7월 2주차까지의강수량의합은749.1㎜로, 평년(588.3)보다
160.8㎜많았음(평년대비127.3%)",9호.txt
2024,9,23,2024-07-16,2024-07-31,과수,뽕나무깍지벌레(핵과류),예보,벼,"-’24년7월2주차의강수량의합은130.2㎜로,평년(72.0)보다58.2㎜많았음(평년대비180.8%)기간 1월 2월 3월 4월 5월6월 7월1.1~7.10 7.4~7.101주(6.27~7.3)2주(7.4~7.10)합계(㎜)대비(%)합계(㎜)대비(%)합계(㎜)대비(%)2024년 36.9 111.4 68.8 87.9 118.4 147.5127.3 130.2 749.1 127.3 130.2 180.8 93.32023년 44.9 20.0 30.5 70.2 207.2 210.1112.3 107.2 694.4 118.0 107.2 148.9 147.12022년 5.0 5.5 89.5 62.7 6.3 181.9 66.8 16.1 369.2 62.8 16.1 22.4 116.42021년 25.4 23.4 112.1 77.5 138.9 94.7 49.8 162.2 676.9 115.1 162.2 225.3 27.32020년 85.7 62.1 34.4 44.0 107.4 194.3 75.6 46.1 582.8 99.1 46.1 64.0 57.62019년 9.7 34.5 42.6 80.8 65.0 151.5 46.6 24.8 409.4 69.6 24.8 34.4 82.62018년 25.5 36.6 116.2140.3 135.2 147.2217.4 42.4 764.9 130.0 42.4 58.9 55.62017년 18.6 36.0 26.1 72.8 31.0 63.1 66.9 103.4 405.0 68.8 103.4 143.6 49.52016년 32.9 50.6 62.8 163.2 103.4 76.4 105.1 116.0 703.7 119.6 116.0 161.1 95.62015년 31.9 31.0 47.8 135.6 70.1 103.3 17.7 62.8 483.8 82.2 62.8 87.2 128.12014년 14.0 34.8 82.3 89.3 84.2 85.7 35.7 31.1 455.2 77.4 31.1 43.2 48.710년평균 29.4 33.5 64.4 93.6 94.9 130.8 79.4 71.2 554.5 94.3 71.2 98.9 80.8평년 30.6 37.5 63.0 90.7 108.0 151.4 74.6 72.0 588.3 100.0 72.0 100.0 100.0* 10년평균: 최근10년(2014∼2023년)동안의강수량의평균**평년: 30년(1991～2020년)동안의강수량의평균*** 대비:평년의강수량에대한연도별강수량의비율주요 과수 탄저병 관리 요령벼 먹노린재 피해예방 방법여름철 집중호우·태풍 대비 농작물 및 농업시설물 안전관리요령여름철 폭염(고온) 대비 농작물 관리요령",9호.txt
2025,10,1,2025-08-01,2025-08-15,식량작물,이삭도열병,주의보,,"❍ 최근 출수기 이후 저온·다습한 환경이 조성되므로, 출수 전 잎도열병이 발생한 지역에서는 특히 이삭도열병 발생이 우려됨. 도열병에약한 품종과 잎색이 짙고 잎이 늘어진 논 등에서 발생이 늘어날것으로 우려되어 주의가 필요
- 이삭도열병은 이삭 패는 시기에 병원균이 침입하여 병이 발생한후에는 방제 효과가 높지 않아 피해가 크므로 예방 위주로 출수전에 방제",10호.txt
2025,10,2,2025-08-01,2025-08-15,식량작물,잎집무늬마름병,주의보,,"❍ 고온 다습한 환경과 조기이앙, 밀식재배, 비료를 많이 줄 때 발생이많이 되고 곰팡이 병균에 의해 잎집에서 반점 또는 얼룩무늬 증상이나타나며 최고 50% 감수됨
❍ 장마 이후에 온·습도가 높아 병 발생에 유리한 환경이 지속되면발생이 많이 늘어나고 병무늬가 윗 잎집으로 번질 가능성 높음
⇒ 30℃ 전후의 다습한 환경이 병 발생에 최적 조건으로 잎집,잎에 증상이 생기며 심하면 식물체 전체가 고사하므로 발병초기 빠른 방제 중요(병든 줄기 20% 이상이면 등록약제 살포)",10호.txt
2025,10,3,2025-08-01,2025-08-15,식량작물,흰잎마름병,주의보,,"❍ 물을 통하여 전염되는 세균병으로 고온, 집중호우로 인한 침수,강풍 및 논둑이나 수로에 겨풀‧줄풀 등 기주식물 많을 때 발생이증가되고 발병 후는 방제가 어려움
- 주로 배수가 불량하고 고온다습 조건에서 발생우려 높음. 특히침수시 감염 우려가 매우 높아 침수가 되지 않도록 하고 침수시바로 퇴수하고 맑은 물로 씻어 주고 이삭도열병, 잎집무늬마름병발생 우려가 크므로 물이 빠진 후 등록 약제를 살포하여 동시방제 실시",10호.txt
2025,10,4,2025-08-01,2025-08-15,식량작물,세균벼알마름병,주의보,벼,"❍ 감염 초기에 왕겨 부분이갈색으로 변하기 시작하여점차 전체가 갈색으로 변하고 낟알이 차지 않고 쭉정이가 되므로 이삭이 꼿꼿하게 서 있음
❍ 특히, 발병 최적 온도는 30 ~ 35℃(최저 10, 최고 43℃), 습도 90% 이상(벼알이 4시간 이상 젖으면 발병조건 충족)으로 습하고 고온일 때발병이 늘어남
❍ NCPMS 발생 예측 결과 전남, 경기, 충남 및 인천 등 서해안지역에서 발생 위험이 높은 것으로 예측
❍ 세균벼알마름병은 발병 후 방제는 효과가 낮으므로 발생 위험이높은 지역은 사전 예방적 방제실시 필요",10호.txt
2025,10,5,2025-08-01,2025-08-15,식량작물,혹명나방,주의보,벼,"❍ 6∼9월 중국 남부지방에서 기류를 타고 날아와 발생하며 애벌레가벼 잎을 긴 원통형으로 말고 그 속에서 잎을 갉아 먹는 피해를 줌
❍ 6월 하순에서 7월 상순에 논을 살펴보아 포장에 피해 잎이1~2개정도 보일 때 방제를 실시해야 함
⇒ 막대기로 벼 포기를 두드려 나방이 나는 모습이 확인되거나유충이 벼 잎을 세로로 말고 갉아먹어 표피만 남기는 피해증상이 보이면 즉시 방제",10호.txt
2025,10,6,2025-08-01,2025-08-15,식량작물,벼멸구·흰등멸구,주의보,벼,"❍ 중국 남부지방과 동남아사아에서 6~7월 남서풍을 타고 비래하는 해충으로 장마철 비래에 적합한 기류가 형성될 경우 국내로 비래함
⇒ 비래해충은 초기방제가 중요하므로 볏대 아래쪽을 잘 살펴보아발생이 많으면 적용약제로 방제
❍ 특히 충남, 전남북 등 서남해안 지역에서 흰등멸구의 밀도가높은 것으로 조사되어, 피해 예방을 위한 지속적인 예찰 필요
⇒ 장마 이후 고온이 지속되면 세대가 짧아지고 밀도가 높아질것으로 예상되므로 방제를 요하는 필지는 신속한 방제 필요
〈방제를요하는벼멸구,흰등멸구밀도기준(마리/20주)〉구 분 ～8월상순 8월중순 8월하순 9월상중순벼멸구조생종 20 100 400 -중만생종 15 50(단시형20)100(단시형40) 400흰등멸구 100 400 400 400",10호.txt
2025,10,7,2025-08-01,2025-08-15,식량작물,열대거세미나방,주의보,"벼,수수,옥수수","❍ 열대거세미나방은 아메리카 대륙의 열대·아열대 지역이 원산으로아프리카(‘16), 동남아(’18), 중국(‘19.1), 한국(’19.6), 등으로 확산
❍ 유충 시기에 식물의 잎과 줄기를 가해하여 피해를 발생시키며 기주식물은 80여 작물(옥수수, 수수, 벼 등)로 알려져 있음
❍ 제주 및 남부지방 조기 재배 옥수수에 피해 발생 예상*산란(4월하순) →알에서유충부화(5월초·중순) →6령유충경과(피해발생)*’24년대비약10일정도늦게국내비래확인(제주,한림/’25.4.21.)*연도별 발생: (’22) 76/1.8 → (’23) 87/4.4 → (’24) 478개체/2.1ha⇒ 약제 방제는 발생 초기에 품목별로 등록된 약제를 살포하도록 함
< 열대거세미나방 형태 및 피해 ><성충 (사진 출처: Goergen 등), 유충(사진 출처: FAO)>",10호.txt
2025,10,8,2025-08-01,2025-08-15,식량작물,먹노린재,주의보,벼,"❍ 먹노린재는 7∼8월에 약충과 성충이 벼 줄기에 구침을 박고 흡즙하여심하면 수확량에 큰 영향을 줌, 주로 논 가장자리에 피해증상이많이 나타나는데 생육초기에 심하게 피해를 받으면 초장이 짧아지고이삭이 나오지 않을 수 있음
⇒ 방제적기는 성충의 이동 최성기인 6월 하순∼7월 상순으로 주변논두렁이나 배수로 등 서식처가 될 만한 곳까지 약제를 살포하면방제효과를 높일 수 있음",10호.txt
2025,10,9,2025-08-01,2025-08-15,채소,역병·탄저병·바이러스,주의보,"고추,방울토마토,오이","❍ 최근 고온으로 인해 진딧물, 총채벌레의 밀도가 높아져서 이들매개충들이 전파하는 바이러스병 확산이 우려됨
⇒ 오이모자이크바이러스(CMV)를 매개하는 진딧물과 토마토반점위조바이러스(TSWV)의 매개충인 총채벌레의 효율적인 방제는 기작이다른 등록 약제를 선택하여 방제⇒ 바이러스병에 감염되면 방제가 어려우므로 예방 위주로 방제 철저⇒ 바이러스병이 이미 진전된 포장에서는 고추의 주간 부위에서자란 세력이 강한 측지 관리로 고추 수량 확보
❍ 역병은 비가 내린 후 다습한 환경조건에서 발생이 증가하며 토양에있는 병원균이 물을 통하여 전염되는 병으로 일단 발병하면 급속하게 번지고 방제 효과가 낮음
⇒ 병 발생이 많았던 곳은 두둑을 높여 준 후 배수로를 정비하고병든 포기 발견 즉시 제거하여 전염원을 제거하고 비오기 전후등록 약제를 주기적으로 살포
❍ 고추 탄저병은 지난해 버려진 병든 잔재물이 가장 중요한 1차전염원이고, 온·습도가 높은 장마철 비가 잦은 환경에서 감염위험이 높음
⇒ 병든 과실을 그냥 두거나 이랑사이에 버리면 방제효과는 50%이상 감소하므로 병든 과실은 발견 즉시 매립 또는 소각하는것이 효과적이며, 재식거리를 넓히고 두둑을 높게 하고 물 빠짐을좋게 하여 발병에 좋은 환경을 차단함
⇒ 국가농작물병해충관리시스템(http://ncpms.rda.go.kr)에서 고추역병과 탄저병 최초 감염위험시기를 알려주는 문자서비스를활용하여 병징이 없더라도 감염 시기 알림 후 3일 이내에 예방적으로침투이행성 약제 처리",10호.txt
2025,10,10,2025-08-01,2025-08-15,채소,고랭지 무·배추 무름병·뿌리혹병,주의보,"무,배추","❍ (무름병) 세균에 의한 병으로 온도가 높을 때 많이 발생하며땅과 맞닿은 부분의 잎자루와 줄기부터 발병해서 결구 속까지무르고 부패하게 됨
❍ 고온 다습한 환경이 지속되면서 발생이 증가할 가능성이 높음
⇒ 병원균은 건조에 약하므로 배수와 통풍이 잘 되도록 관리하며약제 방제 시 등록 약제를 본잎이 5∼6매 이후에 7∼10일 간격으로 살포하고 땅 닿는 부분까지 약제가 잘 묻도록 처리
❍ (뿌리혹병) 뿌리에 크고 작은 혹이 생기면서 지상부가 말라죽는병으로 주로 사전에 방제를 철저하게 하지 않은 밭에서 발생⇒ 병원균은 물이나 흙을 통하여 이동하므로 물 빠짐이 좋도록배수로를 잘 정비하고 병 발생 후에는 방제가 어려우므로 병든포기는 발견 즉시 제거",10호.txt
2025,10,11,2025-08-01,2025-08-15,채소,"담배나방(고추 등), 파밤나방(고추, 콩 등)",주의보,고추,"❍ 담배나방은 고추에 해마다 발생하여 피해를 주는 해충으로 주로장마가 끝나고 기온이 높아지면 담배나방, 파밤나방 등의 발생이증가할 우려가 있음
⇒ 담배나방 등 나방류 유충은 3령 이상 자라면 약제저항성이커져서 방제 효과가 떨어지므로 새 잎을 중심으로 자세히 살펴보고 알이나 유충을 발견하는 즉시 등록 약제로 방제",10호.txt
2025,10,12,2025-08-01,2025-08-15,채소,씨스트선충류,주의보,배추,"❍ 여름철 고랭지배추 정식이 시작되어, 씨스트선충류에 의한 농작물피해가 증가할 것으로 예상됨
- 씨스트선충류는 십자화과 작물의 뿌리에 기생하는데, 작물의 수분 및영양분의 흡수를 저해하는 등 생육을 방해하여 배추의 경우 크기가작고 결구가 되지 않는 피해 증가⇒ 발생포장에 훈증성 약제 처리 후 비닐피복 또는 답압하고, 4주후피복을 제거하여 가스를 휘산시켜 약해를 방지해야 함
⇒ 씨스트선충류가 배추 뿌리를 가해하지 않도록 배추 정식 전에비훈증성 약제를 처리하고 로터리 작업 실시⇒ 배추 수확 후 포장 내 씨스트선충류 밀도를 낮추기 위해 녹비작물(백겨자, 기름무 등)을 재배하여, 꽃이 피기 전 또는 과실이달리기 전에 토양 환원 작업 실시(6∼8주 소요)",10호.txt
2025,10,13,2025-08-01,2025-08-15,채소,토마토뿔나방,주의보,방울토마토,"❍ 여름철 기온 상승으로 토마토뿔나방 개체 수가 급증함에 따라 시설토마토 피해가 우려되어 철저한 방제 필요
- 토마토뿔나방은 유충이 주로 토마토 잎에 구멍을 뚫고 들어가 내부조직을넓게 갉아 먹으며 과실 속으로도 파고 들어가 피해를 입힘⇒ 발생포장 전체에 등록 농약을 약액이 작물에 충분히 묻을 수있도록 살포하고, 2회 이상 약제살포 시 작용기작이 다른 약제를교호 살포할 것을 권장함, 친환경 재배농가의 경우 교미교란제를정식 초기에 설치하고 유기농업자재를 충분히 살포해야 함",10호.txt
2025,10,14,2025-08-01,2025-08-15,과수,탄저병,경보,"단감,복숭아,사과,포도","❍ 사과, 복숭아, 포도, 단감 등에 발생하는 탄저병은 주요 관리 과수병으로병원균은 주로 습기가 많은 기후조건과 25℃ 전후 온도에서 감염이잘 이루어지므로 장마기 이후에 주의가 필요함
❍ 탄저병에 감염된 과실은 초기에 검정색 작은 반점이 껍질에 나타나며,병이 커질수록 과실 표면이 움푹 들어가면서 과실 내부가 갈색으로변하면서 과실 표면에 많은 분생포자가 생겨 주변 건전한 과실을감염. 특히 장마기나 바람이 많이 부는 날씨에는 분생포자들이이동되는 시기이므로 철저한 관리가 필요
⇒ 지난해에 탄저병이 많이 발생했던 농가는 과원 내에 탄저병균이남아 있을 수 있으므로 탄저병균의 밀도를 줄이기 위해 예방적으로적용 살균제를 살포⇒ 또한 탄저병은 습한 환경조건에서 잘 발생하므로 과원 내 통풍이잘 되게 하고 물 빠짐이 잘 되도록 관리",10호.txt
2025,10,15,2025-08-01,2025-08-15,과수,과수화상병,주의보,사과,"❍ (과수화상병) 세균에 의해 사과, 배나무의 꽃, 잎, 열매, 가지가불에 탓 것과 같이 검게 변하고 서서히 말라죽게 되는데 전염성이높아 사전예방을 위해 사전방제와 과원 및 농자재 관리가 필수⇒ 걸리면 방제가 불가능 하기에 과수원을 청결하게 관리하고 농작업을하는 사람의 과수원 출입 시 사람과 작업도구 등을 수시로 소독⇒ 수시로 예찰을 하고 의심증상 발견 시에는 전국 대표전화(1833-8572)또는 가까운 농업기술센터·농업기술원에 즉시 신고
❍ (과수가지검은마름병) 과수화상병과 증상이 비슷하여 육안으로는구분이 불가하며, 발생 시기와 전파경로, 피해증상이 유사함.",10호.txt
2025,10,16,2025-08-01,2025-08-15,과수,복숭아순나방 ‧ 복숭아심식나방,주의보,"복숭아,사과","❍ (복숭아순나방) 복숭아 관찰포에서 성페로몬트랩조사 결과 전년보다 포획된 마리수는감소하였음
⇒ 전년에 과실 피해가 많았거나, 성페로몬트랩에 유인이 많이 된 과원은 등록 약제로방제하고, 열매솎기나 봉지씌우기를 할 때피해를 받은 신초나 어린 과실이 발견되면 즉시 제거하여 땅에 묻음
❍ (복숭아심식나방) 복숭아심식나방의 밀도가 예년과 다르게 매우 높게나타나고 있어 심식나방의 발생예찰과 방제에 특별한 주의 필요
❍ 주로 사과의 꽃받침 부분과 과경부에 산란하며, 부화한 유충이 과실을뚫고 들어가 피해를 입힘⇒ 성페로몬트랩을 사과나무에 설치하여 5일 동안 끈끈이판에 10마리 이상 포획되면 그로부터 7일 후에 적용 약제를 살포
❍ 성충은 6월 상순에서 8월 상순 사이 1회 성충이 발생하고, 7월 하순부터9월 상순 사이 2회 성충이 발생, 발생 최성기는 8월 중순경임
⇒ 교미교란제(성페로몬을 이용해 나방류 교미 방해)를 나무 상단부에 걸어복숭아심식나방의 교미를 저해하여 다음 세대의 발생 밀도를 낮춤(A) 복숭아심식나방 알; (B) 복숭아심식나방 유충; (C) 복숭아심식나방 성충;복숭아심식나방 피해로 인한 기형과 (A) 피해 초기 , (B),(C) 피해 후기",10호.txt
2025,10,17,2025-08-01,2025-08-15,과수,사과갈색무늬병,주의보,사과,"❍ 사과 갈색무늬병은 포자의 공기 전염에 의해 발생되는데 포자의비산은 7월 이후에 증가하여 8월에 가장 많은 양이 비산됨.
⇒ 8월까지 강우 전에 정기적으로 적용약제를수관 내부까지 골고루 묻도록 충분한 양을살포하여야 함",10호.txt
2025,10,18,2025-08-01,2025-08-15,과수,"갈색날개매미충, 미국선녀벌레, 꽃매미",주의보,사과,"❍ (갈색날개매미충) 5월 초·중순에 부화하여 약충이 되고, 7월 이후성충으로우화* 5월 중·하순 알 부화 → 약충(1∼4령,70일) → 성충(3개월)⇒ 갈색날개매미충을 효과적으로 방제하려면 갈색날개매미충 부화 후1~2주 사이에 애벌레(1~2령)가 붙어 있는 나무에 약제를 뿌리는것이 좋음. 2령이 지난 애벌레와 성충은 이동성이 크기 때문에방제 효과가 떨어짐⇒ 발생 정도에 따라 전용 약제를 1주일 간격으로 1~3회 살포*지역별‘공동방제의날’은시도별여건에따라탄력적으로운영약충 성충 집단 사과 어린 가지 산란 피해
❍ (미국선녀벌레) 미국선녀벌레는 연간1세대 발생하며 월동한 알은 5월중·하순경에 부화하며, 약충은 5령을거쳐 성충이 되며, 성충은 7월에서10월까지 발생함
❍ (꽃매미) 꽃매미는 연간 1세대 발생하고 월동한 알은 5월 상·중순경에부화하며 약충은 5령을 거쳐 성충이되고 성충은 7월에서 11월까지발생함
⇒ 월동알을 제거해 주는 것이 친환경적이며 발생을 줄이는 데에 큰효과가 있으므로 봄철에 약충으로 부화하기 전 과수원 및 인근야산의 나무 등에 있는 알 덩어리를 제거해 주고 약충이 깨어나오면 등록약제로 반드시 방제⇒ 시설재배지는 측창과 입구에 방충망을 설치하면 꽃매미의 침입과외부로의 확산을 막고, 방제 효과도 증대시킬 수 있음",10호.txt
2025,10,19,2025-08-01,2025-08-15,과수,점무늬낙엽병,주의보,,"❍ 과실에서 5~6월부터 감염되기 시작하여 8~9월까지 감염이 되는데,흑색의 작은 반점을 형성하여 병반은 크게 확대되지 않고 과실이성숙하면 병반 주변이 적자색으로 됨
❍ 과실의 감염은 고온다습한 7~8월에 가장 많이 일어나며 겹무늬썩음병, 갈색무늬병과 동시 방제하는 것이 효과적임
1개월 기상전망(8.4.~8.31)  (출처 : 국립농업과학원, 기상청)(기온) 1주, 2주는 평년과 비슷하거나 높겠고, 3주, 4주는 평년보다 높겠음
(강수량) 1주는 평년과 비슷하거나 많겠고, 2주는 평년과 비슷하겠으며,3주, 4주는 평년과 비슷하거나 적겠음
❍ 1주(8.4~8.10): 기온은 평년과 비슷하거나 높겠고, 강수량은 평년과 비슷하거나 많겠음
❍ 2주(8.11~8.17): 기온은 평년과 비슷하거나 높겠고, 강수량은 평년과 비슷하겠음
❍ 3주(8.18~8.24): 기온은 평년보다 높겠고, 강수량은 평년과 비슷하거나 적겠음
❍ 4주(8.25~8.31): 기온은 평년보다 높겠고, 강수량은 평년과 비슷하거나 적겠음
농업지대 지역 평균기온 강수량1주 2주 3주 4주 1주 2주 3주 4주(8.4~8.10) (8.11~8.17) (8.18~8.24)(8.25~8.31) (8.4~8.10) (8.11~8.17) (8.18~8.24) (8.25~8.31)1.태백고냉 대관령 조금높음조금높음 높음 높음 조금많음 비슷 조금적음조금적음
2.태백준고냉 인제,홍천,제천 조금높음조금높음 높음 높음 조금많음 비슷 조금적음조금적음
3.소백산간 충주,보은 조금높음조금높음 높음 높음 조금많음 비슷 조금적음조금적음
4.노령소백산간 임실 조금높음조금높음 높음 높음 조금많음 비슷 비슷 비슷5.영남내륙산간 추풍령,영주,문경조금높음조금높음 높음 높음 조금많음 비슷 조금적음조금적음
6.중북부내륙 춘천,양평 조금높음조금높음 높음 높음 조금많음 비슷 조금적음조금적음
7.중부내륙 원주,이천 조금높음조금높음 높음 높음 조금많음 비슷 조금적음조금적음
8.소백서부내륙 청주,대전,금산 조금높음조금높음 높음 높음 조금많음 비슷 조금적음조금적음
9.노령동서내륙 정 읍,남 원,거 창,산 청조금높음조금높음 높음 높음 조금많음 비슷 비슷 비슷10.호남내륙 광주,순천,장흥 조금높음 높음 높음 높음 조금많음 비슷 비슷 비슷11.영남분지 대 구,의 성,구 미,영 천조금높음조금높음 높음 높음 조금많음 비슷 조금적음조금적음
12.영남내륙 진주,합천,밀양 조금높음 높음 높음 높음 조금많음 비슷 비슷 비슷13.중서부평야서울,인천,수원,서산,강화,천안,보령조금높음조금높음 높음 높음 조금많음 비슷 조금적음조금적음
14.차령남부평야 군 산,전 주,부 여,부 안조금높음조금높음 높음 높음 조금많음 비슷 비슷 비슷15.남서해안 목포,완도,해남,고흥 조금높음 높음 높음 높음 조금많음 비슷 비슷 비슷16.남부해안 부산,통영,여수,거제,남해 조금높음 높음 높음 높음 조금많음 비슷 비슷 비슷17.동해안북부 속초,강릉 조금높음조금높음 높음 높음 조금많음 비슷 조금적음조금적음
18.동해안중부 울진,영덕 조금높음조금높음 높음 높음 조금많음 비슷 조금적음조금적음
19.동해안남부 포항,울산 조금높음 높음 높음 높음 조금많음 비슷 비슷 비슷20.제주 제주,성산,서귀포조금높음 높음 높음 높음 조금많음 비슷 비슷 비슷평균 조금높음조금높음 높음 높음 조 금 많 음비슷 조 금 적 음조 금 적 음
10일(2025.07.28.~08.03.) 예보(기상청, 2025.07.24., 06:00)<기상예보>
❍ (기온) 아침 기온은 23~27℃, 낮 기온은 30~35℃로 평년(최저기온22~25 최고기온 29~33℃)보다 높겠음
❍ (강수) 전국 대부분 구름많은 날이 많겠음
<날씨><최저/최고기온>최근 경과기상과 향후 기상전망[ 기온 ][ 강수량 ]연도별 평균기온
❍ ‘25년  1월 부 터  7월  4주 차 까 지 의  평 균 기 온 은  12.1℃로, 평 년(11.5)보 다  0.6℃  높 았 음
- ’25년 7월 4주차의 평균기온은 26.0℃로, 평년(25.3)보다 0.7℃ 높았음",10호.txt
2025,10,20,2025-08-01,2025-08-15,과수,점무늬낙엽병,주의보,,"기 간 1월 2월 3월 4월 5월 6월7월 분석기간1.1~7.23 7.17~7.231주(6.26~7.2)2주(7.3~7.9)3주(7.10~7.16)4주(7.17~7.23)평균(℃)편차(℃)평균(℃)편차(℃)2025년 0.4 0.0 7.9 13.2 16.9 23.0 26.5 28.3 25.1 26.0 12.1 0.6 26.0 0.72024년 1.4 4.5 7.2 15.1 17.8 22.7 23.7 25.8 24.6 26.9 13.1 1.6 26.9 1.62023년 0.0 3.0 9.7 13.3 18.0 22.4 24.5 24.7 25.1 25.3 12.7 1.2 25.3 0.02022년 -0.2 0.4 8.0 13.9 18.2 22.5 26.5 27.3 25.5 24.7 12.3 0.8 24.7 -0.62021년 -0.4 3.9 9.0 13.4 16.9 21.9 23.4 23.7 26.6 26.8 12.5 1.0 26.8 1.52020년 3.0 3.8 8.0 10.9 17.7 22.7 22.2 22.7 21.4 23.4 12.3 0.8 23.4 -1.92019년 0.5 2.6 7.6 12.0 18.5 21.2 22.8 23.6 22.8 25.3 12.0 0.5 25.3 0.02018년 -1.8 0.0 8.2 13.3 17.8 22.1 23.4 22.6 27.0 28.6 11.8 0.3 28.6 3.32017년 0.3 1.8 6.4 13.8 18.6 21.7 24.1 25.8 26.4 27.4 12.3 0.8 27.4 2.12016년 -0.6 1.9 7.3 13.8 18.5 22.2 23.1 24.2 24.7 24.9 12.1 0.6 24.9 -0.42015년 0.8 2.2 6.8 12.7 18.5 21.5 22.0 21.5 24.5 24.2 11.9 0.4 24.2 -1.110년평균 0.3 2.4 7.8 13.2 18.1 22.1 23.6 24.2 24.9 25.8 12.3 0.8 25.8 0.5평 년 -0.4 1.7 6.5 12.3 17.5 21.5 22.9 23.5 24.2 25.3 11.5 0.0 25.3 0.0* 10년 평균 : 최근 10년(2015~2024년)동안의 평균기온의 평균** 평년 : 30년(1991～2020년)동안의 평균기온의 평균*** 편차 : 평년의 평균기온에 대한 연도별 평균기온의 차이연도별 강수량
❍ ‘25년 1월부터 7월 4주차까지의 강수량의 합은 706.8㎜로, 평년(711.4)보다
4.6㎜ 적었음(평년대비 99.4%)
- ’25년  7월  4주 차 의  강 수 량 의  합 은  166.4㎜로, 평 년(54.9)보 다  111.5㎜  많 았 음",10호.txt
2025,10,21,2025-08-01,2025-08-15,과수,점무늬낙엽병,주의보,벼,(평년대비 303.1%)기 간 1월 2월 3월 4월 5월 6월7월 분석기간1.1~7.23 7.17~7.231주(6.26~7.2)2주(7.3~7.9)3주(7.10~7.16)4주(7.17~7.23)합계(㎜)대비(%)합계(㎜)대비(%)2025년 18.3 21.4 50.4 68.9 124.2181.1 4.1 2.7 72.7 166.4 706.8 99.4 166.4 303.12024년 36.9 111.4 68.8 87.9 118.4147.5118.6 93.1 106.9 88.2 898.4 126.3 88.2 160.72023년 44.9 20.0 30.5 70.2 207.2210.1149.7 103.1 233.6 114.21034.7145.4 114.2 208.02022년 5.0 5.5 89.5 62.7 6.3 181.9 65.8 13.9 60.3 69.0 494.2 69.5 69.0 125.72021년 25.4 23.4 112.1 77.5 138.9 94.7 12.0 198.5 15.5 11.2 697.8 98.1 11.2 20.42020년 85.7 62.1 34.4 44.0 107.4194.3 69.3 16.7 161.8 114.2 822.7 115.6 114.2 208.02019년 9.7 34.5 42.6 80.8 65.0 151.5 84.3 2.0 51.0 121.6 559.1 78.6 121.6 221.52018년 25.5 36.6 116.2140.3135.2147.2231.7 53.6 5.1 0.0 767.7 107.9 0.0 0.02017년 18.6 36.0 26.1 72.8 31.0 63.1 51.9 104.3 80.7 24.9 485.3 68.2 24.9 45.42016년 32.9 50.6 62.8 163.2103.4 76.4 83.8 137.1 48.9 2.4 754.9 106.1 2.4 4.42015년 31.9 31.0 47.8 135.6 70.1 103.3 47.9 63.2 60.8 25.6 570.2 80.2 25.6 46.610년평균 31.7 41.1 63.1 93.5 98.3 137.0 91.5 78.6 82.5 57.1 708.5 99.6 57.1 104.0평 년 30.6 37.5 63.0 90.7 108.0151.4 72.3 71.7 82.1 54.9 711.4 100.0 54.9 100.0*10년평균:최근10년(2014∼2023년)동안의강수량의평균**평년:30년(1991～2020년)동안의강수량의평균***대비:평년의강수량에대한연도별강수량의비율카드뉴스 과수 탄저병 예방 및 관리 요령리플릿 벼 먹노린재 피해예방 방법리플릿 콩 병해충 관리기술리플릿 여름철 폭염(고온) 대비 농작물 관리요령리플릿 여 름 철  집 중 호 우·태 풍  대 비  농 작 물  및  농 업 시 설 물  안 전 관 리 요 령리플릿 농업인 온열질환 예방 가이드,10호.txt
2025,11,1,2025-08-16,2025-08-31,식량작물,이삭도열병,주의보,,"❍ 출수기(8월 중∼하순) 이후 저온·다습한 환경이 조성되면, 출수 전잎도열병이 발생한 지역에서는 특히 이삭도열병 발생이 우려됨. 도열병에 약한 품종과 잎색이 짙고 잎이 늘어진 논 등에서발생이 늘어날 것으로 우려되어 주의가 필요
- 이삭도열병은 이삭 패는 시기에 병원균이 침입하여 병이 발생한후에는 방제 효과가 높지 않아 피해가 크므로 예방 위주로 출수전에 방제",11호.txt
2025,11,2,2025-08-16,2025-08-31,식량작물,잎집무늬마름병,주의보,,"❍ 고온 다습한 환경과 조기이앙, 밀식재배, 비료를 많이 줄 때 발생이많이 되고 곰팡이 병균에 의해 잎집에서 반점 또는 얼룩무늬 증상이나타나며 최고 50% 감수됨
❍ 장마 이후에 온·습도가 높아 병 발생에 유리한 환경이 지속되면발생이 많이 늘어나고 병무늬가 윗 잎집으로 번질 가능성 높음
⇒ 30℃ 전후의 다습한 환경이 병 발생에 최적 조건으로 잎집,잎에 증상이 생기며 심하면 식물체 전체가 고사하므로 발병초기 빠른 방제 중요(병든 줄기 20% 이상이면 등록약제 살포)",11호.txt
2025,11,3,2025-08-16,2025-08-31,식량작물,흰잎마름병,주의보,,"❍ 물을 통하여 전염되는 세균병으로 고온, 집중호우로 인한 침수,강풍 및 논둑이나 수로에 겨풀‧줄풀 등 기주식물 많을 때 발생이증가되고 발병 후는 방제가 어려움
- 주로 배수가 불량하고 고온다습 조건에서 발생우려 높음. 특히침수시 감염 우려가 매우 높아 침수가 되지 않도록 하고 침수시바로 퇴수하고 맑은 물로 씻어 주고 이삭도열병, 잎집무늬마름병발생 우려가 크므로 물이 빠진 후 등록 약제를 살포하여 동시방제 실시",11호.txt
2025,11,4,2025-08-16,2025-08-31,식량작물,세균벼알마름병,주의보,벼,"❍ 감염 초기에 왕겨 부분이갈색으로 변하기 시작하여점차 전체가 갈색으로 변하고 낟알이 차지 않고 쭉정이가 되므로 이삭이 꼿꼿하게 서 있음
❍ 특히, 발병 최적 온도는 30 ~ 35℃(최저 10, 최고 43℃), 습도 90% 이상(벼알이 4시간 이상 젖으면 발병조건 충족)으로 습하고 고온일 때발병이 늘어남
❍ NCPMS 발생 예측 결과 기온이 평년보다 높아 경기, 충남 및인천 등 서해안 일부 지역에서 발생 위험이 높은 것으로 예측
❍ 세균벼알마름병은 발병 후 방제는 효과가 낮으므로 발생 위험이높은 지역은 사전 예방적 방제실시 필요",11호.txt
2025,11,5,2025-08-16,2025-08-31,식량작물,혹명나방,주의보,벼,"❍ 6∼9월 중국 남부지방에서 기류를 타고 날아와 발생하며 애벌레가벼 잎을 긴 원통형으로 말고 그 속에서 잎을 갉아 먹는 피해를 줌
❍ 관찰포 조사 및 서남해안 예찰 결과, 서남해안 포함 대부분지역에서 전년 동기 밀도가 낮은 상황이나 지속적인 예찰 필요
⇒ 막대기로 벼 포기를 두드려 나방이 나는 모습이 확인되거나유충이 벼 잎을 세로로 말고 갉아먹어 표피만 남기는 피해증상이 보이면 즉시 방제⇒ 7월 중순~하순(출수전) 요방제 밀도는 피해엽률 30%(20주당)수준으로 그 이상일 경우 즉시 방제",11호.txt
2025,11,6,2025-08-16,2025-08-31,식량작물,벼멸구·흰등멸구,주의보,벼,"❍ 벼멸구·흰등멸구는 중국 남부지방과 동남아시아에서 남서풍을타고 비래하는 해충으로 일반적으로 장마가 시작되면서 국내로유입되는 기류가 형성될 경우 국내로 비래함
⇒ 비래해충은 초기방제가 중요하므로 볏대 아래쪽을 잘 살펴보아발생이 많으면 적용약제로 방제
❍ 특히 충남 등 서해안 지역에서 흰등멸구의 밀도가 높은 것으로조사되어, 피해 예방을 위한 지속적인 예찰 필요
⇒ 장마 이후 고온이 지속되면 세대가 짧아지고 밀도가 높아질것으로 예상되므로 방제를 요하는 필지는 신속한 방제 필요
〈방제를요하는벼멸구,흰등멸구밀도기준(마리/20주)〉구 분 ～8월상순 8월중순 8월하순 9월상중순벼멸구조생종 20 100 400 -중만생종 15 50(단시형20)100(단시형40) 400흰등멸구 100 400 400 400",11호.txt
2025,11,7,2025-08-16,2025-08-31,식량작물,열대거세미나방,주의보,"벼,수수,옥수수","❍ 열대거세미나방은 아메리카 대륙의 열대·아열대 지역이 원산으로아프리카(‘16), 동남아(’18), 중국(‘19.1), 한국(’19.6), 등으로 확산
❍ 유충 시기에 식물의 잎과 줄기를 가해하여 피해를 발생시키며 기주식물은 80여 작물(옥수수, 수수, 벼 등)로 알려져 있음
❍ 제주 및 남부지방 조기 재배 옥수수에 피해 발생 예상*산란(4월하순) →알에서유충부화(5월초·중순) →6령유충경과(피해발생)*’24년대비약10일정도늦게국내비래확인(제주,한림/’25.4.21.)*연도별 발생: (’22) 76/1.8 → (’23) 87/4.4 → (’24) 478개체/2.1ha⇒ 약제 방제는 발생 초기에 품목별로 등록된 약제를 살포하도록 함
< 열대거세미나방 형태 및 피해 ><성충 (사진 출처: Goergen 등), 유충(사진 출처: FAO)>",11호.txt
2025,11,8,2025-08-16,2025-08-31,식량작물,먹노린재,예보,벼,"❍ 예찰포 조사 결과 발견 개체수는 전년 동기 비슷한 수준이지만서남해안(충남 보령, 전남 진도, 여수, 경남 함안 등) 지역에서 꾸준히 관찰되고 있어 주의 필요
❍ 먹노린재는 7∼8월에 약충과 성충이 벼 줄기에 구침을 박고 흡즙하여심하면 수확량에 큰 영향을 줌, 주로 논 가장자리에 피해증상이많이 나타나는데 생육초기에 심하게 피해를 받으면 초장이 짧아지고이삭이 나오지 않을 수 있음
⇒ 작은 충격이나 소리에도 볏대 사이나 물속으로 숨어 방제가 어렵기 때문에 논물을 빼고 해질 무렵 등록 약제를 충분히 살포",11호.txt
2025,11,9,2025-08-16,2025-08-31,채소,고랭지 무·배추 무름병·뿌리혹병,주의보,"무,배추","❍ (무름병) 세균에 의한 병으로 온도가 높을 때 많이 발생하며땅과 맞닿은 부분의 잎자루와 줄기부터 발병해서 결구 속까지무르고 부패하게 됨
❍ 고온 다습한 환경이 지속되면서 발생이 증가할 가능성이 높음
⇒ 병원균은 건조에 약하므로 배수와 통풍이 잘 되도록 관리하며약제 방제 시 등록 약제를 본잎이 5∼6매 이후에 7∼10일 간격으로 살포하고 땅 닿는 부분까지 약제가 잘 묻도록 처리
❍ (뿌리혹병) 뿌리에 크고 작은 혹이 생기면서 지상부가 말라죽는병으로 주로 사전에 방제를 철저하게 하지 않은 밭에서 발생⇒ 병원균은 물이나 흙을 통하여 이동하므로 물 빠짐이 좋도록배수로를 잘 정비하고 병 발생 후에는 방제가 어려우므로 병든포기는 발견 즉시 제거",11호.txt
2025,11,10,2025-08-16,2025-08-31,채소,역병·탄저병·바이러스,주의보,"고추,방울토마토,오이","❍ 최근 고온으로 인해 진딧물, 총채벌레의 밀도가 높아져서 이들매개충들이 전파하는 바이러스병 확산이 우려됨
⇒ 오이모자이크바이러스(CMV)를 매개하는 진딧물과 토마토반점위조바이러스(TSWV)의 매개충인 총채벌레의 효율적인 방제는 기작이다른 등록 약제를 선택하여 방제⇒ 바이러스병에 감염되면 방제가 어려우므로 예방 위주로 방제 철저⇒ 바이러스병이 이미 진전된 포장에서는 고추의 주간 부위에서자란 세력이 강한 측지 관리로 고추 수량 확보
❍ 역병은 비가 내린 후 다습한 환경조건에서 발생이 증가하며 토양에있는 병원균이 물을 통하여 전염되는 병으로 일단 발병하면 급속하게 번지고 방제 효과가 낮음
⇒ 병 발생이 많았던 곳은 두둑을 높여 준 후 배수로를 정비하고병든 포기 발견 즉시 제거하여 전염원을 제거하고 비오기 전후등록 약제를 주기적으로 살포
❍ 고추 탄저병은 지난해 버려진 병든 잔재물이 가장 중요한 1차전염원이고, 온·습도가 높은 장마철 비가 잦은 환경에서 감염위험이 높음
⇒ 병든 과실을 그냥 두거나 이랑사이에 버리면 방제효과는 50%이상 감소하므로 병든 과실은 발견 즉시 매립 또는 소각하는것이 효과적이며, 재식거리를 넓히고 두둑을 높게 하고 물 빠짐을좋게 하여 발병에 좋은 환경을 차단함
⇒ 국가농작물병해충관리시스템(http://ncpms.rda.go.kr)에서 고추역병과 탄저병 최초 감염위험시기를 알려주는 문자서비스를활용하여 병징이 없더라도 감염 시기 알림 후 3일 이내에 예방적으로 침투이행성 약제 처리",11호.txt
2025,11,11,2025-08-16,2025-08-31,채소,씨스트선충류,주의보,배추,"❍ 여름철 고랭지배추 정식이 시작되어, 씨스트선충류에 의한 농작물피해가 증가할 것으로 예상됨
- 씨스트선충류는 십자화과 작물의 뿌리에 기생하는데, 작물의 수분 및영양분의 흡수를 저해하는 등 생육을 방해하여 배추의 경우 크기가작고 결구가 되지 않는 피해 증가⇒ 발생포장에 훈증성 약제 처리 후 비닐피복 또는 답압하고, 4주후피복을 제거하여 가스를 휘산시켜 약해를 방지해야 함
⇒ 씨스트선충류가 배추 뿌리를 가해하지 않도록 배추 정식 전에비훈증성 약제를 처리하고 로터리 작업 실시⇒ 배추 수확 후 포장 내 씨스트선충류 밀도를 낮추기 위해 녹비작물(백겨자, 기름무 등)을 재배하여, 꽃이 피기 전 또는 과실이달리기 전에 토양 환원 작업 실시(6∼8주 소요)",11호.txt
2025,11,12,2025-08-16,2025-08-31,채소,토마토뿔나방,주의보,방울토마토,"❍ 여름철 기온 상승으로 토마토뿔나방 개체 수가 급증함에 따라 시설토마토 피해가 우려되어 철저한 방제 필요
- 토마토뿔나방은 유충이 주로 토마토 잎에 구멍을 뚫고 들어가 내부조직을넓게 갉아 먹으며 과실 속으로도 파고 들어가 피해를 입힘⇒ 발생포장 전체에 등록 농약을 약액이 작물에 충분히 묻을 수있도록 살포하고, 2회 이상 약제살포 시 작용기작이 다른 약제를교호 살포할 것을 권장함, 친환경 재배농가의 경우 교미교란제를정식 초기에 설치하고 유기농업자재를 충분히 살포해야 함",11호.txt
2025,11,13,2025-08-16,2025-08-31,채소,"총채벌레류, 응애류, 가루이류",예보,"방울토마토,수박,오이,파프리카","❍ 시설재배 작물에서 꽃노랑총채벌레, 온실가루이, 담배가루이 등이관리 소홀 포장에서 발생하고 있는데 온도가 올라가면 확산 가능성이 있어 주의가 필요함
❍ 시설재배에서 발생하는 해충은 대부분 크기가 작고 연중 발생하고있으나, 발생 초기에 예찰이 어려워 피해를 입는 경우가 많음. 특히이 해충들은 식물체에 직접적인 피해를 줄 뿐만 아니라 그을음병을유발하거나 바이러스병을 전염시켜 작물에 피해를 줌⇒ 이들 해충은 끈끈이트랩 등을 활용하여 주의 깊게 예찰하고 발견즉시 계통이 다른 등록 약제를 바꿔가며 방제
❍ 꽃노랑총채벌레 등 총채벌레류가 오이, 파프리카 등에 발생량이증가하고 있어 방제가 이루어지지 않으면 확산 및 피해가 예상⇒ 황색 끈끈이트랩이나 타락법(흰색 종이를 이용 꽃과 잎을 두드려서 예찰) 등으로 예찰하고, 발생 포장은 초기에 방제⇒ 꽃노랑총채벌레는 번데기 방제용으로 아큐레이퍼응애를 토양에투입하고, 지상부 유충과 성충 방제용으로는 유럽애꽃노린재,지중해이리응애 등 천적을 활용하면 효과적으로 방제가 가능함
❍ 담배가루이와 온실가루이는 남부와 중부지방 수확기에 있는 토마토와 하우스수박을 중심으로 밀도 증가가 예상되나 관리가 소홀해질 시기로 품질저하 및 다음 작기 재배 작물에 피해가 우려됨
⇒ 수확 완료 시기까지 정밀예찰과 지속적인 방제 및 관리가 필요",11호.txt
2025,11,14,2025-08-16,2025-08-31,채소,진딧물류,예보,고추,"❍ 진딧물류가 고추 등 일부 포장에 발생이 확인되고 있어 기온이 올라가면 급속히 확산되어 피해가 우려됨
⇒ 작물의 신초 부위를 육안으로 관찰하여 예찰하고, 발생포장은초기부터 유효성분과 계통이 다른 약제를 번갈아 가며 방제를 해줌",11호.txt
2025,11,15,2025-08-16,2025-08-31,과수,탄저병,경보,"단감,복숭아,사과,포도","❍ 사과, 복숭아, 포도, 단감 등에 발생하는 탄저병은 주요 관리 과수병으로병원균은 주로 습기가 많은 기후조건과 25℃ 전후 온도에서 감염이잘 이루어지므로 장마기 이후에 주의가 필요함
❍ 탄저병에 감염된 과실은 초기에 검정색 작은 반점이 껍질에 나타나며,병이 커질수록 과실 표면이 움푹 들어가면서 과실 내부가 갈색으로변하면서 과실 표면에 많은 분생포자가 생겨 주변 건전한 과실을감염. 특히 장마기나 바람이 많이 부는 날씨에는 분생포자들이이동되는 시기이므로 철저한 관리가 필요
⇒ 지난해에 탄저병이 많이 발생했던 농가는 과원 내에 탄저병균이남아 있을 수 있으므로 탄저병균의 밀도를 줄이기 위해 예방적으로적용 살균제를 살포⇒ 또한 탄저병은 습한 환경조건에서 잘 발생하므로 과원 내 통풍이잘 되게 하고 물 빠짐이 잘 되도록 관리",11호.txt
2025,11,16,2025-08-16,2025-08-31,과수,과수화상병,주의보,사과,"❍ (과수화상병) 세균에 의해 사과, 배나무의 꽃, 잎, 열매, 가지가불에 탓 것과 같이 검게 변하고 서서히 말라죽게 되는데 전염성이높아 사전예방을 위해 사전방제와 과원 및 농자재 관리가 필수⇒ 걸리면 방제가 불가능 하기에 과수원을 청결하게 관리하고 농작업을하는 사람의 과수원 출입 시 사람과 작업도구 등을 수시로 소독⇒ 수시로 예찰을 하고 의심증상 발견 시에는 전국 대표전화(1833-8572)또는 가까운 농업기술센터·농업기술원에 즉시 신고
❍ (과수가지검은마름병) 과수화상병과 증상이 비슷하여 육안으로는구분이 불가하며, 발생 시기와 전파경로, 피해증상이 유사함.",11호.txt
2025,11,17,2025-08-16,2025-08-31,과수,점무늬낙엽병,주의보,,"❍ 과실에서 5~6월부터 과점으로 감염되기 시작하여 8~9월까지 감염되며, 흑색의 작은 반점을 형성하여 병반은 크게 확대되지 않고과실이 성숙하면 병반 주변이 적자색으로 됨
❍ 과실의 감염은 고온다습한 7~8월에 가장 많이 일어나므로 겹무늬썩음병, 갈색무늬병과 동시 방제하는 것이 효과적임",11호.txt
2025,11,18,2025-08-16,2025-08-31,과수,사과갈색무늬병,주의보,사과,"❍ 사과 갈색무늬병은 포자의 공기 전염에 의해발생되는데 포자의 비산은 7월 이후에 증가하여8월에 가장 많은 양이 비산됨.
⇒ 8월까지 강우 전에 정기적으로 적용약제를수관 내부까지 골고루 묻도록 충분한 양을살포하여야 함",11호.txt
2025,11,19,2025-08-16,2025-08-31,과수,복숭아순나방 ‧ 복숭아심식나방,주의보,"복숭아,사과","❍ (복숭아순나방) 복숭아 관찰포에서 성페로몬트랩조사 결과 전년보다 포획된 마리수는증가하였음
⇒ 전년에 과실 피해가 많았거나, 성페로몬트랩에 유인이 많이 된 과원은 등록 약제로방제하고, 열매솎기나 봉지씌우기를 할 때 피해를 받은 신초나어린 과실이 발견되면 즉시 제거하여 땅에 묻음
❍ (복숭아심식나방) 복숭아심식나방의 밀도는 예년과 비슷한 수준이지만,심식나방의 발생예찰과 방제에 특별한 주의 필요
❍ 주로 사과의 꽃받침 부분과 과경부에 산란하며, 부화한 유충이 과실을뚫고 들어가 피해를 입힘⇒ 성페로몬트랩을 사과나무에 설치하여 5일 동안 끈끈이판에 10마리이상 포획되면 그로부터 7일 후에 적용 약제를 살포
❍ 성충은 6월 상순에서 8월 상순 사이 1회 성충이 발생하고, 7월 하순부터 9월 상순 사이 2회 성충이 발생, 발생 최성기는 8월 중순경임
⇒ 교미교란제(성페로몬을 이용해 나방류 교미 방해)를 나무 상단부에 걸어복숭아심식나방의 교미를 저해하여 다음 세대의 발생 밀도를 낮춤(A) 복숭아심식나방 알; (B) 복숭아심식나방 유충; (C) 복숭아심식나방 성충;복숭아심식나방 피해로 인한 기형과 (A) 피해 초기 , (B),(C) 피해 후기",11호.txt
2025,11,20,2025-08-16,2025-08-31,과수,"갈색날개매미충, 미국선녀벌레, 꽃매미",주의보,사과,"❍ (갈색날개매미충) 5월 초·중순에 부화하여 약충이 되고, 7월 이후성충으로 우화*5월중·하순알부화 →약충(1∼4령,70일) →성충(3개월)⇒ 갈색날개매미충을 효과적으로 방제하려면 갈색날개매미충 부화 후1~2주 사이에 애벌레(1~2령)가 붙어 있는 나무에 약제를 뿌리는것이 좋음. 2령이 지난 애벌레와 성충은 이동성이 크기 때문에방제 효과가 떨어짐⇒ 발생 정도에 따라 전용 약제를 1주일 간격으로 1~3회 살포*지역별‘공동방제의날’은시도별여건에따라탄력적으로운영
❍ (미국선녀벌레) 미국선녀벌레는 연간1세대 발생하며 월동한 알은 5월 중·하순경에 부화하며, 약충은 5령을 거쳐성충이 되며, 성충은 7월에서 10월까지발생함
❍ (꽃매미) 꽃매미는 연간 1세대 발생하고 월동한 알은 5월 상·중순경에 부화하며 약충은 5령을 거쳐성충이 되고 성충은 7월에서 11월까지 발생함
⇒ 월동알을 제거해 주는 것이 친환경적이며 발생을 줄이는 데에 큰효과가 있으므로 봄철에 약충으로 부화하기 전 과수원 및 인근야산의 나무 등에 있는 알 덩어리를 제거해 주고 약충이 깨어 나오면 등록약제로 반드시 방제⇒ 시설재배지는 측창과 입구에 방충망을 설치하면 꽃매미의 침입과외부로의 확산을 막고, 방제 효과도 증대시킬 수 있음
약충 성충 집단 사과 어린 가지 산란 피해",11호.txt
2025,11,21,2025-08-16,2025-08-31,과수,새눈무늬병·갈색무늬병,예보,포도,"❍ 포도 새눈무늬병은 잎에서 잎맥이 흑갈색으로 변하고, 진전되면 흑색 반점으로확대되어 구멍이 뚫리며 열매와 가지에서는 초기에 흑갈색의 반점이 나타남⇒ 비가 많이 올 때 발생이 많으므로,병든 부위는 즉시 제거하고 봉지 씌우기 전에 등록 약제로 방제
❍ 포도 갈색무늬병․노균병은 비가 자주 내리고 습도가 높을 때 발생이 많음
⇒ 잎과 과실을 자세히 살펴보아 발생 초기에 등록약제로 잎 뒷면까지방제하되 가능한 비 오기 전․후 방제실시",11호.txt
2025,11,22,2025-08-16,2025-08-31,과수,응애류·노린재류,예보,사과,"❍ 점박이응애는 7∼8월에 많이 발생하며 비가 적을 때 발생이 급증하기 때문에 잎 뒷면을 잘 관찰하여 발생 초기에 방제 필요
⇒ 등록 약제 살포시 잎 뒷면까지 약제가 골고루 묻을 수 있도록방제기의 노즐을 미세하게 조절하여 정밀 살포 방제
❍ 갈색날개노린재, 썩덩나무노린재는 사과 흡즙 주요 노린재류로성충으로 월동하다가 4∼5월부터 발생을 시작해 7∼8월에 사과과실에 집중적으로 가해⇒ 노린재류가 과원에서 발견되면 심식나방류와 동시에 방제 가능한적용약제를 2∼3회 골고루 살포1개월 기상전망            (출처 : 국립농업과학원, 기상청)(기온)  1주, 2주, 3주, 4주는 평년보다 높겠음
(강수량) 1주, 2주는 평년과 비슷하거나 적겠고, 3주는 평년과 비슷하거나많겠으며, 4주는 평년과 비슷하겠음
❍ 1주(8.18~8.24): 기온은 평년보다 높겠고, 강수량은 평년과 비슷하거나 적겠음
❍ 2주(8.25~8.31): 기온은 평년보다 높겠고, 강수량은 평년과 비슷하거나 적겠음
❍ 3주(9.1~9.7): 기온은 평년보다 높겠고, 강수량은 평년과 비슷하거나 많겠음
❍ 4주(9.8~9.14): 기온은 평년보다 높겠고, 강수량은 평년과 비슷하겠음
농업지대 지역 평균기온 강수량1주 2주 3주 4주 1주 2주 3주 4주(8.18~8.24)(8.25~8.31) (9.1~9.7) (9.8~9.14) (8.18~8.24)(8.25~8.31) (9.1~9.7) (9.8~9.14)1.태백고냉 대관령 높음 높음 높음 높음 조 금 적 음조 금 적 음조 금 많 음비슷2.태백준고냉 인제,홍천,제천 높음 높음 높음 높음 조 금 적 음조 금 적 음조 금 많 음비슷3.소백산간 충주,보은 높음 높음 높음 높음 조 금 적 음조 금 적 음조 금 많 음비슷4.노령소백산간 임실 높음 높음 높음 높음 비 슷 비 슷 많 음 비슷5.영남내륙산간 추풍령,영주,문경 높음 높음 높음 높음 비 슷 비 슷조 금 많 음비슷6.중북부내륙 춘천,양평 높음 높음 높음 높음 조 금 적 음조 금 적 음조 금 많 음비슷7.중부내륙 원주,이천 높음 높음 높음 높음 조 금 적 음조 금 적 음조 금 많 음비슷8.소백서부내륙 청주,대전,금산 높음 높음 높음 높음 조 금 적 음조 금 적 음많 음 비슷9.노령동서내륙 정 읍,남 원,거 창,산 청높음 높음 높음 높음 비 슷 비 슷 많 음 비슷10.호남내륙 광주,순천,장흥 높음 높음 높음 높음 비 슷 비 슷 많 음 비슷11.영남분지 대 구,의 성,구 미,영 천높음 높음 높음 높음 비 슷 비 슷조 금 많 음비슷12.영남내륙 진주,합천,밀양 높음 높음 높음 높음 비 슷 비 슷조 금 많 음비슷13.중서부평야 서울,인천,수원,서산,강화,천안,보령 높음 높음 높음 높음 조 금 적 음조 금 적 음많 음 비슷14.차령남부평야 군 산,전 주,부 여,부 안높음 높음 높음 높음 비 슷 비 슷 많 음 비슷15.남서해안 목 포,완 도,해 남,고 흥높음 높음 높음 높음 비 슷 비 슷 많 음 비슷16.남부해안 부산,통영,여수,거제,남해 높음 높음 높음 높음 비 슷 비 슷조 금 많 음비슷17.동해안북부 속초,강릉 높음 높음 높음 높음 조 금 적 음조 금 적 음조 금 많 음비슷18.동해안중부 울진,영덕 높음 높음 높음 높음 비 슷 비 슷조 금 많 음비슷19.동해안남부 포항,울산 높음 높음 높음 높음 비 슷 비 슷조 금 많 음비슷20.제주 제주,성산,서귀포 높음 높음 높음 높음 비 슷 비 슷조 금 많 음비슷평균 높음 높음 높음 높음 조 금 적 음조 금 적 음조 금 많 음비슷10일(2025.08.11.~08.17.) 예보(기상청, 2025.08.07., 06:00)<기상예보>
❍ (기온) 아침 기온은 21~26℃, 낮 기온은 29~33℃로 평년(최저기온22~24℃, 최고기온 28~32℃)보다 조금 높겠음
❍ (강수) 11일 남부지방과 제주도에, 12일~13일은 전국에, 14일 수도권과강원영서에 비가 내리겠음
<날씨><최저/최고기온>최근 경과기상과 향후 기상전망[ 기  온 ][ 강 수 량 ]연도별 평균기온",11호.txt
2025,11,23,2025-08-16,2025-08-31,과수,응애류·노린재류,예보,,"❍ ‘25년 1월부터 8월 1주차까지의 평균기온은 13.2℃로, 평년(12.5)보다
0.7℃ 높았음
- ’25년 8월 1주차의 평균기온은 28.1℃로, 평년(26.6)보다 1.5℃ 높았음
기 간 1월 2월 3월 4월 5월 6월 7월8월 분석기간1.1~8.6 7.31~8.61주(7.31~8.6)평균(℃)편차(℃)평균(℃)편차(℃)2025년 0.4 0.0 7.9 13.2 16.9 23.0 27.2 28.1 13.2 0.7 28.1 1.52024년 1.4 4.5 7.2 15.1 17.8 22.7 26.4 29.0 14.1 1.6 29.0 2.42023년 0.0 3.0 9.7 13.3 18.0 22.4 25.6 28.6 13.7 1.2 28.6 2.02022년 -0.2 0.4 8.0 13.9 18.2 22.5 26.1 27.8 13.2 0.7 27.8 1.22021년 -0.4 3.9 9.0 13.4 16.9 21.9 26.2 27.7 13.5 1.0 27.7 1.12020년 3.0 3.8 8.0 10.9 17.7 22.7 22.7 26.2 13.1 0.6 26.2 -0.42019년 0.5 2.6 7.6 12.0 18.5 21.2 24.7 28.3 13.0 0.5 28.3 1.72018년 -1.8 0.0 8.2 13.3 17.8 22.1 26.7 29.7 12.9 0.4 29.7 3.12017년 0.3 1.8 6.4 13.8 18.6 21.7 26.4 27.7 13.2 0.7 27.7 1.12016년 -0.6 1.9 7.3 13.8 18.5 22.2 25.4 27.5 13.1 0.6 27.5 0.92015년 0.8 2.2 6.8 12.7 18.5 21.5 24.3 27.8 12.9 0.4 27.8 1.210년평균 0.3 2.4 7.8 13.2 18.1 22.1 25.5 28.0 13.3 0.8 28.0 1.4평 년 -0.4 1.7 6.5 12.3 17.5 21.5 24.7 26.6 12.5 0.0 26.6 0.0* 10년 평균 : 최근 10년(2015~2024년)동안의 평균기온의 평균** 평년 : 30년(1991～2020년)동안의 평균기온의 평균*** 편차 : 평년의 평균기온에 대한 연도별 평균기온의 차이연도별 강수량
❍ ‘25년 1월부터 8월 1주차까지의 강수량의 합은 772.0㎜로, 평년(817.8)보다 45.8㎜ 적었음(평년대비 94.4%)
- ’25년  8월  1주차 의  강 수 량 의  합 은  63.9㎜로, 평 년(56.5)보 다  7.4㎜  많 았 음
(평년대비 113.1%)기 간 1월 2월 3월 4월 5월 6월 7월8월 분석기간1.1~8.6 7.31~8.61주(7.31~8.6)합계(㎜)대비(%)합계(㎜)대비(%)2025년 18.3 21.4 50.4 68.9 124.2 181.1 243.9 63.9 772.0 94.4 63.9 113.12024년 36.9 111.4 68.8 87.9 118.4 147.5 361.4 16.6 948.9 116.0 16.6 29.42023년 44.9 20.0 30.5 70.2 207.2 210.1 497.0 6.2 1083.
2 132.5 6.2 11.02022년 5.0 5.5 89.5 62.7 6.3 181.9 181.9 67.7 575.8 70.4 67.7 119.82021년 25.4 23.4 112.1 77.5 138.9 94.7 234.7 45.6 745.7 91.2 45.6 80.72020년 85.7 62.1 34.4 44.0 107.4 194.3 422.9 112.2 1059.",11호.txt
2025,11,24,2025-08-16,2025-08-31,과수,응애류·노린재류,예보,"땅콩,벼",3 129.5 112.2 198.62019년 9.7 34.5 42.6 80.8 65.0 151.5 238.3 19.5 636.5 77.8 19.5 34.52018년 25.5 36.6 116.2 140.3 135.2 147.2 170.7 11.7 783.3 95.8 11.7 20.72017년 18.6 36.0 26.1 72.8 31.0 63.1 297.1 26.4 549.3 67.2 26.4 46.72016년 32.9 50.6 62.8 163.2 103.4 76.4 290.8 13.9 790.4 96.6 13.9 24.62015년 31.9 31.0 47.8 135.6 70.1 103.3 189.4 5.5 614.4 75.1 5.5 9.710년평균 31.7 41.1 63.1 93.5 98.3 137.0 288.4 32.5 778.7 95.2 32.5 57.5평 년 30.3 37.2 62.7 90.5 107.7 151.0 289.5 56.5 817.8 100.0 56.5 100.0* 10년 평균 : 최근 10년(2015~2024년)동안의 강수량의 평균** 평년 : 30년(1991～2020년)동안의 강수량의 평균*** 대비 : 평년의 강수량에 대한 연도별 강수량의 비율카드뉴스 과수 탄저병 예방 및 관리 요령리플릿 벼 먹노린재 피해예방 방법리플릿 콩 병해충 관리기술카드뉴스 여름철 땅콩 성숙기 주요병해충 특징과 관리요령리플릿 여름철 폭염(고온) 대비 농작물 관리요령리플릿 여 름 철  집 중 호 우·태 풍  대 비  농 작 물  및  농 업 시 설 물  안 전 관 리 요 령리플릿 농업인 온열질환 예방 가이드,11호.txt
2025,12,1,2025-09-01,2025-09-30,식량작물,흰잎마름병,주의보,,"❍ 관찰포 조사 결과 전년 동기 발생이 적으나, 전남 일부 시군에서 발생이 증가하는 것으로 확인되었음
❍ 물을 통하여 전염되는 세균병으로 고온, 집중호우로 인한 침수,강풍 및 논둑이나 수로에 겨풀‧줄풀 등 기주식물 많을 때 발생이증가되고 발병 후는 방제가 어려움
- 주로 배수가 불량하고 고온다습 조건에서 발생우려 높음. 특히침수시 감염 우려가 매우 높아 침수가 되지 않도록 하고 침수시바로 퇴수하고 맑은 물로 씻어 주고 이삭도열병, 잎집무늬마름병발생 우려가 크므로 물이 빠진 후 등록 약제를 살포하여 동시방제 실시",12호.txt
2025,12,2,2025-09-01,2025-09-30,식량작물,세균벼알마름병,주의보,벼,"❍ 관찰포 조사 결과 전년 동기 발생은 감소한 것으로 확인되고있으나, 서남해안 지역에서 발생이 확인되고 있어 지속적인관찰이 필요
❍ 감염 초기에 왕겨 부분이갈색으로 변하기 시작하여점차 전체가 갈색으로 변하고 낟알이 차지 않고 쭉정이가 되므로 이삭이 꼿꼿하게 서 있음
❍ 특히, 발병 최적 온도는 30 ~ 35℃(최저 10, 최고 43℃), 습도 90% 이상(벼알이 4시간 이상 젖으면 발병조건 충족)으로 습하고 고온일 때발병이 늘어남
❍ NCPMS 발생 예측 결과 출수 시기 서해안 지역과 전남 일부 지역에서 발생 위험이 높은 것으로 예측
❍ 세균벼알마름병은 발병 후 방제는 효과가 낮으므로 발생 위험이높은 지역은 사전 예방적 방제 필요",12호.txt
2025,12,3,2025-09-01,2025-09-30,식량작물,깨씨무늬병,주의보,벼,"❍ 양분이 유실되기 쉬운 사질토나 장기간 벼를 재배한 노후화답등 땅심이 낮은 논에서 발생이 우려됨
❍ 잎에 형성된 병원균이 진전되어 이삭까지 감염시키는 병으로잎에 발생이 많으면 적용약제로 사전에 방제",12호.txt
2025,12,4,2025-09-01,2025-09-30,식량작물,잎집무늬마름병,주의보,,"❍ 고온 다습한 환경과 조기이앙, 밀식재배, 비료를 많이 줄 때 발생이많이 되고 곰팡이 병균에 의해 잎집에서 반점 또는 얼룩무늬 증상이나타나며 최고 50% 감수됨
❍ 장마 이후에 온·습도가 높아 병 발생에 유리한 환경이 지속되면발생이 많이 늘어나고 병무늬가 윗 잎집으로 번질 가능성 높음
⇒ 30℃ 전후의 다습한 환경이 병 발생에 최적 조건으로 잎집,잎에 증상이 생기며 심하면 식물체 전체가 고사하므로 발병초기 빠른 방제 중요(병든 줄기 20% 이상이면 등록약제 살포)",12호.txt
2025,12,5,2025-09-01,2025-09-30,식량작물,이삭도열병,주의보,,"❍ 출수기(8월 중∼하순) 이후 저온·다습한 환경이 조성되면, 출수 전잎도열병이 발생한 지역에서는 특히 이삭도열병 발생이 우려됨. 도열병에 약한 품종과 잎색이 짙고 잎이 늘어진 논 등에서발생이 늘어날 것으로 우려되어 주의가 필요
- 이삭도열병은 이삭 패는 시기에 병원균이 침입하여 병이 발생한후에는 방제 효과가 높지 않아 피해가 크므로 예방 위주로 출수전에 방제",12호.txt
2025,12,6,2025-09-01,2025-09-30,식량작물,혹명나방,주의보,벼,"❍ 6∼9월 중국 남부지방에서 기류를 타고 날아와 발생하며 애벌레가벼 잎을 긴 원통형으로 말고 그 속에서 잎을 갉아 먹는 피해를 줌
❍ 관찰포 조사 및 서남해안 예찰 결과, 서남해안 포함 대부분지역에서 전년 동기 밀도가 낮은 상황이나 지속적인 예찰 필요
⇒ 막대기로 벼 포기를 두드려 나방이 나는 모습이 확인되거나유충이 벼 잎을 세로로 말고 갉아먹어 표피만 남기는 피해증상이 보이면 즉시 방제",12호.txt
2025,12,7,2025-09-01,2025-09-30,식량작물,흰등멸구,주의보,벼,"❍ 벼멸구·흰등멸구는 중국 남부지방과 동남아시아에서 남서풍을타고 비래하는 해충으로 일반적으로 장마가 시작되면서 국내로유입되는 기류가 형성될 경우 국내로 비래함
⇒ 비래해충은 초기방제가 중요하므로 볏대 아래쪽을 잘 살펴보아발생이 많으면 적용약제로 방제
❍ 특히 충남, 전남 등 서남해안 지역에서 흰등멸구의 밀도가 높은것으로 조사되어, 피해 예방을 위한 지속적인 예찰 필요
⇒ 고온이 지속되면 세대가 짧아지고 밀도가 높아질 것으로 예상되므로 방제를 요하는 필지는 신속한 방제 필요
〈방제를요하는벼멸구,흰등멸구밀도기준(마리/20주)〉구 분 ～8월상순 8월중순 8월하순 9월상중순벼멸구조생종 20 100 400 -중만생종 15 50(단시형20)100(단시형40) 400흰등멸구 100 400 400 400",12호.txt
2025,12,8,2025-09-01,2025-09-30,식량작물,열대거세미나방,주의보,"벼,수수,옥수수","❍ 열대거세미나방은 아메리카 대륙의 열대·아열대 지역이 원산으로아프리카(‘16), 동남아(’18), 중국(‘19.1), 한국(’19.6) 등으로 확산
❍ 유충 시기에 식물의 잎과 줄기를 가해하여 피해를 발생시키며 기주식물은 80여 작물(옥수수, 수수, 벼 등)로 알려져 있음
❍ 제주 및 남부지방 조기 재배 옥수수에 피해 발생 예상*산란(4월하순) →알에서유충부화(5월초·중순) →6령유충경과(피해발생)*’24년대비약10일정도늦게국내비래확인(제주,한림/’25.4.21.)*연도별 발생: (’22) 76/1.8 → (’23) 87/4.4 → (’24) 478개체/2.1ha⇒ 약제 방제는 발생 초기에 품목별로 등록된 약제를 살포하도록 함
< 열대거세미나방 형태 및 피해 ><성충 (사진 출처: Goergen 등), 유충(사진 출처: FAO)>",12호.txt
2025,12,9,2025-09-01,2025-09-30,식량작물,먹노린재,예보,벼,"❍ 예찰포 조사 결과 발견 개체수는 전년 동기 비슷한 수준이지만서남해안(충남 보령, 전남 영암, 순천, 경남 함안 등) 지역에서 꾸준히 관찰되고 있어 주의 필요
❍ 먹노린재는 7∼8월에 약충과 성충이 벼 줄기에 구침을 박고 흡즙하여심하면 수확량에 큰 영향을 줌. 주로 논 가장자리에 피해증상이많이 나타나는데 생육초기에 심하게 피해를 받으면 초장이 짧아지고이삭이 나오지 않을 수 있음
⇒ 작은 충격이나 소리에도 볏대 사이나 물속으로 숨어 방제가 어렵기 때문에 논물을 빼고 해질 무렵 등록 약제를 충분히 살포",12호.txt
2025,12,10,2025-09-01,2025-09-30,채소,역병·탄저병·바이러스,주의보,"고추,방울토마토,오이","❍ (바이러스병) 최근 고온으로 인해 진딧물, 총채벌레의 밀도가 높아져서 이들 매개충들이 전파하는 바이러스병 확산이 우려됨
⇒ 오이모자이크바이러스(CMV)를 매개하는 진딧물과 토마토반점위조바이러스(TSWV)의 매개충인 총채벌레의 효율적인 방제는 기작이다른 등록 약제를 선택하여 방제⇒ 바이러스병에 감염되면 방제가 어려우므로 예방 위주로 방제 철저⇒ 바이러스병이 이미 진전된 포장에서는 고추의 주간 부위에서자란 세력이 강한 측지 관리로 고추 수량 확보
❍ (역병) 비가 내린 후 다습한 환경조건에서 발생이 증가하며 토양에있는 병원균이 물을 통하여 전염되는 병으로 일단 발병하면 급속하게 번지고 방제 효과가 낮음
⇒ 병 발생이 많았던 곳은 두둑을 높여 준 후 배수로를 정비하고병든 포기 발견 즉시 제거하여 전염원을 제거하고 비오기 전후등록 약제를 주기적으로 살포
❍ (고추 탄저병) 관찰포 조사 결과 발생비율은 전년 동기 감소한 것으로 확인되고 있으나, 충남 등 전국적으로 발생되고 있어 지속적인 관찰 및 방제 필요
⇒ 병든 과실을 그냥 두거나 이랑사이에 버리면 방제효과는 50%이상 감소하므로 병든 과실은 발견 즉시 매립 또는 소각하며,심하게 발병하면 방제가 어려움으로 예찰과 적기 방제 필요",12호.txt
2025,12,11,2025-09-01,2025-09-30,채소,고랭지 무·배추 무름병·뿌리혹병,주의보,"무,배추","❍ (무름병) 세균에 의한 병으로 온도가 높을 때 많이 발생하며땅과 맞닿은 부분의 잎자루와 줄기부터 발병해서 결구 속까지무르고 부패하게 됨
❍ 고온 다습한 환경이 지속되면서 발생이 증가할 가능성이 높음
⇒ 병원균은 건조에 약하므로 배수와 통풍이 잘 되도록 관리하며약제 방제 시 등록 약제를 본잎이 5∼6매 이후에 7∼10일간격으로 살포하고 땅 닿는 부분까지 약제가 잘 묻도록 처리
❍ (뿌리혹병) 뿌리에 크고 작은 혹이 생기면서 지상부가 말라죽는병으로 주로 사전에 방제를 철저하게 하지 않은 밭에서 발생⇒ 병원균은 물이나 흙을 통하여 이동하므로 물 빠짐이 좋도록배수로를 잘 정비하고 병 발생 후에는 방제가 어려우므로 병든포기는 발견 즉시 제거",12호.txt
2025,12,12,2025-09-01,2025-09-30,채소,씨스트선충류,주의보,배추,"❍ 여름철 고랭지배추 정식이 시작되어, 씨스트선충류에 의한 농작물피해가 증가할 것으로 예상됨
- 씨스트선충류는 십자화과 작물의 뿌리에 기생하는데, 작물의 수분 및영양분의 흡수를 저해하는 등 생육을 방해하여 배추의 경우 크기가작고 결구가 되지 않는 피해 증가⇒ 발생포장에 훈증성 약제 처리 후 비닐피복 또는 답압하고, 4주후피복을 제거하여 가스를 휘산시켜 약해를 방지해야 함
⇒ 씨스트선충류가 배추 뿌리를 가해하지 않도록 배추 정식 전에비훈증성 약제를 처리하고 로터리 작업 실시⇒ 배추 수확 후 포장 내 씨스트선충류 밀도를 낮추기 위해 녹비작물(백겨자, 기름무 등)을 재배하여, 꽃이 피기 전 또는 과실이달리기 전에 토양 환원 작업 실시(6∼8주 소요)",12호.txt
2025,12,13,2025-09-01,2025-09-30,채소,토마토뿔나방,주의보,방울토마토,"❍ 여름철 기온 상승으로 토마토뿔나방 개체 수가 급증함에 따라 시설토마토 피해가 우려되어 철저한 방제 필요
- 토마토뿔나방은 유충이 주로 토마토 잎에 구멍을 뚫고 들어가 내부조직을넓게 갉아 먹으며 과실 속으로도 파고 들어가 피해를 입힘⇒ 발생포장 전체에 등록 농약을 약액이 작물에 충분히 묻을 수있도록 살포하고, 2회 이상 약제살포 시 작용기작이 다른 약제를교호 살포할 것을 권장함, 친환경 재배농가의 경우 교미교란제를정식 초기에 설치하고 유기농업자재를 충분히 살포해야 함",12호.txt
2025,12,14,2025-09-01,2025-09-30,채소,고추 담배나방,주의보,고추,"❍ 관찰포 조사 결과 고온이 지속되면서 발생비율은 전년 동기증가할 것으로 예상되어 지속적인 관찰 및 방제 필요
⇒ 담배나방 등 나방류 유충은 3령이상 자라면 약제저항성이 커져서방제 효과가 떨어지므로 새잎을 중심으로 자세히 살펴보고 발생 초기등록 약제로 방제",12호.txt
2025,12,15,2025-09-01,2025-09-30,채소,"총채벌레류, 응애류, 가루이류",예보,"방울토마토,수박,오이,파프리카","❍ 시설재배 작물에서 꽃노랑총채벌레, 온실가루이, 담배가루이 등이관리 소홀 포장에서 발생하고 있는데 온도가 올라가면 확산 가능성이 있어 주의가 필요함
❍ 시설재배에서 발생하는 해충은 대부분 크기가 작고 연중 발생하고있으나, 발생 초기에 예찰이 어려워 피해를 입는 경우가 많음. 특히이 해충들은 식물체에 직접적인 피해를 줄 뿐만 아니라 그을음병을유발하거나 바이러스병을 전염시켜 작물에 피해를 줌⇒ 이들 해충은 끈끈이트랩 등을 활용하여 주의 깊게 예찰하고 발견즉시 계통이 다른 등록 약제를 바꿔가며 방제
❍ (꽃노랑총채벌레) 총채벌레류가 오이, 파프리카 등에 발생량이 증가하고 있어 방제가 이루어지지 않으면 확산 및 피해가 예상⇒ 황색 끈끈이트랩이나 타락법(흰색 종이를 이용 꽃과 잎을 두드려서 예찰) 등으로 예찰하고, 발생 포장은 초기에 방제⇒ 꽃노랑총채벌레는 번데기 방제용으로 아큐레이퍼응애를 토양에투입하고, 지상부 유충과 성충 방제용으로는 유럽애꽃노린재,지중해이리응애 등 천적을 활용하면 효과적으로 방제가 가능함
❍ (담배가루이, 온실가루이) 남부와 중부지방 수확기에 있는 토마토와하우스수박을 중심으로 밀도 증가가 예상되나 관리가 소홀해질시기로 품질저하 및 다음 작기 재배 작물에 피해가 우려됨
⇒ 수확 완료 시기까지 정밀예찰과 지속적인 방제 및 관리가 필요",12호.txt
2025,12,16,2025-09-01,2025-09-30,채소,진딧물류,예보,고추,"❍ 진딧물류가 고추 등 일부 포장에 발생이 확인되고 있어 기온이 올라가면 급속히 확산되어 피해가 우려됨
⇒ 작물의 신초 부위를 육안으로 관찰하여 예찰하고, 발생포장은초기부터 유효성분과 계통이 다른 약제를 번갈아 가며 방제를 해줌",12호.txt
2025,12,17,2025-09-01,2025-09-30,과수,탄저병,주의보,"단감,복숭아,사과,포도","❍ 사과, 복숭아, 포도, 단감 등에 발생하는 탄저병은 주요 관리 과수병으로병원균은 주로 습기가 많은 기후조건과 25℃ 전후 온도에서 감염이잘 이루어짐
❍ 탄저병에 감염된 과실은 초기에 검정색 작은 반점이 껍질에 나타나며,병이 커질수록 과실 표면이 움푹 들어가면서 과실 내부가 갈색으로변하면서 과실 표면에 많은 분생포자가 생겨 주변 건전한 과실을감염. 특히 장마기나 바람이 많이 부는 날씨에는 분생포자들이이동되는 시기이므로 철저한 관리가 필요
⇒ 지난해에 탄저병이 많이 발생했던 농가는 과원 내에 탄저병균이남아 있을 수 있으므로 탄저병균의 밀도를 줄이기 위해 예방적으로적용 살균제를 살포⇒ 또한 탄저병은 습한 환경조건에서 잘 발생하므로 과원 내 통풍이잘 되게 하고 물 빠짐이 잘 되도록 관리",12호.txt
2025,12,18,2025-09-01,2025-09-30,과수,과수화상병,주의보,사과,"❍ (과수화상병) 세균에 의해 사과, 배나무의 꽃, 잎, 열매, 가지가불에 탓 것과 같이 검게 변하고 서서히 말라죽게 되는데 전염성이높아 사전예방을 위해 사전방제와 과원 및 농자재 관리가 필수⇒ 걸리면 방제가 불가능 하기에 과수원을 청결하게 관리하고 농작업을하는 사람의 과수원 출입 시 사람과 작업도구 등을 수시로 소독⇒ 수시로 예찰을 하고 의심증상 발견 시에는 전국 대표전화(1833-8572)또는 가까운 농업기술센터·농업기술원에 즉시 신고
❍ (과수가지검은마름병) 과수화상병과 증상이 비슷하여 육안으로는구분이 불가하며, 발생 시기와 전파경로, 피해증상이 유사함.",12호.txt
2025,12,19,2025-09-01,2025-09-30,과수,점무늬낙엽병,주의보,,"❍ 과실에서 5~6월부터 과점으로 감염되기 시작하여 8~9월까지 감염되며, 흑색의 작은 반점을 형성하여 병반은 크게 확대되지 않고과실이 성숙하면 병반 주변이 적자색으로 됨
❍ 과실의 감염은 고온다습한 7~8월에 가장 많이 일어나므로 겹무늬썩음병, 갈색무늬병과 동시 방제하는 것이 효과적임",12호.txt
2025,12,20,2025-09-01,2025-09-30,과수,복숭아순나방 ‧ 복숭아심식나방,주의보,"복숭아,사과","❍ (복숭아순나방) 복숭아 관찰포에서 성페로몬트랩조사 결과 전년보다 포획된 마리수는증가하였음
⇒ 피해를 받은 식물체(열매)를 발견하면 즉시제거하여 땅에 묻고 성페로몬 트랩에 유인이많이 된 과원은 등록 약제를 살포
❍ (복숭아심식나방) 복숭아심식나방의 밀도는 예년과 비슷한 수준이지만,심식나방의 발생예찰과 방제에 특별한 주의 필요
❍ 주로 사과의 꽃받침 부분과 과경부에 산란하며, 부화한 유충이 과실을뚫고 들어가 피해를 입힘⇒ 성페로몬트랩을 사과나무에 설치하여 5일 동안 끈끈이판에 10마리이상 포획되면 그로부터 7일 후에 적용 약제를 살포
❍ 성충은 6월 상순에서 8월 상순 사이 1회 성충이 발생하고, 7월 하순부터 9월 상순 사이 2회 성충이 발생, 발생 최성기는 8월 중순경임
⇒ 교미교란제(성페로몬을 이용해 나방류 교미 방해)를 나무 상단부에 걸어복숭아심식나방의 교미를 저해하여 다음 세대의 발생 밀도를 낮춤(A) 복숭아심식나방알; (B) 복숭아심식나방유충; (C) 복숭아심식나방성충;복숭아심식나방 피해로 인한 기형과 (A) 피해 초기, (B),(C) 피해 후기",12호.txt
2025,12,21,2025-09-01,2025-09-30,과수,응애류·노린재류,예보,사과,"❍ (점박이응애) 7∼8월에 많이 발생하며 비가 적을 때 발생이 급증하기 때문에 잎 뒷면을 잘 관찰하여 발생 초기에 방제 필요
⇒ 등록 약제 살포시 잎 뒷면까지 약제가 골고루 묻을 수 있도록방제기의 노즐을 미세하게 조절하여 정밀 살포 방제
❍ (갈색날개노린재, 썩덩나무노린재) 사과 흡즙 주요 노린재류로 성충으로 월동하다가 4∼5월부터 발생을 시작해 7∼8월에 사과 과실에집중적으로 가해⇒ 노린재류가 과원에서 발견되면 심식나방류와 동시에 방제 가능한적용약제를 2∼3회 골고루 살포",12호.txt
2025,12,22,2025-09-01,2025-09-30,과수,새눈무늬병·갈색무늬병,예보,포도,"❍ (포도 새눈무늬병) 잎에서 잎맥이 흑갈색으로 변하고, 진전되면흑색 반점으로 확대되어 구멍이 뚫리며 열매와 가지에서는 초기에흑갈색의 반점이 나타남⇒ 비가 많이 올 때 발생이 많으므로, 병든 부위는 즉시 제거하고봉지 씌우기 전에 등록 약제로 방제
❍ (포도 갈색무늬병, 노균병) 비가 자주 내리고 습도가 높을 때 발생이 많음
⇒ 잎과 과실을 자세히 살펴보아 발생 초기에 등록약제로 잎 뒷면까지방제하되 가능한 비 오기 전․후 방제실시1개월 기상전망            (출처 : 국립농업과학원, 기상청)1개월(2025.09.01.∼09.28.) 전망(기상청, 2025.08.21., 11:00)(기온) 1주, 2주, 3주, 4주는 평년보다 높겠음
(강수량) 1주, 3주는 평년과 비슷하거나 많겠고, 2주는 평년과비슷하겠으며, 4주는 평년보다 많겠음
❍ 1주(9.1∼9.7):기온은평년보다높겠고,강수량은평년과비슷하거나많겠음
❍ 2주(9.8∼9.14):기온은평년보다높겠고,강수량은평년과비슷하겠음
❍ 3주(9.15∼9.21):기온은평년보다높겠고,강수량은평년과비슷하거나많겠음
❍ 4주(9.22∼9.28):기온은평년보다높겠고,강수량은평년보다많겠음
농업지대 지역 평균기온 강수량1주 2주 3주 4주 1주 2주 3주 4주(9.1~9.7) (9.8~9.14) (9.15~9.21)(9.22~9.28) (9.1~9.7) (9.8~9.14) (9.15~9.21)(9.22~9.28)1.태백고냉 대관령 높 음 높 음 높 음 높 음조 금 많 음조 금 많 음조 금 많 음많 음
2.태백준고냉 인제,홍천,제천 높 음 높 음 높 음 높 음조 금 많 음조 금 많 음조 금 많 음많 음
3.소백산간 충주,보은 높 음 높 음 높 음 높 음조 금 많 음비 슷조 금 많 음많 음
4.노령소백산간 임실 높 음 높 음 높 음 높 음조 금 많 음비 슷조 금 많 음많 음
5.영남내륙산간 추풍령,영주,문경 높 음 높 음 높 음 높 음 비 슷 비 슷 비 슷 많 음
6.중북부내륙 춘천,양평 높 음 높 음 높 음 높 음조 금 많 음조 금 많 음조 금 많 음많 음
7.중부내륙 원주,이천 높 음 높 음 높 음 높 음조 금 많 음조 금 많 음조 금 많 음많 음
8.소백서부내륙 청주,대전,금산 높 음 높 음 높 음 높 음조 금 많 음조 금 많 음조 금 많 음많 음
9.노령동서내륙 정읍,남원,거창,산청 높 음 높 음 높 음 높 음조 금 많 음비 슷조 금 많 음많 음
10.호남내륙 광주,순천,장흥 높 음 높 음 높 음 높 음조 금 많 음비 슷조 금 많 음많 음
11.영남분지 대구,의성,구미,영천 높 음 높 음 높 음 높 음 비 슷 비 슷 비 슷 많 음
12.영남내륙 진주,합천,밀양 높 음 높 음 높 음 높 음조 금 많 음비 슷조 금 많 음많 음
13.중서부평야 서울,인천,수원,서산,강화,천안,보령 높 음 높 음 높 음 높 음조 금 많 음조 금 많 음조 금 많 음많 음
14.차 령 남 부 평 야군산,전주,부여,부안 높 음 높 음 높 음 높 음조 금 많 음비 슷조 금 많 음많 음
15.남서해안 목포,완도,해남,고흥 높 음 높 음 높 음 높 음조 금 많 음비 슷조 금 많 음많 음
16.남부해안 부산,통영,여수,거제,남해 높 음 높 음 높 음 높 음조 금 많 음비 슷조 금 많 음많 음
17.동해안북부 속초,강릉 높 음 높 음 높 음 높 음 비 슷 비 슷 비 슷 많 음
18.동해안중부 울진,영덕 높 음 높 음 높 음 높 음 비 슷 비 슷 비 슷 많 음
19.동해안남부 포항,울산 높 음 높 음 높 음 높 음조 금 많 음비 슷조 금 많 음많 음
20.제주 제주,성산,서귀포 높 음 높 음 높 음 높 음조 금 많 음비 슷조 금 많 음많 음
평균 높 음 높 음 높 음 높 음조 금 많 음비 슷조 금 많 음많 음
10일(2025.08.25.~08.31.) 예보(기상청,2025.08.21. 06:00)[기상예보]
❍ (기온) 아침기온은23∼27℃,낮기온은30∼34℃로평년(최저기온19∼23℃,최고기온27∼30℃)보다높겠음
❍(강수) 26일중부지방(강원영동제외)에비가내리겠음",12호.txt
2025,12,23,2025-09-01,2025-09-30,과수,새눈무늬병·갈색무늬병,예보,,"[날씨][최저/최고기온]최근 경과기상과 향후 기상전망[ 기  온 ][ 강 수 량 ]연도별 평균기온
❍ ’25년1월부터8월3주차까지의평균기온은14.0℃로,평년(13.3)보다0.7℃높았음
-’25년8월3주차의평균기온은27.9℃로,평년(25.4)보다2.5℃높았음
기간 1월 2월 3월 4월 5월 6월 7월8월 분석기간1.1~8.20 8.14~8.201주(7.31~8.6)2주(8.7~8.13)3주(8.14~8.20)편차(℃)평균(℃)편차(℃)편차(℃)2025년 0.4 0.0 7.9 13.2 16.9 23.0 27.2 28.1 25.1 27.9 14.0 0.7 27.9 2.52024년 1.4 4.5 7.2 15.1 17.8 22.7 26.4 29.0 28.3 28.2 14.9 1.6 28.2 2.82023년 0.0 3.0 9.7 13.3 18.0 22.4 25.6 28.6 26.2 26.7 14.5 1.2 26.7 1.32022년 -0.2 0.4 8.0 13.9 18.2 22.5 26.1 27.8 26.9 26.2 14.0 0.7 26.2 0.82021년 -0.4 3.9 9.0 13.4 16.9 21.9 26.2 27.7 25.8 24.0 14.1 0.8 24.0 -1.42020년 3.0 3.8 8.0 10.9 17.7 22.7 22.7 26.2 25.8 27.7 13.9 0.6 27.7 2.32019년 0.5 2.6 7.6 12.0 18.5 21.2 24.7 28.3 28.0 26.2 13.8 0.5 26.2 0.82018년 -1.8 0.0 8.2 13.3 17.8 22.1 26.7 29.7 28.4 26.7 13.8 0.5 26.7 1.32017년 0.3 1.8 6.4 13.8 18.6 21.7 26.4 27.7 26.1 24.4 14.0 0.7 24.4 -1.02016년 -0.6 1.9 7.3 13.8 18.5 22.2 25.4 27.5 28.6 28.2 14.0 0.7 28.2 2.82015년 0.8 2.2 6.8 12.7 18.5 21.5 24.3 27.8 26.1 25.0 13.7 0.4 25.0 -0.410년평균 0.3 2.4 7.8 13.2 18.1 22.1 25.5 28.0 27.0 26.3 14.1 0.8 26.3 0.9평년 -0.4 1.7 6.5 12.3 17.5 21.5 24.7 26.6 26.1 25.4 13.3 0.0 25.4 0.0* 10년평균:최근10년(2014∼2023년)동안의강수량의평균** 평년:30년(1991～2020년)동안의강수량의평균***대비:평년의강수량에대한연도별강수량의비율연도별 강수량
❍ ’25년1월부터8월3주차까지의강수량의합은861.4㎜로,평년(940.3)보다
78.9㎜적었음(평년대비91.6%)
-’25년8월3주차의강수량의합은11.6㎜로,평년(55.9)보다44.3㎜적었음
(평년대비20.8%)기간 1월 2월 3월 4월 5월 6월 7월8월 분석기간1.1~8.20 8.14~8.201주(7.31~8.6)2주(8.7~8.13)3주(8.14~8.20)합계(㎜)대비(%)합계(㎜)대비(%)2025년 18.3 21.4 50.4 68.9 124.2 181.1 243.9 63.9 77.8 11.6 861.4 91.6 11.6 20.82024년 36.9 111.4 68.8 87.9 118.4 147.5 361.4 16.6 6.7 22.9 978.5 104.1 22.9 41.02023년 44.9 20.0 30.5 70.2 207.2 210.1 497.0 6.2 132.6 15.7 1231.
4 131.0 15.7 28.12022년 5.0 5.5 89.5 62.7 6.3 181.9 181.9 67.7 133.9 72.7 782.3 83.2 72.7 130.12021년 25.4 23.4 112.1 77.5 138.9 94.7 234.7 45.6 32.6 32.6 810.8 86.2 32.6 58.32020년 85.7 62.1 34.4 44.0 107.4 194.3 422.9 112.2 198.6 11.1 1268.",12호.txt
2025,12,24,2025-09-01,2025-09-30,과수,새눈무늬병·갈색무늬병,예보,"땅콩,벼",9 134.9 11.1 19.92019년 9.7 34.5 42.6 80.8 65.0 151.5 238.3 19.5 42.2 21.0 699.7 74.4 21.0 37.62018년 25.5 36.6 116.2 140.3 135.2 147.2 170.7 11.7 17.7 13.9 814.9 86.7 13.9 24.92017년 18.6 36.0 26.1 72.8 31.0 63.1 297.1 26.4 41.6 117.7 708.6 75.4 117.7 210.62016년 32.9 50.6 62.8 163.2 103.4 76.4 290.8 13.9 8.6 8.0 807.0 85.8 8.0 14.32015년 31.9 31.0 47.8 135.6 70.1 103.3 189.4 5.5 27.7 15.1 657.1 69.9 15.1 27.010년평균 31.7 41.1 63.1 93.5 98.3 137.0 288.4 32.5 64.2 33.1 875.9 93.2 33.1 59.2평년 30.3 37.2 62.7 90.5 107.7 151.0 289.5 56.5 66.6 55.9 940.3 100.0 55.9 100.0*10년평균:최근10년(2014∼2023년)동안의강수량의평균**평년:30년(1991～2020년)동안의강수량의평균***대비:평년의강수량에대한연도별강수량의비율카드뉴스 과수 탄저병 예방 및 관리 요령카드뉴스 여름철 땅콩 성숙기 주요병해충 특징과 관리요령리플릿 벼 먹노린재 피해예방 방법리플릿 콩 병해충 관리기술리플릿 여름철 폭염(고온) 대비 농작물 관리요령리플릿 여 름 철  집 중 호 우·태 풍  대 비  농 작 물  및  농 업 시 설 물  안 전 관 리 요 령리플릿 농업인 온열질환 예방 가이드,12호.txt
2025,13,1,2025-10-01,2025-10-31,식량작물,깨씨무늬병,주의보,,"❍ 깨씨무늬병 조사 결과 충남, 전·남북 지역을 중심으로 전년 대비발생 증가
❍ 잎에 형성된 병원균이 진전되어 이삭까지 감염시키는 병으로수확량 감소·미질 저하 등 피해 유발
❍ 깨씨무늬병이 발생한 포장은 예방을 위해 볏짚을 논에 방치하는것은 지양하고 논에 환원 시 깊이 경운을 하고 습윤 또는 담수상태 유지, 사료용 볏짚으로 사용할 경우 「사료관리법」 및 「사료등의 기준 및 규격」에 따른 잔류농약 허용기준에 적합하게 사용",13호.txt
2025,13,2,2025-10-01,2025-10-31,채소,(무·배추) 뿌리혹병·노균병·바이러스,주의보,"무,배추","❍ 뿌리혹병
- 충남, 경북 지역을 중심으로 발생 증가 경향
- 뿌리에 크고 작은 혹이 생기면서 지상부가 말라죽는 병으로사전에 방제를 철저하게 하지 않은 밭에서 주로 발생⇒ 병원균은 물이나 흙을 통하여 이동하므로 물 빠짐이 좋도록배수로를 잘 정비하고 병 발생 후에는 방제가 어려우므로병든 포기는 발견 즉시 제거
❍ 노균병
- 강원, 전남 지역을 중심으로 발생 증가 경향
- 기온이 낮아지고 비가 자주 내릴 때 발생이 많은 병으로 물 빠짐이나쁘거나 너무 촘촘히 심어 통풍이 나쁜 포장이나 생육 후기에비료기가 떨어지는 포장에서 발생함
⇒ 물 빠짐이 잘되도록 배수로 정비를 잘하고 생육 후기에 비료성분이 떨어지지 않도록 충분히 시비를 해야 함. 또한 병든 포기는제거하고 등록된 약제를 농약안전사용기준에 따라 방제",13호.txt
2025,13,3,2025-10-01,2025-10-31,채소,(마늘․양파) 잎마름병 ․ 흑색썩음균핵병,예보,"마늘,양파","❍ 마늘에 발생되는 잎마름병, 흑색썩음균핵병, 선충, 응애 등은 종구를통해서도 감염되기 때문에, 파종 전에 씨마늘을 적용약제 처리 후그늘에서 말렸다가 파종 전 토양살충제를 토양에 혼합하여 파종
❍ 흑색썩음균핵병
- 전년 대비 올해 마늘 흑색썩음균핵병은 감소하는 추세지만,한지형 마늘은 강원에서 발생 증가
- 상습 발생하는 포장이나 병든 종구를 사용했을 경우 발생이우려되기에 파종(정식) 전 관리 필요
⇒ 병에 걸리지 않은 건전한 종자를 사용하고 파종(정식)전 반드시소독을 실시하며, 지난해에 병이 발생했던 포장은 파종(정식)하기전후에 등록 약제를 토양에 처리하여 병 발생을 예방
❍ 양파 노균병
- 전년 대비 올해 양파 노균병은 감소하는 추세지만, 묘상을통해서 전염될 수 있어 사전 예방이 필요
⇒ 노균병이 발생하지 않은 밭에 묘상을 마련하거나 묘상 자리를토양훈증제를 활용하여 소독한 후 파종",13호.txt
2025,13,4,2025-10-01,2025-10-31,채소,파밤나방 ․담배거세미나방 ․목화바둑명나방,예보,"배추,오이","❍ (파밤나방, 담배거세미나방) 나방류가 피해를 주고 있는 무, 배추등 채소류와 밭작물 포장에서는 새잎을 중심으로 잘 살펴보아발생이 확인되면 초기에 방제
❍ (목화바둑명나방) 오이 등 박과류 일부 시설재배지에서 발생하는데, 잎 뒷면을 갉아먹어 불규칙한 구멍을 내고 심하면 잎줄기만 남김. 때로는 열매를 가해하여 상품 가치를 저하시키기도하여 주의가 필요
⇒ 나방류의 애벌레는 자라면(3령 이상) 약제에 대한 내성이 커져서방제 효과가 많이 떨어지므로 초기에 방제하고 계통이 서로 다른약제를 번갈아 살포",13호.txt
2025,13,5,2025-10-01,2025-10-31,채소,"총채벌레․응애․진딧물, 작은뿌리파리 등",예보,"감자,딸기,방울토마토,오이,파프리카","❍ 시설작물에 오이총채벌레, 꽃노랑총채벌레, 아메리카잎굴파리등과 딸기의 점박이응애나 진딧물 등 해충 발생 우려⇒ 총채벌레는 토마토반점위조바이러스를 전염시키는 해충으로 최근발생이 증가 추세이므로 시설 내부로 유입되지 않도록 유의⇒ 이들 해충은 일단 발생 되면 방제가 어려우므로 방충망을 설치하는 등 시설 안으로 들어오지 못하도록 막고, 크기가 작아 발생여부를 알기 어려우므로 끈끈이 트랩을 매달아 주의 깊게 관찰⇒ 해충에 따라 발생 초기에 천적을 투입하거나 등록 약제로 방제하고, 약제살포 시에는 안전사용기준을 지켜 계통이 다른 약제를바꾸어 가면서 살포
❍ (꽃노랑총채벌레) 총채벌레류가 오이, 파프리카 등에 발생량이 증가하고 있어 방제가 이루어지지 않으면 확산 및 피해가 예상⇒ 끈끈이트랩이나 타락법(흰색 종이를 이용 꽃과 잎을 두드려서예찰) 등으로 예찰하고, 발생 포장은 초기에 방제⇒ 꽃노랑총채벌레는 번데기 방제용으로 총채가시응애를 토양에투입하고, 지상부 유충과 성충 방제용으로는 애꽃노린재, 지중해이리응애 등 천적을 활용하면 효과적으로 방제가 가능함
❍ (작은뿌리파리) 밭작물, 채소 등에서 전 생육기간 동안 발생하며,성충은 유기물이 풍부한 상토 또는 양액 육묘의 암면 큐브 위이끼에 산란하고 부화유충은 지제부와 뿌리에 해를 입혀 시들음
병이나 청고병과 같은 지상부 시들음 증상을 유발⇒ 유충은 감자 절편에 잘 유인되기 때문에 깍두기 모양의 크기로절단하여 작물의 뿌리 주변에 놓아두면 발생여부와 발생량을예찰할 수 있음
⇒ 노란색 끈끈이 트랩을 지상부 50㎝ 이하에 설치해 두면 성충발생 여부와 발생량 예찰에 도움이 됨",13호.txt
2025,13,6,2025-10-01,2025-10-31,과수,과수화상병,주의보,"사과,장미","❍ 과수화상병
- 과수화상병은 세균병으로 사과, 배, 모과 등 장미과 식물의 꽃,잎, 가지, 열매, 줄기 등이 마치 불에 탄 것처럼 조직이 마르는병으로 병원균은 묘목, 곤충, 비바람, 전정도구, 농작업자 등에 의해전염되어 5월 초순부터 증가하다가 고온기(32℃ 이상)에서 감소함
⇒ 농작업 시 사용되는 작업복, 장갑, 전정가위, 톱 등의 도구는반드시 세탁·소독·교체 후 사용하고 전정 시 나무마다 소독⇒ 과원 경작 농가 또는 작업자는 시·군에서 주관하는 과수화상병 교육 필수 이수(1회 이상/년)⇒ 농가는 농작업자에게 소독 이행사항 등을 교육하고 작업자이력 등을 반드시 확인하고 영농일지에 기록⇒ 과수 재배 전기간 동안 ‘과수화상병 전문가 진단 앱’ 활용 등상시적 예찰 실시, 과수 화상병 의심주는 발견 즉시 시·군 농업기술센터로 우선 신고하고 병균의 밀도가 낮아 진단되지 않더라도 갈변 궤양은 끝에서 40~70cm 아래를 절단․제거사과나무병징엽맥따라갈색병반형성 신초마름병징(지팡이모양) 과실 줄기 병징배나무병징꽃전체가시들고마름 신초마름병징(지팡이모양) 과실 줄기 병징",13호.txt
2025,13,7,2025-10-01,2025-10-31,과수,탄저병,주의보,"단감,복숭아,사과,포도","❍ 사과, 복숭아, 포도, 단감 등에 발생하는 탄저병은 주요 관리 과수병으로병원균은 주로 습기가 많은 기후조건과 25℃ 전후 온도에서 감염이잘 이루어짐
❍ 탄저병에 감염된 과실은 초기에 검정색 작은 반점이 껍질에 나타나며,병이 커질수록 과실 표면이 움푹 들어가면서 과실 내부가 갈색으로변하면서 과실 표면에 많은 분생포자가 생겨 주변 건전한 과실을감염. 특히 장마기나 바람이 많이 부는 날씨에는 분생포자들이이동되는 시기이므로 철저한 관리가 필요
⇒ 지난해에 탄저병이 많이 발생했던 농가는 과원 내에 탄저병균이남아 있을 수 있으므로 탄저병균의 밀도를 줄이기 위해 예방적으로적용 살균제를 살포⇒ 또한 탄저병은 습한 환경조건에서 잘 발생하므로 과원 내 통풍이잘 되게 하고 물 빠짐이 잘 되도록 관리",13호.txt
2025,13,8,2025-10-01,2025-10-31,과수,"노린재류, 주경배나무이",예보,,"❍ (노린재류) 톱다리개미허리노린재, 썩덩나무노린재 및 갈색날개노린재 등의 밀도가 증가하여 수확기까지 지속적인 가해가 우려⇒ 집합페로몬 트랩을 이용하여 톱다리개미허리노린재, 썩덩나무노린재, 갈색날개노린재를 효과적으로 포획할 수 있으며, 과원으로부터 15m이상 떨어진 곳에 트랩을 설치하고, 밀도가 높으면 등록약제를 오전 또는 해질무렵 과원 경계 지역을 더 집중적으로 살포
❍ (주경배나무이) 발생이 많았던 과수원에서는 수확 후 낙엽이 지기 전에 방제",13호.txt
2025,13,9,2025-10-01,2025-10-31,과수,"갈색날개매미충, 미국선녀벌레, 꽃매미",주의보,,"❍ 과수원의 갈색날개매미충, 미국선녀벌레, 꽃매미 성충기 발생조사 결과. 개체수가 전년 대비 증가한 것으로 조사되었으며, 약충기방제가 소홀했던 과수원과 주변 산림은 밀도가 늘어날 것으로예상되므로 발생 과수원과 인접 산림 등에 대한 철저한 방제가 필요
⇒ 수확이 끝난 과수원에서도 밀도가 높을 경우에는 산란 전에 약제 방제1개월 기상전망            (출처 : 국립농업과학원, 기상청)1개월(2025.10.20.~11.16.) 전망(기상청,2025.10.09.,11:00)(기온) 기 온 은  1주, 4주 는  평 년 과  비 슷 하 거 나  낮 겠 고, 2주, 3주 는  평 년 과  비 슷 하 거 나  높 겠 음
(강수량) 강 수 량 은  1주, 4주 는  평 년 과  비 슷 하 겠 고, 2주, 3주 는  평 년 과  비 슷 하 거 나  많 겠 음
❍ 1주(10.20∼10.26):기온은평년과비슷하거나낮겠고,강수량은평년과비슷하겠음
❍ 2주(10.27∼11.2):기온은평년과비슷하거나높겠고,강수량은평년과비슷하거나많겠음
❍ 3주(11.3∼11.9):기온은평년과비슷하거나높겠고,강수량은평년과비슷하거나많겠음
❍ 4주(11.10∼11.16): 기온은평년과비슷하거나낮겠고,강수량은평년과비슷하겠음
농업지대 지역평균기온 강수량1주 2주 3주 4주 1주 2주 3주 4주(10.20~10.26)(10.27~11.2)(11.3~11.9)(11.10~11.16)(10.20~10.26)(10.27~11.2)(11.3~11.9)(11.10~11.16)1.태백고냉 대관령 낮음 조금높음조금높음조금낮음 비슷 비슷 비슷 비슷2.태백준고냉 인제,홍천,제천 낮음 조금높음조금높음조금낮음 비슷 비슷 비슷 비슷3.소백산간 충주,보은 낮음 조금높음조금높음조금낮음 비슷 조금많음조금많음 비슷4.노령소백산간 임실 조금낮음조금높음조금높음조금낮음 비슷 조금많음조금많음조금많음
5.영남내륙산간 추풍령,영주,문경 조금낮음조금높음조금높음 비슷 조금많음조금많음조금많음 비슷6.중북부내륙 춘천,양평 낮음 조금높음조금높음조금낮음 비슷 비슷 비슷 비슷7.중부내륙 원주,이천 낮음 조금높음조금높음조금낮음 비슷 비슷 비슷 비슷8.소백서부내륙 청주,대전,금산 낮음 조금높음조금높음조금낮음 비슷 조금많음조금많음조금많음
9.노령동서내륙 정 읍,남 원,거 창,산 청조금낮음조금높음조금높음조금낮음 비슷 조금많음조금많음조금많음
10.호남내륙 광주,순천,장흥 조금낮음조금높음조금높음조금낮음조금많음조금많음조금많음조금많음
11.영남분지 대구,의성,구미,영천 조금낮음조금높음조금높음 비슷 조금많음조금많음조금많음 비슷12.영남내륙 진주,합천,밀양 조금낮음조금높음조금높음 비슷 조금많음조금많음조금많음 비슷13.중서부평야 서울,인천,수원,서 산,강 화,천 안,보 령낮음 조금높음조금높음조금낮음 비슷 비슷 비슷 비슷14. 차령남부평야 군 산,전 주,부 여,부 안조금낮음조금높음조금높음조금낮음 비슷 조금많음조금많음조금많음
15.남서해안 목 포,완 도,해 남,고 흥조금낮음조금높음조금높음조금낮음조금많음조금많음조금많음조금많음
16.남부해안 부산,통영,여수,거제,남해 조금낮음조금높음조금높음 비슷 조금많음조금많음조금많음 비슷17.동해안북부 속초,강릉 조금낮음조금높음조금높음 비슷 조금많음 비슷 비슷 비슷18.동해안중부 울진,영덕 조금낮음조금높음조금높음 비슷 조금많음조금많음조금많음 비슷19.동해안남부 포항,울산 조금낮음조금높음조금높음 비슷 조금많음조금많음조금많음 비슷20.제주 제주,성산,서귀포조금낮음조금높음조금높음조금낮음조금많음조금많음조금많음조금많음
평균 조금낮음조금높음조금높음조금낮음 비슷 조금많음조금많음 비슷10일(2024.09.29.∼10.06.) 예보(기상청,2024.09.26.,06:00)[기상예보]
❍ (기온)아침기온은8~21℃로평년(7~15℃)보다 높겠고, 낮기온은17일까지 20~26℃로 평년(19~23℃)보다 조금 높겠으나, 18일부터 17~24℃로평년과 비슷하겠음
❍ (강수) 14일 전국, 15일강원영동과남부지방, 제주도, 16일강원영동과제주도에비가내리겠음",13호.txt
2025,13,10,2025-10-01,2025-10-31,과수,"갈색날개매미충, 미국선녀벌레, 꽃매미",주의보,,"[날씨][최저 /최고기온 ]최근 경과기상과 향후 기상전망[ 기  온 ][ 강 수 량 ]연도별 평균기온
❍ ‘25년1월부터10월2주차까지의평균기온은15.7℃로,평년(14.6)보다1.1℃높았음
-’25년10월2주차의평균기온은20.6℃로,평년(17.0)보다3.6℃높았음
기간 1월 2월 3월 4월 5월 6월 7월 8월 9월10월 분석기간1.1~10.8 10.2~10.81주( 9 .2 5 ~ 1 0 .1 )2주(1 0 .2 ~ 1 0 .8 )평균(℃)편차(℃)평균(℃)편차(℃)2025년 0.4 0.0 7.9 13.2 16.9 23.0 27.2 27.3 23.3 21.0 20.6 15.7 1.1 20.6 3.62024년 1.4 4.5 7.2 15.1 17.8 22.7 26.4 28.1 24.9 21.7 16.2 16.5 1.9 16.2 -0.82023년 0.0 3.0 9.7 13.3 18.0 22.4 25.6 26.6 22.8 20.7 16.4 15.8 1.2 16.4 -0.62022년 -0.2 0.4 8.0 13.9 18.2 22.5 26.1 25.5 21.3 18.9 17.9 15.3 0.7 17.9 0.92021년 -0.4 3.9 9.0 13.4 16.9 21.9 26.2 25.0 21.7 20.9 21.4 15.5 0.9 21.4 4.42020년 3.0 3.8 8.0 10.9 17.7 22.7 22.7 26.6 20.4 18.3 16.9 15.2 0.6 16.9 -0.12019년 0.5 2.6 7.6 12.0 18.5 21.2 24.7 26.1 21.8 21.2 18.9 15.2 0.6 18.9 1.92018년 -1.8 0.0 8.2 13.3 17.8 22.1 26.7 27.2 20.5 17.5 16.9 15.1 0.5 16.9 -0.12017년 0.3 1.8 6.4 13.8 18.6 21.7 26.4 25.5 20.6 19.1 18.4 15.2 0.6 18.4 1.42016년 -0.6 1.9 7.3 13.8 18.5 22.2 25.4 26.7 21.7 20.4 19.9 15.4 0.8 19.9 2.92015년 0.8 2.2 6.8 12.7 18.5 21.5 24.3 25.2 20.5 19.9 17.0 14.9 0.3 17.0 0.010년평균 0.3 2.4 7.8 13.2 18.1 22.1 25.5 26.3 21.6 19.9 18.0 15.4 0.8 18.0 1.0평년 -0.4 1.7 6.5 12.3 17.5 21.5 24.7 25.4 20.8 18.5 17.0 14.6 0.0 17.0 0.0*10년평균:최근10년(2014∼2023년)동안의평균기온의평균**평년:30년(1991～2020년)동안의평균기온의평균***편차:평년의평균기온에대한연도별평균기온의차이연도별 강수량
❍ ‘25년 1월부터 10월 2주차까지의 강수량의 합은 1,192.6㎜로, 평년(1,235.4)보다42.8㎜적었음(평년대비96.5%)
- ’25년10월2주차의강수량의합은65.5㎜로,평년(23.7)보다41.8㎜많았음",13호.txt
2025,13,11,2025-10-01,2025-10-31,과수,"갈색날개매미충, 미국선녀벌레, 꽃매미",주의보,,(평년대비276.4%)기간 1월 2월 3월 4월 5월 6월 7월 8월 9월10월 분석기간1.1~10.8 10.2~10.81주( 9 .2 5 ~ 1 0 .1 )2주(1 0 .2 ~ 1 0 .8 )합계(㎜)대비(%)합계(㎜)대비(%)2025년 18.3 21.4 50.4 68.9 124.2181.1243.9181.1237.4 32.2 65.5 1192.6 96.5 65.5 276.42024년 36.9 111.4 68.8 87.9 118.4147.5361.4 82.9 241.4 3.9 11.5 1269.4102.8 11.5 48.52023년 44.9 20.0 30.5 70.2 207.2210.1497.0286.3196.9 23.9 4.2 1567.4126.9 4.2 17.72022년 5.0 5.5 89.5 62.7 6.3 181.9181.9304.3159.1 0.0 60.5 1056.6 85.5 60.5 255.32021년 25.4 23.4 112.1 77.5 138.9 94.7 234.7291.0167.8 30.7 10.5 1177.0 95.3 10.5 44.32020년 85.7 62.1 34.4 44.0 107.4194.3422.9397.8226.0 3.7 3.1 1577.8127.7 3.1 13.12019년 9.7 34.5 42.6 80.8 65.0 151.5238.3143.6241.3 18.1 141.71159.8 93.9 141.7 597.92018년 25.5 36.6 116.2140.3135.2147.2170.7291.7157.4 6.3 142.31364.1110.4 142.3 600.42017년 18.6 36.0 26.1 72.8 31.0 63.1 297.1239.0100.6 43.6 33.3 940.7 76.1 33.3 140.52016년 32.9 50.6 62.8 163.2103.4 76.4 290.8 86.1 209.6 37.0 106.81185.3 95.9 106.8 450.62015년 31.9 31.0 47.8 135.6 70.1 103.3189.4117.5 68.3 45.1 0.1 834.8 67.6 0.1 0.410년평균 31.7 41.1 63.1 93.5 98.3 137.0288.4224.0176.8 21.2 51.4 1213.3 98.2 51.4 216.9평년 30.3 37.2 62.7 90.5 107.7151.0289.5276.7161.1 26.8 23.7 1235.4100.0 23.7 100.0*10년평균:최근10년(2014∼2023년)동안의강수량의평균**평년:30년(1991～2020년)동안의강수량의평균***대비:평년의강수량에대한연도별강수량의비율카드뉴스 과수 탄저병 예방 및 관리 요령리플릿 콩 병해충 관리기술,13호.txt
2025,14,1,2025-11-01,2025-11-30,채소,흰가루병,예보,"딸기,멜론,오이","❍ 분생포자에 의해 공기로 전염되며 건조하면서 일교차가 심하고15∼28℃에서 많이 발생하는데 11월 기온의 변화가 클 것으로예상되어 오이, 멜론, 딸기 등에 발생 증가가 우려됨
⇒ 일사량이 부족하고 비료기가 많은 조건에서 발생이 많으므로질소질 비료를 알맞게 주며, 병든 잎과 과실은 신속히 제거하고발생 초기에 등록 약제로 방제",14호.txt
2025,14,2,2025-11-01,2025-11-30,채소,잿빛곰팡이병,예보,"딸기,오이","❍ 시설내의 온도가 낮고(20℃ 전후) 습도가 높은 조건이 오래 지속되면 발생이 증가하는데 오이, 딸기 등 일부 작물에서 발생하고있어 주의가 필요함
⇒ 환기를 통해 시설 내의 습도를 낮추어 주되 보온에 유의하고,병이 발생되면 급속하게 번지는 특성이 있으므로 병든 식물을제거하고 발생 초기에 등록약제로 방제하되 내성이 잘 생기므로계통이 다른 등록약제를 교호로 살포",14호.txt
2025,14,3,2025-11-01,2025-11-30,채소,노균병,예보,,"❍ 노균병 조사 결과 강원, 전·남북 지역을 중심으로 발생 증가 경향
❍ 기온이 낮아지고 비가 자주 내릴 때 발생이 많은 병으로 물 빠짐이나쁘거나 너무 촘촘히 심어 통풍이 나쁜 포장이나 생육 후기에비료기가 떨어지는 포장에서 발생함
⇒ 물 빠짐이 잘되도록 배수로 정비를 잘하고 생육 후기에 비료성분이 떨어지지 않도록 충분히 시비를 해야 함. 또한 병든 포기는제거하고 등록된 약제를 농약안전사용기준에 따라 방제",14호.txt
2025,14,4,2025-11-01,2025-11-30,채소,토마토반점위조바이러스(TSWV),예보,"고추,방울토마토,파프리카","❍ 총채벌레가 전염시키는 바이러스 병으로 파프리카, 고추, 토마토등 시설재배지에서 이들 매개충이 꾸준히 발생하고 있으며, 방제시기를 놓칠 경우 피해가 커지기 때문에 초기 예방이 중요
⇒ 병에 걸린 식물을 발견하면 즉시 제거하여 병이 확산되는 것을 예방",14호.txt
2025,14,5,2025-11-01,2025-11-30,채소,토마토황화잎말림병(TYLCV),예보,방울토마토,"❍ 가지과 작물에서 담배가루이가 병을 매개하므로 육묘 단계부터정식 초기에 예찰을 강화하여 감염여부를 판단하고 정식 후에는잎 뒷면과 포장주위를 살펴보아 담배가루이를 철저히 방제⇒ 병을 전염시키는 담배가루이의 세대 기간이 짧아 연간 발생 횟수가많으므로 방충망을 설치하여 시설 안으로 담배가루이가 들어오는것을 막고 발생 초기에 등록약제로 방제하는 등 철저한 관리로병이 확산되는 것을 예방⇒ 발생된 시설재배 농가 주변지역은 담배가루이의 기주식물이 되는잡초와 병에 걸린 식물은 뽑아서 제거※ 기주식물 : 큰개불알풀, 광대나물, 별꽃,큰망초, 쑥, 머위",14호.txt
2025,14,6,2025-11-01,2025-11-30,채소,총채벌레류․가루이류․진딧물류․응애류․작은뿌리파리,예보,"감자,고추,딸기,방울토마토,오이","❍ 시설작물에 오이총채벌레, 꽃노랑총채벌레, 아메리카잎굴파리등과 딸기의 점박이응애나 진딧물 등 해충 발생 우려⇒ 총채벌레는 토마토반점위조바이러스를 전염시키는 해충으로 최근발생이 증가 추세이므로 시설 내부로 유입되지 않도록 유의⇒ 이들 해충은 일단 발생 되면 방제가 어려우므로 방충망을 설치하는 등 시설 안으로 들어오지 못하도록 막고, 크기가 작아 발생여부를 알기 어려우므로 끈끈이 트랩을 매달아 주의 깊게 관찰⇒ 해충에 따라 발생 초기에 천적을 투입하거나 등록 약제로 방제하고, 약제살포 시에는 안전사용기준을 지켜 계통이 다른 약제를바꾸어 가면서 살포
❍ (꽃노랑총채벌레) 총채벌레류는 오이, 고추, 토마토 등 시설 내에서연중 발생하는 해충으로 방제시기를 놓칠 경우 바이러스병을 전염시켜 큰 피해를 주는 해충임
⇒ 끈끈이트랩이나 타락법(흰색 종이를 이용 꽃과 잎을 두드려서예찰) 등으로 예찰하고, 발생 포장은 초기에 방제⇒ 꽃노랑총채벌레는 번데기 방제용으로 총채가시응애를 토양에투입하고, 지상부 유충과 성충 방제용으로는 애꽃노린재, 지중해이리응애 등 천적을 활용하면 효과적으로 방제가 가능함
❍ (가루이류·진딧물류) 온실가루이와 담배가루이는 가지과 작물에서, 진딧물은 엽채류와 과채류에서 주로 발생하며 식물체의즙액을 빨아먹는 직접적인 피해뿐만 아니라 그을음병과 바이러스병 등을 유발함
❍ (응애류) 작물이 피해를 받으면 잎이 누렇게 변하여 말라 죽게 됨
⇒ 이들 해충은 일단 발생하면 방제가 어려우므로 방충망을 설치하는등 시설 안으로 들어오지 못하도록 막고, 크기가 작아 발생을 알아보기가 어려우므로 끈끈이 트랩을 매달아 주의 깊게 살펴봄⇒ 해충에 따라 발생초기 천적을 투입하거나 등록약제로 방제하고,약제 살포 시에는 안전사용기준을 지키고 계통이 다른 약제로바꾸어 가면서 살포하여 저항성 유발을 최소화
❍ (작은뿌리파리) 밭작물, 채소 등에서 전 생육기간 동안 발생하며,성충은 유기물이 풍부한 상토 또는 양액 육묘의 암면 큐브 위이끼에 산란하고 부화유충은 지제부와 뿌리에 해를 입혀 시들음
병이나 청고병과 같은 지상부 시들음 증상을 유발⇒ 유충은 감자 절편에 잘 유인되기 때문에 깍두기 모양의 크기로절단하여 작물의 뿌리 주변에 놓아두면 발생여부와 발생량을예찰할 수 있음
⇒ 노란색 끈끈이 트랩을 지상부 50㎝ 이하에 설치해 두면 성충발생 여부와 발생량 예찰에 도움이 됨",14호.txt
2025,14,7,2025-11-01,2025-11-30,채소,(당근) 검은잎마름병,예보,당근,"❍ 당근 검은잎마름병 병원균은 분생포자를 형성하여 공기 전염되므로 비가 많이 오고 잎이 무성한 곳에서 잘 확산됨
⇒ 생육 중에 양분이 부족하지 않도록 주의하고, 등록약제를 발생초기부터 살포함",14호.txt
2025,14,8,2025-11-01,2025-11-30,채소,"(무․배추) 뿌리혹병, 무름병",주의보,"배추,벼","❍ 뿌리혹병
- 뿌리혹병 조사 결과 충남, 전북, 전남 지역을 중심으로 발생증가 경향
- 뿌리에 크고 작은 혹이 생기면서 지상부가 말라죽는 병으로사전에 방제를 철저하게 하지 않은 밭에서 주로 발생⇒ 병원균은 물이나 흙을 통하여 이동하므로 물 빠짐이 좋도록배수로를 잘 정비하고 병 발생 후에는 방제가 어려우므로병든 포기는 발견 즉시 제거
❍ 무름병
- 무름병 조사 결과 경기, 충·남북, 전·남북 등 주산지역 중심으로 발생 증가 경향 나타나며, 결구기∼수확기 잦은 강우와높은 기온의 영향으로 발생 증가
- 무름병은 세균에 의한 병으로 온도가 높고 비가 자주 오는 기상환경과 이어짓기에 의해 토양내 병원균 밀도가 증가할 경우 발생이 많음. 올해 무름병 발생이 많았던 포장은 벼과나 콩과작물로 돌려짓기를 해야 하며, 수확 후 병든 식물체가 남지않도록 재배지 관리가 중요함",14호.txt
2025,14,9,2025-11-01,2025-11-30,채소,(토마토) 토마토뿔나방,주의보,방울토마토,"❍ 가을작기 토마토의 경우 수확시기가 가까워짐에 따라 토마토 피해가우려되므로 철저한 방제 필요
- 토마토뿔나방은 유충이 주로 토마토 잎에 구멍을 뚫고 들어가 내부조직을 넓게 갉아 먹으며 과실 속으로도 파고 들어가 피해를 입힘⇒ 발생포장 전체에 등록 농약을 약액이 작물에 충분히 묻을 수있도록 살포하고, 2회 이상 약제살포 시 작용기작이 다른 약제를교호 살포할 것을 권장함, 친환경 재배농가의 경우 교미교란제를정식 초기에 설치하고 유기농업자재를 충분히 살포해야 함",14호.txt
2025,14,10,2025-11-01,2025-11-30,과수,과수화상병,주의보,"사과,장미","❍ 과수화상병
- 과수화상병은 세균병으로 사과, 배, 모과 등 장미과 식물의 꽃,잎, 가지, 열매, 줄기 등이 마치 불에 탄 것처럼 조직이 마르는 병으로 병원균은 묘목, 곤충, 비바람, 전정도구, 농작업자 등에 의해전염되어 5월 초순부터 증가하다가 고온기(32℃ 이상)에서 감소함
⇒ 농작업 시 사용되는 작업복, 장갑, 전정가위, 톱 등의 도구는반드시 세탁·소독·교체 후 사용하고 전정 시 나무마다 소독⇒ 과원 경작 농가 또는 작업자는 시·군에서 주관하는 과수화상병 교육 필수 이수(1회 이상/년)⇒ 농가는 농작업자에게 소독 이행사항 등을 교육하고 작업자이력 등을 반드시 확인하고 영농일지에 기록⇒ 과수 재배 전기간 동안 ‘과수화상병 전문가 진단 앱’ 활용 등상시적 예찰 실시, 과수 화상병 의심주는 발견 즉시 시·군 농업기술센터로 우선 신고하고 병균의 밀도가 낮아 진단되지 않더라도 갈변 궤양은 끝에서 40~70cm 아래를 절단․제거사과나무병징엽맥따라갈색병반형성 신초마름병징(지팡이모양) 과실 줄기 병징배나무병징꽃전체가시들고마름 신초마름병징(지팡이모양) 과실 줄기 병징",14호.txt
2025,14,11,2025-11-01,2025-11-30,과수,탄저병,주의보,"단감,복숭아,사과,포도","❍ 사과, 복숭아, 포도, 단감 등에 발생하는 탄저병은 주요 관리 과수병으로병원균은 주로 습기가 많은 기후조건과 25℃ 전후 온도에서 감염이잘 이루어짐
❍ 탄저병에 감염된 과실은 초기에 검정색 작은 반점이 껍질에 나타나며,병이 커질수록 과실 표면이 움푹 들어가면서 과실 내부가 갈색으로변하면서 과실 표면에 많은 분생포자가 생겨 주변 건전한 과실을감염. 특히 장마기나 바람이 많이 부는 날씨에는 분생포자들이이동되는 시기이므로 철저한 관리가 필요
⇒ 지난해에 탄저병이 많이 발생했던 농가는 과원 내에 탄저병균이남아 있을 수 있으므로 탄저병균의 밀도를 줄이기 위해 예방적으로적용 살균제를 살포⇒ 또한 탄저병은 습한 환경조건에서 잘 발생하므로 과원 내 통풍이잘 되게 하고 물 빠짐이 잘 되도록 관리1개월 기상전망            (출처 : 국립농업과학원, 기상청)1개월(2025.11.10.~12.07.) 전망(기상청, 2025.10.30., 11:00)(기온) 1주, 3주 는  평 년 과  비 슷 하 거 나  높 겠 고, 2주 는  평 년 보 다  높 겠 고, 4주 는  평 년 과  비 슷 하 겠 음
(강수량) 1주, 4주는 비슷하거나 적겠고, 2주, 3주는 평년과 비슷하겠음
❍ 1주(11.10∼11.16):기온은평년과비슷하거나높겠고,강수량은평년과비슷하거나적겠음
❍ 2주(11.17∼11.23):기온은평년보다높겠고,강수량은평년과비슷하겠음
❍ 3주(11.24∼11.30):기온은평년과비슷하거나높겠고,강수량은평년과비슷하겠음
❍ 4주(11.31∼12.7): 기온은평년과비슷하겠고,강수량은평년과비슷하거나적겠음
농업지대 지역 평균기온 강수량1주 2주 3주 4주 1주 2주 3주 4주(11.10~11.16)(11.17~11.23)(11.24~11.30)(12.1~12.7)(11.10~11.16)(11.17~11.23)(11.24~11.30)(12.1~12.7)1.태백고냉 대관령 비 슷 높 음조 금 높 음조 금 낮 음비 슷 비 슷 비 슷조 금 적 음
2.태백준고냉 인제,홍천,제천 비 슷 높 음조 금 높 음조 금 낮 음비 슷 비 슷 비 슷조 금 적 음
3.소백산간 충주,보은 조 금 높 음높 음조 금 높 음조 금 낮 음조 금 적 음비 슷 비 슷조 금 적 음
4.노령소백산간 임실 조 금 높 음높 음조 금 높 음비 슷조 금 적 음조 금 많 음비 슷 비 슷5.영남내륙산간 추풍령,영주,문경 조 금 높 음높 음조 금 높 음비 슷조 금 적 음조 금 많 음비 슷조 금 적 음
6.중북부내륙 춘천,양평 비 슷 높 음조 금 높 음조 금 낮 음비 슷 비 슷 비 슷조 금 적 음
7.중부내륙 원주,이천 비 슷 높 음조 금 높 음조 금 낮 음비 슷 비 슷 비 슷조 금 적 음
8.소백서부내륙 청주,대전,금산 조 금 높 음높 음조 금 높 음비 슷조 금 적 음비 슷 비 슷 비 슷9.노령동서내륙 정읍,남원,거창,산청 조 금 높 음높 음조 금 높 음비 슷조 금 적 음조 금 많 음비 슷 비 슷10.호남내륙 광주,순천,장흥 조 금 높 음높 음조 금 높 음비 슷조 금 적 음조 금 많 음비 슷 비 슷11.영남분지 대구,의성,구미,영천 조 금 높 음높 음조 금 높 음비 슷조 금 적 음조 금 많 음비 슷조 금 적 음
12.영남내륙 진주,합천,밀양 조 금 높 음높 음조 금 높 음비 슷조 금 적 음조 금 많 음비 슷조 금 적 음
13.중서부평야서울,인천,수원,서산,강화,천안,보령비 슷 높 음조 금 높 음조 금 낮 음비 슷 비 슷 비 슷조 금 적 음
14.차령남부평야군산,전주,부여,부안 조 금 높 음높 음조 금 높 음비 슷조 금 적 음조 금 많 음비 슷 비 슷15.남서해안 목포,완도,해남,고흥 조 금 높 음높 음조 금 높 음비 슷조 금 적 음조 금 많 음비 슷 비 슷16.남부해안 부산,통영,여수,거제,남해 조 금 높 음높 음조 금 높 음비 슷조 금 적 음조 금 많 음비 슷조 금 적 음
17.동해안북부 속초,강릉 조 금 높 음높 음조 금 높 음비 슷조 금 적 음비 슷 비 슷조 금 적 음
18.동해안중부 울진,영덕 조 금 높 음높 음조 금 높 음비 슷조 금 적 음조 금 많 음비 슷조 금 적 음",14호.txt
2025,14,12,2025-11-01,2025-11-30,과수,탄저병,주의보,,"19.동해안남부 포항,울산 조 금 높 음높 음조 금 높 음비 슷조 금 적 음조 금 많 음비 슷조 금 적 음
20.제주 제주,성산,서귀포 조 금 높 음높 음조 금 높 음비 슷조 금 적 음조 금 많 음비 슷 비 슷평균 조 금 높 음높 음조 금 높 음비 슷조 금 적 음비 슷 비 슷조 금 적 음
10일(2025.11.03.~11.09.) 예보(기상청, 2025.10.30., 06:00)[기상예보]
❍ (기온) 11월 3일～4일 아침 기온은 1~12℃, 낮 기온은 12~21℃로 평년(최저기온 3~11℃, 최고기온 13~20℃)과 비슷하거나 조금 낮겠고, 11월 5일~9일 아침 기온은 6~14℃, 낮 기온은 14~21℃로 평년과 비슷하거나조금 높겠음
❍ (강수) 11월 5일 오전 제주도에 비가 내리겠음
[날씨][최저 /최고기온 ]최근 경과기상과 향후 기상전망[ 기  온 ][ 강 수 량 ]연도별 평균기온
❍ ’25년1월부터10월5주차까지의평균기온은15.8℃로,평년(14.6)보다1.2℃높았음
-’25년10월5주차의평균기온은12.4℃로,평년(12.5)보다0.1℃낮았음",14호.txt
2025,14,13,2025-11-01,2025-11-30,과수,탄저병,주의보,,"기 간 1월 2월 3월 4월 5월 6월 7월 8월 9월10월 분석기간1.1~10.29 10.23~10.291주(9 .2 5 ~ 1 0 .1 )2주(1 0 .2 ~ 1 0 .8 )3주( 1 0 . 9 ~ 1 0 . 1 5 )4주(1 0 .1 6 ~ 1 0 .2 2 )5주(1 0 .2 3 ~ 1 0 .2 9 )평균(℃)편차(℃)평균(℃)편차(℃)‘2 5년 0.4 0.0 7.9 13.2 16.9 23.0 27.2 27.3 23.3 21.0 20.6 19.9 16.2 12.4 15.8 1.2 12.4 -0.1‘2 4년 1.4 4.5 7.2 15.1 17.8 22.7 26.4 28.1 24.9 21.7 16.2 17.7 17.3 14.8 16.5 1.9 14.8 2.3‘2 3년 0.0 3.0 9.7 13.3 18.0 22.4 25.6 26.6 22.8 20.7 16.4 16.3 13.6 14.2 15.8 1.2 14.2 1.7‘2 2년 -0.2 0.4 8.0 13.9 18.2 22.5 26.1 25.5 21.3 18.9 17.9 14.2 13.0 12.1 15.1 0.5 12.1 -0.4‘2 1년 -0.4 3.9 9.0 13.4 16.9 21.9 26.2 25.0 21.7 20.9 21.4 19.2 10.0 11.8 15.4 0.8 11.8 -0.7‘2 0년 3.0 3.8 8.0 10.9 17.7 22.7 22.7 26.6 20.4 18.3 16.9 15.0 13.0 11.6 15.1 0.5 11.6 -0.9‘1 9년 0.5 2.6 7.6 12.0 18.5 21.2 24.7 26.1 21.8 21.2 18.9 15.5 15.1 14.2 15.2 0.6 14.2 1.7‘1 8년 -1.8 0.0 8.2 13.3 17.8 22.1 26.7 27.2 20.5 17.5 16.9 12.8 12.3 11.7 14.9 0.3 11.7 -0.8‘1 7년 0.3 1.8 6.4 13.8 18.6 21.7 26.4 25.5 20.6 19.1 18.4 16.4 15.4 13.2 15.2 0.6 13.2 0.7‘1 6년 -0.6 1.9 7.3 13.8 18.5 22.2 25.4 26.7 21.7 20.4 19.9 14.7 16.8 13.9 15.4 0.8 13.9 1.4‘1 5년 0.8 2.2 6.8 12.7 18.5 21.5 24.3 25.2 20.5 19.9 17.0 14.6 16.4 14.0 14.9 0.3 14.0 1.510년평균 0.3 2.4 7.8 13.2 18.1 22.1 25.5 26.3 21.6 19.9 18.0 15.6 14.3 13.2 15.4 0.8 13.2 0.7평 년 -0.4 1.7 6.5 12.3 17.5 21.5 24.7 25.4 20.8 18.5 17.0 15.6 14.1 12.5 14.6 0.0 12.5 0.0* 10년 평균 :최근 10년(2014∼2023년)동안의 평균기온의 평균** 평년 :30년(1991～2020년)동안의 평균기온의 평균*** 편차 :평년의 평균기온에 대한 연도별 평균기온의 차이연도별 강수량
❍ ’25년1월부터10월5주차까지의강수량의합은1,298.1㎜로,평년(1,272.1)보다26.0㎜많았음(평년대비102.0%)",14호.txt
2025,14,14,2025-11-01,2025-11-30,과수,탄저병,주의보,방울토마토,"-’25년10월5주차의강수량의합은5.9㎜로,평년(11.1)보다5.2㎜적었음(평년대비 53.2%)기 간 1월 2월 3월 4월 5월 6월 7월 8월 9월10월 분석기간1.1~10.29 10.23~10.291주(9 .2 5 ~ 1 0 .1 )2주(1 0 .2 ~ 1 0 .8 )3주( 1 0 .9 ~ 1 0 .1 5 )4주(1 0 .1 6 ~ 1 0 .2 2 )5주(1 0 .2 3 ~ 1 0 .2 9 )합계(㎜)대비(%)합계(㎜)대비(%)‘2 5년 1 8 .3 2 1 .4 5 0 .4 6 8 .9 1 2 4 .21 8 1 .12 4 3 .91 8 1 .12 3 7 .4 3 2 .2 6 5 .5 5 4 .7 4 4 .9 5 .9 1 2 9 8 .11 0 2 .0 5 .9 5 3 .2‘2 4년 3 6 .9 1 1 1 .46 8 .8 8 7 .9 1 1 8 .41 4 7 .53 6 1 .48 2 .9 2 4 1 .4 3 .9 1 1 .5 2 1 .6 7 9 .8 4 .5 1 3 7 5 .41 0 8 .1 4 .5 4 0 .5‘2 3년 4 4 .9 2 0 .0 3 0 .5 7 0 .2 2 0 7 .22 1 0 .14 9 7 .02 8 6 .31 9 6 .9 2 3 .9 4 .2 3 .2 7 .6 3 .0 1 5 8 1 .21 2 4 .3 3 .0 2 7 .0‘2 2년 5 .0 5 .5 8 9 .5 6 2 .7 6 .3 1 8 1 .91 8 1 .93 0 4 .31 5 9 .1 0 .0 6 0 .5 1 1 .0 0 .2 5 .6 1 0 7 3 .5 8 4 .4 5 .6 5 0 .5‘2 1년 2 5 .4 2 3 .4 1 1 2 .17 7 .5 1 3 8 .99 4 .7 2 3 4 .72 9 1 .01 6 7 .8 3 0 .7 1 0 .5 3 1 .8 1 1 .5 0 .2 1 2 2 0 .3 9 5 .9 0 .2 1 .8‘2 0년 8 5 .7 6 2 .1 3 4 .4 4 4 .0 1 0 7 .41 9 4 .34 2 2 .93 9 7 .82 2 6 .0 3 .7 3 .1 1 .2 9 .5 0 .0 1 5 8 8 .41 2 4 .9 0 .0 0 .0‘1 9년 9 .7 3 4 .5 4 2 .6 8 0 .8 6 5 .0 1 5 1 .52 3 8 .31 4 3 .62 4 1 .3 1 8 .1 1 4 1 .7 3 .7 5 .0 4 .4 1 1 7 2 .9 9 2 .2 4 .4 3 9 .6‘1 8년 2 5 .5 3 6 .6 1 1 6 .21 4 0 .31 3 5 .21 4 7 .21 7 0 .72 9 1 .71 5 7 .4 6 .3 1 4 2 .3 1 .4 8 .0 1 3 .6 1 3 8 7 .11 0 9 .0 1 3 .6 1 2 2 .5‘1 7년 1 8 .6 3 6 .0 2 6 .1 7 2 .8 3 1 .0 6 3 .1 2 9 7 .12 3 9 .01 0 0 .6 4 3 .6 3 3 .3 1 8 .0 1 .8 1 .7 9 6 2 .2 7 5 .6 1 .7 1 5 .3‘1 6년 3 2 .9 5 0 .6 6 2 .8 1 6 3 .21 0 3 .47 6 .4 2 9 0 .88 6 .1 2 0 9 .6 3 7 .0 1 0 6 .8 0 .0 2 2 .4 2 3 .5 1 2 3 1 .1 9 6 .8 2 3 .5 2 1 1 .7‘1 5년 3 1 .9 3 1 .0 4 7 .8 1 3 5 .67 0 .1 1 0 3 .31 8 9 .41 1 7 .56 8 .3 4 5 .1 0 .1 7 .8 0 .5 1 7 .9 8 6 1 .0 6 7 .7 1 7 .9 1 6 1 .310년평균 3 1 .7 4 1 .1 6 3 .1 9 3 .5 9 8 .3 1 3 7 .02 8 8 .42 2 4 .01 7 6 .8 2 1 .2 5 1 .4 1 0 .0 1 4 .6 7 .4 1 2 4 5 .3 9 7 .9 7 .4 6 6 .7평 년 3 0 .3 3 7 .2 6 2 .7 9 0 .5 1 0 7 .71 5 1 .02 8 9 .52 7 6 .71 6 1 .1 2 6 .8 2 3 .7 1 4 .0 1 1 .6 1 1 .1 1 2 7 2 .11 0 0 .0 1 1 .1 1 0 0 .0* 10년 평균 :최근 10년(2014∼2023년)동안의 강수량의 평균** 평년 :30년(1991～2020년)동안의 강수량의 평균*** 대비 :평년의 강수량에 대한 연도별 강수량의 비율카드뉴스 과수 탄저병 예방 및 관리 요령리플릿 과수 화상병 농업인 준수사항리플릿 토마토 뿔나방 관리(예찰·방제) 방법리플릿 토양개량제 지원사업 신청안내",14호.txt
2025,15,1,2025-12-01,2025-12-31,시설채소,잿빛곰팡이병,예보,"딸기,오이","❍ 시설내의 온도가 낮고(20℃ 전후) 습도가 높은 조건이 오래 지속되면 발생이 증가하는데 오이, 딸기 등 일부 작물에서 발생하고있어 주의가 필요함
⇒ 환기를 통해 시설 내의 습도를 낮추어 주되 보온에 유의하고,병이 발생되면 급속하게 번지는 특성이 있으므로 병든 식물을제거하고 발생 초기에 등록약제로 방제하되 내성이 잘 생기므로계통이 다른 등록약제를 교호로 살포",15호.txt
2025,15,2,2025-12-01,2025-12-31,시설채소,균핵병,예보,"고추,딸기,방울토마토,오이","❍ 잿빛곰팡이병과 비슷한 환경인 온도가 낮고 습도가 높을 때 발생하며 질소질 비료를 많이 주어 작물체가 연약하게 자라거나연작에 의하여 병원균 밀도가 높을 때 발생이 늘어남. 오이,토마토, 고추, 딸기 등 중기와 가지의 분지점에 침입하여 발생하며, 윗부분의 줄기와 잎이 시들어 말라 죽게 되는 병임
⇒ 적절한 환기로 과습한 환경을 피하고보온력을 강화하여 적정온도를 유지시키며, 병든 기주는 바로 없애주고농약안전사용기준을 준수하여 잿빛곰팡이병과 동시 방제할 수 있도록 함",15호.txt
2025,15,3,2025-12-01,2025-12-31,시설채소,흰가루병,예보,"딸기,멜론,오이","❍ 분생포자에 의해 공기로 전염되며 건조하면서 일교차가 심한환경에서 많이 발생하는데 12월 기온의 변화가 클 것으로 예상되어 오이, 멜론, 딸기 등에 발생 증가가 우려됨
⇒ 일사량이 부족하고 비료기가 많은 조건에서 발생이 많으므로질소질 비료를 알맞게 주며, 병든 잎과 과실은 신속히 제거하고발생 초기에 등록 약제로 방제",15호.txt
2025,15,4,2025-12-01,2025-12-31,시설채소,노균병,예보,"멜론,오이","❍ 오이, 멜론 등 시설 내의 습도가 높고 온도가 낮은(20℃ 전후)조건에서 발생이 많고, 일조량이 부족하거나 거름기가 모자라작물 생육이 왕성하지 못할 때 발생이 많음
⇒ 야간에 보온관리를 잘하며 저온이 되지 않도록 하고, 웃거름주기와 열매솎기 및 햇볕 쪼임을 좋게 하여 튼튼하게 생육하도록함과 동시에 습도가 높아지지 않도록 환기를 철저히 해줌⇒ 특히 오이 시설재배 중 환기를 시키는 과정에서 찬바람이 식물체에 직접 닿을 경우 노균병이 심하게 발생되므로 환기 할 때 유의⇒ 병이 발생된 포장은 병든 잎을 일찍 따낸 다음 발병 초기에등록약제로 방제",15호.txt
2025,15,5,2025-12-01,2025-12-31,시설채소,딸기 꽃곰팡이병,예보,딸기,"❍ 암술에 녹색 곰팡이가 발생하는 병으로 심할 경우 꽃 전체가 마르면서 기형과를 유발하는 피해를 입힘
❍ 병원균은 딸기꽃 외에도 시설 내 식물 잔재물, 토양, 유기물 등에서도 증식이 가능하며 저온과 습도가높을 때 발생이 증가함
⇒ 시설 내 습도를 낮추고 식물체로 물방울이 떨어지지 않도록 하며 식물체잔재물을 제거하는 등 청결한 환경관리 필요",15호.txt
2025,15,6,2025-12-01,2025-12-31,시설채소,딸기 세균모무늬병,예보,딸기,"❍ 생육 초기 잎 뒷면에 작은 수침상이 나타나고 점차 확대되어잎 앞면에 점무늬를 형성함
❍ 후기의 병반은 세균 누출액으로 덮여 빛이 나고, 잎 전체가마르면서 갈색으로 변색되고 떨어지게 됨
❍ 세균 누출액이 튀거나 접촉으로 번지는 원인이 되고 딸기 런너에의해 확산됨
⇒ 감염된 포장이나 모주를 통해 전염되므로 병에 걸린 포기는 제거하여 태우거나 땅에 묻고, 병에 걸렸던 포장의 딸기는 절대 모주로사용하지 말아야 함",15호.txt
2025,15,7,2025-12-01,2025-12-31,시설채소,토마토반점위조바이러스(TSWV),예보,"고추,방울토마토,파프리카","❍ 총채벌레가 전염시키는 바이러스 병으로 파프리카, 고추, 토마토등 시설재배지에서 이들 매개충이 꾸준히 발생하고 있으며, 방제시기를 놓칠 경우 피해가 커지기 때문에 초기 예방이 중요
⇒ 병에 걸린 식물을 발견하면 즉시 제거하여 병이 확산되는 것을 예방",15호.txt
2025,15,8,2025-12-01,2025-12-31,시설채소,토마토황화잎말림병(TYLCV),예보,방울토마토,"❍ 가지과 작물에서 담배가루이가 병을 매개하므로 육묘 단계부터정식 초기에 예찰을 강화하여 감염여부를 판단하고 정식 후에는잎 뒷면과 포장주위를 살펴보아 담배가루이를 철저히 방제⇒ 병을 전염시키는 담배가루이의 세대 기간이 짧아 연간 발생횟수가많으므로 방충망을 설치하여 시설 안으로 담배가루이가 들어오는것을 막고 발생 초기에 등록약제로 방제하는 등 철저한 관리로병이 확산되는 것을 예방⇒ 발생된 시설재배 농가 주변지역은 담배가루이의 기주식물이 되는잡초와 병에 걸린 식물은 뽑아서 제거※ 기주식물 : 큰개불알풀, 광대나물, 별꽃,큰망초, 쑥, 머위",15호.txt
2025,15,9,2025-12-01,2025-12-31,시설채소,쥬키니황화모자이크바이러스(ZYMV),예보,"오이,호박","❍ 호박, 오이 등 과채류에서 전년에 이어 발생이 증가할 것으로 예상되며, 진딧물이 병을 매개하는 한편 이병식물의 접촉에 의한전염도 가능하므로 농작업 시 주의가 필요
⇒ 진딧물 방제를 철저히 하고 작물이 시설 내에 연중 재배되어항상 전염원이 있으므로 즙액에 의한 접촉전염을 막기 위해 병든 식물체는 즉시 제거",15호.txt
2025,15,10,2025-12-01,2025-12-31,시설채소,총채벌레류․가루이류․진딧물류․응애류․작은뿌리파리,예보,"감자,고추,딸기,방울토마토,오이","❍ 시설작물에 오이총채벌레, 꽃노랑총채벌레, 아메리카잎굴파리등과 딸기의 점박이응애나 진딧물 등 해충 발생 우려⇒ 총채벌레는 토마토반점위조바이러스를 전염시키는 해충으로 최근발생이 증가 추세이므로 시설 내부로 유입되지 않도록 유의⇒ 이들 해충은 일단 발생 되면 방제가 어려우므로 방충망을 설치하는 등 시설 안으로 들어오지 못하도록 막고, 크기가 작아 발생여부를 알기 어려우므로 끈끈이 트랩을 매달아 주의 깊게 관찰⇒ 해충에 따라 발생 초기에 천적을 투입하거나 등록 약제로 방제하고, 약제살포 시에는 안전사용기준을 지켜 계통이 다른 약제를바꾸어 가면서 살포
❍ (꽃노랑총채벌레) 총채벌레류는 오이, 고추, 토마토 등 시설 내에서연중 발생하는 해충으로 방제시기를 놓칠 경우 바이러스병을 전염시켜 큰 피해를 주는 해충임
⇒ 끈끈이트랩이나 타락법(흰색 종이를 이용 꽃과 잎을 두드려서예찰) 등으로 예찰하고, 발생 포장은 초기에 방제⇒ 꽃노랑총채벌레는 번데기 방제용으로 총채가시응애를 토양에투입하고, 지상부 유충과 성충 방제용으로는 애꽃노린재, 지중해이리응애 등 천적을 활용하면 효과적으로 방제가 가능함
❍ (가루이류·진딧물류) 온실가루이와 담배가루이는 가지과 작물에서, 진딧물은 엽채류와 과채류에서 주로 발생하며 식물체의즙액을 빨아먹는 직접적인 피해뿐만 아니라 그을음병과 바이러스병 등을 유발함
❍ (응애류) 작물이 피해를 받으면 잎이 누렇게 변하여 말라 죽게 됨
⇒ 이들 해충은 일단 발생하면 방제가 어려우므로 방충망을 설치하는등 시설 안으로 들어오지 못하도록 막고, 크기가 작아 발생을 알아보기가 어려우므로 끈끈이 트랩을 매달아 주의 깊게 살펴봄⇒ 해충에 따라 발생초기 천적을 투입하거나 등록약제로 방제하고,약제 살포 시에는 안전사용기준을 지키고 계통이 다른 약제로바꾸어 가면서 살포하여 저항성 유발을 최소화
❍ (작은뿌리파리) 밭작물, 채소 등에서 전 생육기간 동안 발생하며,성충은 유기물이 풍부한 상토 또는 양액 육묘의 암면 큐브 위이끼에 산란하고 부화유충은 지제부와 뿌리에 해를 입혀 시들음
병이나 청고병과 같은 지상부 시들음 증상을 유발⇒ 유충은 감자 절편에 잘 유인되기 때문에 깍두기 모양의 크기로절단하여 작물의 뿌리 주변에 놓아두면 발생여부와 발생량을예찰할 수 있음
⇒ 노란색 끈끈이 트랩을 지상부 50㎝ 이하에 설치해 두면 성충발생 여부와 발생량 예찰에 도움이 됨",15호.txt
2025,15,11,2025-12-01,2025-12-31,시설채소,(토마토) 토마토뿔나방,예보,방울토마토,"❍ 토마토뿔나방은 유충이 주로 토마토 잎에 구멍을 뚫고 들어가 내부조직을 넓게 갉아 먹으며 과실 속으로도 파고 들어가 피해를 입힘⇒ 발생포장 전체에 등록 농약을 약액이 작물에 충분히 묻을 수있도록 살포하고, 2회 이상 약제살포 시 작용기작이 다른 약제를교호 살포할 것을 권장함, 친환경 재배농가의 경우 교미교란제를정식 초기에 설치하고 유기농업자재를 충분히 살포해야 함",15호.txt
2025,15,12,2025-12-01,2025-12-31,과수,과수화상병,예보,"사과,장미","❍ 과수화상병
- 과수화상병은 세균병으로 사과, 배, 모과 등 장미과 식물의 꽃,잎, 가지, 열매, 줄기 등이 마치 불에 탄 것처럼 조직이 마르는 병으로 병원균은 묘목, 곤충, 비바람, 전정도구, 농작업자 등에 의해전염되어 5월 초순부터 증가하다가 고온기(32℃ 이상)에서 감소함
⇒ 농작업 시 사용되는 작업복, 장갑, 전정가위, 톱 등의 도구는반드시 세탁·소독·교체 후 사용하고 전정 시 나무마다 소독⇒ 과원 경작 농가 또는 작업자는 시·군에서 주관하는 과수화상병 교육 필수 이수(1회 이상/년)⇒ 농가는 농작업자에게 소독 이행사항 등을 교육하고 작업자이력 등을 반드시 확인하고 영농일지에 기록⇒ 과수 재배 전기간 동안 ‘과수화상병 전문가 진단 앱’ 활용 등상시적 예찰 실시, 과수 화상병 의심주는 발견 즉시 시·군 농업기술센터로 우선 신고하고 병균의 밀도가 낮아 진단되지 않더라도 갈변 궤양은 끝에서 40~70cm 아래를 절단․제거
❍ (과수가지검은마름병) 과수화상병과 증상이 비슷하여 육안으로는구분이 불가하며, 발생시기와 전파경로 및 피해증상이 유사함
사과나무병징엽맥따라갈색병반형성 신초마름병징(지팡이모양) 과실 줄기 병징배나무병징꽃전체가시들고마름 신초마름병징(지팡이모양) 과실 줄기 병징1개월 기상전망            (출처 : 국립농업과학원, 기상청)기온은 1주, 2주는 평년과 비슷하겠고, 3주는 평년보다 높겠으며, 4주는평년과 비슷하거나 높겠음
강수량은 1주, 3주는 평년과 비슷하거나 적겠고, 2주는 평년과 비슷하겠으며,4주는 평년과 비슷하거나 많겠음
❍ 1주(12.8~12.14): 우랄산맥에 위치한 고기압성 순환에 의하여 확장하는 찬대륙고기압과 이동성 고기압의 영향을 받겠음
- 기온은 평년과 비슷하겠고, 강수량은 평년과 비슷하거나 적겠음
❍ 2주(12.15~12.21): 이동성 고기압의 영향을 주로 받겠으나, 일시적으로 대륙고기압의 영향을 받을 때가 있겠음
- 기온은 평년과 비슷하겠고, 강수량은 평년과 비슷하겠음
❍ 3주(12.22~12.28): 이동성 고기압의 영향을 주로 받겠음
- 기온은 평년보다 높겠고, 강수량은 평년과 비슷하거나 적겠음
❍ 4주(12.29~01.04): 이동성 고기압의 영향을 주로 받겠으며, 남쪽을 지나는 저기압의 영향을 받을 때가 있겠음
- 기온은 평년과 비슷하거나 높겠고, 강수량은 평년과 비슷하거나 많겠음
농업지대 지역 평균기온 강수량1주 2주 3주 4주 1주 2주 3주 4주(12.8~ 12.14)(12.15~ 12.21)(12.22~ 12.28)(12.29~ 1.4)(12.8~ 12.14)(12.15~ 12.21)(12.22~ 12.28)(12.29~ 1.4)1.태백고냉 대관령 조 금 낮 음비 슷 높 음조 금 높 음조 금 적 음비 슷조 금 적 음비 슷2.태백준고냉 인제,홍천,제천 조 금 낮 음비 슷 높 음조 금 높 음조 금 적 음비 슷조 금 적 음비 슷3.소백산간 충주,보은 비 슷 비 슷 높 음조 금 높 음조 금 적 음비 슷조 금 적 음조 금 많 음
4.노령소백산간 임실 조 금 낮 음비 슷 높 음조 금 높 음조 금 적 음비 슷조 금 적 음조 금 많 음
5.영남내륙산간 추풍령,영주,문경 비 슷 비 슷 높 음조 금 높 음조 금 적 음비 슷조 금 적 음조 금 많 음
6.중북부내륙 춘천,양평 조 금 낮 음비 슷 높 음조 금 높 음조 금 적 음비 슷조 금 적 음비 슷7.중부내륙 원주,이천 조 금 낮 음비 슷 높 음조 금 높 음조 금 적 음비 슷조 금 적 음비 슷8.소백서부내륙 청주,대전,금산 조 금 낮 음비 슷 높 음조 금 높 음조 금 적 음비 슷조 금 적 음조 금 많 음
9.노령동서내륙 정읍,남원,거창,산청 조 금 낮 음비 슷 높 음조 금 높 음조 금 적 음비 슷조 금 적 음조 금 많 음
10.호남내륙 광주,순천,장흥 비 슷 비 슷 높 음조 금 높 음조 금 적 음비 슷조 금 적 음조 금 많 음
11.영남분지 대구,의성,구미,영천 비 슷 비 슷 높 음조 금 높 음조 금 적 음비 슷조 금 적 음조 금 많 음",15호.txt
2025,15,13,2025-12-01,2025-12-31,과수,과수화상병,예보,,"12.영남내륙 진주,합천,밀양 비 슷 비 슷 높 음조 금 높 음조 금 적 음비 슷조 금 적 음조 금 많 음
13.중서부평야 서울,인천,수원,서산,강화,천안,보령 조 금 낮 음비 슷 높 음조 금 높 음조 금 적 음비 슷조 금 적 음비 슷14.차 령 남 부 평 야군산,전주,부여,부안 조 금 낮 음비 슷 높 음조 금 높 음조 금 적 음비 슷조 금 적 음조 금 많 음
15.남서해안 목포,완도,해남,고흥 비 슷 비 슷 높 음조 금 높 음조 금 적 음비 슷조 금 적 음조 금 많 음
16.남부해안 부산,통영,여수,거제,남해 비 슷 비 슷 높 음조 금 높 음조 금 적 음비 슷조 금 적 음조 금 많 음
17.동해안북부 속초,강릉 비 슷 비 슷 높 음조 금 높 음조 금 적 음비 슷조 금 적 음비 슷18.동해안중부 울진,영덕 비 슷 비 슷 높 음조 금 높 음조 금 적 음비 슷조 금 적 음조 금 많 음
19.동해안남부 포항,울산 비 슷 비 슷 높 음조 금 높 음조 금 적 음비 슷조 금 적 음조 금 많 음
20.제주 제주,성산,서귀포 비 슷 비 슷 높 음조 금 높 음조 금 적 음비 슷조 금 적 음조 금 많 음
평균 비 슷 비 슷 높 음조 금 높 음조 금 적 음비 슷조 금 적 음조 금 많 음
10일(2025.12.01.~12.07.) 예보(기상청, 2025.11.27., 06:00)<기상예보>
❍ (기온) 아침 기온은 -10~8℃, 낮 기온은 0~13℃로 평년(최저기온 -5~5℃,최고기온 4~13℃)과 비슷하거나 조금 낮겠음
❍ (강수) 12월 1일 오전 강원영서에 비 또는 눈이 내리겠고, 12월 3일 오후전라권에 비또는 눈, 제주도에 비가 내리겠음
<날씨><최저/최고기온>최근 경과기상과 향후 기상전망<기온><강수량>연도별 평균기온
❍ ‘25년 1월부터 11월 4주차까지의 평균기온은 15.2℃로, 평년(14.1)보다 1.1℃ 높았음
- ’25년 11월 4주차의 평균기온은 8.2℃로, 평년(6.0)보다 2.2℃ 높았음",15호.txt
2025,15,14,2025-12-01,2025-12-31,과수,과수화상병,예보,,"기간 1월 2월 3월 4월 5월 6월 7월 8월 9월 10월11월 분석기간1.1~11.26. 11.20~ 11.261주(1 0 .3 1 ~ 1 1 .6 )2주(1 1 .7 ~ 1 1 .1 3 )3주( 1 1 .1 4 ~ 1 1 .2 0 )4주( 1 1 .2 1 ~ 1 1 .2 6 )평균(℃)편차(℃)평균(℃)편차(℃)‘25년 0 .4 0 .0 7 .9 1 3.2 1 6.9 2 3 .0 2 7 .2 2 7 .3 2 3 .3 17 .0 11 .0 1 1 .3 7 .6 8.2 1 5.2 1 .1 8.2 2.2‘24년 1 .4 4 .5 7 .2 1 5.1 1 7.8 2 2 .7 2 6 .4 2 8 .1 2 4 .9 16 .5 14 .5 1 1 .4 11 .4 8.0 1 6.1 2 .0 8.0 2.0‘23년 0 .0 3 .0 9 .7 1 3.3 1 8.0 2 2 .4 2 5 .6 2 6 .6 2 2 .8 15 .2 17 .0 9.3 5 .6 6.2 1 5.2 1 .1 6.2 0.2‘22년 -0.2 0 .4 8 .0 1 3.9 1 8.2 2 2 .5 2 6 .1 2 5 .5 2 1 .3 14 .4 10 .8 1 1 .7 10 .0 1 0 .5 1 4.8 0 .7 1 0 .5 4.5‘21년 -0.4 3 .9 9 .0 1 3.4 1 6.9 2 1 .9 2 6 .2 2 5 .0 2 1 .7 15 .6 12 .1 9.5 9 .2 7.1 1 4.9 0 .8 7.1 1.1‘20년 3 .0 3 .8 8 .0 1 0.9 1 7.7 2 2 .7 2 2 .7 2 6 .6 2 0 .4 14 .1 9 .7 9.8 13 .4 6.6 1 4.6 0 .5 6.6 0.6‘19년 0 .5 2 .6 7 .6 1 2.0 1 8.5 2 1 .2 2 4 .7 2 6 .1 2 1 .8 15 .9 13 .0 1 0 .1 7 .9 8.0 1 4.7 0 .6 8.0 2.0‘18년 -1.8 0 .0 8 .2 1 3.3 1 7.8 2 2 .1 2 6 .7 2 7 .2 2 0 .5 13 .1 9 .1 1 1 .6 8 .2 5.2 1 4.3 0 .2 5.2 -0 .8‘17년 0 .3 1 .8 6 .4 1 3.8 1 8.6 2 1 .7 2 6 .4 2 5 .5 2 0 .6 15 .4 10 .1 1 0 .2 5 .1 3.9 1 4.5 0 .4 3.9 -2 .1‘16년 -0.6 1 .9 7 .3 1 3.8 1 8.5 2 2 .2 2 5 .4 2 6 .7 2 1 .7 15 .9 8 .5 9.4 11 .0 5.4 1 4.8 0 .7 5.4 -0 .6‘15년 0 .8 2 .2 6 .8 1 2.7 1 8.5 2 1 .5 2 4 .3 2 5 .2 2 0 .5 15 .1 9 .5 1 2 .9 12 .7 8.5 1 4.5 0 .4 8.5 2.510년평균 0 .3 2 .4 7 .8 1 3.2 1 8.1 2 2 .1 2 5 .5 2 6 .3 2 1 .6 15 .1 11 .4 1 0 .6 9 .5 6.9 1 4.8 0 .7 6.9 0.9평년 -0.4 1 .7 6 .5 1 2.3 1 7.5 2 1 .5 2 4 .7 2 5 .4 2 0 .8 14 .7 10 .8 1 0 .3 7 .7 6.0 1 4.1 0 .0 6.0 0.0* 10년평균:최근10년(2015~2024년)동안의평균기온의평균** 평년:30년(1991～2020년)동안의평균기온의평균***편차:평년의평균기온에대한연도별평균기온의차이연도별 강수량
❍ ‘25년 1월부터 11월 4주차까지의 강수량의 합은 1,316.5㎜로, 평년(1,319.5)보다 3.0㎜ 적었음(평년대비 99.8%)",15호.txt
2025,15,15,2025-12-01,2025-12-31,과수,과수화상병,예보,"마늘,배,사과,수수,양파","- ’25년 11월 4주차의 강수량의 합은 4.3㎜로, 평년(11.3)보다 7.0㎜ 적었음(평년대비 38.1%)기간 1월 2월 3월 4월 5월 6월 7월 8월 9월 10월11월 분석기간1.1~11.26. 11.20~ 11.261주(1 0 .3 0 ~ 1 1 .5 )2주(11 .6 ~ 1 1 .1 2 )3주(1 1 .1 3 ~ 1 1 .1 9 )4주( 1 1 .2 0 ~ 1 1 .2 6 )합계(㎜)대비(%)합계(㎜)대비(%)‘25년 18 .3 21 .4 50 .4 68 .9 1 2 4.2 1 8 1.1 2 4 3.9 1 8 1.1 2 3 7.4 1 7 1.9 2 .6 1 0 .8 0 .8 4 .3 1 31 6 .5 99 .8 4 .3 38 .1‘24년 36 .9 1 1 1.4 68 .8 87 .9 1 1 8.4 1 4 7.5 3 6 1.4 82 .9 2 4 1.4 1 1 8.8 3 6.5 2.3 4 .4 2 3.1 1 44 1 .71 0 9.3 2 3.1 2 0 4.4‘23년 44 .9 20 .0 30 .5 70 .2 2 0 7.2 2 1 0.1 4 9 7.0 2 8 6.3 1 9 6.9 18 .0 1 4.4 3 3 .5 14 .5 0 .3 1 64 3 .91 2 4.6 0 .3 2 .7‘22년 5 .0 5 .5 89 .5 62 .7 6 .3 1 8 1.9 1 8 1.9 3 0 4.3 1 5 9.1 77 .7 0 .7 1 2 .7 10 .6 1 1.1 1 10 8 .4 84 .0 1 1.1 98 .2‘21년 25 .4 23 .4 1 1 2.1 77 .5 1 3 8.9 94 .7 2 3 4.7 2 9 1.0 1 6 7.8 55 .2 1 .0 3 0 .4 0 .0 4 .4 1 25 6 .1 95 .2 4 .4 38 .9‘20년 85 .7 62 .1 34 .4 44 .0 1 0 7.4 1 9 4.3 4 2 2.9 3 9 7.8 2 2 6.0 13 .8 4 .5 0.0 31 .2 3 .0 1 62 7 .11 2 3.3 3 .0 26 .5‘19년 9 .7 34 .5 42 .6 80 .8 65 .0 1 5 1.5 2 3 8.3 1 4 3.6 2 4 1.3 1 6 5.6 1 .7 9.6 37 .3 5 .1 1 22 6 .6 93 .0 5 .1 45 .1‘18년 25 .5 36 .6 1 1 6.2 1 4 0.3 1 3 5.2 1 4 7.2 1 7 0.7 2 9 1.7 1 5 7.4 1 6 6.6 0 .3 4 2 .4 1 .9 5 .5 1 43 7 .21 0 8.9 5 .5 48 .7‘17년 18 .6 36 .0 26 .1 72 .8 31 .0 63 .1 2 9 7.1 2 3 9.0 1 0 0.6 77 .9 2 .6 2.2 1 .3 7 .7 9 7 6.0 74 .0 7 .7 68 .1‘16년 32 .9 50 .6 62 .8 1 6 3.2 1 0 3.4 76 .4 2 9 0.8 86 .1 2 0 9.6 1 5 6.1 1 .1 9.8 19 .5 5 .9 1 26 7 .3 96 .0 5 .9 52 .2‘15년 31 .9 31 .0 47 .8 1 3 5.6 70 .1 1 0 3.3 1 8 9.4 1 1 7.5 68 .3 66 .3 0 .4 5 3 .0 55 .0 2 7.1 9 9 6.4 75 .5 2 7.1 2 3 9.810년평균 31 .7 41 .1 63 .1 93 .5 98 .3 1 3 7.0 2 8 8.4 2 2 4.0 1 7 6.8 91 .6 6 .3 1 9 .6 17 .6 9 .3 1 29 8 .1 98 .4 9 .3 82 .3평년 30 .3 37 .2 62 .7 90 .5 1 0 7.7 1 5 1.0 2 8 9.5 2 7 6.7 1 6 1.1 68 .5 9 .2 1 5 .6 11 .3 1 1.3 1 31 9 .51 0 0.0 1 1.3 1 0 0.0*10년평균:최근10년(2015~2024년)동안의강수량의평균**평년:30년(1991～2020년)동안의강수량의평균***대비:평년의강수량에대한연도별강수량의비율리플릿 사과·배 화상병 예방을 위한 궤양 제거 방법리플릿 겨울철 과원관리(과수 수확 후 월동 대비 관리)카드뉴스 마늘·양파 겨울철 관리 요령리플릿 겨울철 대설·한파 대비 농작물 및 시설물 관리요령리플릿 미세먼지 줄이기 행동요령리플릿 토양개량제 지원사업 신청안내",15호.txt
2025,1,1,2025-01-01,2025-01-31,시설채소,잿빛곰팡이병,예보,"딸기,오이","❍ 시설내의 온도가 20℃ 전후로 낮고 비닐천정에 이슬이 맺힐정도의 습도가 높은 조건이 오래 지속되면 발생이 증가하는데오이, 딸기 등 일부 작물에서 발생되고 있어 주의가 필요함
⇒ 병든 식물은 시설 밖으로 빼내어 소각하거나 땅속에 묻어 전염원을차단하여야 함
⇒ 적절한 환기로 시설 내의 습도를 낮추어 주되 보온에 유의하고,시설 내에서 병이 발생되면 급속하게 번지는 특성이 있으므로발생 초기에 등록약제로 방제하되 약제를 바꾸어 가며 사용해야 함",1호.txt
2025,1,2,2025-01-01,2025-01-31,시설채소,균핵병,예보,"고추,딸기,방울토마토,오이","❍ 잿빛곰팡이병과 비슷한 환경인 온도가 낮고 습도가 높을 때 발생하며 질소질 비료를 많이 주어 작물체가 연약하게 자라거나연작에 의하여 병원균 밀도가 높을 때 발생이 늘어남. 오이,토마토, 고추, 딸기 등 중기와 가지의 분지점에 침입하여 발생하며, 윗부분의 줄기와 잎이 시들어 말라 죽게 되는 병임
⇒ 적절한 환기로 과습한 환경을 피하고보온력을 강화하여 적정온도를 유지시키며,병든 기주는 바로 없애주고 농약안전사용기준을 준수하여 잿빛곰팡이병과 동시방제할 수 있도록 함",1호.txt
2025,1,3,2025-01-01,2025-01-31,시설채소,흰가루병,예보,"딸기,멜론,오이","❍ 분생포자가 공기로 전염되며 건조하면서 일교차가 심한 환경에서많이 발생하는데 1월 기온의 변화가 클 것으로 예상돼 오이, 멜론 등 박과작물과 딸기 등에 발생 증가가 우려됨
⇒ 햇볕 쪼임이 부족하고 비료기가 많은 조건에서 발생이 많으므로질소질 비료를 알맞게 주며, 병든 잎과 과실은 신속히 제거하고병 발생 초기에 등록 약제로 방제",1호.txt
2025,1,4,2025-01-01,2025-01-31,시설채소,노균병,예보,"멜론,오이","❍ 오이, 멜론 등 시설 내의 습도가 높고 온도가 낮은(20℃ 전후)조건에서 발생이 많고, 일조량이 부족하거나 거름기가 모자라작물 생육이 왕성하지 못할 때 발생이 많음
⇒ 야간에 보온관리를 잘하여 저온이 되지 않도록 하고, 웃거름주기와 열매솎기 및 햇볕 쪼임을 좋게 하여 튼튼하게 생육하도록함과 동시에 습도가 높아지지 않도록 환기를 철저히 해줌⇒ 특히 오이 시설재배 중 환기를 시키는 과정에서 찬바람이 식물체에직접 닿을 경우 노균병이 심하게 발생되므로 환기 할 때 유의⇒ 병이 발생된 포장은 병든 잎을 일찍 따낸 다음 발병 초기에등록약제로 방제",1호.txt
2025,1,5,2025-01-01,2025-01-31,시설채소,딸기 꽃곰팡이병,예보,딸기,"❍ 암술에 녹색 곰팡이가 발생하는 병으로 심할 경우 꽃 전체가 마르면서 기형과를 유발하는 피해를 입힘
❍ 병원균은 딸기꽃 외에도 시설 내 식물 잔재물, 토양, 유기물 등에서도 증식이 가능하며 저온과 습도가높을 때 발생이 증가함
⇒ 시설 내 습도를 낮추고 식물체로 물방울이 떨어지지 않도록 하며 식물체잔재물을 제거하는 등 청결한 환경관리 필요
* 농촌진흥청 농사로 「딸기 주요 병해충 방제」 동영상 참고(https://www.nongsaro.go.kr/portal/ps/psb/psbo/vodPlay.ps?mvpNo=1727&mvpClipNo=&menuId=PS00069&cntntsNo=221247)",1호.txt
2025,1,6,2025-01-01,2025-01-31,시설채소,딸기 세균모무늬병,예보,딸기,"❍ 생육 초기 잎 뒷면에 작은 수침상이 나타나고 점차 확대되어잎 앞면에 점무늬를 형성함
❍ 후기의 병반은 세균 누출액으로 덮여 빛이 나고, 잎 전체가마르면서 갈색으로 변색되고 떨어지게 됨
❍ 세균 누출액이 튀거나 접촉으로 번지는 원인이 되고 딸기 러너에의해 확산됨
⇒ 감염된 포장이나 모주를 통해 전염되므로 병에 걸린 포기는 제거하여 태우거나 땅에 묻고, 병에 걸렸던 포장의 딸기는 절대 모주로사용하지 말아야 함",1호.txt
2025,1,7,2025-01-01,2025-01-31,시설채소,토마토반점위조바이러스(TSWV),예보,"고추,방울토마토,파프리카","❍ 총채벌레가 전염시키는 바이러스 병으로 파프리카, 고추, 토마토등 시설재배지에서 이들 매개충이 꾸준히 발생하고 있으며, 방제시기를 놓칠 경우 피해가 커지기 때문에 초기 예방이 중요
⇒ 병에 걸린 식물을 발견하면 즉시 제거하여 병이 확산되는 것을 예방",1호.txt
2025,1,8,2025-01-01,2025-01-31,시설채소,토마토황화잎말림병(TYLCV),예보,방울토마토,"❍ 가지과 작물에서 담배가루이가 병을 매개하므로 육묘 단계부터정식 초기에 예찰을 강화하여 감염여부를 판단하고 정식 후에는잎 뒷면과 포장주위를 살펴보아 담배가루이를 철저히 방제⇒ 병을 전염시키는 담배가루이의 세대 기간이 짧아 연간 발생횟수가많으므로 방충망을 설치하여 시설 안으로 담배가루이가 들어오는것을 막고 발생 초기에 등록약제로 방제하는 등 철저한 관리로병이 확산되는 것을 예방⇒ 발생된 시설재배 농가 주변지역은 담배가루이의 기주식물이 되는잡초와 병에 걸린 식물은 뽑아서 제거※ 기주식물 : 큰개불알풀, 광대나물, 별꽃,큰망초, 쑥, 머위",1호.txt
2025,1,9,2025-01-01,2025-01-31,시설채소,쥬키니황화모자이크바이러스(ZYMV),예보,"오이,호박","❍ 호박, 오이 등 과채류에서 전년에 이어 발생이 증가할 것으로 예상되며, 진딧물이 병을 매개하는 한편 이병식물의 접촉에 의한전염도 가능하므로 농작업 시 주의가 필요
⇒ 진딧물 방제를 철저히 하고 작물이 시설 내에 연중 재배되어항상 전염원이 있으므로 즙액에 의한 접촉전염을 막기 위해 병든 식물체는 즉시 제거",1호.txt
2025,1,10,2025-01-01,2025-01-31,시설채소,총채벌레류․가루이류․진딧물류․응애류․작은뿌리파리,예보,"감자,고추,방울토마토,오이","❍ (총채벌레류) 꽃노랑총채벌레, 오이총채벌레 등은 오이, 고추,토마토 등 시설 내에서 연중 발생하는 해충으로 방제시기를 놓칠경우 바이러스병을 전염시켜 큰 피해를 주는 해충임
❍ (가루이류·진딧물류) 온실가루이와 담배가루이는 가지과 작물에서, 진딧물은 엽채류와 과채류에서 주로 발생하며 식물체의즙액을 빨아먹는 직접적인 피해뿐만 아니라 그을음병과 바이러스병 등을 유발함
❍ (응애류) 작물이 피해를 받으면 잎이 누렇게 변하여 말라 죽게 됨
⇒ 이들 해충은 일단 발생되면 방제가 어려우므로 방충망을 설치하는등 시설 안으로 들어오지 못하도록 막고, 크기가 작아 발생을 알아보기가 어려우므로 끈끈이를 매달아 주의 깊게 살펴봄⇒ 해충에 따라 발생 초기 천적을 투입하거나 등록 약제로 방제하고,약제 살포 시에는 안전사용기준을 지키고 계통이 다른 약제로바꾸어 가면서 살포하여 저항성 유발을 최소화
❍ (작은뿌리파리 ) 밭작물, 채소, 화훼 등에서 전 생육기간 동안발생하며, 성충은 유기물이 풍부한 상토 또는 양액 육묘의 암면큐브 위 이끼에 산란하고 부화유충은 지제부와 뿌리에 해를입혀 시들음병이나 청고병과 같은 지상부 시들음 증상을 유발⇒ 유충은 감자 절편에 잘 유인되기 때문에 깍두기 모양의 크기로절단하여 작물의 뿌리 주변에 놓아두면 발생 여부와 발생량을 예찰할 수 있음
⇒ 노란색 끈끈이 트랩을 지상부 50㎝ 이하에 설치해 두면 성충 발생여부와 발생량 예찰에 도움이 됨",1호.txt
2025,1,11,2025-01-01,2025-01-31,과수,과수화상병,예보,사과,"❍ (과수화상병) 사과, 배 등의 병든 꽃은 수침상이 되고 쭈그러든후 흑갈색으로 변해 떨어지거나 나무에 매달려 있게 되고 꽃이달린 가지나 인접한 가지로 진전되어 잎맥을 따라 흑갈색의병반이 생기고 병이 진전됨에 따라 병든 잎은 말리고, 쭈그러들어보통은 가지에 매달려 있음. 병든 가지의 나무껍질은 흑갈색으로변하면서 물러졌다가 후에 위축되고 단단해져 궤양병반을 형성⇒ 한번 걸리면 방제가 불가능하기 때문에 예방을 위하여 과수원을 청결하게 관리하고 농작업을 하는 사람의 과수원 출입시사람과 작업도구 등을 수시로 소독⇒ 의심증상 발견 시에는 전국 대표전화(1833-8572) 또는 가까운농업기술센터·농업기술원에 즉시 신고, 병균의 밀도가 낮아 진단되지 않더라도 갈변궤양은 끝에서 40~70cm 아래를 절단․제거
❍ (과수가지검은마름병) 과수화상병과 증상이 비슷하여 육안으로는구분이 불가하며, 발생시기와 전파경로, 피해증상이 유사함.
사과나무병징엽맥따라갈색병반형성 신초마름병징(지팡이모양) 과실 줄기 병징배나무병징꽃전체가시들고마름 신초마름병징(지팡이모양) 과실 줄기 병징1개월 기상전망            (출처 : 국립농업과학원, 기상청)기온은 1주, 3주, 4주는 평년과 비슷하겠고, 2주는 평년과 비슷하거나 높겠음
강수량은 1주, 2주는 평년과 비슷하거나 많겠고, 3주, 4주는 평년과 비슷하겠음
❍ 1주(1.6~1.12): 이동성 고기압의 영향을 받겠으나, 일시적으로 바이칼호부근에 위치한 고기압성 순환에 의해 확장하는 찬 대륙고기압의 영향을받겠으며, 지형적인 영향으로 눈이 내리는 곳이 있겠음
- 기온은 평년과 비슷하겠고, 강수량은 평년과 비슷하거나 많겠음
❍ 2주(1.13~1.19): 우리나라 남쪽에 위치한 고기압성 순환의 영향으로, 이동성고기압의 영향을 받겠으나, 기압골의 영향을 받을 때가 있겠음
- 기온은 평년과 비슷하거나 높겠고, 강수량은 평년과 비슷하거나 많겠음
❍ 3주(1.20~1.26): 이동 성  고 기 압 의  영 향 을  받 겠 으 나, 일 시 적 으 로  우 랄 산 맥 부 근 에위치한 고기압성 순환에 의해 확장하는 찬 대륙고기압의 영향을 받겠음
- 기온은 평년과 비슷하겠고, 강수량은 평년과 비슷하겠음
❍ 4주(1.27~2.2): 이 동 성  고 기 압 의  영 향 을  받 겠 으 나, 일 시 적 으 로  바 이 칼 호 부 근 에위치한 고기압성 순환에 의해 확장하는 찬 대륙고기압의 영향을 받겠음
- 기온은 평년과 비슷하겠고, 강수량은 평년과 비슷하겠음",1호.txt
2025,1,12,2025-01-01,2025-01-31,과수,과수화상병,예보,,"농업지대 지역 평균기온 강수량1주 2주 3주 4주 1주 2주 3주 4주(1.6~1.12) (1.13~1.19)(1.20~1.26) (1.27~2.2) (1.6~1.12) (1.13~1.19)(1.20~1.26) (1.27~2.2)1.태백고냉 대관령 조 금 낮 음비 슷조 금 낮 음조 금 낮 음비 슷 비 슷조 금 적 음비 슷2.태백준고냉 인제,홍천,제천 조 금 낮 음비 슷조 금 낮 음조 금 낮 음비 슷 비 슷조 금 적 음비 슷3.소백산간 충주,보은 조 금 낮 음조 금 높 음비 슷 비 슷조 금 많 음조 금 많 음조 금 적 음비 슷4.노령소백산간 임실 비 슷조 금 높 음비 슷 비 슷조 금 많 음조 금 많 음비 슷 비 슷5.영남내륙산간 추풍령,영주,문경 비 슷조 금 높 음비 슷 비 슷 비 슷조 금 많 음비 슷 비 슷6.중북부내륙 춘천,양평 조 금 낮 음비 슷조 금 낮 음조 금 낮 음비 슷 비 슷조 금 적 음비 슷7.중부내륙 원주,이천 조 금 낮 음비 슷조 금 낮 음조 금 낮 음비 슷 비 슷조 금 적 음비 슷8.소백서부내륙 청주,대전,금산 비 슷조 금 높 음비 슷 비 슷조 금 많 음조 금 많 음비 슷 비 슷9.노령동서내륙 정 읍,남 원,거 창,산 청비 슷조 금 높 음비 슷 비 슷조 금 많 음조 금 많 음비 슷 비 슷10.호남내륙 광 주,순 천,장 흥 비 슷조 금 높 음비 슷 비 슷조 금 많 음조 금 많 음비 슷 비 슷11.영남분지 대 구,의 성,구 미,영 천비 슷조 금 높 음비 슷 비 슷 비 슷조 금 많 음비 슷 비 슷12.영남내륙 진 주,합 천,밀 양 비 슷조 금 높 음비 슷 비 슷 비 슷조 금 많 음비 슷 비 슷13.중서부평야 서 울,인 천,수 원,서 산,강 화,천 안,보 령조 금 낮 음비 슷 비 슷 비 슷조 금 많 음비 슷조 금 적 음비 슷14.차 령 남 부 평 야군 산,전 주,부 여,부 안비 슷조 금 높 음비 슷 비 슷조 금 많 음조 금 많 음비 슷 비 슷15.남서해안 목 포,완 도,해 남,고 흥비 슷조 금 높 음비 슷 비 슷조 금 많 음조 금 많 음비 슷 비 슷16.남부해안 부 산,통 영,여 수,거 제,남 해 비 슷조 금 높 음비 슷 비 슷 비 슷조 금 많 음비 슷 비 슷17.동해안북부 속초,강릉 비 슷 비 슷 비 슷 비 슷 비 슷 비 슷 비 슷조 금 많 음
18.동해안중부 울진,영덕 비 슷조 금 높 음비 슷 비 슷 비 슷조 금 많 음비 슷 비 슷19.동해안남부 포항,울산 비 슷조 금 높 음비 슷 비 슷 비 슷조 금 많 음비 슷 비 슷20.제주 제주,성산,서귀포 비 슷조 금 높 음비 슷 비 슷 비 슷조 금 많 음비 슷 비 슷평균 비 슷조 금 높 음비 슷 비 슷조 금 많 음조 금 많 음비 슷 비 슷10일(2024.12.30.~2025.01.05.) 예보(기상청, 2024.12.26., 06:00)<기상예보>
❍ (기온) 아침 기온은 -10~5℃, 낮 기온은 1~12℃로 평년(최저기온 -9~0℃,최고기온 1~9℃)과 비슷하거나 조금 높겠음
❍ (강수) 30일 오후 강원영서에 눈이 오는 곳이 있겠음
<날씨><최저/최고기온>최근 경과기상과 향후 기상전망<기온><강수량>연도별 평균기온
❍ ‘24년 1월부터 12월 4주차까지의 평균기온은 15.0℃로, 평년(13.1)보다 1.9℃ 높았음
- ’24년 12월 4주차의 평균기온은 0.6℃로, 평년(1.5)보다 0.9℃ 낮았음",1호.txt
2025,1,13,2025-01-01,2025-01-31,과수,과수화상병,예보,,"* 10년 평균 : 최근 10년(2014~2023년)동안의 평균기온의 평균** 평년 : 30년(1991～2020년)동안의 평균기온의 평균*** 편차 : 평년의 평균기온에 대한 연도별 평균기온의 차이기간 1월 2월 3월 4월 5월 6월 7월 8월 9월 10월 11월12월 분석기간1.1~12.25 12.19~12.251주(11.28~12.4)2주(12.5~12.11)3주(12.12~12.18)4주(12.19~12.25)평균(℃)편차(℃)평균(℃)편차(℃)‘24년 1.4 4.5 7.2 15.1 17.8 22.7 26.4 28.1 24.9 16.5 10.1 5.3 3.1 1.6 0.6 15.0 1.9 0.6 -0.9‘23년 0.0 3.0 9.7 13.3 18.0 22.4 25.6 26.6 22.8 15.2 8.4 2.4 9.4 3.4 -3.5 14.2 1.1 -3.5 -5.0‘22년 -0.2 0.4 8.0 13.9 18.2 22.5 26.1 25.5 21.3 14.4 10.1 3.5 2.9 -1.7 -3.5 13.6 0.5 -3.5 -5.0‘21년 -0.4 3.9 9.0 13.4 16.9 21.9 26.2 25.0 21.7 15.6 8.8 4.4 6.0 2.3 2.4 14.0 0.9 2.4 0.9‘20년 3.0 3.8 8.0 10.9 17.7 22.7 22.7 26.6 20.4 14.1 9.0 2.6 3.5 -1.5 0.8 13.6 0.5 0.8 -0.7‘19년 0.5 2.6 7.6 12.0 18.5 21.2 24.7 26.1 21.8 15.9 9.0 4.5 2.4 4.8 2.5 13.9 0.8 2.5 1.0‘18년 -1.8 0.0 8.2 13.3 17.8 22.1 26.7 27.2 20.5 13.1 8.3 7.8 -0.5 0.4 4.1 13.4 0.3 4.1 2.6‘17년 0.3 1.8 6.4 13.8 18.6 21.7 26.4 25.5 20.6 15.4 7.0 3.7 0.4 -2.9 1.3 13.4 0.3 1.3 -0.2‘16년 -0.6 1.9 7.3 13.8 18.5 22.2 25.4 26.7 21.7 15.9 8.0 4.8 3.2 2.5 5.5 13.9 0.8 5.5 4.0‘15년 0.8 2.2 6.8 12.7 18.5 21.5 24.3 25.2 20.5 15.1 10.3 4.8 5.8 3.9 3.8 13.7 0.6 3.8 2.3‘14년 0.7 2.7 7.7 13.3 18.3 21.7 24.9 23.7 20.9 14.9 9.0 4.5 0.1 -1.8 -0.3 13.4 0.3 -0.3 -1.810년평균 0.2 2.2 7.9 13.0 18.1 22.0 25.3 25.8 21.2 15.0 8.8 4.3 3.3 0.9 1.3 13.7 0.6 1.3 -0.2평년 -0.4 1.7 6.5 12.3 17.5 21.5 24.7 25.4 20.8 14.7 8.1 4.5 2.5 1.4 1.5 13.1 0.0 1.5 0.0연도별 강수량
❍ ‘24년 1월부터 12월 4주차까지의 강수량의 합은 1,460.2㎜로, 평년(1,358.3)보다 101.9㎜ 많았음(평년대비 107.5%)",1호.txt
2025,1,14,2025-01-01,2025-01-31,과수,과수화상병,예보,방울토마토,"- ’24년 12월 4주차의 강수량의 합은 2.7㎜로, 평년(6.1)보다 3.4㎜ 적었음(평년대비 44.3%)* 10년 평균 : 최근 10년(2014~2023년)동안의 강수량의 평균** 평년 : 30년(1991～2020년)동안의 강수량의 평균*** 대비 : 평년의 강수량에 대한 연도별 강수량의 비율기간 1월 2월 3월 4월 5월 6월 7월 8월 9월 10월 11월12월 분석기간1.1~12.25 12.19~12.251주(11.28~12.4)2주(12.5~12.11)3주(12.12~12.18)4주(12.19~12.25)합계(㎜)대비(%)합계(㎜)대비(%)‘24년 36.9 111.4 68.8 87.9 118.4 147.5 361.4 82.9 241.4 118.8 77.4 5.7 2.0 2.5 2.7 1460.2 107.5 2.7 44.3‘23년 44.9 20.0 30.5 70.2 207.2 210.1 497.0 286.3 196.9 18.0 64.9 0.5 34.9 57.5 4.2 1743.0 128.3 4.2 68.9‘22년 5.0 5.5 89.5 62.7 6.3 181.9 181.9 304.3 159.1 77.7 63.6 29.2 0.6 6.5 10.6 1155.3 85.1 10.6 173.8‘21년 25.4 23.4 112.1 77.5 138.9 94.7 234.7 291.0 167.8 55.2 58.3 23.9 1.0 3.7 3.1 1287.8 94.8 3.1 50.8‘20년 85.7 62.1 34.4 44.0 107.4 194.3 422.9 397.8 226.0 13.8 39.7 0.5 0.1 3.1 0.2 1631.5 120.1 0.2 3.3‘19년 9.7 34.5 42.6 80.8 65.0 151.5 238.3 143.6 241.3 165.6 57.9 17.3 0.7 3.5 1.5 1250.9 92.1 1.5 24.6‘18년 25.5 36.6 116.2 140.3 135.2 147.2 170.7 291.7 157.4 166.6 49.9 22.1 7.1 2.3 2.1 1470.8 108.3 2.1 34.4‘17년 18.6 36.0 26.1 72.8 31.0 63.1 297.1 239.0 100.6 77.9 14.4 1.4 5.4 1.0 15.4 999.3 73.6 15.4 252.5‘16년 32.9 50.6 62.8 163.2 103.4 76.4 290.8 86.1 209.6 156.1 38.4 2.8 3.1 3.8 48.0 1325.1 97.6 48.0 786.9‘15년 31.9 31.0 47.8 135.6 70.1 103.3 189.4 117.5 68.3 66.3 137.0 10.4 20.8 7.8 5.4 1041.6 76.7 5.4 88.5‘14년 14.0 34.8 82.3 89.3 84.2 85.7 167.2 387.2 121.6 121.2 60.1 22.5 5.6 12.0 4.6 1276.2 94.0 4.6 75.410년평균 29.4 33.5 64.4 93.6 94.9 130.8 269.0 254.5 164.9 91.8 58.4 13.1 7.9 10.1 9.5 1318.2 97.0 9.5 155.7평년 30.6 37.5 63.0 90.7 108.0 151.4 290.4 277.6 161.7 68.7 51.0 10.8 9.7 5.7 6.1 1358.3 100.0 6.1 100.0리플릿 토마토뿔나방 예찰·방제",1호.txt
2025,2,1,2025-02-01,2025-02-28,시설채소,잿빛곰팡이병,예보,"딸기,오이","❍ 시설내의 온도가 20℃ 전후로 낮고 비닐천정에 이슬이 맺힐정도의 습도가 높은 조건이 오래 지속되면 발생이 증가하는데오이, 딸기 등 일부 작물에서 발생되고 있어 주의가 필요함
⇒ 병든 식물은 시설 밖으로 빼내어 소각하거나 땅속에 묻어 전염원을차단하여야 함
⇒ 적절한 환기로 시설 내의 습도를 낮추어 주되 보온에 유의하고,시설 내에서 병이 발생되면 급속하게 번지는 특성이 있으므로발생 초기에 등록약제로 방제하되 약제를 바꾸어 가며 사용해야 함",2호.txt
2025,2,2,2025-02-01,2025-02-28,시설채소,균핵병,예보,"고추,딸기,방울토마토,오이","❍ 잿빛곰팡이병과 비슷한 환경인 온도가 낮고 습도가 높을 때 발생하며 질소질 비료를 많이 주어 작물체가 연약하게 자라거나연작에 의하여 병원균 밀도가 높을 때 발생이 늘어남. 오이,토마토, 고추, 딸기 등 중기와 가지의 분지점에 침입하여 발생하며, 윗부분의 줄기와 잎이 시들어 말라 죽게 되는 병임
⇒ 적절한 환기로 과습한 환경을 피하고보온력을 강화하여 적정온도를 유지시키며,병든 기주는 바로 없애주고 농약안전사용기준을 준수하여 잿빛곰팡이병과 동시방제할 수 있도록 함",2호.txt
2025,2,3,2025-02-01,2025-02-28,시설채소,흰가루병,예보,"딸기,멜론,오이","❍ 분생포자가 공기로 전염되며 건조하면서 일교차가 심한 환경에서많이 발생하는데 1월 기온의 변화가 클 것으로 예상돼 오이, 멜론 등 박과작물과 딸기 등에 발생 증가가 우려됨
⇒ 햇볕 쪼임이 부족하고 비료기가 많은 조건에서 발생이 많으므로질소질 비료를 알맞게 주며, 병든 잎과 과실은 신속히 제거하고병 발생 초기에 등록 약제로 방제",2호.txt
2025,2,4,2025-02-01,2025-02-28,시설채소,딸기 꽃곰팡이병,주의보,딸기,"❍ 암술에 녹색 곰팡이가 발생하는 병으로 심할 경우 꽃 전체가 마르면서 기형과를 유발하는 피해를 입힘
❍ 병원균은 딸기꽃 외에도 시설 내 식물 잔재물, 토양, 유기물 등에서도 증식이 가능하며 저온과 습도가 높을 때 발생이 증가함
⇒ 시설 내 습도를 낮추고 식물체로 물방울이 떨어지지 않도록 하며 식물체잔재물을 제거하는 등 청결한 환경관리 필요
* 농촌진흥청 농사로 「딸기 주요 병해충 방제」동영상 참고(https://www.nongsaro.go.kr/portal/ps/psb/psbo/vodPlay.ps?mvpNo=1727&mvpClipNo=&menuId=PS00069&cntntsNo=221247)",2호.txt
2025,2,5,2025-02-01,2025-02-28,시설채소,딸기 세균모무늬병,예보,딸기,"❍ 생육 초기 잎 뒷면에 작은 수침상이 나타나고 점차 확대되어잎 앞면에 점무늬를 형성함
❍ 후기의 병반은 세균 누출액으로 덮여 빛이 나고, 잎 전체가마르면서 갈색으로 변색되고 떨어지게 됨
❍ 세균 누출액이 튀거나 접촉으로 번지는 원인이 되고 딸기 러너에의해 확산됨
⇒ 감염된 포장이나 모주를 통해 전염되므로 병에 걸린 포기는 제거하여 태우거나 땅에 묻고, 병에 걸렸던 포장의 딸기는 절대 모주로사용하지 말아야 함",2호.txt
2025,2,6,2025-02-01,2025-02-28,시설채소,노균병,예보,"멜론,오이","❍ 오이, 멜론 등 시설 내의 습도가 높고 온도가 낮은(20℃ 전후)조건에서 발생이 많고, 일조량이 부족하거나 거름기가 모자라작물 생육이 왕성하지 못할 때 발생이 많음
⇒ 야간에 보온관리를 잘하여 저온이 되지 않도록 하고, 웃거름주기와 열매솎기 및 햇볕 쪼임을 좋게 하여 튼튼하게 생육하도록함과 동시에 습도가 높아지지 않도록 환기를 철저히 해줌⇒ 특히 오이 시설재배 중 환기를 시키는 과정에서 찬바람이 식물체에직접 닿을 경우 노균병이 심하게 발생되므로 환기 할 때 유의⇒ 병이 발생된 포장은 병든 잎을 일찍 따낸 다음 발병 초기에등록약제로 방제",2호.txt
2025,2,7,2025-02-01,2025-02-28,시설채소,역병,예보,,"❍ 시설내 온도가 3∼26℃사이에서 발병이 가능하며 일교차가 크고다습할 때 심하게 발생함. 시설 내 환경조건이 저온 다습하여 역병이발병하기 좋을 조건일 경우 1∼2주 만에 포장을 황폐화시키는 치명적인 피해를 주기도 함. 밤 기온은 낮고, 낮에는 따뜻하여 일교차가크고 다습하여 발생할 가능성이 있음
⇒ 환기를 철저히 하여 시설 내에 과습하지 않도록 하며, 잦은관수를 피하고 배수가 잘 되게 관리⇒ 항상 포장을 청결히 하고 병든 잎이나 줄기는 조기에 제거하여불에 태우거나 땅속 깊이 묻고 예방적으로 적용약제를 살포",2호.txt
2025,2,8,2025-02-01,2025-02-28,시설채소,"양파 노균병, 고자리파리",예보,양파,"❍ (노균병) 양파를 이어짓는 포장을 중심으로 노균병이 매년 증가하는추세로 기온이 15℃정도에서 비가 자주 내리고 안개 끼는 날이 많으면발생이 많아지는데 발병 이후에 약제로 방제를 할 경우 효과가 거의없으므로 사전 관리가 중요함
⇒ 포장을 습하지 않도록 관리하고 병이 발생한 포장은 병든 식물을 반드시제거하여 2차 감염을 차단해야 함
❍ (고자리파리) 전년 11월 기온이 따뜻하여 월동전 유충 밀도가 높아주의가 필요(보통 3~4월에 발생이 많음)애벌레(구더기)가 뿌리를 갉아 먹어 아래 잎부터 노랗게 말라 죽으며심하면 포기 전체가 말라 죽게 됨
⇒ 사전예찰을 철저히 하고 월동 후 따뜻한 날이 지속되고 비가 많을경우 2월말 초기방제 후 4월초에 추가 방제하여 확산을 방지",2호.txt
2025,2,9,2025-02-01,2025-02-28,시설채소,총 채 벌 레 류․가 루 이 류․진 딧 물 류․응 애 류  등,예보,"감자,고추,방울토마토,오이","❍ (총채벌레류) 꽃노랑총채벌레, 오이총채벌레 등은 오이, 고추,토마토 등 시설 내에서 연중 발생하는 해충으로 방제시기를 놓칠경우 바이러스병을 전염시켜 큰 피해를 주는 해충임
❍ (가루이류·진딧물류) 온실가루이와 담배가루이는 가지과 작물에서, 진딧물은 엽채류와 과채류에서 주로 발생하며 식물체의즙액을 빨아먹는 직접적인 피해뿐만 아니라 그을음병과 바이러스병 등을 유발함
❍ (응애류) 작물이 피해를 받으면 잎이 누렇게 변하여 말라 죽게 됨
⇒ 이들 해충은 일단 발생되면 방제가 어려우므로 방충망을 설치하는등 시설 안으로 들어오지 못하도록 막고, 크기가 작아 발생을 알아보기가 어려우므로 끈끈이를 매달아 주의 깊게 살펴봄⇒ 해충에 따라 발생 초기 천적을 투입하거나 등록 약제로 방제하고,약제 살포 시에는 안전사용기준을 지키고 계통이 다른 약제로바꾸어 가면서 살포하여 저항성 유발을 최소화
❍ (작은뿌리파리 ) 밭작물, 채소, 화훼 등에서 전 생육기간 동안발생하며, 성충은 유기물이 풍부한 상토 또는 양액 육묘의 암면큐브 위 이끼에 산란하고 부화유충은 지제부와 뿌리에 해를입혀 시들음병이나 청고병과 같은 지상부 시들음 증상을 유발⇒ 유충은 감자 절편에 잘 유인되기 때문에 깍두기 모양의 크기로절단하여 작물의 뿌리 주변에 놓아두면 발생 여부와 발생량을 예찰할 수 있음
⇒ 노란색 끈끈이 트랩을 지상부 50㎝ 이하에 설치해 두면 성충 발생여부와 발생량 예찰에 도움이 됨",2호.txt
2025,2,10,2025-02-01,2025-02-28,시설채소,토마토반점위조바이러스(TSWV),예보,"고추,방울토마토,파프리카","❍ 총채벌레가 전염시키는 바이러스 병으로 파프리카, 고추, 토마토등 시설재배지에서 이들 매개충이 꾸준히 발생하고 있으며, 방제시기를 놓칠 경우 피해가 커지기 때문에 초기 예방이 중요
⇒ 병에 걸린 식물을 발견하면 즉시 제거하여 병이 확산되는 것을 예방",2호.txt
2025,2,11,2025-02-01,2025-02-28,시설채소,쥬키니황화모자이크바이러스(ZYMV),예보,"오이,호박","❍ 호박, 오이 등 과채류에서 전년에 이어 발생이 증가할 것으로 예상되며, 진딧물이 병을 매개하는 한편 이병식물의 접촉에 의한전염도 가능하므로 농작업 시 주의가 필요
⇒ 진딧물 방제를 철저히 하고 작물이 시설 내에 연중 재배되어항상 전염원이 있으므로 즙액에 의한 접촉전염을 막기 위해 병든 식물체는 즉시 제거",2호.txt
2025,2,12,2025-02-01,2025-02-28,시설채소,토마토황화잎말림병(TYLCV),예보,방울토마토,"❍ 가지과 작물에서 담배가루이가 병을 매개하므로 육묘 단계부터정식 초기에 예찰을 강화하여 감염여부를 판단하고 정식 후에는잎 뒷면과 포장주위를 살펴보아 담배가루이를 철저히 방제⇒ 병을 전염시키는 담배가루이의 세대 기간이 짧아 연간 발생횟수가많으므로 방충망을 설치하여 시설 안으로 담배가루이가 들어오는것을 막고 발생 초기에 등록약제로 방제하는 등 철저한 관리로병이 확산되는 것을 예방⇒ 발생된 시설재배 농가 주변지역은 담배가루이의 기주식물이 되는잡초와 병에 걸린 식물은 뽑아서 제거※ 기주식물 : 큰개불알풀, 광대나물, 별꽃,큰망초, 쑥, 머위",2호.txt
2025,2,13,2025-02-01,2025-02-28,과수,과수화상병,예보,사과,"❍ (과수화상병) 사과, 배 등의 병든 꽃은 수침상이 되고 쭈그러든후 흑갈색으로 변해 떨어지거나 나무에 매달려 있게 되고 꽃이달린 가지나 인접한 가지로 진전되어 잎맥을 따라 흑갈색의병반이 생기고 병이 진전됨에 따라 병든 잎은 말리고, 쭈그러들어보통은 가지에 매달려 있음. 병든 가지의 나무껍질은 흑갈색으로변하면서 물러졌다가 후에 위축되고 단단해져 궤양병반을 형성⇒ 한번 걸리면 방제가 불가능하기 때문에 예방을 위하여 과수원을 청결하게 관리하고 농작업을 하는 사람의 과수원 출입시사람과 작업도구 등을 수시로 소독⇒ 의심증상 발견 시에는 전국 대표전화(1833-8572) 또는 가까운농업기술센터·농업기술원에 즉시 신고, 병균의 밀도가 낮아 진단되지 않더라도 갈변궤양은 끝에서 40~70cm 아래를 절단․제거
❍ (과수가지검은마름병) 과수화상병과 증상이 비슷하여 육안으로는구분이 불가하며, 발생시기와 전파경로, 피해증상이 유사함.
사과나무병징엽맥따라갈색병반형성 신초마름병징(지팡이모양) 과실 줄기 병징배나무병징꽃전체가시들고마름 신초마름병징(지팡이모양) 과실 줄기 병징",2호.txt
2025,2,14,2025-02-01,2025-02-28,과수,주경배나무이,예보,,"❍ 배에 발생하는 주경배나무이는 거친 껍질 밑에서 성충상태로월동을 하고, 2월 중순부터 나무 위쪽의 열매가 달리는 가지로이동하며 3월 상순부터 산란을 시작하고 개화 전 무렵부터알이 부화됨
⇒ 기계유유제의 경우 산란된 알에 대해서는 효과가 거의 없기 때문에가능한 한 최적 방제시기 초기에 방제하는 것이 효과적임
⇒ 국가농작물병해충관리시스템(http://ncpms.rda.go.kr)의「병해충예측-병해충예측지도」메뉴에서 내 농장 지역의 최적방제시기와과수원내 주경배나무이 밀도를 살펴보고 기계유유제 살포* 농촌진흥청웹페이지“농사로”에서농업기술동영상「주경배나무이방제기술」참고※ 중부지방 방제시기: 2월부터 최고온도 6℃이상의 날이 16∼20일이되면 월동한 성충의 약 80%가 나무로 이동함. 이때 기계유유제(약12.5 ∼17ℓ/물 500 ℓ) 살포* 남부 지방은 주경배나무이의 이동이 10일 정도 빠름을 감안하여방제 시기를 결정* 단, 줄기마름병이 많이 발생하거나 찬 기운이 정체돼 언 피해가잦은 농가는 기계유유제 대신 주경배나무이 적용 약제를 살포1개월 기상전망            (출처 : 국립농업과학원, 기상청)기온은 1주, 2주는 평년과 비슷하거나 높겠고, 3주, 4주는 평년보다 높겠음
강수량은 1주는 평년과 비슷하거나 많겠고, 2주는 평년과 비슷하거나적겠으며, 3주, 4주는 평년과 비슷하겠음
❍ 1주(2.10~2.16): 우리나라 부근에 고기압성 순환이 위치하면서 주로이동성 고기압의 영향을 받겠으나, 일시적으로 찬 공기의 영향을 받을때가 있겠고, 저기압의 영향을 받을 때가 있겠음
- 기온은 평년과 비슷하거나 높겠고, 강수량은 평년과 비슷하거나 많겠음
❍ 2주(2.17~2.23): 동아시아 부근에 고기압성 순환이 위치하면서 주로이동성 고기압의 영향을 받겠으나, 일시적으로 찬 공기의 영향을 받을때가 있겠음
- 기온은 평년과 비슷하거나 높겠고, 강수량은 평년과 비슷하거나 적겠음
❍ 3주(2.24~3.2): 동아시아 부근에 고기압성 순환이 위치하면서 우리나라는 주로 이동성 고기압의 영향을 받겠음
- 기온은 평년보다 높겠고, 강수량은 평년과 비슷하겠음
❍ 4주(3.3~3.9): 동아시아 부근에 고기압성 순환이 위치하면서 우리나라는주로 이동성 고기압의 영향을 받겠음
- 기온은 평년보다 높겠고, 강수량은 평년과 비슷하겠음",2호.txt
2025,2,15,2025-02-01,2025-02-28,과수,주경배나무이,예보,,"농업지대 지역 평균기온 강수량1주 2주 3주 4주 1주 2주 3주 4주(2.10~2.16)(2.17~2.23) (2.24~3.2) (3.3~3.9) (2.10~2.16)(2.17~2.23) (2.24~3.2) (3.3~3.9)1.태백고냉 대관령 높 음 비 슷 비 슷조 금 높 음비 슷조 금 적 음비 슷 비 슷2.태백준고냉 인제,홍천,제천 높 음 비 슷 비 슷조 금 높 음비 슷조 금 적 음비 슷 비 슷3.소백산간 충주,보은 조 금 높 음비 슷 비 슷 높 음조 금 많 음조 금 적 음비 슷 비 슷4.노령소백산간 임실 조 금 높 음조 금 높 음비 슷 높 음조 금 많 음비 슷조 금 많 음비 슷5.영남내륙산간 추풍령,영주,문경 조 금 높 음조 금 높 음조 금 높 음높 음조 금 많 음조 금 적 음비 슷 비 슷6.중북부내륙 춘천,양평 높 음 비 슷 비 슷조 금 높 음비 슷조 금 적 음비 슷 비 슷7.중부내륙 원주,이천 높 음 비 슷 비 슷조 금 높 음비 슷조 금 적 음비 슷 비 슷8.소백서부내륙 청주,대전,금산 조 금 높 음조 금 높 음비 슷 높 음조 금 많 음조 금 적 음비 슷 비 슷9.노령동서내륙 정 읍,남 원,거 창,산 청조 금 높 음조 금 높 음비 슷 높 음조 금 많 음비 슷조 금 많 음비 슷10.호남내륙 광주,순천,장흥 조 금 높 음조 금 높 음비 슷 높 음조 금 많 음비 슷조 금 많 음비 슷11.영남분지 대 구,의 성,구 미,영 천조 금 높 음조 금 높 음조 금 높 음높 음조 금 많 음조 금 적 음비 슷 비 슷12.영남내륙 진주,합천,밀양 조 금 높 음조 금 높 음조 금 높 음높 음조 금 많 음조 금 적 음비 슷 비 슷13.중서부평야 서울,인천,수원,서산,강화,천안,보령 높 음조 금 높 음비 슷조 금 높 음비 슷조 금 적 음비 슷 비 슷14.차 령 남 부 평 야군 산,전 주,부 여,부 안조 금 높 음조 금 높 음비 슷 높 음조 금 많 음비 슷조 금 많 음비 슷15.남서해안 목 포,완 도,해 남,고 흥조 금 높 음조 금 높 음비 슷 높 음조 금 많 음비 슷조 금 많 음비 슷16.남부해안 부 산,통 영,여 수,거 제,남 해 조 금 높 음조 금 높 음조 금 높 음높 음조 금 많 음조 금 적 음비 슷 비 슷17.동해안북부 속초,강릉 조 금 높 음조 금 높 음조 금 높 음조 금 높 음비 슷조 금 많 음비 슷 비 슷18.동해안중부 울진,영덕 조 금 높 음조 금 높 음조 금 높 음높 음조 금 많 음조 금 적 음비 슷 비 슷19.동해안남부 포항,울산 조 금 높 음조 금 높 음조 금 높 음높 음조 금 많 음조 금 적 음비 슷 비 슷20.제주 제주,성산,서귀포 조 금 높 음조 금 높 음비 슷 높 음조 금 많 음조 금 적 음비 슷 비 슷평균 조 금 높 음조 금 높 음높 음 높 음조 금 많 음조 금 적 음비 슷 비 슷10일(2025.02.04.~02.10.) 예보(기상청, 2025.01.31., 06:00)<기상예보>
❍ (기온) 아침 기온은 -15~2℃, 낮 기온은 -5~8℃로 평년(최저기온 -9~0℃,최고기온 3~9℃)보다 낮겠음. 특히, 4일~7일은 기온이 낮고, 바람도 강하게 불어, 체감온도는 더욱 낮아 춥겠음
❍ (강수) 2월 4일~6일 전라권과 제주도에 비 또는 눈이, 4일~5일 충남권에 눈이 오는 곳이 있겠음
<날씨><최저/최고기온>최근 경과기상과 향후 기상전망<기온><강수량>연도별 평균기온
❍ ‘24년 12월부터 ‘25년 1월 5주차까지의 평균기온은 1.4℃로, 평년(0.7)보다
0.7℃ 높았음
- ’25년 1월 5주차의 평균기온은 1.5℃로, 평년(-0.6)보다 2.1℃ 높았음",2호.txt
2025,2,16,2025-02-01,2025-02-28,과수,주경배나무이,예보,,"기  간 12월1월 분석기간‘24.12.1~‘25.1.29‘25.1.23~1.291주(12.26~1.1)2주(1.2~1.8)3주(1.9~1.15)4주(1.16~1.22)5주(1.23~1.29)평균(℃)편차(℃)평균(℃)편차(℃)‘24~’25년 2.3 1.9 0.6 -2.2 1.5 1.5 1.4 0.7 1.5 2.1‘23~’24년 3.0 2.9 2.1 1.7 3.0 -2.2 2.1 1.4 -2.2 -1.6‘22~’23년 -0.7 -1.0 0.1 4.9 -1.0 -4.3 -0.4 -1.1 -4.3 -3.7‘21~’22년 2.4 -2.1 0.0 -1.3 -1.3 2.3 1.2 0.5 2.3 2.9‘20~’21년 1.0 -0.2 -4.8 -1.4 0.5 3.6 0.2 -0.5 3.6 4.2‘19~’20년 3.1 1.3 3.8 1.1 1.8 5.8 3.0 2.3 5.8 6.4‘18~’19년 1.5 -3.2 -0.8 1.1 1.0 0.7 1.0 0.3 0.7 1.3‘17~’18년 0.1 0.4 0.0 -2.9 2.9 -7.1 -0.8 -1.5 -7.1 -6.5‘16~’17년 3.3 1.1 5.0 -1.0 -1.5 -1.2 1.9 1.2 -1.2 -0.6‘15~’16년 3.7 0.8 2.7 -0.2 -2.9 -3.1 1.6 0.9 -3.1 -2.5‘14~’15년 -0.3 0.0 -0.2 1.1 1.6 1.9 0.3 -0.4 1.9 2.510년평균 1.7 0.0 0.8 0.3 0.4 -0.4 1.0 0.3 -0.4 0.2평  년 1.7 0.1 -0.1 -0.5 -0.3 -0.6 0.7 0.0 -0.6 0.0* 10년 평균 : 최근 10년(2014~2023년)동안의 평균기온의 평균** 평년 : 30년(1991～2020년)동안의 평균기온의 평균*** 편차 : 평년의 평균기온에 대한 연도별 평균기온의 차이연도별 강수량
❍ ‘24년 12월부터 ‘25년 1월 5주차까지의 강수량의 합은 26.2㎜로, 평년(60.9)보다 34.7㎜ 적었음(평년대비 43.0%)
- ’25년 1월 5주차의 강수량의 합은 10.1㎜로, 평년(6.4)보다",2호.txt
2025,2,17,2025-02-01,2025-02-28,과수,주경배나무이,예보,방울토마토,3.7㎜ 많았음(평년대비 157.8%)기  간 12월1월 분석기간‘24.12.1~‘25.1.29‘25.1.23~1.291주(12.26~1.1)2주(1.2~1.8)3주(1.9~1.15)4주(1.16~1.22)5주(1.23~1.29)합계(㎜)대비(%)합계(㎜)대비(%)‘24~’25년 8.7 1.3 5.3 2.0 0.1 10.1 26.2 43.0 10.1 157.8‘23~’24년 103.2 6.4 2.0 4.7 27.2 2.1 139.2 228.6 2.1 32.8‘22~’23년 18.2 0.2 2.5 38.1 0.9 3.3 62.9 103.3 3.3 51.6‘21~’22년 11.0 2.1 1.2 1.2 1.1 1.2 15.6 25.6 1.2 18.8‘20~’21년 11.8 8.5 3.5 1.2 8.4 11.4 36.4 59.8 11.4 178.1‘19~’20년 30.4 10.3 54.2 1.1 6.8 22.7 115.2 189.2 22.7 354.7‘18~’19년 34.3 0.8 0.2 2.8 0.5 0.5 38.4 63.1 0.5 7.8‘17~’18년 24.1 1.4 3.6 5.9 14.9 0.9 49.4 81.1 0.9 14.1‘16~’17년 68.6 13.6 5.2 1.1 4.5 6.6 85.8 140.9 6.6 103.1‘15~’16년 45.2 1.7 0.7 1.2 7.3 22.6 77.2 126.8 22.6 353.1‘14~’15년 29.7 2.4 9.8 3.3 7.9 9.3 61.2 100.5 9.3 145.310년평균 37.7 4.7 8.3 6.1 8.0 8.1 68.1 111.8 8.1 126.6평  년 32.2 5.0 7.2 6.7 8.0 6.4 60.9 100.0 6.4 100.0* 10년 평균 : 최근 10년(2014~2023년)동안의 강수량의 평균** 평년 : 30년(1991～2020년)동안의 강수량의 평균*** 대비 : 평년의 강수량에 대한 연도별 강수량의 비율리플릿 과수화상병 유입 차단 관리방법리플릿 토마토뿔나방 예찰·방제,2호.txt
2025,3,1,2025-03-01,2025-03-31,시설채소,모잘록병,예보,"고추,수박","❍ 고추, 수박 등의 어린 모에 발생하는 병으로 습도가 높고 야간에온도가 낮을 때, 밀식되어 모가 웃자랄 때 발생⇒ 육묘용 상토를 소독하거나 파종 직후나, 이식하기 2∼3주 전에 등록약제를 토양에 관주⇒ 질소질 비료의 과용을 피하고 햇볕이 잘 들게 하여 모가 튼튼히 자라도록 하고, 야간온도가 15℃이하로 내려가지 않도록 온도 관리를 철저히 해줌.
⇒ 전염성이 강하므로 병든 식물을 발견하되면 즉시 제거하고 발병 초기에등록약제로 방제",3호.txt
2025,3,2,2025-03-01,2025-03-31,시설채소,잿빛곰팡이병,예보,,"❍ 시설 내의 온도가 20℃ 전후로 낮고 비닐하우스천장에 이슬이 맺힐정도의 높은 습도가 지속될 경우 급속하게 확산의 우려가 있어 주의가 필요함
⇒ 적절한 환기로 시설 내의 습도를 낮추어 주되 보온에 유의하고,병이 발생되면 급속하게 번지는 특성이 있으므로 발생 초기에등록약제로 방제",3호.txt
2025,3,3,2025-03-01,2025-03-31,시설채소,"흰가루병, 노균병",예보,"딸기,멜론,오이","❍ (흰가루병) 분생포자가 공기로 전염되며 건조하면서 일교차가 심한환경에서 많이 발생하는데 1월 기온의 변화가 클 것으로 예상돼오이, 멜론 등 박과작물과 딸기 등에 발생 증가가 우려됨
⇒ 일조량이 부족하고 비료기가 많은 조건에서 발생이 많으므로 질소질 비료를 알맞게 주며, 병든 잎과 과실은 신속히 제거하고 병발생 초기에 등록 약제로 방제⇒ 흰가루병 포자는 일출 후부터 오전 10시경 까지 포자 비산이 가장 많이 이루어지므로 약제 살포는 10시 이전에 하는 것이 효과적이고, 같은 계통의 약제 연용 시 약제저항성이 생겨 방제효과가떨어지게 되므로 반드시 다른 계통의 약제를 번갈아 가며 살포
❍ (노균병) 시설 내의 습도가 높고 온도가 낮은 조건에서 발생이 많고,일조량이 부족하거나 거름기가 모자라 작물의 생육이 왕성하지못할 때 발생이 많음
⇒ 야간에 보온관리를 잘하여 저온이 되지 않도록 하고 웃거름 주기,햇볕 쪼임 등으로 생육을 튼튼하게 하고 시설 내 습도가 높아지지않도록 보온에 유의하며 환기를 철저히 해야 함
⇒ 특히 오이 시설재배 중 환기를 시키는 과정에서 찬바람이 식물체에직접 닿을 경우 노균병이 심하게 발생함으로 환기 할 때 유의⇒ 병이 발생된 포장은 병든 잎을 일찍 따낸 다음 발병 초기에 적용약제로 방제",3호.txt
2025,3,4,2025-03-01,2025-03-31,시설채소,역병,예보,,"❍ 시설내 온도가 3∼26℃사이에서 발병이 가능하며 일교차가 크고다습할 때 심하게 발생함. 시설 내 환경조건이 저온 다습하여 역병이발병하기 좋을 조건일 경우 1∼2주 만에 포장이 황폐화되는 치명적인피해를 주기도 함. 밤 기온은 낮고, 낮에는 따뜻하여 일교차가 크고다습하여 발생할 가능성이 있음
⇒ 환기를 철저히 하여 시설 내부가 과습하지 않도록 하며, 잦은관수를 피하고 배수가 잘되게 관리⇒ 항상 포장을 청결히 하고 병든 잎이나 줄기는 조기에 제거하고예방적으로 적용약제를 살포",3호.txt
2025,3,5,2025-03-01,2025-03-31,시설채소,"노균병, 흑색썩음균핵병",주의보,"마늘,양파","1. 양파 노균병
❍ 양파를 이어짓는 포장을 중심으로 노균병이 매년 증가 하고있는추세로 기온이 15℃정도에서 비가 자주 내리고 안개 끼는 날이많으면 발생이 많아지는데 발병 이후에 약제로 방제를 할 경우 효과가거의 없으므로 사전 관리가 중요함
⇒ 포장을 습하지 않도록 관리하고 병이 발생한 포장은 병든 식물을 반드시제거하여 2차 감염을 차단해야 함
2. 양파, 마늘 흑색썩음균핵병
❍ 난지형 마늘에 발생이 많으며, 구근에 흰 균사가 발생하여 구근껍질이 검게 변하면서 흑색의 작은 균핵을 형성하고 오래되면 구근이물러 썩는 병으로 지상부 전체가 시들어 노랗게 마름⇒ 병든 포기를 발견하면 즉시 제거하여 전염원 을 없애주고, 농기계 등에 의해 병 발생 포장의 흙이 건전한 포장으로 유입되지않도록 주의하고 이어짓기 금지",3호.txt
2025,3,6,2025-03-01,2025-03-31,시설채소,딸기 꽃곰팡이병,예보,딸기,"❍ 암술에 녹색 곰팡이가 발생하는 병으로 심할 경우 꽃 전체가 마르면서 기형과를 유발하는 피해를 입힘
❍ 최근 한파로 인한 하우스 환기 부족, 폭설로 인한 과습, 일조부족 등으로 딸기의 생육이 저조하여 병 감염에 취약해진 상태임
❍ 병원균은 딸기꽃 외에도 시설 내 식물 잔재물, 토양, 유기물 등에서도 증식이 가능하며 저온과 습도가 높을 때 발생이 증가함
⇒ 시설 내 습도를 낮추고 식물체로 물방울이 떨어지지 않도록 하며식물체 잔재물을 제거하는 등 청결한 환경관리 필요",3호.txt
2025,3,7,2025-03-01,2025-03-31,시설채소,딸기 세균모무늬병,예보,딸기,"❍ 잎 뒷면에 뜨거운 물로 데친 것 같은 작은 점무늬가 형성되고 점차확대되어 잎 앞면에 점무늬를 형성함
❍ 후기의 병반은 세균 누출액으로 덮여 빛이 나고, 잎 전체가마르면서 갈색으로 변색되고 떨어지게 됨
❍ 세균 누출액이 튀거나 접촉으로 번지는 원인이 되고 딸기 러너에 의해 확산됨
⇒ 감염된 포장이나 모주를 통해 전염되므로 병에 걸린 포기는 제거하여 땅에 묻고, 병에 걸렸던 포장의 딸기는 절대 모주로 사용하지 말아야 함",3호.txt
2025,3,8,2025-03-01,2025-03-31,시설채소,총 채 벌 레 류․가 루 이 류․진 딧 물 류․응 애 류  등,예보,"감자,고추,방울토마토,오이","❍ (총채벌레류) 꽃노랑총채벌레 , 오이총채벌레 등은 오이, 고추,토마토 등 시설 내에서 연중 발생하는 해충으로 방제시기를 놓칠경우 바이러스병을 전염시켜 큰 피해를 주는 해충임
⇒ 해충의 크기가 작아 발견하기 어렵기 때문에 초기에 발생을 알지 못하여피해를 입는 경우가 많으므로 해충이 좋아하는 색깔(파란색 또는노란색)의 끈끈이트랩을 매달아 발생을 예찰하고, 발생 시 초기에 방제
❍ (가루이류·진딧물류) 온실가루이와 담배가루이는 가지과 작물에서, 진딧물은 엽채류와 과채류에서 주로 발생하며 식물체의즙액을 빨아먹는 직접적인 피해뿐만 아니라 그을음병과 바이러스병 등을 유발함
❍ (응애류) 작물이 피해를 받으면 잎이 누렇게 변하여 말라 죽게 됨
⇒ 이들 해충은 일단 발생되면 방제가 어려우므로 방충망을 설치하는등 시설 안으로 들어오지 못하도록 막고, 크기가 작아 발생을 알아보기가 어려우므로 끈끈이를 매달아 주의 깊게 살펴봄⇒ 해충에 따라 발생 초기 천적을 투입하거나 등록 약제로 방제하고,약제 살포 시에는 안전사용기준을 지키고 계통이 다른 약제로바꾸어 가면서 살포하여 저항성 유발을 최소화
❍ (작은뿌리파리 ) 밭작물, 채소, 화훼 등에서 전 생육기간 동안발생하며, 성충은 유기물이 풍부한 상토 또는 양액 육묘의 암면큐브 위 이끼에 산란하고 부화유충은 지제부와 뿌리에 해를입혀 지상부 시들음 증상을 유발⇒ 유충은 감자 절편에 잘 유인되기 때문에 깍두기 모양의 크기로절단하여 작물의 뿌리 주변에 놓아두면 발생 여부와 발생량을 예찰할 수 있음
⇒ 노란색 끈끈이 트랩을 지상부 50㎝ 이하에 설치해 두면 성충 발생여부와 발생량 예찰에 도움이 됨",3호.txt
2025,3,9,2025-03-01,2025-03-31,시설채소,토마토반점위조바이러스(TSWV),예보,"고추,방울토마토,파프리카","❍ 총채벌레가 즙액을 흡즙하면서 바이러스를 전염시키는 병으로 고추,토마토, 파프리카 등 특히 가지과 시설재배지에서 꾸준히 발생하고있으며, 밀도가 높아 방제시기를 놓칠 경우 피해가 커지기 때문에초기 예방이 중요
⇒ 방충망을 이용하여 시설 안으로 들어오는 총채벌레를 막고 발생초기 천적이나 등록약제로 방제⇒ 병에 걸린 식물은 발견 즉시 제거하여 병이 확산되는 것을 예방",3호.txt
2025,3,10,2025-03-01,2025-03-31,시설채소,토마토황화잎말림바이러스(TYLCV),예보,방울토마토,❍ 가지과 작물에서 담배가루이가 병을 매개하고 감염된 묘를 통해확산될 수 있으므로 육묘 단계부터 정식 초기에 예찰을 강화하여감염여부를 판단하고 정식 후에는 잎 뒷면과 포장주위를 살펴보아담배가루이를 철저히 방제⇒ 병을 감염시키는 담배가루이는 세대 기간이 짧고 번식력이 강하므로방충망을 설치하여 시설 안으로 담배가루이가 들어오는 것을 막고 발생초기에 등록약제를 이용하여 방제하는 등 철저한 관리로 확산을방지하여 예방,3호.txt
2025,3,11,2025-03-01,2025-03-31,시설채소,쥬키니황화모자이크바이러스(ZYMV),예보,"오이,호박","❍ 박과 작물인 호박, 오이 등에 많이 발생하며 과채류에서 전년에 이어지속적으로 발생 될 것으로 예상됨, 진딧물에 의하여 병을 매개하는한편 이병식물의 접촉에 의한 전염도 가능하므로 농작업 시 주의가 필요
⇒ 매개충인 진딧물 방제를 철저히 하고, 작물이 시설 내에 연중재배되어 항상 전염원은 있으므로 농작업시 즙액에 의한 접촉전염을 막기 위해 병든 식물체는 즉시 제거해야 함",3호.txt
2025,3,12,2025-03-01,2025-03-31,과수,과수화상병,예보,사과,"❍ (과수화상병) 사과, 배 등의 병든 꽃은 수침상이 되고 쭈그러든후 흑갈색으로 변해 떨어지거나 나무에 매달려 있게 되고 꽃이달린 가지나 인접한 가지로 진전되어 잎맥을 따라 흑갈색의병반이 생기고 병이 진전됨에 따라 병든 잎은 말리고, 쭈그러들어보통은 가지에 매달려 있음. 병든 가지의 나무껍질은 흑갈색으로변하면서 물러졌다가 후에 위축되고 단단해져 궤양병반을 형성⇒ 한번 걸리면 방제가 불가능하기 때문에 예방을 위하여 과수원을 청결하게 관리하고 농작업을 하는 사람의 과수원 출입시사람과 작업도구 등을 수시로 소독⇒ 의심증상 발견 시에는 전국 대표전화(1833-8572) 또는 가까운농업기술센터·농업기술원에 즉시 신고, 병균의 밀도가 낮아 진단되지 않더라도 갈변궤양은 끝에서 40~70cm 아래를 절단․제거
❍ (과수가지검은마름병) 과수화상병과 증상이 비슷하여 육안으로는구분이 불가하며, 발생시기와 전파경로, 피해증상이 유사함.
사과나무병징엽맥따라갈색병반형성 신초마름병징(지팡이모양) 과실 줄기 병징배나무병징꽃전체가시들고마름 신초마름병징(지팡이모양) 과실 줄기 병징",3호.txt
2025,3,13,2025-03-01,2025-03-31,과수,주경배나무이,예보,,"❍ 배에 발생하는 주경배나무이는 거친 껍질 밑에서 성충상태로월동을 하고, 지역과 겨울철 기온에 따라 2월 중순부터 나무위쪽의 열매가 달리는 가지로 이동하며 3월 상순부터 산란을시작하고 개화 전 무렵부터 알이 부화됨
⇒ 기계유유제의 경우 산란된 알에 대해서는 효과가 거의 없기 때문에가능한 한 최적 방제시기 초기에 방제하는 것이 효과적임
⇒ 겨울형 성충이 산란한 알은 개화기 무렵 부화하며 약제에 의해방화곤충의 피해가 없도록 최소 개화 일주일 전 혹은 만개기 직후에 방제하는 것이 효과적임
⇒ 국가농작물병해충관리시스템(http://ncpms.rda.go.kr)의「병해충예측-병해충예측지도」메뉴에서 내 농장 지역의 최적방제시기와과수원내 주경배나무이 밀도를 살펴보고 기계유유제 살포* 농촌진흥청웹페이지“농사로”에서농업기술동영상「주경배나무이방제기술」참고※ 중부지방 방제시기: 2월부터 최고온도 6℃이상의 날이 16∼20일이되면 월동한 성충의 약 80%가 나무로 이동함. 이때 기계유유제(약12.5 ∼17ℓ/물 500 ℓ) 살포* 남부 지방은 주경배나무이의 이동이 10일 정도 빠름을 감안하여방제 시기를 결정* 단, 줄기마름병이 많이 발생하거나 찬 기운이 정체돼 언 피해가잦은 농가는 기계유유제 대신 주경배나무이 적용 약제를 살포1개월 기상전망            (출처 : 국립농업과학원, 기상청)기온은 1주, 3주는 평년과 비슷하거나 높겠고, 2주는 평년보다 높겠고,4주는 평년과 비슷하겠음
강수량은 1주는 평년과 비슷하거나 많겠고, 2주, 3주는 평년과 비슷하겠고,4주는 평년과 비슷하거나 많겠음
❍ 1주(3.10~3.16): 동아시아 부근에 고기압성 순환이 위치하면서 주로이동성 고기압의 영향을 받겠으나, 일시적으로 찬 공기의 영향을 받겠음 남쪽을 지나는 저기압의 영향을 받을 때가 있겠음
- 기온은 평년과 비슷하거나 높겠고, 강수량은 평년과 비슷하거나 많겠음
❍ 2주(3.17~3.23): 동아시아 부근에 고기압성 순환이 위치하면서 주로이동성 고기압의 영향을 받겠으나, 남쪽을 지나는 기압골의 영향을 받을때가 있겠음
- 기온은 평년보다 높겠고, 강수량은 평년과 비슷하겠음
❍ 3주(3.24~3.30): 동아시아 부근에 고기압성 순환이 위치하면서 주로이동성 고기압의 영향을 받겠으나, 일시적으로 찬 공기의 영향을 받겠음
- 기온은 평년과 비슷하거나 높겠고, 강수량은 평년과 비슷하겠음
❍ 4주(3.31~4.6): 동아시아 부근에 고기압성 순환이 위치하면서 주로이동성 고기압의 영향을 받겠으나, 찬 공기의 영향을 받을 때가 있겠음
남쪽을 지나는 기압골의 영향을 받을 때가 있겠음
- 기온은 평년과 비슷하겠고, 강수량은 평년과 비슷하거나 많겠음
농업지대 지역 평균기온 강수량1주 2주 3주 4주 1주 2주 3주 4주(3.10~3.16)(3.17~3.23)(3.24~3.30) (3.31~4.6) (3.10~3.16)(3.17~3.23)(3.24~3.30)(3.31~4.6)1.태 백 고 냉 대 관 령 조 금 높 음높 음 비 슷 비 슷 비 슷 비 슷 비 슷 비 슷2.태 백 준 고 냉인 제,홍 천,제 천 조 금 높 음높 음 비 슷 비 슷 비 슷 비 슷 비 슷 비 슷3.소 백 산 간 충 주,보 은 조 금 높 음높 음 비 슷 비 슷조 금 많 음비 슷 비 슷 비 슷4.노 령 소 백 산 간임 실 조 금 높 음높 음조 금 높 음비 슷조 금 많 음비 슷 비 슷조 금 많 음
5.영 남 내 륙 산 간추 풍 령,영 주,문 경 비 슷 높 음조 금 높 음조 금 높 음조 금 많 음비 슷 비 슷조 금 많 음
6.중 북 부 내 륙춘 천,양 평 조 금 높 음높 음 비 슷 비 슷 비 슷 비 슷 비 슷 비 슷7.중 부 내 륙 원 주,이 천 조 금 높 음높 음 비 슷 비 슷 비 슷 비 슷 비 슷 비 슷8.소 백 서 부 내 륙청 주,대 전,금 산 조 금 높 음높 음 비 슷 비 슷조 금 많 음비 슷 비 슷 비 슷9.노 령 동 서 내 륙정 읍,남 원,거 창,산 청 조 금 높 음높 음조 금 높 음비 슷조 금 많 음비 슷 비 슷조 금 많 음",3호.txt
2025,3,14,2025-03-01,2025-03-31,과수,주경배나무이,예보,,"10.호 남 내 륙 광 주,순 천,장 흥 조 금 높 음높 음조 금 높 음비 슷조 금 많 음조 금 많 음비 슷조 금 많 음
11.영 남 분 지대 구,의 성,구 미,영 천 비 슷 높 음조 금 높 음조 금 높 음조 금 많 음비 슷 비 슷조 금 많 음
12.영 남 내 륙 진 주,합 천,밀 양 비 슷 높 음조 금 높 음조 금 높 음조 금 많 음조 금 많 음비 슷조 금 많 음
13.중 서 부 평 야서 울,인 천,수 원,서 산,강 화,천안,보 령 조 금 높 음높 음 비 슷 비 슷 비 슷 비 슷 비 슷 비 슷14.차 령 남 부 평 야군 산,전 주,부 여,부 안 조 금 높 음높 음조 금 높 음비 슷조 금 많 음비 슷 비 슷조 금 많 음
15.남 서 해 안목 포,완 도,해 남,고 흥 조 금 높 음높 음조 금 높 음비 슷조 금 많 음조 금 많 음비 슷조 금 많 음
16.남 부 해 안부 산,통 영,여 수,거 제,남 해 비 슷 높 음조 금 높 음조 금 높 음조 금 많 음조 금 많 음비 슷조 금 많 음
17.동 해 안 북 부속 초,강 릉 비 슷 높 음조 금 높 음조 금 높 음조 금 적 음조 금 적 음조 금 많 음조 금 많 음
18.동 해 안 중 부울 진,영 덕 비 슷 높 음조 금 높 음조 금 높 음조 금 많 음비 슷 비 슷조 금 많 음
19.동 해 안 남 부포 항,울 산 비 슷 높 음조 금 높 음조 금 높 음조 금 많 음조 금 많 음비 슷조 금 많 음
20.제 주 제 주,성 산,서 귀 포조 금 높 음높 음조 금 높 음비 슷조 금 많 음조 금 많 음비 슷조 금 많 음
평 균 조 금 높 음높 음조 금 높 음비 슷조 금 많 음비 슷 비 슷조 금 많 음
10일(2025.03.03.~03.09.) 예보(기상청, 2025.02.27., 06:00)<기상예보>
❍ (기온) 아침 기온은 -6~8℃, 낮 기온은 2~11℃로 평년(최저기온 -3~4℃, 최고기온 8~13℃)과 비슷하거나 조금 낮겠음
❍ (강수) 3~4일은 전국(4일 수도권, 강원영서 제외)에, 5일은 강원영동에비 또는 눈이 오는 곳이 있겠음
<날씨><최저/최고기온>최근 경과기상과 향후 기상전망<기온><강수량>연도별 평균기온
❍ ‘24년 12월부터 ‘25년 2월 4주차까지의 평균기온은 0.8℃로, 평년(0.9)보다 0.1℃ 낮았음
- ’25년 2월 4주차의 평균기온은 0.1℃로, 평년(3.1)보다 3.0℃ 낮았음",3호.txt
2025,3,15,2025-03-01,2025-03-31,과수,주경배나무이,예보,,"기  간 12월 1월2월 분석기간‘24.12.1~’25.2.26‘25.2.20~2.261주(1.30~2.5)2주(2.6~2.12)3주(2.13~2.19)4주(2.20~2.26)평균(℃)편차(℃)평균(℃)편차(℃)‘24~’25년 2.3 0.4 -0.8 -2.8 1.6 0.1 0.8 -0.1 0.1 -3.0‘23~’24년 3.0 1.4 4.3 2.1 7.7 3.8 2.9 2.0 3.8 0.7‘22~’23년 -0.7 0.0 0.8 3.3 4.2 2.2 0.6 -0.3 2.2 -0.9‘21~’22년 2.4 -0.2 -1.1 1.2 -0.1 -0.1 0.8 -0.1 -0.1 -3.2‘20~’21년 1.0 -0.4 1.4 3.6 1.6 7.3 1.2 0.3 7.3 4.2‘19~’20년 3.1 3.0 1.8 2.4 3.9 6.4 3.2 2.3 6.4 3.3‘18~’19년 1.5 0.5 2.4 0.5 1.4 4.7 1.4 0.5 4.7 1.6‘17~’18년 0.1 -1.8 -3.9 -3.1 1.7 3.0 -0.7 -1.6 3.0 -0.1‘16~’17년 3.3 0.3 0.8 -1.0 3.2 2.4 1.7 0.8 2.4 -0.7‘15~’16년 3.7 -0.6 -0.7 3.1 2.8 1.9 1.6 0.7 1.9 -1.2‘14~’15년 -0.3 0.8 -0.2 0.4 3.1 4.7 0.8 -0.1 4.7 1.610년평균 1.7 0.3 0.6 1.3 3.0 3.6 1.4 0.5 3.6 0.5평  년 1.7 -0.4 -0.1 0.8 1.9 3.1 0.9 0.0 3.1 0.0* 10년 평균 : 최근 10년(2014~2023년)동안의 평균기온의 평균** 평년 : 30년(1991～2020년)동안의 평균기온의 평균*** 편차 : 평년의 평균기온에 대한 연도별 평균기온의 차이연도별 강수량
❍ ‘24년 12월부터 ‘25년 2월 4주차까지의 강수량의 합은 48.1㎜로, 평년(96.3)보다 48.2㎜ 적었음(평년대비 49.9%)
- ’25년 2월 4주차의 강수량의 합은 0.6㎜로, 평년(12.0)보다",3호.txt
2025,3,16,2025-03-01,2025-03-31,과수,주경배나무이,예보,방울토마토,"11.4㎜ 적었음(평년대비 5.0%)기  간 12월 1월2월 분석기간‘24.12.1~’25.2.26‘25.2.20~2.261주(1.30~2.5)2주(2.6~2.12)3주(2.13~2.19)4주(2.20~2.26)합계(㎜)대비(%)합계(㎜)대비(%)‘24~’25년 8.7 18.3 11.3 9.7 0.4 0.6 48.1 49.9 0.6 5.0‘23~’24년 103.2 36.9 23.0 0.5 48.6 36.6 247.9 257.4 36.6 305.0‘22~’23년 18.2 44.9 0.2 13.2 4.9 1.9 83.0 86.2 1.9 15.8‘21~’22년 11.0 5.0 1.4 0.8 2.2 1.5 21.4 22.2 1.5 12.5‘20~’21년 11.8 25.4 12.4 0.7 5.3 5.3 60.1 62.4 5.3 44.2‘19~’20년 30.4 85.7 1.7 15.1 11.5 31.0 174.5 181.2 31.0 258.3‘18~’19년 34.3 9.7 20.1 1.1 18.2 0.1 77.9 80.9 0.1 0.8‘17~’18년 24.1 25.5 1.9 3.1 0.3 1.2 55.8 57.9 1.2 10.0‘16~’17년 68.6 18.6 4.2 3.3 5.7 24.0 123.1 127.8 24.0 200.0‘15~’16년 45.2 32.9 1.8 25.4 14.6 1.9 120.8 125.4 1.9 15.8‘14~’15년 29.7 31.9 1.1 0.4 15.8 12.1 90.7 94.2 12.1 100.810년평균 37.7 31.7 6.8 6.4 12.7 11.6 105.5 109.6 11.6 96.7평  년 32.2 30.6 5.8 7.5 10.0 12.0 96.3 100.0 12.0 100.0* 10년 평균 : 최근 10년(2014~2023년)동안의 강수량의 평균** 평년 : 30년(1991～2020년)동안의 강수량의 평균*** 대비 : 평년의 강수량에 대한 연도별 강수량의 비율리플릿 토마토갈색주름과실바이러스(ToBRFV) 관리방법카드뉴스 과수화상병 예방 개화 전 방제 안내
-",3호.txt
2025,4,1,2025-04-01,2025-04-30,식량작물,벼 종자전염성 병해충,예보,벼,"❍ 키다리병, 깨씨무늬병, 벼잎선충 등은 종자로 전염되는 병해충으로종자소독을 통해 피해를 줄일 수 있는데, 최근 몇 년간 일부 지역에서벼잎선충의 발생이 증가한 사례가 있음
- 종자소독 약제는 주기적으로 다른 계통으로 바꾸어 사용□ 소금물가리기(염수선)
❍ 볍씨가 발아하여 3~4엽이 자랄 때까지는 배유에 저장된 양분에 의하여자라므로 튼튼한 종자를 얻으려면 충실하게 등숙된 볍씨를 골라야 함
❍ 충실한 종자는 무거운 종자를 의미하므로 이를 가려내기 위하여소금물에 담가 충실한 종자를 선별함
❍ 메벼는 염수선 비중을 1.13(물 20ℓ + 소금 4.24㎏), 찰벼는 비중1.04(물 20ℓ + 소금 1.36㎏)에서 가라앉는 볍씨를 사용
❍ 소금물가리기 할 때 볍씨를 소금물에 오래 담가 두면 발아를 해치기쉬우므로 곧바로 맑은 물로 씻어야 함
□ 온탕소독
❍ 물 온도 60℃에 볍씨를 10분간 담가 소독한 후 바로 냉수에 담가 식혀줌* 물 300ℓ에 볍씨 30㎏
❍ 온탕침지에 민감한 ‘삼광’, ‘운광’, ‘일미’, ‘고운’ 등의 품종은 위의소독조건(60℃, 10분)을 지키지 않을 경우 발아율이 떨어질 수있으므로 주의해야 함
* 가루쌀품종‘바로미2’는온탕침지하면발아율이감소할수있으므로온탕소독에 주의가 필요함
❍ 지난해 고온으로 등숙이 불량하거나 수발아가 발생한 볍씨는 온탕침지 하면 발아율이 낮을 수 있어 온탕소독에 주의가 필요함
□ 약제 침지소독① 종자소독기에 물을 종자량에 맞게 채움(종자 10㎏ 당 물 20ℓ)② 물 온도를 30℃까지 올린 후에 종자소독약을 정량으로 희석※선충방제를위하여등록살충제와함께희석③ 종자를 10㎏ 단위로 물이 통할 수 있는 망에 담아 침지④ 소독액에 30℃에서 24∼48시간 침지(약제마다 다름) 후에 깨끗한 물로 교체한 후 싹이 움트기 시작하면 싹틔우기 실시⑤ 품종에 따라 48시간 이전에 싹이 나오면 바로 싹틔우기 작업 실시",4호.txt
2025,4,2,2025-04-01,2025-04-30,식량작물,"모잘록병, 뜸모",예보,,"❍ 모가 연약하고 밤낮의 온도차가 클 때 피해가 많음
⇒ 못자리 병은 육묘상자에 묻어 있는 흙속에 병원균이 잠복하고있으므로 작년에 사용한 육묘상자는 맑은 물로 깨끗이 씻어 사용⇒ 알맞은 양을 파종하고 온도 및 환기 등의 관리를 철저히 함",4호.txt
2025,4,3,2025-04-01,2025-04-30,식량작물,맥류 붉은곰팡이병,주의보,보리,"❍  4월 출수기 전후 비가 자주 오면 붉은곰팡이병 발생이 증가할 수있으므로 기상예보에 맞추어 예방적으로 약제를 살포하고 배수로정비 등 물관리를 철저히 해야 함
- 2024년 4월 중하순 맥류 출수기의 고온과 연속강우로 다발생* 연도별병든이삭률:(’02)54.7 →(’11)14.4→(’15)9.5→(’18)16.2 →(’21)7.0 →(’24)27.9%⇒ 약제 방제 적기는 밀, 쌀보리는 개화 최성기(출수 후 약 7∼10일)이고,맥주보리는 이삭이 거의 팬 날로부터 10일경 실시⇒ 맥류의 생육단계는 품종과 포장에 따라 다르므로 포장별 생육상황과 기상을 잘 살펴 방제 실시",4호.txt
2025,4,4,2025-04-01,2025-04-30,채소,양파노균병,주의보,양파,❍ 양파에서 노균병은 피해를 많이 주는 병 중의하나로 발생포장에서는 3월 하순∼4월 상순경병 발생 양파로부터 포자가 발생하여 퍼지면서건전한 양파에 2차 감염 유발하여 피해를 줌⇒ 2차 감염으로 인한 피해를 줄이기 위해서는1차 피해주의 잎에서 회색 분말 가루 나 검정 그을음 같은 포자가 형성되기 시작하면 등록된 약제를 사용하여 방제해야 함,4호.txt
2025,4,5,2025-04-01,2025-04-30,채소,"잎마름병(마늘, 양파)",예보,"마늘,양파",❍ 잎마름병은 양파와 마늘의 잎에서 발생하는 곰팡이병으로 4~5월고온다습 환경 시 발생이 증가하므로 주기적인 예찰을 실시하여 발생초기에 등록된 약제를 사용하여 방제해야 함,4호.txt
2025,4,6,2025-04-01,2025-04-30,채소,"흑색썩음균핵병(마늘, 양파)",예보,"마늘,양파","❍ 전형적인 토양 전염성병으로 연작 재배지에서 피해가 큰데 감염되면아랫잎부터 황갈색으로 변하고 심하면 포기 전체가 말라 죽는다.
⇒ 병든 식물체가 보이는 즉시 수시로 뽑아 격리된 곳에 버린다.
⇒ 습한 토양에서 피해가 크므로 물빠짐(배수) 관리와 함께 초기에등록된 약제를 사용하여 방제함",4호.txt
2025,4,7,2025-04-01,2025-04-30,채소,토마토뿔나방,주의보,방울토마토,"❍ 봄철 시설 토마토의 정식이 본격적으로 시작함에 따라 온실 내부토마토뿔나방의 발생이 증가할 것으로 예상됨
- 토마토뿔나방은 유충이 주로 토마토 잎에 구멍을 뚫고 들어가 내부조직을넓게 갉아 먹으며 과실 속으로도 파고 들어가 피해를 입힘⇒ 발생포장 전체에 등록 농약을 약액이 작물에 충분히 묻을 수있도록 살포하고, 2회 이상 약제살포 시 작용기작이 다른 약제를교호 살포할 것을 권장함, 친환경 재배농가의 경우 교미교란제를정식 초기에 설치하고 유기농업자재를 충분히 살포해야 함",4호.txt
2025,4,8,2025-04-01,2025-04-30,채소,"잿빛곰팡이병(딸기, 오이, 토마토, 상추 등)",예보,"딸기,방울토마토,상추,오이","❍ 저온다습 조건을 선호하여 시설 내의 온도가 낮고 비닐천장에 이슬이맺힐 정도의 높은 습도가 계속될 경우 병 발생이 증가함
⇒ 통풍 등 적절한 환기로 시설내의 습도를 낮추어 주되 보온에 유의하고, 병이 발생되면 급속하게 번지는 특성이 있으므로 발생초기에 등록약제로 방제하되 약제를 바꾸어 가며 사용해야 함",4호.txt
2025,4,9,2025-04-01,2025-04-30,채소,"흰가루병(딸기, 오이, 메론 등)",예보,"딸기,오이","❍ 고온다습 및 다비재배 시 과번무로 인한 통기불량 환경에서 발생 증가⇒ 환기 등 시설 내의 환경관리를 잘 조절해주며 질소비료를 과용하지 않고 균형시비를 하면서 병 발생 초기에 방제※ 흰가루병 포자 비산이 일출 후부터 오전 10시경 사이 가장 많이이루어지므로 약제는 10시 이전 살포 하는 것이 효과적이고, 같은계통의 약제 연용보다 다른 계통의 약제를 번갈아 가며 살포",4호.txt
2025,4,10,2025-04-01,2025-04-30,채소,토마토궤양병,예보,방울토마토,"❍ 종자나 토양을 통해서 전염, 점염성이 높고 병원균의 잠복기가 길어 주의필요
❍ 잎, 줄기, 열매에서 주로 발생되며 줄기에는 황갈색 점무늬가 나타나고 진전되면 궤양증상을 보이며 심하면 그루 전체가 시들어 마름⇒ 건전한 종자를 사용하고 반드시 종자소독을 실시해야하며, 농작업 전 기구들은 차아염소산나트륨 등으로 소독하고 발병 시등록약제로 즉시 방제함",4호.txt
2025,4,11,2025-04-01,2025-04-30,채소,"고자리파리, 뿌리응애(마늘, 양파)",예보,"마늘,양파","❍ (고자리파리) 토양 속 알에서 부화한 유충이 줄기의 밑부분을 가해한다. 초기 피해증상은 눈에 띄지 않으나 피해받은 포기는 점차 광택을 잃으면서 아래 줄기부터 노랗게 색이 변하며 포기 전체가 시들며 말라 죽는다.
⇒ 월동 후 3월 중순부터 피해가 증가하므로 성충 발생밀도를 예찰하고 3월 하순경에는 고자리파리의 산란 억제를 위하여 등록 살충제(액상)를 7∼10일 간격으로 2∼3회 살포⇒ 토양 속 유충은 계속해서 가해하기 때문에 약대 등을 이용하여토양에도 직접 포기 관주처리하고 약물이 흙 또는 멀칭필름 밖으로 넘쳐 나올 정도로 흠뻑 처리 하는 것이 효과적
❍ (뿌리응애) 마늘, 양파 등 땅속의 구근을 가해하며, 초기에는 잘 나타나지 않으나 점차 지상부의 생육이 나빠지고 구근 부패의 원인이 됨
⇒ 피해 발생시 등록 약제를 피해 포기 주위에국소적으로 토양 처리하거나, 생장점 부근뿌리나 비늘줄기에서 서식, 가해하기 때문에 약대 등을 이용하여직접 포기관주 처리하여 약제물이 흙 또는 멀칭필름 밖으로 넘쳐나올 정도로 흠뻑 처리하는 것이 효과적⇒ 뿌리응애는 35℃ 이상이면 죽기 때문에 가장 뜨거운 7~8월에멀칭필름+약제 등을 이용한 토양소독을 길게 할수록 효과적",4호.txt
2025,4,12,2025-04-01,2025-04-30,채소,"총채벌레류, 가루이류, 진딧물, 응애류",예보,"고추,딸기,방울토마토,오이","❍ (총채벌레류) 꽃노랑총채벌레, 오이총채벌레 등은 날개모양이 총채처럼 생긴 작은 해충으로 오이, 고추, 토마토, 딸기 등 시설 내에서 연중발생하고 방제시기를 놓칠 경우 바이러스병을 전염시켜 피해를 주는 해충임
⇒ 크기가 작아 발견이 쉽지 않아 초기에 발생을 알지 못하고 피해를 입는경우가 많음. 끈끈이 트랩을 이용 예찰하고, 발생 시 초기에 방제
❍ (가루이류, 진딧물) 가루이류는 가지과 작물에서, 진딧물은 엽채류와 과채류에서 주로 발생하는데, 식물의 즙액을 빨아먹는 직접적인 피해뿐만 아니라 그을음병과 바이러스병 등을 유발하여 상품성을 떨어뜨림⇒ 크기가 작아 육안 관찰이 힘들고 일단 발생되면 방제가 어려우므로 외부 유입통로에 방충망을 설치하는 등 시설 안으로 들어오지 못하도록 막고, 트랩을 이용 예찰필요
⇒ 예방적 조치로 해충에 따라 천적을 투입하여 방제하고 국부적으로해충이 집중 발생하였을 경우 등록약제를 이용 방제실시
❍ (점박이응애) 딸기에 발생하면 잎을 누렇게 변하여 말라죽게 되어 생육을억제하는데 최근 딸기 재배지에서 발생이 확인되고 있어 주의가 필요함
⇒ 세대 기간이 짧아 연간 발생횟수가 많고 증식률이 높은 것이특징인데, 유입방지와 발생시 등록약제를 이용하여 초기에 방제⇒ 약제 처리시 응애류는 대부분 잎 뒷면에 기생하기 때문에 약제가잎 뒷면까지 충분히 묻도록 살포하고 동일 약제 또는 동일 계통의약제 연용을 피하고 유효성분이 다른 약제를 바꾸어가며 살포",4호.txt
2025,4,13,2025-04-01,2025-04-30,채소,토마토반점위조바이러스(TSWV),예보,"고추,방울토마토,파프리카","❍ 총채벌레가 즙액을 흡즙하면서 바이러스를 전염시키는 병으로 고추,토마토, 파프리카 등 특히 전년도 발생이 많았던 가지과 시설재배지에서 꾸준히 발생하고 있으며, 밀도가 높아 방제시기를 놓칠 경우피해가 커지기 때문에 초기 예방이 중요
⇒ 방충망을 이용하여 시설 안으로 들어오는 총채벌레를 막고 발생초기 천적이나 등록약제로 방제⇒ 병에 걸린 식물은 발견 즉시 제거하여 병이 확산되는 것을 예방",4호.txt
2025,4,14,2025-04-01,2025-04-30,채소,토마토황화잎말림바이러스(TYLCV),예보,방울토마토,❍ 가지과 작물에서 담배가루이가 병을 매개하고 감염된 묘를 통해확산될 수 있으므로 육묘 단계부터 정식 초기에 예찰을 강화하여감염여부를 판단하고 정식 후에는 잎 뒷면과 포장주위를 살펴보아담배가루이를 철저히 방제⇒ 병을 감염시키는 담배가루이는 세대 기간이 짧고 연간 발생횟수가 많아번식률이 강하므로 방충망을 설치하여 시설 안으로 담배가루이가 들어오는 것을 막고 발생 초기에 등록약제를 이용하여 방제하는 등 철저한관리로 확산을 방지하여 예방⇒ 발생된 시설재배 농가 주변지역은 담배가루이의 기주식물이 되는잡초와 병이 걸린 식물은 뽑아서 제거,4호.txt
2025,4,15,2025-04-01,2025-04-30,과수,과수화상병․과수가지검은마름병,주의보,사과,"❍ (과수화상병) 세균에 의해 사과, 배나무의 꽃, 잎, 열매, 가지가불에 탓 것과 같이 검게 변하고 서서히 말라죽게 되는데 전염성이높아 사전예방을 위한 사전방제와 과원 및 농자재 관리가 필수⇒ 개화전(3월 하순∼4월 중순) 방제요령으로는 사과는 녹색기∼전엽기시기에 석회보르도액 또는 동제를 살포하고, 배는 꽃눈 발아 직후에 동제 또는 석회유황합제 살포⇒ 개화기 방제요령은 ‘과수화상병예측시스템’에서 안내하는 위험경보(감염위험도)에 따라 24시간 이내 2∼3회 약제 살포⇒ 한번 걸리면 방제가 불가능하기 때문에 예방을 위하여 과수원을청결하게 관리하고 농작업을 하는 사람의 과수원 출입시 사람과작업도구 등을 수시로 소독⇒ 의심증상 발견 시에는 전국 대표전화(1833-8572) 또는 가까운농업기술센터·농업기술원에 즉시 신고
❍ (과수가지검은마름병) 과수화상병과 증상이 비슷하여 육안으로는구분이 불가하며, 발생시기와 전파경로, 피해증상이 유사함.",4호.txt
2025,4,16,2025-04-01,2025-04-30,과수,검은별무늬병,예보,사과,"❍ 개화기 이후 잦은 강우 시 병 발생이 우려되므로 적기 방제 필요
⇒ 국가농작물병해충관리시스템(http://ncpms.rda.go.kr)의 병해충예측
- 병해충예측지도 메뉴에서 내 농장 지역의 감염위험 시간 정보(경고값 2이상인 경우)에 따라 최초 경보 시 반드시 적기 방제[검은별무늬병-배] [검은별무늬병-사과]",4호.txt
2025,4,17,2025-04-01,2025-04-30,과수,참다래 궤양병,예보,"오리,참다래","❍ 가지, 주간, 신초, 잎, 꽃봉오리, 꽃에 감염되는 병으로서 감염된가지와 주간부에 크고 작은 균열을 유발하며, 이 균열된 부위로부터 흘러나오는 적갈색 수액에 의해 쉽게 구분 가능
❍ 병든 조직에서 월동한 병원균이 상처, 기공 및 수공을 통하여 잎으로침입하며 전정 등 농작업 도구를 통해 전염⇒ 전년 발생 포장은 방제용 등록약제를 3월 하순∼4월 상순부터 10일간격으로 살포하여 예방하고 감염된 이병주는 굴취하여 매몰",4호.txt
2025,4,18,2025-04-01,2025-04-30,과수,나무좀류,예보,사과,"❍ 세력이 약한 나무에 피해가 예상되는데, 나무좀은 크기가 2∼4㎜내외로 작아서 육안으로 관찰하기가 매우 곤란하며, 또한 성충이사과나무 줄기 안으로 침입할 때 유충의 먹이가 되는 공생균(암브로시아균)도 함께 들어가는데, 나무 목질부에서 공생한 균으로부터 생성된 독소는 독성이 강해 나무가 말라 죽는것을 촉진시킴⇒ 나무좀 발생예찰 유인트랩을 이용할 경우, 트랩에 20∼30마리가유인되면 동해를 받았거나 침수피해 등으로 나무 세력이 약해진나무를 중점적으로 관찰하여 침입 여부를 확인하여 방제⇒ 특히 나무좀은 오후 2∼3시경에 기온이 20℃ 이상일 경우 주로날아들기 시작하므로 이 시기에 방제를 실시⇒ 약제방제에 우선하여 물관리, 시비관리 및 토양관리 등의 재배관리를철저히 하여 나무 세력을 적정 수준으로 유지하는 것이 중요",4호.txt
2025,4,19,2025-04-01,2025-04-30,과수,사과응애,예보,사과,"❍ 사과, 배에 발생하는 사과응애의 월동밀도가 높은 과원은 기계유유제를 살포하고 개화 전 월동알 부화시기 예찰을 철저히 하여적기방제를 실시⇒ 국가농작물병해충관리시스템(http://ncpms.rda.go.kr)의 병해충예측-병해충예측지도 메뉴에서 내 농장 지역의 최적방제시기를판단하여 적기방제(사과응애 : 50% 부화기에 등록약제 살포)⇒ 개화 전 방제가 소홀할 경우 개화기 및 유과기 때 철저히 방제하여야 하는데 약제 살포가 미흡할 경우 발생 증가로 피해 발생",4호.txt
2025,4,20,2025-04-01,2025-04-30,과수,복숭아씨살이좀벌,예보,복숭아,"❍ 연 1회 발생하며 피해과실 속에서 다자란 유충으로 월동하며 3월하순부터 번데기가 되며 성충은 4월 상순부터 5월 중순까지 발생함
❍ 성충은 과실의 크기가 1~2cm 정도 되는 어린 과실에 산란하므로,성충 산란시기를 확인하여 가급적 발생 적기 오전에 방제를 실시⇒ 복숭아씨살이좀벌은 성충 기간을 제외하고 알, 애벌레, 번데기기간은 씨앗 속에서 살기 때문에 약제를 살포해도 방제효과가낮으므로 성충이 어린 과일 속에 알을 낳는 시기에 맞춰 집중 방제⇒ 피해가 심한 과원에서는 과실크기가 1cm 정도 되는 시기부터성충의 발생을 관찰하면서 5∼7일 간격으로 2∼3회 등록약제 살포1개월 기상전망            (출처 : 국립농업과학원, 기상청)기 온 은  1주, 2주 는  평 년 보 다  높 겠 고, 3주 는  평 년 과  비 슷 하 겠 고, 4주 는  평 년 과  비 슷 하 거 나  높 겠 음
강수량은 1주, 4주는 평년과 비슷하거나 많겠고, 2주, 3주는 평년과 비슷하거나 적겠음
❍ 1주(4.7~4.13):동아시아 부근에 고기압성 순환이 위치하면서 이동성 고기압의 영향을주기적으로 받겠으나, 서쪽에서 다가오는 저기압의 영향을 받을 때가 있겠음
- 기온은 평년보다 높겠고, 강수량은 평년과 비슷하거나 많겠음
❍ 2주(4.14~4.20): 동아시아 부근에 고기압성 순환이 위치하면서 주로이동성 고기압의 영향을 받겠음
- 기온은 평년보다 높겠고, 강수량은 평년과 비슷하거나 적겠음
❍ 3주(4.21~4.27): 이동성 고기압의 영향을 받겠으나, 우리나라 북쪽에위치한 고기압성 순환으로 찬 공기의 영향을 받을 때가 있겠음
- 기온은 평년과 비슷하겠고, 강수량은 평년과 비슷하거나 적겠음
❍ 4주(4.28~5.4): 중국 대륙과 우리나라 부근에 고기압성 순환이 위치하면서이동성 고기압의 영향을 받겠으나, 서쪽에서 다가오는 저기압의 영향을받을 때가 있겠음
- 기온은 평년과 비슷하거나 높겠고, 강수량은 평년과 비슷하거나 많겠음
농업지대 지역 평균기온 강수량1주 2주 3주 4주 1주 2주 3주 4주(4.7~4.13) (4.14~4.20) (4.21~4.27) (4.28~5.4) (4.7~4.13) (4.14~4.20) (4.21~4.27) (4.28~5.4)1.태백고냉 대관령 높음 높음 비슷 조 금 높 음비슷 조 금 적 음조 금 적 음조 금 많 음
2.태백준고냉 인제,홍천,제천 높음 높음 비슷 조 금 높 음비슷 조 금 적 음조 금 적 음조 금 많 음
3.소백산간 충주,보은 높음 높음 비슷 조 금 높 음조 금 많 음조 금 적 음조 금 적 음조 금 많 음
4.노령소백산간 임실 높음 높음 조 금 높 음조 금 높 음많음 조 금 적 음조 금 적 음조 금 많 음
5.영남내륙산간 추풍령,영주,문경 높음 높음 비슷 조 금 높 음비슷 비슷 조 금 적 음비슷6.중북부내륙 춘천,양평 높음 높음 비슷 조 금 높 음비슷 조 금 적 음조 금 적 음조 금 많 음
7.중부내륙 원주,이천 높음 높음 비슷 조 금 높 음비슷 조 금 적 음조 금 적 음조 금 많 음
8.소백서부내륙 청주,대전,금산 높음 높음 조 금 높 음조 금 높 음많음 조 금 적 음조 금 적 음조 금 많 음
9.노령동서내륙 정읍,남원,거창,산청 높음 높음 조 금 높 음조 금 높 음많음 조 금 적 음조 금 적 음조 금 많 음
10.호남내륙 광주,순천,장흥 높음 높음 비슷 비슷 조 금 많 음비슷 조 금 적 음조 금 많 음
11.영남분지 대구,의성,구미,영천 높음 높음 비슷 조 금 높 음비슷 비슷 조 금 적 음비슷12.영남내륙 진주,합천,밀양 높음 높음 비슷 비슷 비슷 비슷 조 금 적 음비슷13.중서부평야 서울,인천,수원,서산,강화,천안,보령 높음 높음 조 금 높 음조 금 높 음조 금 많 음조 금 적 음조 금 적 음조 금 많 음
14.차령남부평야 군산,전주,부여,부안 높음 높음 조 금 높 음조 금 높 음많음 조 금 적 음조 금 적 음조 금 많 음
15.남서해안 목포,완도,해남,고흥 높음 높음 비슷 비슷 조 금 많 음비슷 조 금 적 음조 금 많 음",4호.txt
2025,4,21,2025-04-01,2025-04-30,과수,복숭아씨살이좀벌,예보,복숭아,"16.남부해안 부산,통영,여수,거제,남해 높음 높음 비슷 비슷 비슷 비슷 조 금 적 음비슷17.동해안북부 속초,강릉 높음 높음 비슷 조 금 높 음비슷 조 금 적 음비슷 조 금 많 음
18.동해안중부 울진,영덕 높음 높음 비슷 조 금 높 음비슷 비슷 조 금 적 음비슷19.동해안남부 포항,울산 높음 높음 비슷 비슷 비슷 비슷 조 금 적 음비슷20.제주 제주,성산,서귀포 높음 높음 비슷 비슷 조 금 많 음비슷 조 금 적 음조 금 많 음
평균 높음 높음 비슷 조 금 높 음조 금 많 음조 금 적 음조 금 적 음조 금 많 음
10일(2025.03.31.~04.06.) 예보(기상청, 2025.03.27., 06:00)<기상예보>
❍ (기온) 31일 아침 기온은 -2~4℃, 낮 기온은 10~14℃로 평년(최저기온 2~9℃, 최 고기온13~19℃)보다 낮겠고, 4월 1~6일 아침 기온은 0~10℃, 낮 기온은 12~20℃로평년과 비슷하겠음
❍ (강수량) 전국이 대체로 맑은 날이 많겠고, 5~6일은 전국이 구름 많겠음
<날씨><최저/최고기온>최근 경과기상과 향후 기상전망<기온><강수량>연도별 평균기온
❍ ‘25년 1월부터 3월 4주차까지의 평균기온은 2.6℃로, 평년(2.3)보다 0.3℃ 높았음
- ’25년 3월 4주차의 평균기온은 13.4℃로, 평년(7.5)보다 5.9℃ 높았음
기 간 1월 2월3월 분석기간1.1~3.26 3.20~3.261주(2.27~3.5)2주(3.6~3.12)3주(3.13~3.19)4주(3.20~3.26)평균(℃)편차(℃)평균(℃)편차(℃)2025년 0.4 0.0 6.0 6.4 5.8 13.4 2.6 0.3 13.4 5.92024년 1.4 4.5 3.9 4.7 8.7 9.0 4.1 1.8 9.0 1.52023년 0.0 3.0 5.6 11.3 8.1 11.7 3.9 1.6 11.7 4.22022년 -0.2 0.4 5.7 7.5 9.0 8.0 2.4 0.1 8.0 0.52021년 -0.4 3.9 6.4 7.5 9.9 9.6 3.7 1.4 9.6 2.12020년 3.0 3.8 5.3 6.5 7.1 11.4 4.7 2.4 11.4 3.92019년 0.5 2.6 7.6 7.1 6.6 7.6 3.3 1.0 7.6 0.12018년 -1.8 0.0 5.8 5.2 9.7 7.1 1.5 -0.8 7.1 -0.42017년 0.3 1.8 4.9 4.3 6.9 7.4 2.5 0.2 7.4 -0.12016년 -0.6 1.9 4.9 4.8 7.9 7.5 2.4 0.1 7.5 0.02015년 0.8 2.2 1.9 3.3 8.5 8.3 2.8 0.5 8.3 0.810년평균 0.3 2.4 5.2 6.2 8.2 8.8 3.1 0.8 8.8 1.3평 년 -0.4 1.7 4.3 5.0 6.8 7.5 2.3 0.0 7.5 0.0* 10년 평균 : 최근 10년(2015~2024년)동안의 평균기온의 평균** 평년 : 30년(1991～2020년)동안의 평균기온의 평균*** 편차 : 평년의 평균기온에 대한 연도별 평균기온의 차이연도별 강수량
❍ ‘25년 1월부터 3월 4주차까지의 강수량의 합은 86.7㎜로, 평년(122.3)보다
35.6㎜ 적었음(평년대비 70.9%)
- ’25년 3월 4주차의 강수량의 합은 0.2㎜로, 평년(13.9)보다 13.7㎜ 적었음",4호.txt
2025,4,22,2025-04-01,2025-04-30,과수,복숭아씨살이좀벌,예보,"고추,냉이,두릅,방울토마토,배추,복숭아,부추,블루베리,상추,시금치,쑥갓,아욱,오이,쪽파,참외,파프리카,호박","(평년대비 1.4%)기 간 1월 2월3월 분석기간1.1~3.26 3.20~3.261주(2.27~3.5)2주(3.6~3.12)3주(3.13~3.19)4주(3.20~3.26)합계(㎜)대비(%)합계(㎜)대비(%)2025년 18.3 21.4 35.9 0.1 11.1 0.2 86.7 70.9 0.2 1.42024년 36.9 111.4 9.8 2.3 1.4 34.1 192.3 157.2 34.1 245.32023년 44.9 20.0 0.5 8.4 0.9 20.6 95.2 77.8 20.6 148.22022년 5.0 5.5 2.2 0.4 46.0 39.5 98.5 80.5 39.5 284.22021년 25.4 23.4 57.1 14.9 3.0 6.8 130.2 106.5 6.8 48.92020년 85.7 62.1 4.2 16.7 0.8 10.2 176.0 143.9 10.2 73.42019년 9.7 34.5 1.0 13.7 3.8 20.6 82.6 67.5 20.6 148.22018년 25.5 36.6 58.8 23.8 53.9 10.1 178.2 145.7 10.1 72.72017년 18.6 36.0 4.6 1.4 0.5 12.1 73.0 59.7 12.1 87.12016년 32.9 50.6 48.1 9.8 11.5 1.3 146.2 119.5 1.3 9.42015년 31.9 31.0 5.9 0.7 38.5 0.0 106.0 86.7 0.0 0.010년평균 31.7 41.1 19.2 9.2 16.0 15.5 127.8 104.5 15.5 111.5평 년 30.6 37.5 14.5 12.4 17.6 13.9 122.3 100.0 13.9 100.0* 10년 평균 : 최근 10년(2015~2024년)동안의 강수량의 평균** 평년 : 30년(1991～2020년)동안의 강수량의 평균*** 대비 : 평년의 강수량에 대한 연도별 강수량의 비율카드뉴스 과수화상병 농작업자 준수사항카드뉴스 과수화상병 개화기 약제방제 요령카드뉴스 맥류 붉은곰팡이병 예방리플릿 맥류 곰팡이병 및 곰팡이독소 예방□ 시·도별 부적합 발생 우려 정보○ ‘24년 4월 검출된 29개 품목, 31개 성분
❍ 주요 부적합 우려 품목(성분)
- [강원특별자치도] 쪽파(포레이트, 터부포스)
- [경기도] 고수(플루설파마이드), 고추냉이(에마멕틴 벤조에이트), 근대(프로사이미돈), 대파(메타벤즈티아주론, 터부포스),부추(리뉴론, 옥시플루오르펜, 포레이트), 상추(포레이트), 시금치(디티오카바메이트), 허브(디메토모르프), 아욱(보스칼리드), 얼갈이배추(디페노코나졸, 터부포스), 쪽파(터부포스), 당귀잎(테부펜피라드)
- [경상남도] 대파(터부포스), 들깻잎(디티오카바메이트), 부추(다이아지논, 디메토에이트, 오메토에이트, 포레이트), 쑥갓(플루벤디아마이드, 플룩사피록사드), 쪽파(터부포스), 풋고추(트리사이클라졸)
- [경상북도] 부추(터부포스), 얼갈이배추(터부포스), 참나물(티아클로프리드), 참외(키노메티오네이트)
- [광주광역시] 애호박(포스티아제이트)
- [전라남도] 갓(펜디메탈린), 두릅(디메토에이트, 오메토에이트), 방울토마토(사이에노피라펜), 방풍나물(페니트로티온),상추(포레이트), 쑥(포레이트), 쪽파(디메토에이트, 오메토에이트), 취나물(뷰프로페진), 파프리카(스피로테트라맷)
- [전북특별자치도] 두릅(카벤다짐, 페니트로티온), 부추(포레이트), 시금치(펜디메탈린, 터부포스), 얼갈이배추(터부포스)
- [제주특별자치도] 블루베리(펜티오피라드), 오이(페나자퀸)
- [충청남도] 쑥부쟁이(터부포스), 머위잎(터부포스), 아욱(디메토에이트, 오메토에이트), 쪽파(카보퓨란, 디메토에이트,오메토에이트, 펜디메탈린, 터부포스)
- [충청북도] 대파(포레이트), 상추(카보퓨란), 시금치(카보퓨란, 에마멕틴 벤조에이트), 당귀잎(보스칼리드)※ 전국적으로 토양처리 살충제 농약(입제) 성분인 터부포스, 포레이트 잔류농약 부적합이많이 발생되고 있습니다. 농업인께서는 해당 성분의 농약을 사용이 등록된 작물에만안전사용기준을 반드시 준수하여 살포하시기 바랍니다.",4호.txt
2025,4,23,2025-04-01,2025-04-30,과수,복숭아씨살이좀벌,예보,"고추,냉이,두릅,딸기,미나리,방울토마토,복숭아,부추,블루베리,상추,시금치,쑥갓,아욱,쪽파,치커리","4월 주요 품목별 농약 사용 주의보4월 주요 품목별 농약 사용 주의보□ 부적합 발생 우려 품목/성분의 잔류허용기준 및 농약 등록 유무번호 품목 검출성분잔류허용기준(mg/kg) 잔류허용기준적용 근거농약 안전사용기준등록 유무‘24.3. ‘25.3.
1 갓 Pendimethalin 0.01 0.01 일률기준(0.01mg/kg) 미등록2 고수 Flusulfamide 0.01 0.01 일률기준 미등록3 고 추 냉 이Emamectin Benzoate 0.01 0.01 일률기준 등록(단제)4 근대 Procymidone 0.2 0.2 식품의 기준 및 규격 미등록5 쑥 부 쟁 이Terbufos 0.01 0.01 일률기준 미등록6 대파Methabenzthiazuron 0.01 0.01 일률기준 미등록Phorate 0.05 0.05 식품의 기준 및 규격 등록(단제, 합제)Terbufos 0.05 0.09 식품의 기준 및 규격 등록(단제, 합제)7 두릅Carbendazim 0.01 0.01 일률기준 미등록Dimethoate 0.01 0.01 일률기준 미등록Fenitrothion : MEP 0.01 0.01 일률기준 미등록Omethoate 0.01 0.01 일률기준 미등록8 깻잎 Dithiocarbamate(Total) 0.01 0.01 일률기준 미등록9 머위잎 Terbufos 0.01 0.01 일률기준 미등록10 방 울 토 마 토Cyenopyrafen 0.01 0.01 일률기준 미등록11 방 풍 나 물Fenitrothion : MEP 0.01 0.01 일률기준 미등록12 부추Diazinon 0.01 0.01 일률기준 미등록Dimethoate 0.05 0.05 식품의 기준 및 규격 등록(단제)Linuron 0.01 0.01 일률기준 미등록Omethoate 0.05 0.05 식품의 기준 및 규격 미등록Oxyfluorfen 0.01 0.01 일률기준 미등록Phorate 0.1 0.1 식품의 기준 및 규격 등록(단제, 합제)Terbufos 0.05 0.05 식품의 기준 및 규격 등록(단제, 합제)13 블 루 베 리Penthiopyrad 0.07 0.07 식품의 기준 및 규격 등록(단제, 합제)14 상추Carbofuran 0.01 0.01 일률기준 미등록Phorate 0.01 0.01 일률기준 미등록15 시금치Carbofuran 0.01 0.01 일률기준 미등록Dithiocarbamate(Total) 0.01 0.01 일률기준 미등록Emamectin Benzoate 0.05 0.05 식품의 기준 및 규격 등록(단제, 합제)Pendimethalin 0.01 0.01 일률기준 미등록Terbufos 0.05 0.05 식품의 기준 및 규격 등록(단제, 합제)16 허브 Dimethomorph 0.01 20 식품의 기준 및 규격 미등록17 쑥 Phorate 0.01 0.01 일률기준 미등록□ 부적합 발생 주요 농산물 비교(24·25년 2월 기준)2024년 2월 2025년 2월번호 품목명 발생(건) 번호 품목명 발생(건)1 쪽파 4 1 부추 32 쑥갓 2 2미나리 2취나물 2치커리 2기타 딸기, 미나리, 배 등 5 기타 꺳잎, 대파, 아욱 등 10합계 10개 품목 14 합계 14개 품목 19번호 품목 검출성분잔류허용기준(mg/kg) 잔류허용기준적용 근거농약 안전사용기준등록 유무‘24.3. ‘25.3.",4호.txt
2025,4,24,2025-04-01,2025-04-30,과수,복숭아씨살이좀벌,예보,"감귤,고추,배추,복숭아,사과,쑥갓,아욱,오이,쪽파,참외,파프리카,호박","18 쑥갓Flubendiamide 0.01 0.01 일률기준 미등록Fluxapyroxad 0.05 0.05 식품의 기준 및 규격 미등록19 아욱Boscalid 0.05 0.05 식품의 기준 및 규격 등록(합제)Dimethoate 0.01 0.01 일률기준 미등록Omethoate 0.01 0.01 일률기준 미등록20 얼갈이배추Difenoconazole 0.01 0.01 일률기준 미등록Terbufos 0.05 0.05 식품의 기준 및 규격 미등록21 오이 Fenazaquin 0.01 0.01 일률기준 미등록22 쪽파Carbofuran 0.05 0.05 식품의 기준 및 규격 등록(단제)Dimethoate 0.05 0.6 식품의 기준 및 규격 등록(단제, 합제)Omethoate 0.05 0.3 식품의 기준 및 규격 미등록Pendimethalin 0.05 0.05 식품의 기준 및 규격 등록(단제)Phorate 0.05 0.05 식품의 기준 및 규격 등록(단제, 합제)Terbufos 0.05 0.09 식품의 기준 및 규격 등록(단제, 합제)23 참나물 Thiacloprid 0.01 0.01 일률기준 미등록24 당귀잎Boscalid 0.01 0.01 일률기준 미등록Tebufenpyrad 1.0 1.0 식품의 기준 및 규격 등록(단제)25 참외 Chinomethionat 0.01 0.01 일률기준 미등록26 취나물 Buprofezin 0.01 0.01 일률기준 미등록27 파 프 리 카Spirotetramat 2.0 7.0 식품의 기준 및 규격 등록(단제, 합제)28 풋고추 Tricyclazole 0.01 0.01 일률기준 미등록29 애호박 Fosthiazate 0.07 0.07 식품의 기준 및 규격 등록(단제, 합제)자료제공 및 검토 전문가 명단구분 성명 /  소속 / 직급1 채의석 / 농촌지원국 재해대응과 / 과장2 배철호 / 농촌지원국 재해대응과 / 농촌지도관3 전승기 / 농촌지원국 재해대응과 / 농촌지도관4 이경재 / 농촌지원국 재해대응과 / 농촌지도관5 경은선 / 농촌지원국 재해대응과 / 농업연구관6 안종현 / 농촌지원국 재해대응과 / 농촌지도관7 이수미 / 농촌지원국 재해대응과 / 농촌지도관8 정종민 / 농촌지원국 재해대응과 / 농촌지도사9 이우일 / 농촌지원국 재해대응과 / 농촌지도사10 최효원 / 농촌지원국 재해대응과 / 농업연구사11 양미숙 / 농촌지원국 재해대응과 / 농촌지도사12 정은수 / 농촌지원국 재해대응과 / 농촌지도사13 맹권재 / 농촌지원국 재해대응과 / 농업주사보14 박명일 / 농촌지원국 재해대응과 / 주무관15 최인후 / 농촌지원국 재해대응과 / 기술전문위원16 박해융 / 농촌지원국 재해대응과 / 기술전문위원17 고만건 / 농촌지원국 재해대응과 / 기술전문위원18 강신곤 / 농촌지원국 기술보급과 / 농촌지도관19 박선용 / 농촌지원국 기술보급과 / 농촌지도관20 장진경 / 농촌지원국 기술보급과 / 농촌지도사21 조아라 / 농촌지원국 기술보급과 / 농촌지도사22 노석원 / 농촌지원국 식량산업기술팀 / 농촌지도관23 엄미옥 / 농촌지원국 식량산업기술팀 / 농촌지도사24 윤  송 / 농촌지원국 식량산업기술팀 / 농촌지도사25 이세원 / 국립농업과학원 식물병방제과 / 과장26 박진우 / 국립농업과학원 식물병방제과 / 농업연구관27 이봉춘 / 국립농업과학원 식물병방제과 / 농업연구관28 이용환 / 국립농업과학원 식물병방제과 / 농업연구관29 이영기 / 국립농업과학원 식물병방제과 / 농업연구사30 주현영 / 국립농업과학원 식물병방제과 / 농업연구사31 정수경 / 국립농업과학원 해충잡초방제과 / 과장32 박병용 / 국립농업과학원 해충잡초방제과 / 농업연구관33 서보윤 / 국립농업과학원 해충잡초방제과 / 농업연구관34 정인홍 / 국립농업과학원 해충잡초방제과 / 농업연구사35 나영은 / 국립농업과학원 기후변화대응과 / 과장36 심교문 / 국립농업과학원 기후변화대응과 / 농업연구관37 허지나 / 국립농업과학원 기후변화대응과 / 농업연구사38 박향미 / 국립식량과학원 작물환경과 / 과장39 김신화 / 국립식량과학원 작물환경과 / 농업연구사40 정현정 / 국립식량과학원 작물환경과 / 농업연구사41 최경희 / 국립원예특작과학원 원예특작환경과 / 과장42 이성찬 / 국립원예특작과학원 원예특작환경과 / 농업연구관43 송장훈 / 국립원예특작과학원 원예특작환경과 / 농업연구관44 한유경 / 국립원예특작과학원 원예특작환경과 / 농업연구관45 이선영 / 국립원예특작과학원 원예특작환경과 / 농업연구사46 윤정범 / 국립원예특작과학원 원예특작환경과 / 농업연구사47 이동혁 / 국립원예특작과학원 사과연구센터 / 센터장48 조영식 / 국립원예특작과학원 배연구센터 / 농업연구관49 한승갑 / 국립원예특작과학원 감귤연구센터 / 농업연구관2025년 농작물 병해충 발생정보(4호)집 필 인채의석 , 배철호 , 전승기 , 이경재 , 경은선 , 안종현 , 이수미 , 정종민 , 이우일 ,최효원 , 양미숙 . 정은수 , 맹권재 , 박명일 , 성보미발 행 처 농촌진흥청 재해대응과주소 54875 전북 전주시 덕진구 농생명로 300전화 (063) 238–1054, 1045homepage : http://www.nongsaro.go.kr",4호.txt
2025,5,1,2025-05-01,2025-05-31,식량작물,붉은곰팡이병(맥류),주의보,보리,"❍ 붉은곰팡이병은 맥류의 출수·개화기부터 수확기에 걸쳐 고온다습한조건이(평균기온 18~20℃, 습도 80%, 강우 3일이상 지속시) 되면 많이 발생하는데, 감염되면 주로 이삭에서 병 증상이 나타나며 낟알이 고사하여 갈변하고 쭉정이가 된다.
❍ 붉은곰팡이병에 감염된 알곡은 사람이나 가축에게 중독을 일으키는독소를 생성하여 피해를 줌⇒ 논 재배 맥류 포장에서는 배수로 정비 등 물빠짐을 좋게 하여재배지 내에 습도가 높지 않게 관리해야 한다.
⇒ 출수·개화기에 잦은 비 예보가 있으면 등록된 약제(살균제)를이용하여 이삭에 약액이 충분히 묻도록 분무해 줘야 한다.
※ 맥류의 생육단계는 품종과 포장에 따라 다르므로 포장별 생육상황과 기상을잘살펴 방제실시⇒ 수확 후에도 살아남을 수 있으므로 건조한 날 수확하며 거둔즉시 건조하여 병의 확산을 예방하고 이병립은 제거를 함
< 작물별 붉은곰팡이병 발병 이삭 >밀 보리 귀리",5호.txt
2025,5,2,2025-05-01,2025-05-31,식량작물,열대거세미나방(옥수수 등),주의보,"벼,수수,옥수수","❍ 열대거세미나방은 아메리카 대륙의 열대·아열대 지역이 원산으로아프리카(‘16), 동남아(’18), 중국(‘19.1), 한국(’19.6), 등으로 확산
❍ 유충 시기에 식물의 잎과 줄기를 가해하여 피해를 발생시키며 기주식물은 80여 작물(옥수수, 수수, 벼 등)로 알려져 있음
❍ 제주 및 남부지방 조기 재배 옥수수에 피해 발생 예상*산란(4월하순) →알에서유충부화(5월초·중순) →6령유충경과(피해발생)*’23년대비약7일정도빠르게국내비래확인(제주,고성/’24.4.11.)⇒ 약제 방제는 발생 초기에 품목별로 등록된 약제를 살포하도록 함
< 열대거세미나방 형태 및 피해 ><성충 (사진 출처: Goergen 등), 유충(사진 출처: FAO)>",5호.txt
2025,5,3,2025-05-01,2025-05-31,식량작물,멸강나방,예보,"벼,옥수수","❍ 멸강나방은 중국에서 날아와서 피해를 주는비래해충으로 목초, 옥수수 등에 발생하고보통 사료 작물과 벼에 피해를 줌⇒ 올해는 4월 초 처음 비래가 확인되었으며목초지나 옥수수 포장 등 기주식물 재배지역에 어린 벌레가 발견되면 등록 약제로발생 초기에 방제",5호.txt
2025,5,4,2025-05-01,2025-05-31,식량작물,애멸구(벼줄무늬잎마름병 매개),예보,벼,"❍ 애멸구는 벼줄무늬잎마름병을 옮기는 해충으로 최근 월동밀도가낮은 편이지만, 중국에서 대량으로 날아올 경우 피해가 우려되며철저한 사전방제가 필요함
⇒ 서해안 애멸구 비래지역 등 발생 우려지역은 저항성 품종(조평, 주남조생, 대보, 알 찬 미,삼광, 화영, 새일미, 새누리, 호품, 신동진 등)을선택하고 맥류 포장 주변에서 육묘 시방충망을 씌워 애멸구 유입 차단⇒ 모내기 하는 날 벼물바구미, 벼잎벌레,굴파리류 등과 동시 방제가 가능한살충제(입제) 살포",5호.txt
2025,5,5,2025-05-01,2025-05-31,식량작물,모마름병 및 뜸모,예보,,"❍ 파종량이 많아 산소가 부족하고 낮과 밤의 온도 차이가 클 때에피해가 발생하므로 철저한 못자리 관리가 필요
⇒ 알맞은 양을 파종하고 온도 차이를 줄이기 위해 낮에는 환기를잘하고 밤에는 보온 관리 철저",5호.txt
2025,5,6,2025-05-01,2025-05-31,채소,"잎마름병(마늘, 양파), 노균병(양파)",주의보,"마늘,양파","❍ 잎마름병, 노균병 발생이 점차 증가하고 있는 것으로 조사되었으며,5월까지 발생·확산 될 수 있으므로 주의가 필요함
⇒ 5월 중순까지 비가 자주 올 경우 발생이 확대될 수 있으므로배수구 정비를 잘하고 병 발생이 우려되는 포장은 비오기 전․후등록된 약제를 살포",5호.txt
2025,5,7,2025-05-01,2025-05-31,채소,"흑색썩음균핵병(마늘, 양파)",주의보,"마늘,양파",❍ 병징은 아랫잎부터 황갈색으로 변하며 구근에 흰 균사가 발생하여구근 껍질이 검게 변하면서 구근이 물러 썩는 병으로 지상부전체가 시들어 노랗게 마름⇒ 습한 토양에서 피해가 크므로 물빠짐(배수) 관리와 함께 초기에방제용 약제로 방제함,5호.txt
2025,5,8,2025-05-01,2025-05-31,채소,"고자리파리, 뿌리응애(마늘, 양파)",주의보,"마늘,양파","❍ (고자리파리) 마늘, 양파 등 보통 4월 중·하순부터 5월까지 발생이많으며, 애벌레가 뿌리를 갉아먹어 아래 잎부터 노랗게 말라 죽으며심하면 포기 전체가 말라 죽게 됨
⇒ 토양 속 유충은 계속해서 가해하기 때문에 약대 등을 이용하여토양에도 직접 포기 관주처리하고 약물이 흙 또는 멀칭필름 밖으로넘쳐 나올 정도로 흠뻑 처리하는 것이 효과적
❍ (뿌리응애) 마늘, 양파 등 땅속의 구근을 가해하며, 초기에는 잘나타나지 않으나 점차 지상부의 생육이 나빠지고 구근 부패의 원인이 됨
⇒ 일부 지역에서는 뿌리응애, 작은뿌리파리, 구근선충이 2종 혹은3종이 동시에 발생하여 피해를 줌⇒ 뿌리응애의 방제법은 고자리파리와 작은뿌리파리 방제에 준하며 , 구근선충은입제형 등록약제를 정식 전에 토양혼화 처리하거나, 정식 후에는 액제형 등록 약제를관주처리",5호.txt
2025,5,9,2025-05-01,2025-05-31,채소,역병·탄저병(고추),예보,고추,"❍ 고추의 역병은 토양의 병원균이 물을 통하여 전염되는 병으로 일단발병하면 급속하게 번지고 약제에 의한 방제가 어려움⇒ 퇴비 등을 뿌려 토양 성질을 개선해주며 해마다 발생이 많은 상습지에서는 비닐을 씌우기 전이나 정식 직전에 등록약제를토양에 관주하고 물 빠짐을 좋게 하여 발생 억제
❍ 고추 탄저병은 지난해 버려진 병든 잔재물이 가장 중요한 1차전염원이 되며 개화기에 1차 감염이 되어 잠복할 경우 피해가 커짐⇒ 포장 경운 전 잔재물들을 모두 제거하고 정식 후 개화기에 보호용살균제를 2회 이상 살포하여 1차 감염에 의한 피해를 예방해야 함
⇒ NCPMS 예측정보를 활용하여 5월 중순 이후에 감염 위험 경보시3일 이내에 침투이행성 등록 약제를 충분히 처리",5호.txt
2025,5,10,2025-05-01,2025-05-31,채소,"흰가루병(딸기, 오이, 메론 등)",예보,"딸기,오이","❍ 시설 재배지에서 고온다습 등 통기 불량 조건에서 발생 증가⇒ 시설 내의 환경관리를 잘 조절해주며 병든 식물은 속히 제거하고질소가 과용되지 않도록 균형시비를 하면서 병 발생 초기에 방제※ 흰가루병 포자 비산이 일출 후부터 오전 10시경 사이 가장 많이이루어지므로 약제는 10시 이전 살포하는 것이 효과적이고, 같은계통의 약제 연용보다 다른 계통의 약제를 번갈아 가며 살포",5호.txt
2025,5,11,2025-05-01,2025-05-31,채소,"잿빛곰팡이병(딸기, 오이, 토마토, 상추 등)",예보,"딸기,방울토마토,상추,오이","❍ 시설 내 온도가 낮고 다습한 조건이 오래 지속되면 발생하는데 일부관리소홀 포장에서 발생이 확인되고 있음. 기상에 따라 시설 내일교차가 커지면 확산될 가능성 있음
⇒ 적절한 환기로 시설내의 습도를 낮추어 주되 보온에 유의하고 ,병이 발생되면 급속하게 번지는 특성이 있으므로 발생 초기에등록 약제로 방제하되 약제를 바꾸어 가며 사용해야 함
⇒ 병든 식물은 시설 밖으로 빼내어 땅속에 묻는 등 전염원을 차단하여야 함",5호.txt
2025,5,12,2025-05-01,2025-05-31,채소,"총채벌레류, 가루이류, 진딧물, 응애류",예보,"고추,딸기,방울토마토,오이","❍ (총채벌레류) 꽃노랑총채벌레 , 오이총채벌레 등은 날개 모양이총채처럼 생긴 작은 해충으로 오이, 고추, 토마토, 딸기 등 시설내에서 연중 발생하는 해충으로 방제시기를 놓칠 경우 바이러스병을전염시켜 피해를 주는 해충임
⇒ 해충의 크기가 작아 발견하기 어렵기 때문에 초기에 발생을 알지 못하여피해를 입는 경우가 많으므로 해충이 좋아하는 색깔의 끈끈이트랩을 매달아 발생을 예찰하고, 발생 시 초기에 방제
❍ (가루이류, 진딧물) 가루이류는 가지과 작물에서, 진딧물은 엽채류와과채류에서 주로 발생하는데, 식물의 즙액을 빨아먹는 직접적인 피해뿐만 아니라 그을음병과 바이러스병 등을 유발하여 상품성을 떨어뜨림⇒ 크기가 작아 육안으로 관찰하기 힘들고 일단 발생되면 방제가어려우므로 외부 유입통로에 방충망을 설치하는 등 시설 안으로들어오지 못하도록 막고, 점착트랩을 매달아 주의 깊게 살펴봄⇒ 예방적 조치로 해충에 따라 천적을 투입하여 방제하고 국부적으로해충이 집중 발생하였을 경우 작물별 적용 농약으로 방제
❍ (점박이응애) 딸기에 발생하면 잎을 누렇게 변하여 말라죽게 되어생육을 억제하는데 최근 딸기 재배지에서 발생이 확인되고 있어주의가 필요함
⇒ 세대 기간이 짧아 연간 발생 횟수가 많고 증식률이 높으며, 모를통해서 유입되는 것을 막기 위하여 모종을 철저하게 방제함은물론 방충망을 설치하여 해충 유입을 방지하고, 적용약제를 이용하여 발생 초기에 방제",5호.txt
2025,5,13,2025-05-01,2025-05-31,채소,토마토뿔나방,주의보,방울토마토,"❍ 봄철 시설 토마토의 정식이 본격적으로 시작함에 따라 온실 내부토마토뿔나방의 발생이 증가할 것으로 예상됨
- 토마토뿔나방은 유충이 주로 토마토 잎에 구멍을 뚫고 들어가 내부조직을넓게 갉아 먹으며 과실 속으로도 파고 들어가 피해를 입힘⇒ 발생포장 전체에 등록 농약을 약액이 작물에 충분히 묻을 수있도록 살포하고, 2회 이상 약제살포 시 작용기작이 다른 약제를교호 살포할 것을 권장함, 친환경 재배농가의 경우 교미교란제를정식 초기에 설치하고 유기농업자재를 충분히 살포해야 함",5호.txt
2025,5,14,2025-05-01,2025-05-31,채소,토마토반점위조바이러스(TSWV),예보,"고추,방울토마토,파프리카","❍ 총채벌레가 즙액을 흡즙하면서 바이러스를 전염시키는 병으로 고추,토마토, 파프리카 등 특히 전년도 발생이 많았던 가지과 시설재배지에서꾸준히 발생하고 있으며, 방제 시기를 놓쳐 총채벌레 밀도가 높아지면피해가 커지기 때문에 초기 방제로 병발생을 예방하는것이 중요
⇒ 방충망을 이용하여 시설 안으로 들어오는 총채벌레를 막고 발생초기 천적이나 등록 약제로 방제⇒ 병에 걸린 식물은 발견 즉시 제거하여 병이 확산되는 것을 예방",5호.txt
2025,5,15,2025-05-01,2025-05-31,채소,토마토황화잎말림바이러스(TYLCV),예보,방울토마토,❍ 가지과 작물에서 담배가루이가 병을 매개하고 감염된 묘를 통해 확산될 수있으므로 육묘 단계부터 정식 초기에 예찰을 강화하여 감염여부를 판단하고정식 후에는 잎 뒷면과 포장주위를살펴보아 담배가루이를 철저히 방제⇒ 방충망을 설치하여 담배가루이의침입을 막고 발생 시 담배가루이의기주식물이 되는 잡초와 병이걸린 식물은 뽑아서 제거,5호.txt
2025,5,16,2025-05-01,2025-05-31,과수,과수화상병․과수가지검은마름병,주의보,사과,"❍ (과수화상병) 세균에 의해 사과, 배나무의 꽃, 잎, 열매, 가지가불에 탓 것과 같이 검게 변하고 서서히 말라죽게 되는데 전염성이높아 사전예방을 위한 사전방제와 과원 및 농자재 관리가 필수⇒ 개화기 방제요령은 ‘과수화상병예측시스템 ’에서 안내하는 위험경보(감염위험도)에 따라 24시간 이내 2∼3회 약제 살포⇒ 한번 걸리면 방제가 불가능하기 때문에 예방을 위하여 과수원을청결하게 관리하고 농작업을 하는 사람의 과수원 출입 시 사람과작업도구 등을 수시로 소독⇒ 의심증상 발견 시에는 전국 대표전화(1833-8572) 또는 가까운농업기술센터·농업기술원에 즉시 신고
❍ (과수가지검은마름병) 과수화상병과 증상이 비슷하여 육안으로는구분이 불가하며, 발생 시기와 전파경로, 피해증상이 유사함.",5호.txt
2025,5,17,2025-05-01,2025-05-31,과수,"갈색날개매미충, 미국선녀벌래, 꽃매미",주의보,"매실,복숭아,사과,포도","❍ 온도에 따른 월동난 부화시기를 분석한 결과, 꽃매미, 갈색날개매미충,미국선녀벌레 등 돌발해충 3종의 부화시기는 전년보다 1~11일 정도빠를 것으로 전망< 돌발해충 3종 부화 예상 시기 >구분 경기‧충남‧경북 남해안 지역꽃매미 5월 17∼18일 5월 13일갈색날개매미충 5월 15일 5월 10일미국선녀벌레 5월 17일 5월 13일< 갈색날개매미충 >
❍ 5월초·중순에부화하여약충이되고, 7월이후성충으로우화* 5월 중·하순 알 부화 → 약충(1∼4령,70일) → 성충(3개월)⇒ 갈색날개매미충을 효과적으로 방제하려면 갈색날개매미충 부화 후1~2주 사이에 애벌레(1~2령)가 붙어 있는 나무에 약제를 뿌리는것이 좋음. 2령이 지난 애벌레와 성충은 이동성이 크기 때문에방제 효과가 떨어짐.
⇒ 발생 정도에 따라 전용 약제를 1주일 간격으로 1~3회 살포*지역별‘공동방제의날’은시도별여건에따라탄력적으로운영< 미국선녀벌레 >
❍ 미국선녀벌레는 연간 1세대 발생하며월동한 알은 5월 중·하순경에 부화하며,약충은 5령을 거쳐 성충이 되며, 성충은 7월에서 10월까지 발생함
⇒ 농약 살포시 적용약제를 어린 약충기나다발생기에 농약안전사용기준에 맞게살포약충 성충 집단 사과 어린 가지 산란 피해* 기주범위가넓으므로농경지뿐만아니라인근야산의나무들도동시에방제해야미국선녀벌레피해를효과적으로줄일수있음.
⇒ 천적인 선녀벌레집게벌을 이용하여 장기적으로 밀도 억제< 꽃매미 >
❍ 꽃매미는 연간 1세대 발생하고월동한 알은 5월 상·중순경에 부화하며 약충은 5령을 거쳐 성충이되고 성충은 7월에서 11월까지발생함
❍ 주로 포도, 사과, 배, 복숭아, 매실,가죽나무, 참죽나무 등을 가해하나,포도속(포도, 머루) 작물을 특이적으로 선호함.
❍ 약충과 성충이 집단적으로 즙을 빨아 먹어 나무 생육을 저하시키고그을음병 유발⇒ 월동알을 제거해 주는 것이 친환경적이며 발생을 줄이는 데에큰 효과가 있으므로 봄철에 약충으로 부화하기 전 과수원 및 인근야산의 나무 등에 있는 알 덩어리를 제거해 주고 약충이 깨어나오면 등록약제로 반드시 방제< 2025년 돌발해충 월동난 부화 시기 예측 >□ 꽃매미 월동난 50% 부화 시기 예측경기・강원・충북 지역 충남・전북・경북 지역 전남・경남 지역□ 갈색날개매미충 월동난 50% 부화 시기 예측경기・강원・충북 지역 충남・전북・경북 지역 전남・경남 지역□ 미국선녀벌레 월동난 50% 부화 시기 예측경기・강원・충북 지역 충남・전북・경북 지역 전남・경남 지역",5호.txt
2025,5,18,2025-05-01,2025-05-31,과수,탄저병,예보,"복숭아,사과,포도","❍ 사과, 복숭아, 포도 등에 발생하는 탄저병은 주요 관리 과수병으로병원균은 주로 습기가 많은 기후조건과 25℃ 전후 온도에서 감염이잘 이루어지므로 장마기 이후에 주의가 필요함
❍ 탄저병에 감염된 과실은 초기에 검정색 작은 반점이 껍질에 나타나며, 병이 커질수록 과실 표면이 움푹 들어가면서 과실 내부가갈색으로 변하면서 과실 표면에 많은 분생포자가 생겨 주변 건전한 과실을 감염. 특히 장마기나 바람이 많이 부는 날씨에는 분생포자들이 이동되는 시기이므로 철저한 관리가 필요
⇒ 지난해에 탄저병이 많이 발생했던 농가는 과원 내에 탄저병균이남아 있을 수 있으므로 탄저병균의 밀도를 줄이기 위해 예방적으로 적용 살균제를 살포⇒ 또한 탄저병은 습한 환경조건에서 잘 발생하므로 과원 내 통풍이잘 되게 하고 물 빠짐이 잘 되도록 관리",5호.txt
2025,5,19,2025-05-01,2025-05-31,과수,참다래 궤양병,예보,"오리,참다래","❍ 가지, 주간, 신초, 잎, 꽃봉오리, 꽃에 감염되는 병으로서 감염된가지와 주간부에 크고 작은 균열을 유발하며, 이 균열된 부위로부터 흘러나오는 적갈색 수액에 의해 쉽게 구분 가능
❍ 병든 조직에서 월동한 병원균이 상처, 기공 및 수공을 통하여 잎으로침입하며 전정 등 농작업 도구를 통해 전염⇒ 궤양병 증상이 관찰되면 다른 나무에 감염되지 않도록 증상이보이는 부위부터 1m정도 안쪽까지 제거해 주고 제거 부위는살균제를 발라 다른 병원균이 침입하지 않도록 조치",5호.txt
2025,5,20,2025-05-01,2025-05-31,과수,붉은별무늬병,예보,사과,❍ 병원균이 향나무에서 월동한 후 4∼5월 비가 오면 사과․배나무로날아가 병을 발생시킴⇒ 특히 배 붉은별무늬병은 꽃이 진 이후 비가 온 다음 발생하여피해를 주므로 기상 여건에 따라 적절히 방제,5호.txt
2025,5,21,2025-05-01,2025-05-31,과수,검은별무늬병,예보,사과,"❍ 개화기 이후 잦은 강우 시 병 발생이 확산되므로 방제 시기를 놓치지않도록 주의해야 함
⇒ 발생한 이후는 방제가 어려우므로 전년도 발생이 많았던 곳은비가 오기 전에 보호살균제를 반드시 살포해야 함
⇒ 국가농작물병해충관리시스템(http://ncpms.rda.go.kr)의 병해충예측지도 메뉴에서 내 농장 지역의 감염위험시간 정보에 따라침투이행성약제로 방제하되 강우 시작으로부터 2∼3일 이내에약제방제를 끝내야 함
[검은별무늬병 - 배] [검은별무늬병 - 사과]",5호.txt
2025,5,22,2025-05-01,2025-05-31,과수,과수해충,예보,"복숭아,사과","< 나무좀 >
❍ 최근 피해가 늘어나 세력이 약한 나무에 피해가 예상되는데, 나무좀은크기가 2∼4㎜ 내외로 작아서 육안으로 관찰하기가 매우 곤란하며,또한 성충이 사과나무 줄기 안으로 침입할 때 유충의 먹이가 되는공생균(암브로시아균)도 함께 들어가는데, 나무 목질부에서 공생한균으로부터 생성된 독소는 독성이 강해 나무가 말라 죽는 것을촉진시킴⇒ 나무좀 발생예찰 유인트랩을 이용할 경우, 트랩에 20∼30마리가유인되면 동해를 받았거나 침수 피해 등으로 나무 세력이 약해진나무를 중점적으로 관찰하여 침입 여부를 확인하여 방제⇒ 특히 나무좀은 오후 2∼3시경에 기온이 20℃ 이상일 경우 주로날아들기 시작하므로 이 시기에 방제를 실시⇒ 약제방제에 우선하여 물관리, 시비관리 및 토양관리 등의 재배관리를철저히 하여 나무 세력을 적정 수준으로 유지하는 것이 중요
< 진딧물류 >
❍ 진딧물류(사과혹진딧물, 배나무면충, 꼬마배나무이)는 월동약제 및개화 전 방제를 소홀히 한 과원에서는 꽃이 진 후 방제< 가루깍지벌레 >
❍ 월동난은 보통 4월 하순부터 부화하므로 적기 방제 실시⇒ 국가농작물병해충관리시스템(http://ncpms.rda.go.kr)의 병해충예측-병해충예측지도 메뉴에서 내 농장 지역의 최적 방제 시기를판단하여 적기방제(월동알 부화시기에 등록약제 살포)< 복숭아씨살이좀벌 >
❍ 연 1회 발생하는데, 성충은 4월 상순부터 5월 중순까지 발생함
- 성충은 과실의 크기가 1~2cm 정도 되는 어린 과실에 산란하므로,성충 산란 시기를 확인하여 가급적 발생 적기 오전에 방제를 실시⇒ 복숭아씨살이좀벌은 성충 기간을 제외하고 알, 애벌레, 번데기기간은 씨앗 속에서 살기 때문에 약제를 살포해도 방제효과가낮으므로 성충이 어린 과일 속에 알을 낳는 시기에 맞춰 집중 방제⇒ 피해가 심한 과원에서는 과실 크기가 1cm 정도 되는 시기부터성충의 발생을 관찰하면서 5∼7일 간격으로 2∼3회 등록약제 살포< 북숭아순나방 >
❍ 1세대 성충이 발생하는 시기로 성페로몬트랩을 활용하여 철저한 예찰 필요
⇒ 피해 신초를 발견하면 제거하여 불에 태우거나 땅에 묻어주고지난해에 복숭아순나방 발생이 많았던 곳에서는 꽃이 진 후 방제1개월 기상전망            (출처 : 국립농업과학원, 기상청)기온은 1주, 2주, 4주는 평년보다 높겠고, 3주는 평년과 비슷하거나 높겠음
강수량은 1주, 2주, 3주는 평년과 비슷하거나 적겠고, 4주는 평년과 비슷하겠음
❍ 1주(5.12~5.18): 이동성 고기압의 영향을 주로 받아 대체로 건조하겠고,낮과 밤의 기온차가 크겠음
- 기온은 평년보다 높겠고, 강수량은 평년과 비슷하거나 적겠음
❍ 2주(5.19~5.25): 이동성 고기압의 영향을 주로 받아 대체로 건조하겠고,낮과 밤의 기온차가 크겠음
- 기온은 평년보다 높겠고, 강수량은 평년과 비슷하거나 적겠음
❍ 3주(5.26~6.1): 이동성 고기압의 영향을 주로 받겠으나, 일시적으로 상층찬공기의 영향을 받을 때가 있겠음
- 기온은 평년과 비슷하거나 높겠고, 강수량은 평년과 비슷하거나 적겠음
❍ 4주(6.2~6.8): 고기압의 영향을 주로 받겠으며, 우리나라 남쪽에 위치한저기압의 영향을 받을 때가 있겠음
- 기온은 평년보다 높겠고, 강수량은 평년과 비슷하겠음
농업지대 지역평균기온 강수량1주 2주 3주 4주 1주 2주 3주 4주(5.12~5.18) (5.19~5.25) (5.26~6.1) (6.2~6.8) (5.12~5.18) (5.19~5.25) (5.26~6.1) (6.2~6.8)1.태백고냉 대관령 높 음 높 음조 금 높 음높 음조 금 적 음조 금 적 음조 금 적 음비 슷2.태백준고냉 인제,홍천,제천 높 음 높 음조 금 높 음높 음조 금 적 음조 금 적 음조 금 적 음비 슷3.소백산간 충주,보은 높 음 높 음조 금 높 음높 음조 금 적 음조 금 적 음조 금 적 음비 슷4.노령소백산간 임실 높 음 높 음조 금 높 음높 음조 금 적 음조 금 적 음조 금 적 음조 금 많 음",5호.txt
2025,5,23,2025-05-01,2025-05-31,과수,과수해충,예보,,"5.영남내륙산간 추풍령,영주,문경 높 음 높 음 높 음 높 음조 금 적 음조 금 적 음조 금 적 음비 슷6.중북부내륙 춘천,양평 높 음 높 음조 금 높 음높 음조 금 적 음조 금 적 음조 금 적 음비 슷7.중부내륙 원주,이천 높 음 높 음조 금 높 음높 음조 금 적 음조 금 적 음조 금 적 음비 슷8.소백서부내륙 청주,대전,금산 높 음 높 음조 금 높 음높 음조 금 적 음조 금 적 음조 금 적 음비 슷9.노령동서내륙 정읍,남원,거창,산청 높 음 높 음조 금 높 음높 음조 금 적 음조 금 적 음조 금 적 음조 금 많 음
10.호남내륙 광주,순천,장흥 높 음 높 음조 금 높 음높 음조 금 적 음비 슷 비 슷조 금 많 음
11.영남분지 대구,의성,구미,영천 높 음 높 음 높 음 높 음조 금 적 음조 금 적 음조 금 적 음비 슷12.영남내륙 진주,합천,밀양 높 음 높 음조 금 높 음높 음조 금 적 음비 슷 비 슷조 금 많 음
13.중서부평야 서울,인천,수원,서산,강화,천안,보령 높 음 높 음조 금 높 음높 음조 금 적 음조 금 적 음조 금 적 음비 슷14.차령남부평야 군산,전주,부여,부안 높 음 높 음조 금 높 음높 음조 금 적 음조 금 적 음조 금 적 음조 금 많 음
15.남서해안 목포,완도,해남,고흥 높 음 높 음조 금 높 음높 음조 금 적 음비 슷 비 슷조 금 많 음
16.남부해안 부산,통영,여수,거제,남해 높 음 높 음조 금 높 음높 음조 금 적 음비 슷 비 슷조 금 많 음
17.동해안북부 속초,강릉 높 음조 금 높 음높 음 높 음조 금 적 음조 금 적 음조 금 적 음비 슷18.동해안중부 울진,영덕 높 음 높 음 높 음 높 음조 금 적 음조 금 적 음조 금 적 음비 슷19.동해안남부 포항,울산 높 음 높 음조 금 높 음높 음조 금 적 음비 슷 비 슷조 금 많 음
20.제주 제주,성산,서귀포 높 음 높 음조 금 높 음높 음조 금 적 음비 슷 비 슷조 금 많 음
평균 높 음 높 음조 금 높 음높 음조 금 적 음조 금 적 음조 금 적 음비 슷10일(2024.05.05.~05.11.) 예보(기상청, 2024.05.01., 06:00)<기상예보>
❍ (기온) 아침 기온은 6~14℃, 낮 기온은 17~26℃로 평년(최저기온9~14℃, 최고기온 20~25℃)과 비슷하거나 조금 낮겠음
❍ (강수) 5일 오후 제주도에, 6일 오후 중부지방(강원영동 제외)과 전북에비가 내리겠음
<날씨><최저/최고기온>최근 경과기상과 향후 기상전망<기온><강수량>연도별 평균기온
❍ ‘25년 1월부터 4월 5주차까지의 평균기온은 5.4℃로, 평년(5.1)보다 0.3℃ 높았음
- ’25년 4월 5주차의 평균기온은 14.8℃로, 평년(14.3)보다 0.5℃ 높았음",5호.txt
2025,5,24,2025-05-01,2025-05-31,과수,과수해충,예보,,"기 간 1월 2월 3월4월 분석기간1.1~4.30 4.24~4.301주(3.27~ 4.2)2주(4.3~ 4.9)3주(4 .1 0 ~ 4 .1 6 )4주(4 .1 7 ~ 4 .2 3 )5주(4 .2 4 ~ 4 .3 0 )평균(℃)편차(℃)평균(℃)편차(℃)2025년 0.4 0.0 7.9 7.6 11.1 10.9 17.3 14.8 5.4 0.3 14.8 0.52024년 1.4 4.5 7.2 11.0 13.5 15.7 15.4 16.2 7.0 1.9 16.2 1.92023년 0.0 3.0 9.7 12.0 11.8 12.8 15.5 12.8 6.5 1.4 12.8 -1.52022년 -0.2 0.4 8.0 9.2 11.9 14.6 14.9 16.0 5.6 0.5 16.0 1.72021년 -0.4 3.9 9.0 13.1 11.9 11.5 14.8 15.0 6.5 1.4 15.0 0.72020년 3.0 3.8 8.0 9.8 9.6 10.6 10.3 13.3 6.4 1.3 13.3 -1.02019년 0.5 2.6 7.6 8.5 10.6 10.6 15.6 12.9 5.7 0.6 12.9 -1.42018년 -1.8 0.0 8.2 14.7 9.9 12.5 14.9 15.0 5.0 -0.1 15.0 0.72017년 0.3 1.8 6.4 8.1 13.5 14.4 13.2 15.9 5.6 0.5 15.9 1.62016년 -0.6 1.9 7.3 11.5 12.8 13.6 14.1 14.9 5.6 0.5 14.9 0.62015년 0.8 2.2 6.8 11.9 9.9 10.9 13.1 16.9 5.6 0.5 16.9 2.610년평균 0.3 2.4 7.8 11.0 11.5 12.7 14.2 14.9 6.0 0.9 14.9 0.6평년 -0.4 1.7 6.5 9.1 10.5 11.8 13.3 14.3 5.1 0.0 14.3 0.0* 10년 평균 : 최근 10년(2015~2024년)동안의 평균기온의 평균** 평년 : 30년(1991～2020년)동안의 평균기온의 평균*** 편차 : 평년의 평균기온에 대한 연도별 평균기온의 차이연도별 강수량
❍ ‘25년 1월부터 4월 5주차까지의 강수량의 합은 158.9㎜로, 평년(221.8)보다
62.9㎜ 적었음(평년대비 71.6%)
- ’25년 4월 5주차의 강수량의 합은 0.4㎜로, 평년(22.3)보다 21.9㎜ 적었음",5호.txt
2025,5,25,2025-05-01,2025-05-31,과수,과수해충,예보,,"(평년대비 1.8%)기 간 1월 2월 3월4월 분석기간1.1~4.30 4.24~4.301주(3.27~ 4.2)2주(4.3~ 4.9)3주(4 .1 0 ~ 4 .1 6 )4주(4 .1 7 ~ 4 .2 3 )5주(4 .2 4 ~ 4 .3 0 )합계(㎜)대비(%)합계(㎜)대비(%)2025년 18.3 21.4 50.4 4.1 6.9 31.9 29.0 0.4 158.9 71.6 0.4 1.82024년 36.9 111.4 68.8 33.1 22.2 19.4 16.4 21.5 305.0 137.5 21.5 96.42023년 44.9 20.0 30.5 0.1 45.8 8.9 2.5 13.0 165.5 74.6 13.0 58.32022년 5.0 5.5 89.5 1.6 0.6 12.4 1.3 48.3 162.7 73.4 48.3 216.62021년 25.4 23.4 112.1 31.6 40.1 25.9 0.3 10.2 238.4 107.5 10.2 45.72020년 85.7 62.1 34.4 7.1 0.2 7.1 35.4 0.4 226.3 102.0 0.4 1.82019년 9.7 34.5 42.6 4.2 27.5 9.0 7.2 37.1 167.6 75.6 37.1 166.42018년 25.5 36.6 116.2 0.0 44.4 28.8 53.2 13.9 318.5 143.6 13.9 62.32017년 18.6 36.0 26.1 10.8 33.2 12.1 21.5 2.9 153.5 69.2 2.9 13.02016년 32.9 50.6 62.8 0.1 48.0 46.9 39.7 28.6 309.4 139.5 28.6 128.32015년 31.9 31.0 47.8 13.8 38.6 22.2 32.7 33.0 246.3 111.0 33.0 148.010년평균 31.7 41.1 63.1 10.2 30.1 19.3 21.0 20.9 229.3 103.4 20.9 93.7평년 30.6 37.5 63.0 13.2 19.7 18.1 26.3 22.3 221.8 100.0 22.3 100.0* 10년 평균 : 최근 10년(2015~2024년)동안의 강수량의 평균** 평년 : 30년(1991～2020년)동안의 강수량의 평균*** 대비 : 평년의 강수량에 대한 연도별 강수량의 비율2025년 농림지 돌발해충 월동난 조사결과 보고<2025. 5. 1.,재해대응과>돌발해충의밀도조사를통해방제적기,방제범위설정등방제계획수립에활용〔근거:식물방역법,농작물병해충예찰·방제규정,식물병해충예찰·방제규정등〕□ 조사 개요
○ 기간: ’25. 2. 24.(월) ∼ 3. 21.(금), 4주간○ 지역: 전국(9개 도 및 특·광역시 등 161개)* 농진청: 농경지 및 주변,산림청: 산지,공원 등○ 대상: 갈색날개매미충,꽃매미,매미나방 등 3종□ 조사결과 및 예측○ (조사결과) 돌발해충 3종의 발생 면적이 모두 감소하였음
- (갈색날개매미충)전년대비발생면적1,324.1ha(27.5%)감소,발생지역1시·군증가* (’22)117/3,559.5 →(’23)124/4,052.5→(’24)120/4,819.6→(’25)121시군/3,495.5ha
- (꽃매미)전년 대비발생면적 52.2ha(6%)감소,발생지역1시·군감소* (’22) 71/334.1 →(’23) 64/356.5 → (’24) 71/882.6 →(’25)70시군/830.4ha",5호.txt
2025,5,26,2025-05-01,2025-05-31,과수,과수해충,예보,,"- (매미나방)전년대비발생면적57ha(10%) 감소,발생지역3시·군감소* (’22) 32/141.8 → (’23) 31/68.4 → (’24) 36/572.9 → (’25) 33시군/515.9ha○ (부화예측) 꽃매미는 전년 대비 1∼7일 늦게 부화, 갈색날개매미충과 미국선녀벌레는 전년 대비 1∼11일 빠를 것으로 전망* 부화예측시기: 꽃매미(5.13∼18.),갈색날개매미충(5.10∼15.),미국선녀벌레(5.13∼17.)□ 금후 계획○ (협의)방제계획 수립을 위한 협의(’25.5.8., 방제대책협의회)* (내용)돌발해충발생범위예측및지역별방제구역설정,공동방제시기결정등○ (방제)농진청, 산림청, 지자체등협업 방제실시(’25.5.∼6.)참고 1  2025년 돌발해충 월동난 조사 결과□ 조사 개요",5호.txt
2025,5,27,2025-05-01,2025-05-31,과수,과수해충,예보,"배,사과,포도","○ 기간: ’25. 2. 24.(월) ∼ 3. 21.(금), 4주간* 성충조사:7∼8월 예정○ 지역: 전국(9개도및특·광역시)/발생지역중심농경지,주변산림등* 농진청: 농경지 및 주변 /산림청 : 산지,공원 등○ 대상: 갈색날개매미충, 꽃매미, 매미나방 등 3종* 돌발해충성충조사시에는꽃매미,갈색날개매미충,미국선녀벌레등3종조사□ 결과 요약돌발해충발생시·군수발생면적(ha)농경지 농경지주변 계’24년 ’25년 ’24년 ’25년 ’24년 ’25년 ’24년 ’25년계 227 224 5,431.2 4,058 843.9 783.8 6,275.1 4,841.8갈색날개매미충 120 121 4,185.9 2,852.4 633.7 643.1 4,819.6 3,495.5꽃매미 71 70 777.7 742.9 104.9 87.5 882.6 830.4매미나방 36 33 467.6 462.7 105.3 53.2 572.9 515.9<발생시·군수><발생면적(ha)>연도별(’23~’25) 돌발해충 월동난 발생현황□ 갈색날개매미충돌발해충 발생시·군수 발생면적(ha)농경지 농경지주변 계’24년 ’25년 ’24년 ’25년 ’24년 ’25년 ’24년 ’25년합계 120 121 4,185.9 2,852.4 633.7 643.1 4,819.6 3,495.7경기 20 19 215.3 155.1 184.5 178.4 399.8 333.6강원 13 15 329.0 276.5 115.1 116.7 444.1 393.3충북 11 11 83.7 40.7 8.0 3.9 91.7 44.6충남 15 14 79.4 77.1 90.7 94.0 170.1 171.1전북 13 14 102.1 76.0 16.7 15.2 118.8 91.2전남 10 10 612.2 185.3 21.4 42.8 633.6 228.1경북 16 17 88.5 95.6 24.9 22.5 113.4 118.1경남 15 14 2,653.0 1,925.4 142.7 147.1 2,795.7 2,072.5제주 - - - - - - - -서울 - - - - - - - -부산 - - - - - - - -대구 2 3 2.7 1.0 1.0 - 3.7 1.0인천 2 1 5.3 4.2 4.0 1.5 9.3 5.7광주 - - - - - - - -대전 1 1 1.1 3. - - 1.1 3.0울산 1 1 0.6 0.5 0.7 - 1.3 0.5세종 1 1 13.0 12.0 24.0 21.0 37.0 33.0【갈색날개매미충 조사결과】 *대상:전국161시․군12,431.1ha(농경지9,563.4+농경지주변2,866.6)○ 전년 대비 발생면적 감소(1,324.1ha↓), 발생 시·군수 증가(1개 시군↓)○ 발생면적 증가 지역: 충남, 경북, 대전○ 발생밀도: 소(1,706.2ha, 48.8%), 중(1,356.1ha, 38.8%), 다(391.1ha, 11.2%), 심(40.6ha, 1.2%)2024 2025 2024 2025<지역별 분포도> <발생밀도 변화>□ 꽃매미돌발해충 발생시·군수 발생면적(ha)농경지 농경지주변 계’24년 ’25년 ’24년 ’25년 ’24년 ’25년 ’24년 ’25년합계 71 70 777.8 742.9 98.4 87.5 882.6 830.4경기 13 13 15.0 13.9 6.4 11.4 21.4 25.4강원 8 10 12.4 13.2 9.6 23.1 22.0 36.2충북 7 8 14.9 6.8 2.4 0.8 17.3 7.5충남 12 9 23.9 22.2 16.9 15.8 40.8 38.0전북 5 5 0.8 0.9 3.8 3.3 4.6 4.2전남 1 - 0.1 - - - 0.1 -경북 8 9 4.4 12.6 4.7 4.8 9.1 17.5경남 10 9 701.0 671.4 55.6 24.1 756.6 695.5제주 - - - - - - - -서울 - - - - - - - -부산 - - - - - - - -대구 3 3 3.8 1.0 3.0 2.0 6.8 3.0인천 1 1 0.2 - 1.0 0.7 1.2 0.7광주 - - - - - - - -대전 1 1 0.3 0.3 - - 0.3 0.3울산 1 1 - - 0.4 0.5 0.4 0.5세종 1 1 1.0 0.6 1.0 1.0 2.0 1.6【꽃매미 조사결과】 *대상:전국161시․군9,770.4ha(농경지7,230.7+농경지주변2,539.7)○ 전년 대비 발생면적 감소(52.2ha↓), 발생 시·군수 감소(1개 시군↓)○ 발생면적 증가 지역: 경기, 경북, 울산○ 발생밀도: 소(276.0ha, 33.2%), 중(533.5ha, 64.3%), 다(11.3ha, 1.4%), 심(9.5ha, 1.1%)2024 2025 2024 2025<지역별 분포도> <발생밀도 변화>□ 매미나방돌발해충 발생시·군수 발생면적(ha)농경지 농경지주변 계’24년 ’25년 ’24년 ’25년 ’24년 ’25년 ’24년 ’25년합계 36 33 467.5 462.7 105.3 53.2 572.9 516경기 9 8 4.7 3.7 16.6 16.5 21.3 20.3강원 3 4 3.4 3.4 3.0 5.4 6.4 8.8충북 6 3 3.0 0.3 4.2 0.1 7.2 0.4충남 5 2 5.1 0.2 2.7 0.3 7.8 0.5전북 4 5 1.1 1.8 2.8 3.5 4.0 5.3전남 - - - - - - - -경북 1 3 - 5.5 1.4 0.6 1.4 6.1경남 6 5 450.2 447.8 74.3 26.4 524.5 474.2제주 - - - - - - - -서울 - - - - - - - -부산 - - - - - - - -대구 1 1 - - 0.1 - 0.1 -인천 1 1 - - 0.2 0.2 0.2 0.2광주 - - - - - - - -대전 - - - - - - - -울산 - 1 - - - 0.2 - 0.2세종 - - - - - - -【매미나방 조사결과】 *대상:전국161시․군7,989.7ha(농경지5,633.4+농경지주변2,356.3)○ 전년 대비 발생면적 감소(57ha↓), 발생 시·군수 감소(3개 시·군↓)○ 발생면적 증가 지역: 강원, 전북, 경북, 울산○ 발생밀도: 소(73.9ha, 14.3%), 중(434.2ha, 84.1%), 다(3.1ha, 0.6%), 심(4.8ha, 0.9%)2024 2025 2024 2025<지역별 분포도> <발생밀도 변화>카드뉴스 과수화상병 사과·배 꽃 증상 구별 요령카드뉴스 과수 탄저병 예방 및 관리 요령",5호.txt
2025,6,1,2025-06-01,2025-06-15,식량작물,열대거세미나방,주의보,"벼,수수,옥수수","❍ 열대거세미나방은 아메리카 대륙의 열대·아열대 지역이 원산으로아프리카(‘16), 동남아(’18), 중국(‘19.1), 한국(’19.6), 등으로 확산
❍ 유충 시기에 식물의 잎과 줄기를 가해하여 피해를 발생시키며 기주식물은 80여 작물(옥수수, 수수, 벼 등)로 알려져 있음
❍ 제주 및 남부지방 조기 재배 옥수수에 피해 발생 예상*산란(4월하순) →알에서유충부화(5월초·중순) →6령유충경과(피해발생)*’24년대비약10일정도늦게국내비래확인(제주,한림/’25.4.21.)*연도별 발생: (’22) 76/1.8 → (’23) 87/4.4 → (’24) 478개체/2.1ha⇒ 약제 방제는 발생 초기에 품목별로 등록된 약제를 살포하도록 함
< 열대거세미나방 형태 및 피해 ><성충 (사진 출처: Goergen 등), 유충(사진 출처: FAO)>",6호.txt
2025,6,2,2025-06-01,2025-06-15,식량작물,멸강나방,주의보,"벼,옥수수","❍ 멸강나방은 중국에서 날아와서 피해를 주는 비래해충으로 목초, 옥수수등에 발생하고 보통 사료 작물과 벼에 피해를 줌⇒ 올해는 4월 초 처음 비래가 확인되었으며 목초지나 옥수수 포장 등기주식물 재배지역에 어린 벌레가 발견되면 등록 약제로 발생초기에 방제멸강나방 유충(좌)과 피해(우) 사진",6호.txt
2025,6,3,2025-06-01,2025-06-15,식량작물,애멸구(벼줄무늬잎마름병 매개),예보,벼,"❍ 애멸구는 벼줄무늬잎마름병을 옮기는 해충으로 최근 월동밀도가낮은 편이지만, 중국에서 대량으로 날아올 경우 피해가 우려되며철저한 사전방제가 필요함
⇒ 서해안 애멸구 비래지역 등 발생 우려지역은 저항성 품종(조평, 주남조생,대보, 알찬미, 삼광, 화영, 새일미, 새누리, 호품, 신동진 등)을 선택하고 맥류포장 주변에서 육묘 시 방충망을 씌워 애멸구 유입 차단⇒ 모내기 하는 날 벼물바구미, 벼잎벌레, 굴파리류 등과 동시 방제가가능한 살충제(입제) 살포",6호.txt
2025,6,4,2025-06-01,2025-06-15,식량작물,조명나방,예보,옥수수,"❍ 조명나방은 옥수수에서 발생하는 해충으로 유충이 잎과 이삭을 갉아먹거나 줄기 속으로 파고들어가 피해를 줌⇒ 조명나방 1화기 성충이 최대로 발생한 날(6월 상순경)부터7~10일 후 혹은 옥수수 줄기가 형성되기 전에 잎이 전부 전개되지 않은 시기인 8~9엽기에 방제하는 것이 효율적임
⇒ 애벌레가 옥수수 줄기 속으로 파고 들어가면 약제 방제가 어려움알덩어리 유충(애벌레) 번데기 성충잎 가해 줄기가해 열매가해",6호.txt
2025,6,5,2025-06-01,2025-06-15,식량작물,벼물바구미 등,예보,벼,"❍ 벼물바구미는 벼 잎과 뿌리를 갉아먹고 벼잎벌레와 굴파리류는벼 잎이나 줄기 속을 갉아 먹어 피해를 주는 해충으로 해마다 발생함
❍ 이앙시기와 월동 세대 성충의 본답 이동시기가 일치할 때 피해가 심함
⇒ 벼물바구미, 벼물가파리, 깔따구, 도열병 등 해충과 병을 동시에방제할 수 있는 약제를 선택하여 모내기 당일 육묘상자에 입제를뿌려 방제하고, 육묘상자에 약제처리를 못한 경우는 모낸 후 10∼15일사이에 등록 약제를 선택하여 방제애벌레 번데기 성충",6호.txt
2025,6,6,2025-06-01,2025-06-15,채소,씨스트선충류,주의보,배추,"❍ 여름철 고랭지배추 정식이 시작되어, 씨스트선충류에 의한 농작물피해가 증가할 것으로 예상됨
- 씨스트선충류는 십자화과 작물의 뿌리에 기생하는데, 작물의 수분 및영양분의 흡수를 저해하는 등 생육을 방해하여 배추의 경우 크기가작고 결구가 되지 않는 피해 증가⇒ 발생포장에 훈증성 약제 처리 후 비닐피복 또는 답압하고, 4주후피복을 제거하여 가스를 휘산시켜 약해를 방지해야 함
⇒ 씨스트선충류가 배추 뿌리를 가해하지 않도록 배추 정식 전에비훈증성 약제를 처리하고 로터리 작업 실시⇒ 배추 수확 후 포장 내 씨스트선충류 밀도를 낮추기 위해 녹비작물(백겨자, 기름무 등)을 재배하여, 꽃이 피기 전 또는 과실이달리기 전에 토양 환원 작업 실시(6∼8주 소요)",6호.txt
2025,6,7,2025-06-01,2025-06-15,채소,역병·탄저병(고추),주의보,고추,"❍ 역병은 비가 내린 후 다습한 환경조건에서 발생이 증가하며 토양에있는 병원균이 물을 통하여 전염되는 병으로 일단 발병하면 급속하게 번지고 방제 효과가 낮음
⇒ 병 발생이 많았던 곳은 두둑을 높여 준 후 배수로를 정비하고병든 포기 발견 즉시 제거하여 전염원을 제거하고 비오기 전후등록 약제를 주기적으로 살포
❍ 고추 탄저병은 지난해 버려진 병든 잔재물이 가장 중요한 1차전염원이고, 온·습도가 높은 장마철 비가 잦은 환경에서 감염위험이 높음
⇒ 병든 과실을 그냥 두거나 이랑사이에 버리면 방제효과는 50%이상 감소하므로 병든 과실은 발견 즉시 매립 또는 소각하는것이 효과적이며, 재식거리를 넓히고 두둑을 높게 하고 물 빠짐을좋게 하여 발병에 좋은 환경을 차단함
⇒ 국가농작물병해충관리시스템(http://ncpms.rda.go.kr)에서 고추역병과 탄저병 최초 감염위험시기를 알려주는 문자서비스를활용하여 병징이 없더라도 감염 시기 알림 후 3일 이내에 예방적으로침투이행성 약제 처리",6호.txt
2025,6,8,2025-06-01,2025-06-15,채소,흰가루병(오이 등),예보,오이,"❍ 하우스 등 시설재배지에서 흔히 발생되며 일조가 부족하고 밤낮의온도 차이가 심하면서 건조한 경우에 병 발생이 증가함.
⇒ 병든 식물은 속히 제거하고 질소가 과용되지 않도록 균형시비를하면서 병 발생 초기에 등록약제로 방제⇒ 흰가루병 포자는 일출 후부터 오전 10시경 까지 포자 비산이가장 많이 이루어지므로 약제 살포는 10시 이전에 하는 것이효과적이고, 같은 계통의 약제 연용 시 약제저항성균이 쉽게생겨 방제효과가 떨어지게 되므로 반드시 다른 계통의 약제를번갈아 가며 살포",6호.txt
2025,6,9,2025-06-01,2025-06-15,채소,"총채벌레류, 가루이류, 진딧물",예보,"방울토마토,오이,파프리카","❍ ‘25년 1월~5월 말까지 기온은 7.6℃로 평년(7.4)보다 025℃ 높았고시설재배 작물에서 꽃노랑총채벌레, 온실가루이, 담배가루이 등이관리가 소홀한 포장에서 온도가 올라가면 밀도가 높아질 수 있어 주의가필요함
❍ 시설재배에서 발생하는 해충은 대부분 크기가 작고 연중 발생하고있으나, 발생초기에 예찰이 어려워 피해를 입는 경우가 많음. 특히 이해충들은 식물체에 직접적인 피해를 줄 뿐만 아니라 그을음병을유발하거나 바이러스병을 전염시켜 작물에 피해를 줌⇒ 끈끈이트랩 등을 활용하여 주의 깊게 예찰하고 발견 즉시 계통이다른 등록 약제를 바꾸어가며 방제
❍ 꽃노랑총채벌레 등 총채벌레류가 오이, 파프리카 등에서 발생 초기에방제가 이루어지지 않으면 확산 및 피해가 예상⇒ 황색 끈끈이트랩이나 타락법(꽃과 잎을 두드려서 흰색 종이 위에떨어진 벌레를 조사) 등으로 예찰하고, 발생포장은 초기에 방제⇒ 꽃노랑총채벌레의 번데기 방제용으로 아큐레이퍼응애를 토양에투입하고, 지상부 유충과 성충 방제용으로는 유럽애꽃노린재,지중해이리응애 등 천적을 활용하면 효과적으로 방제가 가능함
❍ (가루이류, 진딧물) 온실가루이와 담배가루이는 토마토와 같은 가지과작물에서, 진딧물은 엽채류와 과채류에서 주로 발생하며 식물의즙액을 빨아먹는 직접적인 피해뿐만 아니라 그을음병과 바이러스병등을 유발하여 상품성을 떨어뜨림⇒ 크기가 작아 육안으로 관찰하기 힘들고 일단 발생하면 방제가어려우므로 외부 유입통로에 방충망을 설치하는 등 시설 안으로들어오지 못하도록 막고, 끈끈이트랩을 매달아 주의 깊게 살펴봄⇒ 예방적 조치로 해충에 따라 천적을 투입하여 방제하고 국부적으로해충이 집중 발생했을 경우 작물별 등록 약제로 방제",6호.txt
2025,6,10,2025-06-01,2025-06-15,채소,토마토뿔나방,주의보,방울토마토,"❍ 봄철 시설 토마토의 정식이 본격적으로 시작함에 따라 온실 내부토마토뿔나방의 발생이 증가할 것으로 예상됨
- 토마토뿔나방은 유충이 주로 토마토 잎에 구멍을 뚫고 들어가 내부조직을넓게 갉아 먹으며 과실 속으로도 파고 들어가 피해를 입힘⇒ 발생포장 전체에 등록 농약을 약액이 작물에 충분히 묻을 수있도록 살포하고, 2회 이상 약제살포 시 작용기작이 다른 약제를교호 살포할 것을 권장함, 친환경 재배농가의 경우 교미교란제를정식 초기에 설치하고 유기농업자재를 충분히 살포해야 함",6호.txt
2025,6,11,2025-06-01,2025-06-15,채소,"덩굴마름병(수박, 참외)",예보,"수박,참외","❍ 수박 덩굴마름병은 감염된 묘를 정식하거나 비가 많이 오는 경우발생하는 병으로 생육후기에 초세가 약해질 무렵부터 잎이나 줄기가집중적으로 말라 죽음
⇒ 약제 방제만으로는 효과적인 방제가 어려우므로 과습을 방지하고 생육을 강건하게 유지시킴",6호.txt
2025,6,12,2025-06-01,2025-06-15,채소,토마토반점위조바이러스(TSWV),예보,"고추,방울토마토,파프리카","❍ 총채벌레가 즙액을 흡즙하면서 바이러스를 전염시키는 병으로 고추,토마토, 파프리카 등 특히 전년도 발생이 많았던 가지과 시설재배지에서 꾸준히 발생하고 있으며, 방제시기르 놓쳐 총체벌레의 밀도가높아지면 피해가 커지기 때문에 초기 방제로 병발생을 예방하는것이 중요
⇒ 방충망을 이용하여 시설 안으로 들어오는 총채벌레를 막고 발생초기 천적이나 등록약제로 방제⇒ 병에 걸린 식물은 발견 즉시 제거하여 병이 확산 되는 것을 예방",6호.txt
2025,6,13,2025-06-01,2025-06-15,채소,토마토황화잎말림바이러스(TYLCV),예보,방울토마토,❍ 가지과 작물에서 담배가루이가 병을 매개하고 감염된 묘를 통해확산될 수 있으므로 육묘 단계부터 정식 초기에 예찰을 강화하여감염여부를 판단하고 정식 후에는 잎 뒷면과 포장 주위를 살펴보아담배가루이를 철저히 방제⇒ 방충망을 설치하여 담배가루이의 침입을 막고 발생 시 담배가루이의기주식물이 되는 잡초와 병이 걸린 식물은 뽑아서 제거,6호.txt
2025,6,14,2025-06-01,2025-06-15,과수,과수화상병,경보,사과,"❍ (과수화상병) 세균에 의해 사과, 배나무의 꽃, 잎, 열매, 가지가불에 탓 것과 같이 검게 변하고 서서히 말라죽게 되는데 전염성이높아 사전예방을 위한 사전방제와 과원 및 농자재 관리가 필수⇒ 한번 걸리면 방제가 불가능하기 때문에 예방을 위하여 과수원을청결하게 관리하고 농작업을 하는 사람의 과수원 출입 시 사람과작업도구 등을 수시로 소독⇒ 의심증상 발견 시에는 전국 대표전화(1833-8572) 또는 가까운농업기술센터 ·농업기술원에 즉시 신고
❍ (과수가지검은마름병) 과수화상병과 증상이 비슷하여 육안으로는구분이 불가하며, 발생 시기와 전파경로, 피해증상이 유사함",6호.txt
2025,6,15,2025-06-01,2025-06-15,과수,"갈색날개매미충, 미국선녀벌레, 꽃매미",주의보,사과,"< 갈색날개매미충 >
❍ 5월 초·중순에 부화하여 약충이 되고, 7월 이후 성충으로 우화* 5월 중·하순 알 부화 → 약충(1∼4령,70일) → 성충(3개월)⇒ 갈색날개매미충을 효과적으로 방제하려면 갈색날개매미충 부화 후1~2주 사이에 애벌레(1~2령)가 붙어 있는 나무에 약제를 뿌리는것이 좋음. 2령이 지난 애벌레와 성충은 이동성이 크기 때문에방제 효과가 떨어짐⇒ 발생 정도에 따라 전용 약제를 1주일 간격으로 1~3회 살포*지역별‘공동방제의날’은시도별여건에따라탄력적으로운영< 미국선녀벌레 >
❍ 미국선녀벌레는 연간 1세대 발생하며월동한 알은 5월 중·하순경에 부화하며,약충은 5령을 거쳐 성충이 되며, 성충은7월에서 10월까지 발생함
< 꽃매미 >
❍ 꽃매미는 연간 1세대 발생하고 월동한알은 5월 상·중순경에 부화하며 약충은 5령을 거쳐 성충이 되고성충은 7월에서 11월까지 발생함
약충 성충 집단 사과 어린 가지 산란 피해⇒ 월 동 알 을  제 거 해  주 는  것 이  친 환 경 적 이 며발생을 줄이는 데에 큰 효과가있으므로 봄철에 약충으로 부화하기전 과수원 및 인근 야산의 나무등에 있는 알 덩어리를 제거해주고 약충이 깨어 나오면 등록약제로 반드시 방제⇒ 금년은 지난 겨울과 봄철의 기온이 평년기온보다 약간 높아지난해와 비슷한 수준이고 평년보다 6∼7일 빨라질 것으로 예상* 월동난50%부화시기(예측):경기·강원·충북(5.16),충남·전북·경북(5.16),전남·경남(5.6)⇒ 시설재배지는 측창과 입구에 방충망을 설치하면 꽃매미의 침입과외부로의 확산을 막고, 방제 효과도 증대시킬 수 있음",6호.txt
2025,6,16,2025-06-01,2025-06-15,과수,복숭아 세균구멍병‧잿빛무늬병,예보,복숭아,"❍ 복숭아 세균구멍병은 비바람에 의해 발생이 많아지며, 복숭아 잎․가지․열매에 수침상의 반점이 생긴 후 확대되어 피해가 발생하는데,최근 비가 오고 바람이 많이 불어 발생이 증가할 수 있으므로 철저한예찰과 방제 필요
⇒ 병든 가지는 제거해 주며 발생이 많은 곳은 방풍망․방풍림을설치하고 병 발생 전에 예방위주로 방제
❍ 복숭아 잿빛무늬병은 과실에 피해가 가장 크며 표면에 갈색반점이생기고 점차 확대되어 전체가 부패하고 심한 악취를 발산하며,국지적으로 바람이 많은 지역에서 피해가 예상됨
⇒ 병에 걸린 가지는 조기에 제거하여 소각처리",6호.txt
2025,6,17,2025-06-01,2025-06-15,과수,탄저병,주의보,"단감,복숭아,사과,포도","❍ 사과, 복숭아, 포도, 단감 등에 발생하는 탄저병은 주요 관리 과수병으로병원균은 주로 습기가 많은 기후조건과 25℃ 전후 온도에서 감염이잘 이루어지므로 장마기 이후에 주의가 필요함
❍ 탄저병에 감염된 과실은 초기에 검정색 작은 반점이 껍질에 나타나며,병이 커질수록 과실 표면이 움푹 들어가면서 과실 내부가 갈색으로변하면서 과실 표면에 많은 분생포자가 생겨 주변 건전한 과실을감염. 특히 장마기나 바람이 많이 부는 날씨에는 분생포자들이이동되는 시기이므로 철저한 관리가 필요
⇒ 지난해에 탄저병이 많이 발생했던 농가는 과원 내에 탄저병균이남아 있을 수 있으므로 탄저병균의 밀도를 줄이기 위해 예방적으로적용 살균제를 살포⇒ 또한 탄저병은 습한 환경조건에서 잘 발생하므로 과원 내 통풍이잘 되게 하고 물 빠짐이 잘 되도록 관리",6호.txt
2025,6,18,2025-06-01,2025-06-15,과수,참다래 궤양병,예보,"오리,참다래","❍ 가지, 주간, 신초, 잎, 꽃봉오리, 꽃에 감염되는 병으로서 감염된가지와 주간부에 크고 작은 균열을 유발하며, 이 균열된 부위로부터흘러나오는 적갈색 수액에 의해 쉽게 구분 가능
❍ 병든 조직에서 월동한 병원균이 상처, 기공 및 수공을 통하여 잎으로침입하며 전정 등 농작업 도구를 통해 전염⇒ 궤양병 증상이 관찰되면 다른 나무에 감염되지 않도록 증상이보이는 부위부터 1m정도 안쪽까지 제거해 주고 제거 부위는살균제를 발라 다른 병원균이 침입하지 않도록 조치",6호.txt
2025,6,19,2025-06-01,2025-06-15,과수,복숭아 순나방,예보,복숭아,"❍ 복숭아 관찰포에서 성페로몬 트랩조사 결과전년보다 포획된 마리수는 감소하였음
⇒ 전년에 과실 피해가 많았거나, 성페로몬트랩에 유인이 많이 된 과원은 등록 약제로방제하고, 열매솎기나 봉지씌우기를 할 때피해를 받은 신초나 어린 과실이 발견되면 즉시 제거하여 땅에 묻음",6호.txt
2025,6,20,2025-06-01,2025-06-15,과수,"잎말이나방, 감꼭지나방",예보,"감귤,매실,사과","❍ 감귤, 사과, 배, 매실 등에 발생하는 잎말이나방류는 새로 나오는잎으로 이동해서 잎을 세로로 말고 들어가 갉아먹어 피해를 주며과실의 표면을 핥듯이 가해하여 상품성을 떨어뜨림⇒ 성페로몬 트랩을 주의 깊게 관찰하여 성충 발생 최성기 7∼10일이후 등록 약제 살포
❍ 감꼭지나방은 꽃잎이나 잎을 갉아 먹다가 감꼭지에 유충이 과육을 먹고들어가 낙과를 시키며, 열매꼭지와 과실 사이로 배설물을 배출함
⇒ 성페로몬트랩 예찰 결과를 활용하여 1화기 성충 발생 최성기인 6월상․중순에 등록 약제로 방제1개월 기상전망            (출처 : 국립농업과학원, 기상청)기온은 1주, 3주, 4주는 평년보다 높겠고, 2주는 평년과 비슷하거나 높겠음
강수량은 1주, 4주는 평년과 비슷하겠고, 2주, 3주는 평년과 비슷하거나 많겠음
❍ 1주(6.9~6.15): 고기압의 영향을 주로 받겠으며, 우리나라 남쪽을 지나는저기압의 영향을 받을 때가 있겠음
- 기온은 평년보다 높겠고, 강수량은 평년과 비슷하겠음
❍ 2주(6.16~6.22): 고기압의 영향을 주로 받겠으며, 우리나라 남쪽을 지나는저기압의 영향을 받겠음
- 기온은 평년과 비슷하거나 높겠고, 강수량은 평년과 비슷하거나 많겠음
❍ 3주(6.23~6.29): 우리나라는 아열대 고기압의 가장자리에 위치하여 덥고 습하겠으며,남서쪽에서 다가오는 저기압의 영향을 받겠음
- 기온은 평년보다 높겠고, 강수량은 평년과 비슷하거나 많겠음
❍ 4주(6.30~7.6): 우리나라는 아열대 고기압의 가장자리에 위치하여 덥고 습하겠으며,우리나라 남쪽을 지나는 저기압의 영향을 받을 때가 있겠음
- 기온은 평년보다 높겠고, 강수량은 평년과 비슷하겠음",6호.txt
2025,6,21,2025-06-01,2025-06-15,과수,"잎말이나방, 감꼭지나방",예보,,"농업지대 지역평균기온 강수량1주 2주 3주 4주 1주 2주 3주 4주(6.9~6.15) (6.16~6.22) (6.23~6.29) (6.30~7.6) (6.2~6.8) (6.9~6.15) (6.16~6.22) (6.30~7.6)1.태백고냉 대관령 높 음 비 슷 높 음 높 음 비 슷 비 슷조 금 많 음비 슷2.태백준고냉 인제,홍천,제천 높 음 비 슷 높 음 높 음 비 슷 비 슷조 금 많 음비 슷3.소백산간 충주,보은 높 음조 금 높 음높 음 높 음 비 슷조 금 많 음조 금 많 음비 슷4.노령소백산간 임실 높 음조 금 높 음조 금 높 음높 음 비 슷조 금 많 음조 금 많 음비 슷5.영남내륙산간 추풍령,영주,문경 높 음조 금 높 음높 음 높 음 비 슷조 금 많 음비 슷 비 슷6.중북부내륙 춘천,양평 높 음 비 슷 높 음 높 음 비 슷 비 슷조 금 많 음비 슷7.중부내륙 원주,이천 높 음 비 슷 높 음 높 음 비 슷 비 슷조 금 많 음비 슷8.소백서부내륙 청주,대전,금산 높 음조 금 높 음조 금 높 음높 음 비 슷조 금 많 음조 금 많 음비 슷9.노령동서내륙 정읍,남원,거창,산청 높 음조 금 높 음조 금 높 음높 음 비 슷조 금 많 음조 금 많 음비 슷10.호남내륙 광주,순천,장흥 높 음조 금 높 음조 금 높 음높 음조 금 많 음조 금 많 음조 금 많 음비 슷11.영남분지 대구,의성,구미,영천 높 음조 금 높 음높 음 높 음 비 슷조 금 많 음비 슷 비 슷12.영남내륙 진주,합천,밀양 높 음조 금 높 음높 음 높 음조 금 많 음조 금 많 음비 슷 비 슷13.중서부평야 서 울,인 천,수 원,서 산,강 화,천 안,보 령 높 음 비 슷조 금 높 음높 음 비 슷 비 슷조 금 많 음비 슷14.차령남부평야군산,전주,부여,부안 높 음조 금 높 음조 금 높 음높 음 비 슷조 금 많 음조 금 많 음비 슷15.남서해안 목포,완도,해남,고흥 높 음조 금 높 음조 금 높 음높 음조 금 많 음조 금 많 음조 금 많 음비 슷16.남부해안 부 산,통 영,여 수,거 제,남 해높 음조 금 높 음높 음 높 음조 금 많 음조 금 많 음비 슷 비 슷17.동해안북부 속초,강릉 높 음 비 슷 높 음 높 음 비 슷 비 슷조 금 많 음비 슷18.동해안중부 울진,영덕 높 음조 금 높 음높 음 높 음 비 슷조 금 많 음비 슷 비 슷19.동해안남부 포항,울산 높 음조 금 높 음높 음 높 음조 금 많 음조 금 많 음비 슷 비 슷20.제주 제주,성산,서귀포 높 음조 금 높 음조 금 높 음높 음조 금 많 음조 금 많 음조 금 많 음비 슷평균 높 음조 금 높 음높 음 높 음 비 슷조 금 많 음조 금 많 음비 슷10일(2025.06.02.~06.08.) 예보(기상청, 2025.05.29., 06:00)<기상예보>
❍ (기온) 아침 기온은 14~19℃, 낮 기온은 22~30℃로 평년(최저기온 14~18℃, 최고기온 24~28℃)과 비슷하겠음
❍ (강수) 2일 오후~3일 오전 제주도에 비가 내리겠음
<날씨><최저/최고기온>최근 경과기상과 향후 기상전망<기온><강수량>연도별 평균기온
❍ ‘25년 1월부터 5월 4주차까지의 평균기온은 7.6℃로, 평년(7.4)보다 0.2℃ 높았음
- ’25년 5월 4주차의 평균기온은 17.7℃로, 평년(18.8)보다 1.1℃ 낮았음",6호.txt
2025,6,22,2025-06-01,2025-06-15,과수,"잎말이나방, 감꼭지나방",예보,,"기 간 1월 2월 3월 4월5월 분석기간1.1~5.28 5.22~5.281주(5.1~5.7)2주(5.8~5.14)3주(5.15~5.21)4주(5.22~5.28)평균(℃)편차(℃)평균(℃)편차(℃)2025년 0.4 0.0 7.9 13.2 13.0 16.3 19.9 17.7 7.6 0.2 17.7 -1.12024년 1.4 4.5 7.2 15.1 16.3 16.7 17.9 19.6 9.0 1.6 19.6 0.82023년 0.0 3.0 9.7 13.3 15.8 16.3 19.8 19.1 8.7 1.3 19.1 0.32022년 -0.2 0.4 8.0 13.9 15.6 16.7 18.4 21.0 7.9 0.5 21.0 2.22021년 -0.4 3.9 9.0 13.4 14.1 17.2 17.7 17.6 8.4 1.0 17.6 -1.22020년 3.0 3.8 8.0 10.9 18.4 16.9 16.3 18.1 8.5 1.1 18.1 -0.72019년 0.5 2.6 7.6 12.0 16.0 17.8 19.3 20.7 8.1 0.7 20.7 1.92018년 -1.8 0.0 8.2 13.3 15.7 16.2 19.0 19.1 7.3 -0.1 19.1 0.32017년 0.3 1.8 6.4 13.8 17.9 17.0 18.8 18.9 8.0 0.6 18.9 0.12016년 -0.6 1.9 7.3 13.8 17.4 16.7 18.8 20.1 8.0 0.6 20.1 1.32015년 0.8 2.2 6.8 12.7 16.8 17.7 17.7 20.7 8.0 0.6 20.7 1.910년평균 0.3 2.4 7.8 13.2 16.4 16.9 18.4 19.5 8.2 0.8 19.5 0.7평년 -0.4 1.7 6.5 12.3 16.2 16.4 17.6 18.8 7.4 0.0 18.8 0.0* 10년 평균 : 최근 10년(2015~2024년)동안의 평균기온의 평균** 평년 : 30년(1991～2020년)동안의 평균기온의 평균*** 편차 : 평년의 평균기온에 대한 연도별 평균기온의 차이연도별 강수량
❍ ‘25년 1월부터 5월 4주차까지의 강수량의 합은 280.5㎜로, 평년(322.7)보다
42.2㎜ 적었음(평년대비 86.9%)
- ’25년 5월 4주차의 강수량의 합은 6.9㎜로, 평년(22.1)보다 15.2㎜ 적었음",6호.txt
2025,6,23,2025-06-01,2025-06-15,과수,"잎말이나방, 감꼭지나방",예보,,(평년대비 31.2%)기 간 1월 2월 3월 4월5월 분석기간1.1~5.28 5.22~5.281주(5.1~5.7)2주(5.8~5.14)3주(5.15~5.21)4주(5.22~5.28)합계(㎜)대비(%)합계(㎜)대비(%)2025년 18.3 21.4 50.4 68.9 35.9 32.5 46.3 6.9 280.5 86.9 6.9 31.22024년 36.9 111.4 68.8 87.9 70.2 19.1 15.2 13.1 422.7 131.0 13.1 59.32023년 44.9 20.0 30.5 70.2 118.6 1.8 14.4 27.1 327.3 101.4 27.1 122.62022년 5.0 5.5 89.5 62.7 0.6 2.0 0.4 2.3 168.0 52.1 2.3 10.42021년 25.4 23.4 112.1 77.5 32.1 7.7 69.0 21.1 368.2 114.1 21.1 95.52020년 85.7 62.1 34.4 44.0 15.7 39.7 45.4 4.1 331.1 102.6 4.1 18.62019년 9.7 34.5 42.6 80.8 0.1 0.2 37.1 26.8 231.7 71.8 26.8 121.32018년 25.5 36.6 116.2 140.3 51.1 23.5 33.8 22.9 449.8 139.4 22.9 103.62017년 18.6 36.0 26.1 72.8 4.6 19.0 0.5 5.1 182.6 56.6 5.1 23.12016년 32.9 50.6 62.8 163.2 40.2 22.5 17.4 22.3 411.8 127.6 22.3 100.92015년 31.9 31.0 47.8 135.6 18.4 40.5 7.8 0.1 313.0 97.0 0.1 0.510년평균 31.7 41.1 63.1 93.5 35.2 17.6 24.1 14.5 320.6 99.3 14.5 65.6평년 30.6 37.5 63.0 90.7 25.1 29.8 23.9 22.1 322.7 100.0 22.1 100.0* 10년 평균 : 최근 10년(2015~2024년)동안의 강수량의 평균** 평년 : 30년(1991～2020년)동안의 강수량의 평균리플릿 열대거세미나방 조기예찰 및 신속방제리플릿 멸강나방 조기예찰 및 신속방제,6호.txt
2025,7,1,2025-06-16,2025-06-30,식량작물,열대거세미나방,주의보,"벼,수수,옥수수","❍ 열대거세미나방은 아메리카 대륙의 열대·아열대 지역이 원산으로아프리카(‘16), 동남아(’18), 중국(‘19.1), 한국(’19.6), 등으로 확산
❍ 유충 시기에 식물의 잎과 줄기를 가해하여 피해를 발생시키며 기주식물은 80여 작물(옥수수, 수수, 벼 등)로 알려져 있음
❍ 제주 및 남부지방 조기 재배 옥수수에 피해 발생 예상*산란(4월하순) →알에서유충부화(5월초·중순) →6령유충경과(피해발생)*’24년대비약10일정도늦게국내비래확인(제주,한림/’25.4.21.)*연도별 발생: (’22) 76/1.8 → (’23) 87/4.4 → (’24) 478개체/2.1ha⇒ 약제 방제는 발생 초기에 품목별로 등록된 약제를 살포하도록 함
< 열대거세미나방 형태 및 피해 ><성충 (사진 출처: Goergen 등), 유충(사진 출처: FAO)>",7호.txt
2025,7,2,2025-06-16,2025-06-30,식량작물,멸강나방,주의보,"벼,옥수수","❍ 멸강나방은 중국에서 날아와서 피해를 주는 비래해충으로 목초, 옥수수등에 발생하고 보통 사료 작물과 벼에 피해를 줌⇒ 올해는 4월 초 처음 비래가 확인되었으며 목초지나 옥수수 포장 등기주식물 재배지역에 어린 벌레가 발견되면 등록 약제로 발생초기에 방제멸강나방 유충(좌)과 피해(우) 사진",7호.txt
2025,7,3,2025-06-16,2025-06-30,식량작물,잎도열병,예보,,"❍ 잎도열병은 지속되는 비와 흐린 날씨로 기온이낮아지고 습한 날이 계속되면 잘 발생함
❍ 6월부터 많은 비가 예보되어 있어 병이 발생하기쉬운 조건이 조성될 수 있으므로 지속적인 관찰로발병 초기에 방제하는 것이 중요함",7호.txt
2025,7,4,2025-06-16,2025-06-30,식량작물,애멸구(벼줄무늬잎마름병 매개),예보,벼,"❍ 애멸구는 벼줄무늬잎마름병을 옮기는 해충으로 최근 월동밀도가낮은 편이지만, 중국에서 대량으로 날아올 경우 피해가 우려되며철저한 사전방제가 필요함
⇒ 서해안 애멸구 비래지역 등 발생 우려지역은 저항성 품종(조평, 주남조생,대보, 알찬미, 삼광, 화영, 새일미, 새누리, 호품, 신동진 등)을 선택하고 맥류포장 주변에서 육묘 시 방충망을 씌워 애멸구 유입 차단⇒ 모내기 하는 날 벼물바구미, 벼잎벌레, 굴파리류 등과 동시 방제가가능한 살충제(입제) 살포",7호.txt
2025,7,5,2025-06-16,2025-06-30,식량작물,조명나방,예보,옥수수,"❍ 조명나방은 옥수수에서 발생하는 해충으로 유충이 잎과 이삭을 갉아먹거나 줄기 속으로 파고들어가 피해를 줌⇒ 조명나방 1화기 성충이 최대로 발생한 날(6월 상순경)부터7~10일 후 혹은 옥수수 줄기가 형성되기 전에 잎이 전부 전개되지 않은 시기인 8~9엽기에 방제하는 것이 효율적임
⇒ 애벌레가 옥수수 줄기 속으로 파고 들어가면 약제 방제가 어려움알덩어리 유충(애벌레) 번데기 성충잎 가해 줄기가해 열매가해",7호.txt
2025,7,6,2025-06-16,2025-06-30,식량작물,벼물바구미 등,예보,벼,"❍ 벼물바구미는 벼 잎과 뿌리를 갉아먹고 벼잎벌레와 굴파리류는벼 잎이나 줄기 속을 갉아 먹어 피해를 주는 해충으로 해마다 발생함
❍ 이앙시기와 월동 세대 성충의 본답 이동시기가 일치할 때 피해가 심함
⇒ 벼물바구미, 벼물가파리, 깔따구, 도열병 등 해충과 병을 동시에방제할 수 있는 약제를 선택하여 모내기 당일 육묘상자에 입제를뿌려 방제하고, 육묘상자에 약제처리를 못한 경우는 모낸 후 10∼15일사이에 등록 약제를 선택하여 방제애벌레 번데기 성충",7호.txt
2025,7,7,2025-06-16,2025-06-30,채소,씨스트선충류,주의보,배추,"❍ 여름철 고랭지배추 정식이 시작되어, 씨스트선충류에 의한 농작물피해가 증가할 것으로 예상됨
- 씨스트선충류는 십자화과 작물의 뿌리에 기생하는데, 작물의 수분 및영양분의 흡수를 저해하는 등 생육을 방해하여 배추의 경우 크기가작고 결구가 되지 않는 피해 증가⇒ 발생포장에 훈증성 약제 처리 후 비닐피복 또는 답압하고, 4주후피복을 제거하여 가스를 휘산시켜 약해를 방지해야 함
⇒ 씨스트선충류가 배추 뿌리를 가해하지 않도록 배추 정식 전에비훈증성 약제를 처리하고 로터리 작업 실시⇒ 배추 수확 후 포장 내 씨스트선충류 밀도를 낮추기 위해 녹비작물(백겨자, 기름무 등)을 재배하여, 꽃이 피기 전 또는 과실이달리기 전에 토양 환원 작업 실시(6∼8주 소요)",7호.txt
2025,7,8,2025-06-16,2025-06-30,채소,역병·탄저병(고추),주의보,고추,"❍ 역병은 비가 내린 후 다습한 환경조건에서 발생이 증가하며 토양에있는 병원균이 물을 통하여 전염되는 병으로 일단 발병하면 급속하게 번지고 방제 효과가 낮음
⇒ 병 발생이 많았던 곳은 두둑을 높여 준 후 배수로를 정비하고병든 포기 발견 즉시 제거하여 전염원을 제거하고 비오기 전후등록 약제를 주기적으로 살포
❍ 고추 탄저병은 지난해 버려진 병든 잔재물이 가장 중요한 1차전염원이고, 온·습도가 높은 장마철 비가 잦은 환경에서 감염위험이 높음
⇒ 병든 과실을 그냥 두거나 이랑사이에 버리면 방제효과는 50%이상 감소하므로 병든 과실은 발견 즉시 매립 또는 소각하는것이 효과적이며, 재식거리를 넓히고 두둑을 높게 하고 물 빠짐을좋게 하여 발병에 좋은 환경을 차단함
⇒ 국가농작물병해충관리시스템(http://ncpms.rda.go.kr)에서 고추역병과 탄저병 최초 감염위험시기를 알려주는 문자서비스를활용하여 병징이 없더라도 감염 시기 알림 후 3일 이내에 예방적으로침투이행성 약제 처리",7호.txt
2025,7,9,2025-06-16,2025-06-30,채소,흰가루병(오이 등),예보,오이,"❍ 하우스 등 시설재배지에서 흔히 발생되며 일조가 부족하고 밤낮의온도 차이가 심하면서 건조한 경우에 병 발생이 증가함.
⇒ 병든 식물은 속히 제거하고 질소가 과용되지 않도록 균형시비를하면서 병 발생 초기에 등록약제로 방제⇒ 흰가루병 포자는 일출 후부터 오전 10시경 까지 포자 비산이가장 많이 이루어지므로 약제 살포는 10시 이전에 하는 것이효과적이고, 같은 계통의 약제 연용 시 약제저항성균이 쉽게생겨 방제효과가 떨어지게 되므로 반드시 다른 계통의 약제를번갈아 가며 살포",7호.txt
2025,7,10,2025-06-16,2025-06-30,채소,"총채벌레류, 가루이류, 진딧물류",예보,"방울토마토,오이,파프리카","❍ ‘25년 1월~5월 말까지 기온은 7.6℃로 평년(7.4)보다 025℃ 높았고시설재배 작물에서 꽃노랑총채벌레, 온실가루이, 담배가루이 등이관리가 소홀한 포장에서 온도가 올라가면 밀도가 높아질 수 있어 주의가필요함
❍ 시설재배에서 발생하는 해충은 대부분 크기가 작고 연중 발생하고있으나, 발생초기에 예찰이 어려워 피해를 입는 경우가 많음. 특히 이해충들은 식물체에 직접적인 피해를 줄 뿐만 아니라 그을음병을유발하거나 바이러스병을 전염시켜 작물에 피해를 줌⇒ 끈끈이트랩 등을 활용하여 주의 깊게 예찰하고 발견 즉시 계통이다른 등록 약제를 바꾸어가며 방제
❍ 꽃노랑총채벌레 등 총채벌레류가 오이, 파프리카 등에서 발생 초기에방제가 이루어지지 않으면 확산 및 피해가 예상⇒ 황색 끈끈이트랩이나 타락법(꽃과 잎을 두드려서 흰색 종이 위에떨어진 벌레를 조사) 등으로 예찰하고, 발생포장은 초기에 방제⇒ 꽃노랑총채벌레의 번데기 방제용으로 아큐레이퍼응애를 토양에투입하고, 지상부 유충과 성충 방제용으로는 유럽애꽃노린재,지중해이리응애 등 천적을 활용하면 효과적으로 방제가 가능함
❍ (가루이류, 진딧물류) 온실가루이와 담배가루이는 토마토와 같은 가지과작물에서, 진딧물은 엽채류와 과채류에서 주로 발생하며 식물의즙액을 빨아먹는 직접적인 피해뿐만 아니라 그을음병과 바이러스병등을 유발하여 상품성을 떨어뜨림⇒ 크기가 작아 육안으로 관찰하기 힘들고 일단 발생하면 방제가어려우므로 외부 유입통로에 방충망을 설치하는 등 시설 안으로들어오지 못하도록 막고, 끈끈이트랩을 매달아 주의 깊게 살펴봄⇒ 예방적 조치로 해충에 따라 천적을 투입하여 방제하고 국부적으로해충이 집중 발생했을 경우 작물별 등록 약제로 방제",7호.txt
2025,7,11,2025-06-16,2025-06-30,채소,토마토뿔나방,주의보,방울토마토,"❍ 여름철 기온 상승으로 토마토뿔나방 개체 수가 급증함에 따라 시설토마토 피해가 우려되어 철저한 방제 필요
- 토마토뿔나방은 유충이 주로 토마토 잎에 구멍을 뚫고 들어가 내부조직을넓게 갉아 먹으며 과실 속으로도 파고 들어가 피해를 입힘⇒ 발생포장 전체에 등록 농약을 약액이 작물에 충분히 묻을 수있도록 살포하고, 2회 이상 약제살포 시 작용기작이 다른 약제를교호 살포할 것을 권장함, 친환경 재배농가의 경우 교미교란제를정식 초기에 설치하고 유기농업자재를 충분히 살포해야 함",7호.txt
2025,7,12,2025-06-16,2025-06-30,채소,"덩굴마름병(수박, 참외)",예보,"수박,참외","❍ 수박 덩굴마름병은 감염된 묘를 정식하거나 비가 많이 오는 경우발생하는 병으로 생육후기에 초세가 약해질 무렵부터 잎이나 줄기가집중적으로 말라 죽음
⇒ 약제 방제만으로는 효과적인 방제가 어려우므로 과습을 방지하고 생육을 강건하게 유지시킴",7호.txt
2025,7,13,2025-06-16,2025-06-30,채소,토마토반점위조바이러스(TSWV),예보,"고추,방울토마토,파프리카","❍ 총채벌레가 즙액을 흡즙하면서 바이러스를 전염시키는 병으로 고추,토마토, 파프리카 등 특히 전년도 발생이 많았던 가지과 시설재배지에서 꾸준히 발생하고 있으며, 방제시기르 놓쳐 총체벌레의 밀도가높아지면 피해가 커지기 때문에 초기 방제로 병발생을 예방하는것이 중요
⇒ 방충망을 이용하여 시설 안으로 들어오는 총채벌레를 막고 발생초기 천적이나 등록약제로 방제⇒ 병에 걸린 식물은 발견 즉시 제거하여 병이 확산 되는 것을 예방",7호.txt
2025,7,14,2025-06-16,2025-06-30,채소,토마토황화잎말림바이러스(TYLCV),예보,방울토마토,❍ 가지과 작물에서 담배가루이가 병을 매개하고 감염된 묘를 통해확산될 수 있으므로 육묘 단계부터 정식 초기에 예찰을 강화하여감염여부를 판단하고 정식 후에는 잎 뒷면과 포장 주위를 살펴보아담배가루이를 철저히 방제⇒ 방충망을 설치하여 담배가루이의 침입을 막고 발생 시 담배가루이의기주식물이 되는 잡초와 병이 걸린 식물은 뽑아서 제거,7호.txt
2025,7,15,2025-06-16,2025-06-30,과수,과수화상병,경보,사과,"❍ (과수화상병) 세균에 의해 사과, 배나무의 꽃, 잎, 열매, 가지가불에 탓 것과 같이 검게 변하고 서서히 말라죽게 되는데 전염성이높아 사전예방을 위한 사전방제와 과원 및 농자재 관리가 필수⇒ 한번 걸리면 방제가 불가능하기 때문에 예방을 위하여 과수원을청결하게 관리하고 농작업을 하는 사람의 과수원 출입 시 사람과작업도구 등을 수시로 소독⇒ 의심증상 발견 시에는 전국 대표전화(1833-8572) 또는 가까운농업기술센터 ·농업기술원에 즉시 신고
❍ (과수가지검은마름병) 과수화상병과 증상이 비슷하여 육안으로는구분이 불가하며, 발생 시기와 전파경로, 피해증상이 유사함",7호.txt
2025,7,16,2025-06-16,2025-06-30,과수,"갈색날개매미충, 미국선녀벌레, 꽃매미",주의보,사과,"< 갈색날개매미충 >
❍ 5월 초·중순에 부화하여 약충이 되고, 7월 이후 성충으로 우화* 5월 중·하순 알 부화 → 약충(1∼4령,70일) → 성충(3개월)⇒ 갈색날개매미충을 효과적으로 방제하려면 갈색날개매미충 부화 후1~2주 사이에 애벌레(1~2령)가 붙어 있는 나무에 약제를 뿌리는것이 좋음. 2령이 지난 애벌레와 성충은 이동성이 크기 때문에방제 효과가 떨어짐⇒ 발생 정도에 따라 전용 약제를 1주일 간격으로 1~3회 살포*지역별‘공동방제의날’은시도별여건에따라탄력적으로운영< 미국선녀벌레 >
❍ 미국선녀벌레는 연간 1세대 발생하며월동한 알은 5월 중·하순경에 부화하며,약충은 5령을 거쳐 성충이 되며, 성충은7월에서 10월까지 발생함
< 꽃매미 >
❍ 꽃매미는 연간 1세대 발생하고 월동한알은 5월 상·중순경에 부화하며 약충은 5령을 거쳐 성충이 되고성충은 7월에서 11월까지 발생함
약충 성충 집단 사과 어린 가지 산란 피해⇒ 월 동 알 을  제 거 해  주 는  것 이  친 환 경 적 이 며발생을 줄이는 데에 큰 효과가있으므로 봄철에 약충으로 부화하기전 과수원 및 인근 야산의 나무등에 있는 알 덩어리를 제거해주고 약충이 깨어 나오면 등록약제로 반드시 방제⇒ 시설재배지는 측창과 입구에 방충망을 설치하면 꽃매미의 침입과외부로의 확산을 막고, 방제 효과도 증대시킬 수 있음",7호.txt
2025,7,17,2025-06-16,2025-06-30,과수,복숭아 세균구멍병‧잿빛무늬병,예보,복숭아,"❍ 복숭아 세균구멍병은 비바람에 의해 발생이 많아지며, 복숭아 잎․가지․열매에 수침상의 반점이 생긴 후 확대되어 피해가 발생하는데,최근 비가 오고 바람이 많이 불어 발생이 증가할 수 있으므로 철저한예찰과 방제 필요
⇒ 병든 가지는 제거해 주며 발생이 많은 곳은 방풍망․방풍림을설치하고 병 발생 전에 예방위주로 방제
❍ 복숭아 잿빛무늬병은 과실에 피해가 가장 크며 표면에 갈색반점이생기고 점차 확대되어 전체가 부패하고 심한 악취를 발산하며,국지적으로 바람이 많은 지역에서 피해가 예상됨
⇒ 병에 걸린 가지는 조기에 제거하여 소각처리",7호.txt
2025,7,18,2025-06-16,2025-06-30,과수,탄저병,주의보,"단감,복숭아,사과,포도","❍ 사과, 복숭아, 포도, 단감 등에 발생하는 탄저병은 주요 관리 과수병으로병원균은 주로 습기가 많은 기후조건과 25℃ 전후 온도에서 감염이잘 이루어지므로 장마기 이후에 주의가 필요함
❍ 탄저병에 감염된 과실은 초기에 검정색 작은 반점이 껍질에 나타나며,병이 커질수록 과실 표면이 움푹 들어가면서 과실 내부가 갈색으로변하면서 과실 표면에 많은 분생포자가 생겨 주변 건전한 과실을감염. 특히 장마기나 바람이 많이 부는 날씨에는 분생포자들이이동되는 시기이므로 철저한 관리가 필요
⇒ 지난해에 탄저병이 많이 발생했던 농가는 과원 내에 탄저병균이남아 있을 수 있으므로 탄저병균의 밀도를 줄이기 위해 예방적으로적용 살균제를 살포⇒ 또한 탄저병은 습한 환경조건에서 잘 발생하므로 과원 내 통풍이잘 되게 하고 물 빠짐이 잘 되도록 관리",7호.txt
2025,7,19,2025-06-16,2025-06-30,과수,참다래 궤양병,예보,"오리,참다래","❍ 가지, 주간, 신초, 잎, 꽃봉오리, 꽃에 감염되는 병으로서 감염된가지와 주간부에 크고 작은 균열을 유발하며, 이 균열된 부위로부터흘러나오는 적갈색 수액에 의해 쉽게 구분 가능
❍ 병든 조직에서 월동한 병원균이 상처, 기공 및 수공을 통하여 잎으로침입하며 전정 등 농작업 도구를 통해 전염⇒ 궤양병 증상이 관찰되면 다른 나무에 감염되지 않도록 증상이보이는 부위부터 1m정도 안쪽까지 제거해 주고 제거 부위는살균제를 발라 다른 병원균이 침입하지 않도록 조치",7호.txt
2025,7,20,2025-06-16,2025-06-30,과수,복숭아 순나방,예보,복숭아,"❍ 복숭아 관찰포에서 성페로몬 트랩조사 결과전년보다 포획된 마리수는 감소하였음
⇒ 전년에 과실 피해가 많았거나, 성페로몬트랩에 유인이 많이 된 과원은 등록 약제로방제하고, 열매솎기나 봉지씌우기를 할 때피해를 받은 신초나 어린 과실이 발견되면 즉시 제거하여 땅에 묻음",7호.txt
2025,7,21,2025-06-16,2025-06-30,과수,"잎말이나방, 감꼭지나방",예보,"감귤,매실,사과","❍ 감귤, 사과, 배, 매실 등에 발생하는 잎말이나방류는 새로 나오는잎으로 이동해서 잎을 세로로 말고 들어가 갉아먹어 피해를 주며과실의 표면을 핥듯이 가해하여 상품성을 떨어뜨림⇒ 성페로몬 트랩을 주의 깊게 관찰하여 성충 발생 최성기 7∼10일이후 등록 약제 살포
❍ 감꼭지나방은 꽃잎이나 잎을 갉아 먹다가 감꼭지에 유충이 과육을 먹고들어가 낙과를 시키며, 열매꼭지와 과실 사이로 배설물을 배출함
⇒ 성페로몬트랩 예찰 결과를 활용하여 1화기 성충 발생 최성기인 6월상․중순에 등록 약제로 방제1개월 기상전망            (출처 : 국립농업과학원, 기상청)기온은 1주, 2주, 3주, 4주는 평년보다 높겠음
강수량은 1주는 평년보다 많겠고, 2주, 3주, 4주는 평년과 비슷하겠음
❍ 1주(6.23~6.29): 우리나라는 아열대 고기압의 가장자리에 위치하여 덥고습하겠으며, 남서쪽에서 다가오는 저기압의 영향을 받겠음
- 기온은 평년보다 높겠고, 강수량은 평년보다 많겠음
❍ 2주(6.30~7.6): 우리나라는 아열대 고기압의 가장자리에 위치하여 덥고 습하겠으며,우리나라 북쪽을 지나는 저기압의 영향을 받겠음
- 기온은 평년보다 높겠고, 강수량은 평년과 비슷하겠음
❍ 3주(7.7~7.13): 우리나라는 아열대 고기압의 가장자리에 위치하여 덥고 습하겠으며,대기불안정에 의해 비가 내릴 때가 있겠음
- 기온은 평년보다 높겠고, 강수량은 평년과 비슷하겠음
❍ 4주(7.14~7.20):우리나라는 아열대 고기압의 가장자리에 위치하여 덥고 습하겠으며, 대기불안정에 의해 비가 내릴 때가 있겠음
- 기온은 평년보다 높겠고, 강수량은 평년과 비슷하겠음
농업지대 지역 평균기온 강수량1주 2주 3주 4주 1주 2주 3주 4주(6.23~6.29) (6.30~7.6) (7.7~7.13) (7.14~7.20) (6.23~6.29) (6.30~7.6) (7.7~7.13) (7.14~7.20)1.태백고냉 대관령 조 금 높 음조 금 높 음높 음 높 음 많 음조 금 많 음비 슷 비 슷2.태백준고냉 인제,홍천,제천 조 금 높 음조 금 높 음높 음 높 음 많 음조 금 많 음비 슷 비 슷3.소백산간 충주,보은 조 금 높 음높 음 높 음 높 음 많 음 비 슷 비 슷 비 슷4.노령소백산간 임실 높 음 높 음 높 음 높 음 많 음 비 슷 비 슷 비 슷5.영남내륙산간 추풍령,영주,문경 높 음 높 음 높 음 높 음조 금 많 음비 슷 비 슷 비 슷6.중북부내륙 춘천,양평 조 금 높 음조 금 높 음높 음 높 음 많 음조 금 많 음비 슷 비 슷7.중부내륙 원주,이천 조 금 높 음조 금 높 음높 음 높 음 많 음조 금 많 음비 슷 비 슷8.소백서부내륙 청주,대전,금산 조 금 높 음높 음 높 음 높 음 많 음 비 슷 비 슷 비 슷9.노령동서내륙 정읍,남원,거창,산청 높 음 높 음 높 음 높 음 많 음 비 슷 비 슷 비 슷10.호남내륙 광주,순천,장흥 높 음 높 음 높 음 높 음조 금 많 음비 슷조 금 적 음조 금 적 음
11.영남분지 대구,의성,구미,영천 높 음 높 음 높 음 높 음조 금 많 음비 슷 비 슷 비 슷12.영남내륙 진주,합천,밀양 높 음 높 음 높 음 높 음조 금 많 음비 슷조 금 적 음조 금 적 음
13.중서부평야 서 울,인 천,수 원,서 산,강 화,천안,보령 조 금 높 음조 금 높 음높 음 높 음 많 음조 금 많 음비 슷 비 슷14.차령남부평야군산,전주,부여,부안 높 음 높 음 높 음 높 음 많 음 비 슷 비 슷 비 슷15.남서해안 목포,완도,해남,고흥 높 음 높 음 높 음 높 음조 금 많 음비 슷조 금 적 음조 금 적 음
16.남부해안 부 산,통 영,여 수,거 제,남 해높 음 높 음 높 음 높 음조 금 많 음비 슷조 금 적 음조 금 적 음
17.동해안북부 속초,강릉 높 음 높 음 높 음 높 음조 금 많 음비 슷 비 슷 비 슷18.동해안중부 울진,영덕 높 음 높 음 높 음 높 음조 금 많 음비 슷 비 슷 비 슷19.동해안남부 포항,울산 높 음 높 음 높 음 높 음조 금 많 음비 슷조 금 적 음조 금 적 음",7호.txt
2025,7,22,2025-06-16,2025-06-30,과수,"잎말이나방, 감꼭지나방",예보,,"20.제주 제주,성산,서귀포 높 음 높 음 높 음 높 음조 금 많 음비 슷조 금 적 음조 금 적 음
평균 높음 높음 높음 높음 많음 비슷 비슷 비슷10일(2025.06.16.~06.22.) 예보(기상청, 2025.06.12., 06:00)<기상예보>
❍ (기온) 아침 기온은 19~23℃, 낮 기온은 24~32℃로 평년(최저기온 17~20℃,최고기온 25~29℃)과 비슷하거나 높겠음
❍ (강수) 16일 오전 전국에, 20일은 제주도에 비가 내리겠음
<날씨><최저/최고기온>1개월(2025.06.23.~07.20.) 전망(기상청, 2025.06.12., 11:00)<기온><강수량>연도별 평균기온
❍ ‘25년 1월부터 6월 2주차까지의 평균기온은 8.7℃로, 평년(8.5)보다 0.2℃높았음
- ’25년 6월 2주차의 평균기온은 22.5℃로, 평년(20.8)보다 1.7℃ 높았음
기 간 1월 2월 3월 4월 5월6월 분석기간1.1~6.11 6.5~6.111주(5.29~6.4)2주(6.5~6.11)평균(℃)편차(℃)평균(℃)편차(℃)2025년 0.4 0.0 7.9 13.2 16.9 19.3 22.5 8.7 0.2 22.5 1.72024년 1.4 4.5 7.2 15.1 17.8 19.6 21.7 10.0 1.5 21.7 0.92023년 0.0 3.0 9.7 13.3 18.0 20.8 21.5 9.7 1.2 21.5 0.72022년 -0.2 0.4 8.0 13.9 18.2 21.3 19.1 9.0 0.5 19.1 -1.72021년 -0.4 3.9 9.0 13.4 16.9 19.5 22.2 9.5 1.0 22.2 1.42020년 3.0 3.8 8.0 10.9 17.7 20.8 23.6 9.7 1.2 23.6 2.82019년 0.5 2.6 7.6 12.0 18.5 20.3 19.9 9.1 0.6 19.9 -0.92018년 -1.8 0.0 8.2 13.3 17.8 21.5 21.1 8.5 0.0 21.1 0.32017년 0.3 1.8 6.4 13.8 18.6 20.9 20.0 9.0 0.5 20.0 -0.82016년 -0.6 1.9 7.3 13.8 18.5 20.6 21.5 9.1 0.6 21.5 0.72015년 0.8 2.2 6.8 12.7 18.5 21.1 20.4 9.1 0.6 20.4 -0.410년평균 0.3 2.4 7.8 13.2 18.1 20.6 21.1 9.3 0.8 21.1 0.3평 년 -0.4 1.7 6.5 12.3 17.5 19.7 20.8 8.5 0.0 20.8 0.0* 10년 평균 : 최근 10년(2015~2024년)동안의 평균기온의 평균** 평년 : 30년(1991～2020년)동안의 평균기온의 평균*** 편차 : 평년의 평균기온에 대한 연도별 평균기온의 차이연도별 강수량
❍ ‘25년 1월부터 6월 2주차까지의 강수량의 합은 286.8㎜로, 평년(358.6)보다
71.8㎜ 적었음(평년대비 80.0%)
- ’25년 6월 2주차의 강수량의 합은 0.1㎜로, 평년(18.3)보다 18.2㎜ 적었음",7호.txt
2025,7,23,2025-06-16,2025-06-30,과수,"잎말이나방, 감꼭지나방",예보,,(평년대비 0.5%)기 간 1월 2월 3월 4월 5월6월 분석기간1.1~6.11 6.5~6.111주(5.29~6.4)2주(6.5~6.11)합계(㎜)대비(%)합계(㎜)대비(%)2025년 18.3 21.4 50.4 68.9 124.2 6.2 0.1 286.8 80.0 0.1 0.52024년 36.9 111.4 68.8 87.9 118.4 1.4 16.1 440.2 122.8 16.1 88.02023년 44.9 20.0 30.5 70.2 207.2 53.4 12.2 393.0 109.6 12.2 66.72022년 5.0 5.5 89.5 62.7 6.3 1.0 39.6 208.6 58.2 39.6 216.42021년 25.4 23.4 112.1 77.5 138.9 31.1 31.4 430.7 120.1 31.4 171.62020년 85.7 62.1 34.4 44.0 107.4 3.7 23.5 358.3 99.9 23.5 128.42019년 9.7 34.5 42.6 80.8 65.0 0.9 53.2 285.7 79.7 53.2 290.72018년 25.5 36.6 116.2 140.3 135.2 4.0 15.0 468.7 130.7 15.0 82.02017년 18.6 36.0 26.1 72.8 31.0 5.0 20.2 207.8 57.9 20.2 110.42016년 32.9 50.6 62.8 163.2 103.4 5.8 3.9 421.5 117.5 3.9 21.32015년 31.9 31.0 47.8 135.6 70.1 5.4 6.7 325.1 90.7 6.7 36.610년평균 31.7 41.1 63.1 93.5 98.3 11.2 22.2 354.0 98.7 22.2 121.3평 년 30.6 37.5 63.0 90.7 108.0 17.7 18.3 358.6 100.0 18.3 100.0* 10년 평균 : 최근 10년(2015~2024년)동안의 강수량의 평균** 평년 : 30년(1991～2020년)동안의 강수량의 평균*** 대비 : 평년의 강수량에 대한 연도별 강수량의 비율,7호.txt
2025,8,1,2025-07-01,2025-07-15,식량작물,열대거세미나방,주의보,"벼,수수,옥수수","❍ 열대거세미나방은 아메리카 대륙의 열대·아열대 지역이 원산으로아프리카(‘16), 동남아(’18), 중국(‘19.1), 한국(’19.6), 등으로 확산
❍ 유충 시기에 식물의 잎과 줄기를 가해하여 피해를 발생시키며 기주식물은 80여 작물(옥수수, 수수, 벼 등)로 알려져 있음
❍ 제주 및 남부지방 조기 재배 옥수수에 피해 발생 예상*산란(4월하순) →알에서유충부화(5월초·중순) →6령유충경과(피해발생)*’24년대비약10일정도늦게국내비래확인(제주,한림/’25.4.21.)*연도별 발생: (’22) 76/1.8 → (’23) 87/4.4 → (’24) 478개체/2.1ha⇒ 약제 방제는 발생 초기에 품목별로 등록된 약제를 살포하도록 함
< 열대거세미나방 형태 및 피해 ><성충 (사진 출처: Goergen 등), 유충(사진 출처: FAO)>",8호.txt
2025,8,2,2025-07-01,2025-07-15,식량작물,멸강나방,주의보,"벼,옥수수","❍ 멸강나방은 중국에서 날아와서 피해를 주는 비래해충으로 목초, 옥수수등에 발생하고 보통 사료 작물과 벼에 피해를 줌⇒ 올해는 4월 초 처음 비래가 확인되었으며 목초지나 옥수수 포장 등기주식물 재배지역에 어린 벌레가 발견되면 등록 약제로 발생초기에 방제멸강나방 유충(좌)과 피해(우) 사진",8호.txt
2025,8,3,2025-07-01,2025-07-15,식량작물,감자역병(고랭지 씨감자),예보,감자,"❍ 감자역병(Phytophthora infestans)은 서늘한 온도(10∼24도)와 다습한(상대습도 90% 이상) 조건에서 발생함. 대관령 등 주요 씨감자 재배지의최근 기상 조건을 고려할 때, 장마가 기간(6월 하순~) 이후 감자역병의발생 우려가 높음
❍ 감자역병은 감자의 생육 후기까지 환경조건만 맞으면 언제든지발생할 수 있고, 비가 올 때 병원균이 병든 잎에서 씻겨 내려가 얕게묻힌 덩이줄기를 감염시켜 수확 전후 또는 저장 중에 부패를 일으킴
❍ 감자역병 보호용 살균제를 살포하여 역병 발생을 예방하고, 예방시기를 놓쳐 역병이 발생하였다면 치료용 살균제를 살포
❍ 역병에 의한 덩이줄기 피해를 최소화하기 위해서는 흙을 충분히덮어 덩이줄기가 나오지 않도록 하고, 지속적인 비 예보가 있으면줄기와 잎이 살아 있는 동안에는 살균제를 처리",8호.txt
2025,8,4,2025-07-01,2025-07-15,식량작물,잎도열병,예보,,"❍ 잎도열병은 지속되는 비와 흐린 날씨로 기온이낮아지고 습한 날이 계속되면 잘 발생함
❍ 6월부터 많은 비가 예보되어 있어 병이 발생하기쉬운 조건이 조성될 수 있으므로 지속적인 관찰로발병 초기에 방제하는 것이 중요함",8호.txt
2025,8,5,2025-07-01,2025-07-15,식량작물,먹노린재,예보,벼,"❍ 먹노린재는 7∼8월에 약충과 성충이 벼 줄기에 구침을 박고 흡즙하여심하면 수확량에 큰 영향을 줌, 주로 논 가장자리에 피해증상이많이 나타나는데 생육초기에 심하게 피해를 받으면 초장이 짧아지고이삭이 나오지 않을 수 있음
⇒ 방제적기는 성충의 이동 최성기인 6월 하순∼7월 상순으로 주변논두렁이나 배수로 등 서식처가 될 만한 곳까지 약제를 살포하면방제효과를 높일 수 있음",8호.txt
2025,8,6,2025-07-01,2025-07-15,식량작물,"벼물바구미, 벼잎벌레, 굴파리 등",예보,벼,"❍ 벼물바구미는 벼 잎과 뿌리를 갉아먹고 벼잎벌레와 굴파리류는벼 잎이나 줄기 속을 갉아 먹어 피해를 주는 해충으로 해마다 발생함
❍ 이앙시기와 월동 세대 성충의 본답 이동시기가 일치할 때 피해가 심함
⇒ 벼물바구미, 벼물가파리, 깔따구, 도열병 등 해충과 병을 동시에방제할 수 있는 약제를 선택하여 모내기 당일 육묘상자에 입제를뿌려 방제하고, 육묘상자에 약제처리를 못한 경우는 모낸 후 10∼15일사이에 등록 약제를 선택하여 방제애벌레 번데기 성충",8호.txt
2025,8,7,2025-07-01,2025-07-15,식량작물,"벼멸구, 흰등멸구, 혹명나방",예보,벼,"❍ 벼멸구․흰등멸구는 중국 남부지방과 동남아사아에서 6~7월 남서풍을 타고비래하는 해충으로 장마철 비래에 적합한 기류가 형성될 경우 국내로 비래함
⇒ 비래해충은 초기방제가 중요하므로 볏대 아래쪽을 잘 살펴보아발생이 많으면 적용약제로 방제
❍ 혹명나방은 6월 하순에서 7월 상순에 논을 살펴보아 포장에 피해잎이 1~2개정도 보일 때 방제를 실시해야 함
⇒ 막대기로 벼 포기를 쳐서 나방이 나는 모습을 보거나 유충 피해인벼 잎이 세로로 말리는 증상이 보이면 방제",8호.txt
2025,8,8,2025-07-01,2025-07-15,식량작물,애멸구(줄무늬잎마름병 매개),예보,벼,"❍ 애멸구는 벼줄무늬잎마름병을 옮기는 해충으로 최근 월동밀도가낮은 편이지만, 중국에서 대량으로 날아올 경우 피해가 우려되며철저한 사전방제가 필요함
⇒ 서해안 애멸구 비래지역 등 발생 우려지역은 저항성 품종(조평,대보, 알찬미, 삼광, 새일미, 새누리, 호품, 신동진 등)을 선택하고 맥류포장 주변에서 육묘 시 방충망을 씌워 애멸구 유입 차단⇒ 모내기 하는 날 벼물바구미, 벼잎벌레, 굴파리류 등과 동시 방제가가능한 살충제(입제) 살포",8호.txt
2025,8,9,2025-07-01,2025-07-15,채소,"담배나방(고추 등), 파밤나방(고추, 콩 등)",주의보,고추,"❍ 담배나방은 고추에 해마다 발생하여 피해를 주는 해충으로 주로장마가 끝나고 기온이 높아지면 담배나방, 파밤나방 등의 발생이증가할 우려가 있음
⇒ 담배나방 등 나방류 유충은 3령 이상 자라면 약제저항성이커져서 방제 효과가 떨어지므로 새 잎을 중심으로 자세히 살펴보고 알이나 유충을 발견하는 즉시 등록 약제로 방제",8호.txt
2025,8,10,2025-07-01,2025-07-15,채소,역병·탄저병(고추),주의보,고추,"❍ 역병은 비가 내린 후 다습한 환경조건에서 발생이 증가하며 토양에있는 병원균이 물을 통하여 전염되는 병으로 일단 발병하면 급속하게 번지고 방제 효과가 낮음
⇒ 병 발생이 많았던 곳은 두둑을 높여 준 후 배수로를 정비하고병든 포기 발견 즉시 제거하여 전염원을 제거하고 비오기 전후등록 약제를 주기적으로 살포
❍ 고추 탄저병은 지난해 버려진 병든 잔재물이 가장 중요한 1차전염원이고, 온·습도가 높은 장마철 비가 잦은 환경에서 감염위험이 높음
⇒ 병든 과실을 그냥 두거나 이랑사이에 버리면 방제효과는 50%이상 감소하므로 병든 과실은 발견 즉시 매립 또는 소각하는것이 효과적이며, 재식거리를 넓히고 두둑을 높게 하고 물 빠짐을좋게 하여 발병에 좋은 환경을 차단함
⇒ 국가농작물병해충관리시스템(http://ncpms.rda.go.kr)에서 고추역병과 탄저병 최초 감염위험시기를 알려주는 문자서비스를활용하여 병징이 없더라도 감염 시기 알림 후 3일 이내에 예방적으로침투이행성 약제 처리",8호.txt
2025,8,11,2025-07-01,2025-07-15,채소,씨스트선충류,주의보,배추,"❍ 여름철 고랭지배추 정식이 시작되어, 씨스트선충류에 의한 농작물피해가 증가할 것으로 예상됨
- 씨스트선충류는 십자화과 작물의 뿌리에 기생하는데, 작물의 수분 및영양분의 흡수를 저해하는 등 생육을 방해하여 배추의 경우 크기가작고 결구가 되지 않는 피해 증가⇒ 발생포장에 훈증성 약제 처리 후 비닐피복 또는 답압하고, 4주후피복을 제거하여 가스를 휘산시켜 약해를 방지해야 함
⇒ 씨스트선충류가 배추 뿌리를 가해하지 않도록 배추 정식 전에비훈증성 약제를 처리하고 로터리 작업 실시⇒ 배추 수확 후 포장 내 씨스트선충류 밀도를 낮추기 위해 녹비작물(백겨자, 기름무 등)을 재배하여, 꽃이 피기 전 또는 과실이달리기 전에 토양 환원 작업 실시(6∼8주 소요)",8호.txt
2025,8,12,2025-07-01,2025-07-15,채소,토마토뿔나방,주의보,방울토마토,"❍ 여름철 기온 상승으로 토마토뿔나방 개체 수가 급증함에 따라 시설토마토 피해가 우려되어 철저한 방제 필요
- 토마토뿔나방은 유충이 주로 토마토 잎에 구멍을 뚫고 들어가 내부조직을넓게 갉아 먹으며 과실 속으로도 파고 들어가 피해를 입힘⇒ 발생포장 전체에 등록 농약을 약액이 작물에 충분히 묻을 수있도록 살포하고, 2회 이상 약제살포 시 작용기작이 다른 약제를교호 살포할 것을 권장함, 친환경 재배농가의 경우 교미교란제를정식 초기에 설치하고 유기농업자재를 충분히 살포해야 함",8호.txt
2025,8,13,2025-07-01,2025-07-15,채소,"덩굴마름병(수박, 참외)",예보,"수박,참외","❍ 수박 덩굴마름병은 감염된 묘를 정식하거나 비가 많이 오는 경우발생하는 병으로 생육후기에 초세가 약해질 무렵부터 잎이나 줄기가집중적으로 말라 죽음
⇒ 약제 방제만으로는 효과적인 방제가 어려우므로 과습을 방지하고생육을 강건하게 유지시킴",8호.txt
2025,8,14,2025-07-01,2025-07-15,채소,토마토반점위조바이러스(TSWV),예보,"고추,방울토마토,파프리카","❍ 총채벌레가 즙액을 흡즙하면서 바이러스를 전염시키는 병으로 고추,토마토, 파프리카 등 특히 전년도 발생이 많았던 가지과 시설재배지에서꾸준히 발생하고 있으며, 방제시기르 놓쳐 총체벌레의 밀도가 높아지면피해가 커지기 때문에 초기 방제로 병발생을 예방하는 것이 중요
⇒ 방충망을 이용하여 시설 안으로 들어오는 총채벌레를 막고 발생초기 천적이나 등록약제로 방제⇒ 병에 걸린 식물은 발견 즉시 제거하여 병이 확산되는 것을 예방",8호.txt
2025,8,15,2025-07-01,2025-07-15,채소,토마토황화잎말림바이러스(TYLCV),예보,방울토마토,❍ 가지과 작물에서 담배가루이가 병을 매개하고 감염된 묘를 통해확산될 수 있으므로 육묘 단계부터 정식 초기에 예찰을 강화하여감염여부를 판단하고 정식 후에는 잎 뒷면과 포장 주위를 살펴보아담배가루이를 철저히 방제⇒ 방충망을 설치하여 담배가루이의 침입을 막고 발생 시 담배가루이의기주식물이 되는 잡초와 병이 걸린 식물은 뽑아서 제거,8호.txt
2025,8,16,2025-07-01,2025-07-15,채소,"총채벌레류, 가루이류, 진딧물류",예보,"방울토마토,오이,파프리카","❍ ‘25년 1월~5월 말까지 기온은 7.6℃로 평년(7.4)보다 025℃ 높았고시설재배 작물에서 꽃노랑총채벌레, 온실가루이, 담배가루이 등이관리가 소홀한 포장에서 온도가 올라가면 밀도가 높아질 수 있어 주의가필요함
❍ 시설재배에서 발생하는 해충은 대부분 크기가 작고 연중 발생하고있으나, 발생초기에 예찰이 어려워 피해를 입는 경우가 많음. 특히 이해충들은 식물체에 직접적인 피해를 줄 뿐만 아니라 그을음병을유발하거나 바이러스병을 전염시켜 작물에 피해를 줌⇒ 끈끈이트랩 등을 활용하여 주의 깊게 예찰하고 발견 즉시 계통이다른 등록 약제를 바꾸어가며 방제
❍ 꽃노랑총채벌레 등 총채벌레류가 오이, 파프리카 등에서 발생 초기에방제가 이루어지지 않으면 확산 및 피해가 예상⇒ 황색 끈끈이트랩이나 타락법(꽃과 잎을 두드려서 흰색 종이 위에떨어진 벌레를 조사) 등으로 예찰하고, 발생포장은 초기에 방제⇒ 꽃노랑총채벌레의 번데기 방제용으로 아큐레이퍼응애를 토양에투입하고, 지상부 유충과 성충 방제용으로는 유럽애꽃노린재,지중해이리응애 등 천적을 활용하면 효과적으로 방제가 가능함
❍ (가루이류, 진딧물류) 온실가루이와 담배가루이는 토마토와 같은 가지과작물에서, 진딧물은 엽채류와 과채류에서 주로 발생하며 식물의즙액을 빨아먹는 직접적인 피해뿐만 아니라 그을음병과 바이러스병등을 유발하여 상품성을 떨어뜨림⇒ 크기가 작아 육안으로 관찰하기 힘들고 일단 발생하면 방제가어려우므로 외부 유입통로에 방충망을 설치하는 등 시설 안으로들어오지 못하도록 막고, 끈끈이트랩을 매달아 주의 깊게 살펴봄⇒ 예방적 조치로 해충에 따라 천적을 투입하여 방제하고 국부적으로해충이 집중 발생했을 경우 작물별 등록 약제로 방제",8호.txt
2025,8,17,2025-07-01,2025-07-15,과수,과수화상병,경보,사과,"❍ (과수화상병) 세균에 의해 사과, 배나무의 꽃, 잎, 열매, 가지가불에 탓 것과 같이 검게 변하고 서서히 말라죽게 되는데 전염성이높아 사전예방을 위해 사전방제와 과원 및 농자재 관리가 필수⇒ 한번 걸리면 방제가 불가능하기 때문에 예방을 위하여 과수원을청결하게 관리하고 농작업을 하는 사람의 과수원 출입 시 사람과 작업도구 등을 수시로 소독⇒ 수시로 예찰을 하고 의심증상 발견 시에는 전국 대표전화(1833-8572)또는 가까운 농업기술센터·농업기술원에 즉시 신고
❍ (과수가지검은마름병) 과수화상병과 증상이 비슷하여 육안으로는구분이 불가하며, 발생 시기와 전파경로, 피해증상이 유사함.",8호.txt
2025,8,18,2025-07-01,2025-07-15,과수,탄저병,주의보,"단감,복숭아,사과,포도","❍ 사과, 복숭아, 포도, 단감 등에 발생하는 탄저병은 주요 관리 과수병으로병원균은 주로 습기가 많은 기후조건과 25℃ 전후 온도에서 감염이잘 이루어지므로 장마기 이후에 주의가 필요함
❍ 탄저병에 감염된 과실은 초기에 검정색 작은 반점이 껍질에 나타나며,병이 커질수록 과실 표면이 움푹 들어가면서 과실 내부가 갈색으로변하면서 과실 표면에 많은 분생포자가 생겨 주변 건전한 과실을감염. 특히 장마기나 바람이 많이 부는 날씨에는 분생포자들이이동되는 시기이므로 철저한 관리가 필요
⇒ 지난해에 탄저병이 많이 발생했던 농가는 과원 내에 탄저병균이남아 있을 수 있으므로 탄저병균의 밀도를 줄이기 위해 예방적으로적용 살균제를 살포⇒ 또한 탄저병은 습한 환경조건에서 잘 발생하므로 과원 내 통풍이잘 되게 하고 물 빠짐이 잘 되도록 관리",8호.txt
2025,8,19,2025-07-01,2025-07-15,과수,복숭아 세균구멍병,주의보,복숭아,"❍ 복숭아 세균구멍병은 비바람에 의해 발생이 많아지며, 복숭아 잎․가지․열매에 수침상의 반점이 생긴 후 확대되어 피해가 발생하는데,최근 비가 오고 바람이 많이 불어 발생이 증가할 수 있으므로 철저한예찰과 방제 필요
⇒ 병든 가지는 제거해 주며 발생이 많은 곳은 방풍망․방풍림을설치하고 병 발생 전에 예방위주로 방제
❍ 복숭아 잿빛무늬병은 과실에 피해가 가장 크며 표면에 갈색반점이생기고 점차 확대되어 전체가 부패하고 심한 악취를 발산하며,국지적으로 바람이 많은 지역에서 피해가 예상됨
⇒ 병에 걸린 가지는 조기에 제거하여 소각처리",8호.txt
2025,8,20,2025-07-01,2025-07-15,과수,배 검은별무늬병,주의보,,"❍ 검은별무늬병은 비가 자주 올 때 질소 비료를 많이 주어 가지가무성한 과수원에서 발생이 많은데 7월 강우가 올 경우 발생이 예상되어방제시기를 놓치지 않도록 주의해야 함
⇒ 약제저항성 문제가 있는 약제는 작용 기작이 다른 약제로 바꿔가며살포하고 병에 걸린 잎과 과실은 제거하여 땅에 묻어줌",8호.txt
2025,8,21,2025-07-01,2025-07-15,과수,"갈색날개매미충, 미국선녀벌레, 꽃매미",주의보,사과,"< 갈색날개매미충 >
❍ 5월 초·중순에 부화하여 약충이 되고, 7월 이후 성충으로 우화* 5월 중·하순 알 부화 → 약충(1∼4령,70일) → 성충(3개월)⇒ 갈색날개매미충을 효과적으로 방제하려면 갈색날개매미충 부화 후1~2주 사이에 애벌레(1~2령)가 붙어 있는 나무에 약제를 뿌리는것이 좋음. 2령이 지난 애벌레와 성충은 이동성이 크기 때문에방제 효과가 떨어짐⇒ 발생 정도에 따라 전용 약제를 1주일 간격으로 1~3회 살포*지역별‘공동방제의날’은시도별여건에따라탄력적으로운영< 미국선녀벌레 >
❍ 미국선녀벌레는 연간 1세대 발생하며월동한 알은 5월 중·하순경에 부화하며,약충은 5령을 거쳐 성충이 되며, 성충은7월에서 10월까지 발생함
< 꽃매미 >
❍ 꽃매미는 연간 1세대 발생하고 월동한 알은 5월 상·중순경에 부화하며 약충은 5령을 거쳐 성충이 되고 성충은 7월에서 11월까지발생함
약충 성충 집단 사과 어린 가지 산란 피해⇒ 월 동 알 을  제 거 해  주 는  것 이  친 환 경 적 이 며발생을 줄이는 데에 큰 효과가있으므로 봄철에 약충으로 부화하기전 과수원 및 인근 야산의 나무등에 있는 알 덩어리를 제거해주고 약충이 깨어 나오면 등록약제로 반드시 방제⇒ 시설재배지는 측창과 입구에 방충망을 설치하면 꽃매미의 침입과외부로의 확산을 막고, 방제 효과도 증대시킬 수 있음",8호.txt
2025,8,22,2025-07-01,2025-07-15,과수,복숭아심식나방,주의보,"복숭아,사과","❍ 복숭아심식나방의 밀도가 예년과 다르게 매우 높게 나타나고 있어심식나방의 발생예찰과 방제에 특별한 주의 필요
❍ 주로 사과의 꽃받침 부분과 과경부에 산란하며, 부화한 유충이 과실을뚫고 들어가 피해를 입힘⇒ 성페로몬트랩을 사과나무에 설치하여 5일 동안 끈끈이판에 10마리 이상 포획되면 그로부터 7일 후에 적용 약제를 살포
❍ 성충은 6월 상순에서 8월 상순 사이 1회 성충이 발생하고, 7월 하순부터9월 상순 사이 2회 성충이 발생, 발생 최성기는 8월 중순경임
⇒ 교미교란제(성페로몬을 이용해 나방류 교미 방해)를 나무 상단부에 걸어복숭아심식나방의 교미를 저해하여 복숭아심식나방 다음 세대의발생 밀도를 낮출 수 있음
(A) 복숭아심식나방알; (B) 복숭아심식나방유충; (C) 복숭아심식나방성충;복숭아심식나방 피해로 인한 기형과 (A) 피해 초기, (B),(C) 피해 후기",8호.txt
2025,8,23,2025-07-01,2025-07-15,과수,복숭아순나방,예보,복숭아,"❍ 복숭아 관찰포에서 성페로몬 트랩조사 결과전년보다 포획된 마리수는 감소하였음
⇒ 전년에 과실 피해가 많았거나, 성페로몬트랩에 유인이 많이 된 과원은 등록 약제로방제하고, 열매솎기나 봉지씌우기를 할 때피해를 받은 신초나 어린 과실이 발견되면 즉시 제거하여 땅에 묻음",8호.txt
2025,8,24,2025-07-01,2025-07-15,과수,"잎말이나방, 감꼭지나방",예보,"감귤,매실,사과","❍ 감귤, 사과, 배, 매실 등에 발생하는 잎말이나방류는 새로 나오는잎으로 이동해서 잎을 세로로 말고 들어가 갉아먹어 피해를 주며과실의 표면을 핥듯이 가해하여 상품성을 떨어뜨림⇒ 성페로몬 트랩을 주의 깊게 관찰하여 성충 발생 최성기 7∼10일이후 등록 약제 살포
❍ 감꼭지나방은 꽃잎이나 잎을 갉아 먹다가 감꼭지에 유충이 과육을 먹고들어가 낙과를 시키며, 열매꼭지와 과실 사이로 배설물을 배출함
⇒ 성페로몬트랩 예찰 결과를 활용하여 1화기 성충 발생 최성기인 6월상․중순에 등록 약제로 방제",8호.txt
2025,8,25,2025-07-01,2025-07-15,과수,포도 새눈무늬병·갈색무늬병·노균병,예보,포도,"❍ 포도 새눈무늬병은 잎에서 잎맥이 흑갈색으로변하고, 진전되면 흑색 반점으로 확대되어구멍이 뚫리며 열매와 가지에서는 초기에흑갈색의 반점이 나타남⇒ 비가 많이 올 때 발생이 많으므로,병든 부위는 즉시 제거하고 봉지 씌우기 전에 등록약제로 방제
❍ 포도 갈색무늬병․노균병은 비가 자주 내리고 습도가 높을 때 발생이 많음
⇒ 잎과 과실을 자세히 살펴보아 발생 초기에 등록약제로 잎 뒷면까지방제하되 가능한 비 오기 전․후 방제실시",8호.txt
2025,8,26,2025-07-01,2025-07-15,과수,참다래 궤양병,예보,"오리,참다래","❍ 가지, 주간, 신초, 잎, 꽃봉오리, 꽃에 감염되는 병으로서 감염된가지와 주간부에 크고 작은 균열을 유발하며, 이 균열된 부위로부터흘러나오는 적갈색 수액에 의해 쉽게 구분 가능
❍ 병든 조직에서 월동한 병원균이 상처, 기공 및 수공을 통하여 잎으로침입하며 전정 등 농작업 도구를 통해 전염⇒ 궤양병 증상이 관찰되면 다른 나무에 감염되지 않도록 증상이보이는 부위부터 1m정도 안쪽까지 제거해 주고 제거 부위는살균제를 발라 다른 병원균이 침입하지 않도록 조치1개월 기상전망            (출처 : 국립농업과학원, 기상청)기온은 1주, 2주, 4주는 평년보다 높겠고, 3주는 평년과 비슷하거나 높겠음
강수량은 1주는 비슷하거나 적겠고, 2주, 3주, 4주는 평년과 비슷하겠음
❍ 1주(7.7~7.13):우리나라는 아열대 고기압의 가장자리에 위치하여 덥고습하겠으며 대기불안정에 의해 비가 내릴 때가 있겠음
- 기온은 평년보다 높겠고, 강수량은 평년과 비슷하거나 적겠음
❍ 2주(7.14~7.20): 우리나라는 아열대 고기압의 가장자리에 위치하여 덥고습하겠으며 우리나라 남쪽을 지나는 저기압의 영향을 받겠음
- 기온은 평년보다 높겠고, 강수량은 평년과 비슷하겠음
❍ 3주(7.21~7.27): 우리나라는 아열대 고기압의 가장자리에 위치하여 덥고습하겠으며 우리나라 남동쪽에 위치한 저기압의 영향을 받겠음
- 기온은 평년보다 비슷하거나 높겠고, 강수량은 평년과 비슷하겠음
❍ 4주(7.28~8.3):우리나라는 아열대 고기압의 영향을 받아 덥고 습하겠으며,우리나라 남쪽을 지나는 저기압의 영향을 받겠음
- 기온은 평년보다 높겠고, 강수량은 평년과 비슷하겠음",8호.txt
2025,8,27,2025-07-01,2025-07-15,과수,참다래 궤양병,예보,참다래,"농업지대 지역평균기온 강수량1주 2주 3주 4주 1주 2주 3주 4주(7.7~7.13) (7.14~7.20) (7.21~7.27) (7.28~8.3) (7.7~7.13) (7.14~7.20) (7.21~7.27) (7.28~8.3)1.태백고냉 대관령 높음 높음 조 금 높 음높음 비슷 비슷 비슷 비슷2.태백준고냉 인제,홍천,제천 높음 높음 조 금 높 음높음 비슷 비슷 비슷 비슷3.소백산간 충주,보은 높음 높음 조 금 높 음높음 조 금 적 음비슷 비슷 비슷4.노령소백산간 임실 높음 높음 높음 높음 조 금 적 음비슷 비슷 비슷5.영남내륙산간 추풍령,영주,문경 높음 높음 조 금 높 음높음 조 금 적 음비슷 조 금 많 음비슷6.중북부내륙 춘천,양평 높음 높음 조 금 높 음높음 비슷 비슷 비슷 비슷7.중부내륙 원주,이천 높음 높음 조 금 높 음높음 비슷 비슷 비슷 비슷8.소백서부내륙 청주,대전,금산 높음 높음 높음 높음 조 금 적 음비슷 비슷 비슷9.노령동서내륙 정읍,남원,거창,산청 높음 높음 높음 높음 조 금 적 음비슷 비슷 비슷10.호남내륙 광주,순천,장흥 높음 높음 높음 높음 조 금 적 음조 금 많 음조 금 많 음비슷11.영남분지 대구,의성,구미,영천 높음 높음 조 금 높 음높음 조 금 적 음비슷 조 금 많 음비슷12.영남내륙 진주,합천,밀양 높음 높음 조 금 높 음높음 조 금 적 음조 금 많 음조 금 많 음비슷13.중서부평야 서울,인천,수원,서산,강화,천안,보령 높음 높음 높음 높음 비슷 비슷 비슷 비슷14.차령남부평야 군산,전주,부여,부안 높음 높음 높음 높음 조 금 적 음비슷 비슷 비슷15.남서해안 목포,완도,해남,고흥 높음 높음 높음 높음 조 금 적 음조 금 많 음조 금 많 음비슷16.남부해안 부 산,통 영,여 수,거 제,남 해높음 높음 조 금 높 음높음 조 금 적 음조 금 많 음조 금 많 음비슷17.동해안북부 속초,강릉 높음 높음 조 금 높 음높음 비슷 비슷 조 금 많 음비슷18.동해안중부 울진,영덕 높음 높음 조 금 높 음높음 조 금 적 음비슷 조 금 많 음비슷19.동해안남부 포항,울산 높음 높음 조 금 높 음높음 조 금 적 음조 금 많 음조 금 많 음비슷20.제주 제주,성산,서귀포 높음 높음 높음 높음 조 금 적 음조 금 많 음조 금 많 음비슷평균 높음 높음 조 금 높 음높음 조 금 적 음비슷 비슷 비슷10일(2025.06.30.~07.06.) 예보(기상청, 2025.06.26., 06:00)<기상예보>
❍ (기온) 아침 기온은 22~25℃, 낮 기온은 27~33℃로 평년(최저기온 20~22℃,최고기온 26~30℃)보다 조금 높겠음
❍ (강수) 30일~7월 1일 수도권과 강원영서에 비가 내리겠고, 30일 오후경상권과 제주도, 1일 오후 남부지방에 소나기가 내리는 곳이 있겠음
<날씨><최저/최고기온><기온><강수량>연도별 평균기온
❍ ‘25년 1월부터 6월 4주차까지의 평균기온은 9.9℃로, 평년(9.5)보다 0.4℃높았음
- ’25년 6월 4주차의 평균기온은 23.0℃로, 평년(22.1)보다 0.9℃ 높았음",8호.txt
2025,8,28,2025-07-01,2025-07-15,과수,참다래 궤양병,예보,참다래,"기 간 1월 2월 3월 4월 5월6월 분석기간1.1~6.25 6.19~6.251주(5.29~6.4)2주(6.5~6.11)3주(6.12~6.18)4주(6.19~6.25)평균(℃)편차(℃)평균(℃)편차(℃)2025년 0.4 0.0 7.9 13.2 16.9 19.3 22.5 23.1 23.0 9.9 0.4 23.0 0.92024년 1.4 4.5 7.2 15.1 17.8 19.6 21.7 24.1 24.0 11.1 1.6 24.0 1.92023년 0.0 3.0 9.7 13.3 18.0 20.8 21.5 22.4 23.0 10.8 1.3 23.0 0.92022년 -0.2 0.4 8.0 13.9 18.2 21.3 19.1 20.9 25.1 10.1 0.6 25.1 3.02021년 -0.4 3.9 9.0 13.4 16.9 19.5 22.2 21.8 22.0 10.5 1.0 22.0 -0.12020년 3.0 3.8 8.0 10.9 17.7 20.8 23.6 22.7 22.7 10.7 1.2 22.7 0.62019년 0.5 2.6 7.6 12.0 18.5 20.3 19.9 20.5 22.4 10.1 0.6 22.4 0.32018년 -1.8 0.0 8.2 13.3 17.8 21.5 21.1 20.5 23.5 9.6 0.1 23.5 1.42017년 0.3 1.8 6.4 13.8 18.6 20.9 20.0 21.3 23.4 10.1 0.6 23.4 1.32016년 -0.6 1.9 7.3 13.8 18.5 20.6 21.5 22.5 23.1 10.2 0.7 23.1 1.02015년 0.8 2.2 6.8 12.7 18.5 21.1 20.4 22.3 21.7 10.1 0.6 21.7 -0.410년평균 0.3 2.4 7.8 13.2 18.1 20.6 21.1 21.9 23.1 10.3 0.8 23.1 1.0평 년 -0.4 1.7 6.5 12.3 17.5 19.7 20.8 21.4 22.1 9.5 0.0 22.1 0.0* 10년 평균 : 최근 10년(2015~2024년)동안의 평균기온의 평균** 평년 : 30년(1991～2020년)동안의 평균기온의 평균*** 편차 : 평년의 평균기온에 대한 연도별 평균기온의 차이연도별 강수량
❍ ‘25년 1월부터 6월 4주차까지의 강수량의 합은 460.9㎜로, 평년(432.0)보다
28.9㎜ 많았음(평년대비 106.7%)",8호.txt
2025,8,29,2025-07-01,2025-07-15,과수,참다래 궤양병,예보,"벼,참다래","- ’25년 6월 4주차의 강수량의 합은 90.9㎜로, 평년(46.6)보다 44.3㎜많았음(평년대비 195.1%)기 간 1월 2월 3월 4월 5월6월 분석기간1.1~6.25 6.19~6.251주(5.29~6.4)2주(6.5~6.11)3주(6.12~6.18)4주(6.19~6.25)합계(㎜)대비(%)합계(㎜)대비(%)2025년 18.3 21.4 50.4 68.9 124.2 6.2 0.1 83.2 90.9 460.9106.7 90.9 195.12024년 36.9 111.4 68.8 87.9 118.4 1.4 16.1 4.3 47.1 491.5113.8 47.1 101.12023년 44.9 20.0 30.5 70.2 207.2 53.4 12.2 7.6 33.5 434.1100.5 33.5 71.92022년 5.0 5.5 89.5 62.7 6.3 1.0 39.6 18.8 57.8 285.2 66.0 57.8 124.02021년 25.4 23.4 112.1 77.5 138.9 31.1 31.4 20.4 9.5 460.7106.6 9.5 20.42020년 85.7 62.1 34.4 44.0 107.4 3.7 23.5 72.2 30.4 460.8106.7 30.4 65.22019년 9.7 34.5 42.6 80.8 65.0 0.9 53.2 10.0 4.5 300.2 69.5 4.5 9.72018년 25.5 36.6 116.2 140.3 135.2 4.0 15.0 3.2 5.3 477.3110.5 5.3 11.42017년 18.6 36.0 26.1 72.8 31.0 5.0 20.2 2.0 13.7 223.5 51.7 13.7 29.42016년 32.9 50.6 62.8 163.2 103.4 5.8 3.9 11.4 49.8 482.6111.7 49.8 106.92015년 31.9 31.0 47.8 135.6 70.1 5.4 6.7 11.9 35.7 372.7 86.3 35.7 76.610년평균 31.7 41.1 63.1 93.5 98.3 11.2 22.2 16.2 28.7 398.9 92.3 28.7 61.6평 년 30.6 37.5 63.0 90.7 108.0 17.7 18.3 26.8 46.6 432.0100.0 46.6 100.0* 10년 평균 : 최근 10년(2015~2024년)동안의 강수량의 평균** 평년 : 30년(1991～2020년)동안의 강수량의 평균*** 대비 : 평년의 강수량에 대한 연도별 강수량의 비율카드뉴스 과수 탄저병 예방 및 관리 요령리플릿 벼 먹노린재 피해예방 방법리플릿 여름철 폭염(고온) 대비 농작물 관리요령리플릿 여 름 철  집 중 호 우·태 풍  대 비  농 작 물  및  농 업 시 설 물  안 전 관 리 요 령리플릿 농업인 온열질환 예방 가이드",8호.txt
2025,9,1,2025-07-16,2025-07-31,식량작물,열대거세미나방,주의보,"벼,수수,옥수수","❍ 열대거세미나방은 아메리카 대륙의 열대·아열대 지역이 원산으로아프리카(‘16), 동남아(’18), 중국(‘19.1), 한국(’19.6), 등으로 확산
❍ 유충 시기에 식물의 잎과 줄기를 가해하여 피해를 발생시키며 기주식물은 80여 작물(옥수수, 수수, 벼 등)로 알려져 있음
❍ 제주 및 남부지방 조기 재배 옥수수에 피해 발생 예상*산란(4월하순) →알에서유충부화(5월초·중순) →6령유충경과(피해발생)*’24년대비약10일정도늦게국내비래확인(제주,한림/’25.4.21.)*연도별 발생: (’22) 76/1.8 → (’23) 87/4.4 → (’24) 478개체/2.1ha⇒ 약제 방제는 발생 초기에 품목별로 등록된 약제를 살포하도록 함
< 열대거세미나방 형태 및 피해 ><성충 (사진 출처: Goergen 등), 유충(사진 출처: FAO)>",9호.txt
2025,9,2,2025-07-16,2025-07-31,식량작물,멸강나방,주의보,"벼,옥수수","❍ 멸강나방은 중국에서 날아와서 피해를 주는 비래해충으로 목초, 옥수수등에 발생하고 보통 사료 작물과 벼에 피해를 줌⇒ 올해는 4월 초 처음 비래가 확인되었으며 목초지나 옥수수 포장 등기주식물 재배지역에 어린 벌레가 발견되면 등록 약제로 발생초기에 방제멸강나방 유충(좌)과 피해(우) 사진",9호.txt
2025,9,3,2025-07-16,2025-07-31,식량작물,"벼멸구, 흰등멸구, 혹명나방",주의보,벼,"❍ 벼멸구․흰등멸구는 중국 남부지방과 동남아사아에서 6~7월 남서풍을 타고비래하는 해충으로 장마철 비래에 적합한 기류가 형성될 경우 국내로 비래함
⇒ 비래해충은 초기방제가 중요하므로 볏대 아래쪽을 잘 살펴보아발생이 많으면 적용약제로 방제
❍ 혹명나방은 6월 하순에서 7월 상순에 논을 살펴보아 포장에 피해잎이 1~2개정도 보일 때 방제를 실시해야 함
⇒ 막대기로 벼 포기를 쳐서 나방이 나는 모습을 보거나 유충 피해인벼 잎이 세로로 말리는 증상이 보이면 방제",9호.txt
2025,9,4,2025-07-16,2025-07-31,식량작물,애멸구(줄무늬잎마름병 매개),주의보,벼,"❍ 애멸구는 벼줄무늬잎마름병을 옮기는 해충으로 최근 월동밀도가낮은 편이지만, 중국에서 대량으로 날아올 경우 피해가 우려되며철저한 사전방제가 필요함
⇒ 서해안 애멸구 비래지역 등 발생 우려지역은 저항성 품종(조평,대보, 알찬미, 삼광, 새일미, 새누리, 호품, 신동진 등)을 선택하고 맥류포장 주변에서 육묘 시 방충망을 씌워 애멸구 유입 차단⇒ 모내기 하는 날 벼물바구미, 벼잎벌레, 굴파리류 등과 동시 방제가가능한 살충제(입제) 살포",9호.txt
2025,9,5,2025-07-16,2025-07-31,식량작물,벼 잎도열병,주의보,벼,"❍ 잎도열병은 거름기가 많은 논에서 지속되는 비와흐린 날씨로 기온이 낮아지고 습한 날이 계속되면잘 발생함
❍ 폭염 후 비가 자주 오고 야간 저온 등 병이발생하기 쉬운 조건이 조성되면 도열병 발생이 늘어날 수 있으므로 지속적인 관찰로 발병초기에 방제하는 것이 중요함",9호.txt
2025,9,6,2025-07-16,2025-07-31,식량작물,"잎집무늬마름병, 흰잎마름병",주의보,,"❍ (잎집무늬마름병) 장마 이후에 온·습도가 높아 병 발생에 유리한환경이 지속되면 확산이 우려됨
⇒ 중간물떼기를 잘하여 주고, 논을 잘 살펴 병든 줄기가 20%이상이면 등록 약제를 살포하여 방제
❍ (흰잎마름병) 주로 배수가 불량하고 고온다습 조건에서 발생우려 높음. 특히 침수시 감염 우려가 매우 높아 침수가 되지않도록 하고 침수시 바로 퇴수하고 맑은 물로 씻어 주고 등록약제를 선택하여 잎도열병과 동시에 방제",9호.txt
2025,9,7,2025-07-16,2025-07-31,식량작물,감자역병(고랭지 씨감자),예보,감자,"❍ 감자역병(Phytophthora infestans)은 서늘한 온도(10∼24도)와 다습한(상대습도 90% 이상) 조건에서 발생함. 대관령 등 주요 씨감자 재배지의최근 기상 조건을 고려할 때, 장마가 기간(6월 하순~) 이후 감자역병의발생 우려가 높음
❍ 감자역병은 감자의 생육 후기까지 환경조건만 맞으면 언제든지발생할 수 있고, 비가 올 때 병원균이 병든 잎에서 씻겨 내려가 얕게묻힌 덩이줄기를 감염시켜 수확 전후 또는 저장 중에 부패를 일으킴
❍ 감자역병 보호용 살균제를 살포하여 역병 발생을 예방하고, 예방시기를 놓쳐 역병이 발생하였다면 치료용 살균제를 살포
❍ 역병에 의한 덩이줄기 피해를 최소화하기 위해서는 흙을 충분히덮어 덩이줄기가 나오지 않도록 하고, 지속적인 비 예보가 있으면줄기와 잎이 살아 있는 동안에는 살균제를 처리",9호.txt
2025,9,8,2025-07-16,2025-07-31,식량작물,먹노린재,예보,벼,"❍ 먹노린재는 7∼8월에 약충과 성충이 벼 줄기에 구침을 박고 흡즙하여심하면 수확량에 큰 영향을 줌, 주로 논 가장자리에 피해증상이많이 나타나는데 생육초기에 심하게 피해를 받으면 초장이 짧아지고이삭이 나오지 않을 수 있음
⇒ 방제적기는 성충의 이동 최성기인 6월 하순∼7월 상순으로 주변논두렁이나 배수로 등 서식처가 될 만한 곳까지 약제를 살포하면방제효과를 높일 수 있음",9호.txt
2025,9,9,2025-07-16,2025-07-31,채소,"담배나방(고추 등), 파밤나방(고추, 콩 등)",주의보,고추,"❍ 담배나방은 고추에 해마다 발생하여 피해를 주는 해충으로 주로장마가 끝나고 기온이 높아지면 담배나방, 파밤나방 등의 발생이증가할 우려가 있음
⇒ 담배나방 등 나방류 유충은 3령 이상 자라면 약제저항성이커져서 방제 효과가 떨어지므로 새 잎을 중심으로 자세히 살펴보고 알이나 유충을 발견하는 즉시 등록 약제로 방제",9호.txt
2025,9,10,2025-07-16,2025-07-31,채소,바이러스‧역병‧탄저병(고추),주의보,"고추,방울토마토,오이","❍ 최근 고온으로 인해 진딧물, 총채벌레의 밀도가 높아져서 이들매개충들이 전파하는 바이러스병 확산이 우려됨
⇒ 오이모자이크바이러스(CMV)를 매개하는 진딧물과 토마토반점위조바이러스(TSWV)의 매개충인 총채벌레의 효율적인 방제는 기작이다른 등록 약제를 선택하여 방제⇒ 바이러스병에 감염되면 방제가 어려우므로 예방 위주로 방제 철저⇒ 바이러스병이 이미 진전된 포장에서는 고추의 주간 부위에서자란 세력이 강한 측지 관리로 고추 수량 확보
❍ 역병은 비가 내린 후 다습한 환경조건에서 발생이 증가하며 토양에있는 병원균이 물을 통하여 전염되는 병으로 일단 발병하면 급속하게 번지고 방제 효과가 낮음
⇒ 병 발생이 많았던 곳은 두둑을 높여 준 후 배수로를 정비하고병든 포기 발견 즉시 제거하여 전염원을 제거하고 비오기 전후등록 약제를 주기적으로 살포
❍ 고추 탄저병은 지난해 버려진 병든 잔재물이 가장 중요한 1차전염원이고, 온·습도가 높은 장마철 비가 잦은 환경에서 감염위험이 높음
⇒ 병든 과실을 그냥 두거나 이랑사이에 버리면 방제효과는 50%이상 감소하므로 병든 과실은 발견 즉시 매립 또는 소각하는것이 효과적이며, 재식거리를 넓히고 두둑을 높게 하고 물 빠짐을좋게 하여 발병에 좋은 환경을 차단함
⇒ 국가농작물병해충관리시스템(http://ncpms.rda.go.kr)에서 고추역병과 탄저병 최초 감염위험시기를 알려주는 문자서비스를활용하여 병징이 없더라도 감염 시기 알림 후 3일 이내에 예방적으로침투이행성 약제 처리",9호.txt
2025,9,11,2025-07-16,2025-07-31,채소,"고랭지 무·배추 무름병, 뿌리혹병",주의보,"무,배추","❍ (무름병) 세균에 의한 병으로 온도가 높을 때 많이 발생하며땅과 맞닿은 부분의 잎자루와 줄기부터 발병해서 결구 속까지무르고 부패하게 됨
❍ 장마 이후 기온이 올라가고 습도가 높아지면 발생이 증가할가능성이 높음
⇒ 병원균은 건조에 약하므로 배수와 통풍이 잘 되도록 관리하며약제 방제 시 등록 약제를 본잎이 5∼6매 이후에 7∼10일 간격으로 살포하고 땅 닿는 부분까지 약제가 잘 묻도록 처리
❍ (뿌리혹병) 뿌리에 크고 작은 혹이 생기면서 지상부가 말라죽는병으로 주로 사전에 방제를 철저하게 하지 않은 밭에서 발생⇒ 병원균은 물이나 흙을 통하여 이동하므로 물 빠짐이 좋도록배수로를 잘 정비하고 병 발생 후에는 방제가 어려우므로 병든포기는 발견 즉시 제거",9호.txt
2025,9,12,2025-07-16,2025-07-31,채소,씨스트선충류,주의보,배추,"❍ 여름철 고랭지배추 정식이 시작되어, 씨스트선충류에 의한 농작물피해가 증가할 것으로 예상됨
- 씨스트선충류는 십자화과 작물의 뿌리에 기생하는데, 작물의 수분 및영양분의 흡수를 저해하는 등 생육을 방해하여 배추의 경우 크기가작고 결구가 되지 않는 피해 증가⇒ 발생포장에 훈증성 약제 처리 후 비닐피복 또는 답압하고, 4주후피복을 제거하여 가스를 휘산시켜 약해를 방지해야 함
⇒ 씨스트선충류가 배추 뿌리를 가해하지 않도록 배추 정식 전에비훈증성 약제를 처리하고 로터리 작업 실시⇒ 배추 수확 후 포장 내 씨스트선충류 밀도를 낮추기 위해 녹비작물(백겨자, 기름무 등)을 재배하여, 꽃이 피기 전 또는 과실이달리기 전에 토양 환원 작업 실시(6∼8주 소요)",9호.txt
2025,9,13,2025-07-16,2025-07-31,채소,토마토뿔나방,주의보,방울토마토,"❍ 여름철 기온 상승으로 토마토뿔나방 개체 수가 급증함에 따라 시설토마토 피해가 우려되어 철저한 방제 필요
- 토마토뿔나방은 유충이 주로 토마토 잎에 구멍을 뚫고 들어가 내부조직을넓게 갉아 먹으며 과실 속으로도 파고 들어가 피해를 입힘⇒ 발생포장 전체에 등록 농약을 약액이 작물에 충분히 묻을 수있도록 살포하고, 2회 이상 약제살포 시 작용기작이 다른 약제를교호 살포할 것을 권장함, 친환경 재배농가의 경우 교미교란제를정식 초기에 설치하고 유기농업자재를 충분히 살포해야 함",9호.txt
2025,9,14,2025-07-16,2025-07-31,채소,토마토반점위조바이러스(TSWV),예보,"고추,방울토마토,파프리카","❍ 총채벌레가 즙액을 흡즙하면서 바이러스를 전염시키는 병으로 고추,토마토, 파프리카 등 특히 전년도 발생이 많았던 가지과 시설재배지에서꾸준히 발생하고 있으며, 방제시기르 놓쳐 총체벌레의 밀도가 높아지면피해가 커지기 때문에 초기 방제로 병발생을 예방하는 것이 중요
⇒ 방충망을 이용하여 시설 안으로 들어오는 총채벌레를 막고 발생초기 천적이나 등록약제로 방제⇒ 병에 걸린 식물은 발견 즉시 제거하여 병이 확산되는 것을 예방",9호.txt
2025,9,15,2025-07-16,2025-07-31,채소,토마토황화잎말림바이러스(TYLCV),예보,방울토마토,❍ 가지과 작물에서 담배가루이가 병을 매개하고 감염된 묘를 통해확산될 수 있으므로 육묘 단계부터 정식 초기에 예찰을 강화하여감염여부를 판단하고 정식 후에는 잎 뒷면과 포장 주위를 살펴보아담배가루이를 철저히 방제⇒ 방충망을 설치하여 담배가루이의 침입을 막고 발생 시 담배가루이의기주식물이 되는 잡초와 병이 걸린 식물은 뽑아서 제거,9호.txt
2025,9,16,2025-07-16,2025-07-31,채소,"총채벌레류, 가루이류",예보,"방울토마토,오이,파프리카","❍ ‘25년 1월~5월 말까지 기온은 7.6℃로 평년(7.4)보다 025℃ 높았고 시설재배 작물에서 꽃노랑총채벌레, 온실가루이, 담배가루이 등이 관리가소홀한 포장에서 온도가 올라가면 밀도가 높아질 수 있어 주의가 필요함
❍ 시설재배에서 발생하는 해충은 대부분 크기가 작고 연중 발생하고있으나, 발생초기에 예찰이 어려워 피해를 입는 경우가 많음. 특히 이해충들은 식물체에 직접적인 피해를 줄 뿐만 아니라 그을음병을유발하거나 바이러스병을 전염시켜 작물에 피해를 줌⇒ 끈끈이트랩 등을 활용하여 주의 깊게 예찰하고 발견 즉시 계통이다른 등록 약제를 바꾸어가며 방제
❍ 꽃노랑총채벌레 등 총채벌레류가 오이, 파프리카 등에서 발생 초기에방제가 이루어지지 않으면 확산 및 피해가 예상⇒ 황색 끈끈이트랩이나 타락법(꽃과 잎을 두드려서 흰색 종이 위에떨어진 벌레를 조사) 등으로 예찰하고, 발생포장은 초기에 방제⇒ 꽃노랑총채벌레의 번데기 방제용으로 아큐레이퍼응애를 토양에투입하고, 지상부 유충과 성충 방제용으로는 유럽애꽃노린재,지중해이리응애 등 천적을 활용하면 효과적으로 방제가 가능함
❍ (가루이류) 온실가루이와 담배가루이는 토마토와 같은 가지과 작물에서주로 발생하며 식물의 즙액을 빨아먹는 직접적인 피해뿐만 아니라그을음병과 바이러스병 등을 유발하여 상품성을 떨어뜨림⇒ 크기가 작아 육안으로 관찰하기 힘들고 일단 발생하면 방제가어려우므로 외부 유입통로에 방충망을 설치하는 등 시설 안으로들어오지 못하도록 막고, 끈끈이트랩을 매달아 주의 깊게 살펴봄⇒ 예방적 조치로 해충에 따라 천적을 투입하여 방제하고 국부적으로해충이 집중 발생했을 경우 작물별 등록 약제로 방제",9호.txt
2025,9,17,2025-07-16,2025-07-31,채소,진딧물류,예보,고추,"❍ 진딧물류가 고추 등 일부 포장에 발생하기 시작하고 있어 기온이올라가면 급속히 확산되어 피해가 우려됨
⇒ 작물의 신초 부위를 육안으로 관찰하여 예찰하고, 발생 포장은초기부터 유효성분과 계통이 다른 약제를 번갈아 가며 방제 필요",9호.txt
2025,9,18,2025-07-16,2025-07-31,과수,과수화상병,경보,사과,"❍ (과수화상병) 세균에 의해 사과, 배나무의 꽃, 잎, 열매, 가지가불에 탓 것과 같이 검게 변하고 서서히 말라죽게 되는데 전염성이높아 사전예방을 위해 사전방제와 과원 및 농자재 관리가 필수⇒ 한번 걸리면 방제가 불가능하기 때문에 예방을 위하여 과수원을청결하게 관리하고 농작업을 하는 사람의 과수원 출입 시 사람과 작업도구 등을 수시로 소독⇒ 수시로 예찰을 하고 의심증상 발견 시에는 전국 대표전화(1833-8572)또는 가까운 농업기술센터·농업기술원에 즉시 신고
❍ (과수가지검은마름병) 과수화상병과 증상이 비슷하여 육안으로는구분이 불가하며, 발생 시기와 전파경로, 피해증상이 유사함.",9호.txt
2025,9,19,2025-07-16,2025-07-31,과수,탄저병,주의보,"단감,복숭아,사과,포도","❍ 사과, 복숭아, 포도, 단감 등에 발생하는 탄저병은 주요 관리 과수병으로병원균은 주로 습기가 많은 기후조건과 25℃ 전후 온도에서 감염이잘 이루어지므로 장마기 이후에 주의가 필요함
❍ 탄저병에 감염된 과실은 초기에 검정색 작은 반점이 껍질에 나타나며,병이 커질수록 과실 표면이 움푹 들어가면서 과실 내부가 갈색으로변하면서 과실 표면에 많은 분생포자가 생겨 주변 건전한 과실을감염. 특히 장마기나 바람이 많이 부는 날씨에는 분생포자들이이동되는 시기이므로 철저한 관리가 필요
⇒ 지난해에 탄저병이 많이 발생했던 농가는 과원 내에 탄저병균이남아 있을 수 있으므로 탄저병균의 밀도를 줄이기 위해 예방적으로적용 살균제를 살포⇒ 또한 탄저병은 습한 환경조건에서 잘 발생하므로 과원 내 통풍이잘 되게 하고 물 빠짐이 잘 되도록 관리",9호.txt
2025,9,20,2025-07-16,2025-07-31,과수,사과갈색무늬병,주의보,사과,"❍ 사과 갈색무늬병은 포자의 공기 전염에 의해발생되는데 포자의 비산은 7월 이후에 증가하여8월에 가장 많은 양이 비산됨.
⇒ 8월 까지 강우 전에 정기적으로 적용약제를수관 내부까지 골고루 묻도록 충분한 양을살포하여야 함",9호.txt
2025,9,21,2025-07-16,2025-07-31,과수,새눈무늬병·갈색무늬병,예보,포도,"❍ 포도 새눈무늬병은 잎에서 잎맥이 흑갈색으로변하고, 진전되면 흑색 반점으로 확대되어구멍이 뚫리며 열매와 가지에서는 초기에흑갈색의 반점이 나타남⇒ 비가 많이 올 때 발생이 많으므로,병든 부위는 즉시 제거하고 봉지 씌우기 전에 등록약제로 방제
❍ 포도 갈색무늬병․노균병은 비가 자주 내리고 습도가 높을 때 발생이 많음
⇒ 잎과 과실을 자세히 살펴보아 발생 초기에 등록약제로 잎 뒷면까지방제하되 가능한 비 오기 전․후 방제실시",9호.txt
2025,9,22,2025-07-16,2025-07-31,과수,"갈색날개매미충, 미국선녀벌레, 꽃매미",주의보,,"< 갈색날개매미충 >
❍ 5월초·중순에부화하여약충이되고, 7월이후성충으로우화* 5월 중·하순 알 부화 → 약충(1∼4령,70일) → 성충(3개월)⇒ 갈색날개매미충을 효과적으로 방제하려면 갈색날개매미충 부화 후1~2주 사이에 애벌레(1~2령)가 붙어 있는 나무에 약제를 뿌리는것이 좋음. 2령이 지난 애벌레와 성충은 이동성이 크기 때문에방제 효과가 떨어짐⇒ 발생 정도에 따라 전용 약제를 1주일 간격으로 1~3회 살포*지역별‘공동방제의날’은시도별여건에따라탄력적으로운영< 미국선녀벌레 >
❍ 미국선녀벌레는 연간 1세대 발생하며 월동한 알은 5월 중·하순경에부화하며, 약충은 5령을 거쳐 성충이 되며, 성충은 7월에서 10월까지발생함
< 꽃매미 >
❍ 꽃매미는 연간 1세대 발생하고 월동한알은 5월 상·중순경에 부화하며 약충은 5령을 거쳐 성충이 되고 성충은7월에서 11월까지 발생함
⇒ 월 동 알 을  제 거 해  주 는  것 이  친 환 경 적 이 며 발생을 줄이는 데에 큰 효과가 있으므로 봄철에 약충으로 부화하기전 과수원 및 인근 야산의 나무등에 있는 알 덩어리를 제거해주고 약충이 깨어 나오면 등록약제로 반드시 방제⇒ 시설재배지는 측창과 입구에 방충망을 설치하면 꽃매미의 침입과외부로의 확산을 막고, 방제 효과도 증대시킬 수 있음",9호.txt
2025,9,23,2025-07-16,2025-07-31,과수,복숭아심식나방,주의보,"복숭아,사과","❍ 복숭아심식나방의 밀도가 예년과 다르게 매우 높게 나타나고 있어심식나방의 발생예찰과 방제에 특별한 주의 필요
❍ 주로 사과의 꽃받침 부분과 과경부에 산란하며, 부화한 유충이 과실을뚫고 들어가 피해를 입힘⇒ 성페로몬트랩을 사과나무에 설치하여 5일 동안 끈끈이판에 10마리 이상 포획되면 그로부터 7일 후에 적용 약제를 살포약충 성충 집단 사과 어린 가지 산란 피해
❍ 성충은 6월 상순에서 8월 상순 사이 1회 성충이 발생하고, 7월 하순부터9월 상순 사이 2회 성충이 발생, 발생 최성기는 8월 중순경임
⇒ 교미교란제(성페로몬을 이용해 나방류 교미 방해)를 나무 상단부에 걸어복숭아심식나방의 교미를 저해하여 복숭아심식나방 다음 세대의발생 밀도를 낮출 수 있음
(A) 복숭아심식나방알; (B) 복숭아심식나방유충; (C) 복숭아심식나방성충;복숭아심식나방 피해로 인한 기형과 (A) 피해 초기, (B),(C) 피해 후기",9호.txt
2025,9,24,2025-07-16,2025-07-31,과수,복숭아순나방,예보,복숭아,"❍ 복숭아 관찰포에서 성페로몬 트랩조사 결과전년보다 포획된 마리수는 감소하였음
⇒ 전년에 과실 피해가 많았거나, 성페로몬트랩에 유인이 많이 된 과원은 등록 약제로방제하고, 열매솎기나 봉지씌우기를 할 때피해를 받은 신초나 어린 과실이 발견되면 즉시 제거하여 땅에 묻음",9호.txt
2025,9,25,2025-07-16,2025-07-31,과수,"응애류, 노린재류",예보,사과,"❍ (점박이응애) 7∼8월에 많이 발생하며 비가 적을 때 발생이 급증하기 때문에 잎 뒷면을 잘 관찰하여 발생 초기에 방제 필요
⇒ 등록된 약제를 이용 방제를 실시하고, 약제 살포시 약제저항성 회피를 위해 계통이 서로다른 약제를 교호살포하고 동일약제를 1회 이상 살포하지 않는 것이 좋음
❍ (노린재류) 갈색날개노린재, 썩덩나무노린재는 사과 흡즙 주요
노린재류는 성충으로 월동하다가 4∼5월부터 발생을 시작해7∼8월에 사과 과실에 집중적으로 가해⇒ 노린재는 한낮에는 그늘에 숨어 있어 육안으로 발생 예측이어려워 아침 또는 저녁에 관찰하거나 페로몬트랩을 이용하여 예찰⇒ 발생밀도 높을 경우 등록된 약제를 사용하여 방제",9호.txt
2025,9,26,2025-07-16,2025-07-31,과수,점무늬낙엽병,예보,,"❍ 과실에서 5~6월부터 과점으로 감염되기 시작하여 8~9월까지감염되며, 흑색의 작은 반점을 형성하여 병반은 크게 확대되지않고 과실이 성숙하면 병반 주변이 적자색으로 됨
❍ 과실의 감염은 7~8월에 가장 많이 일어남으로 겹무늬썩음병,갈색무늬병과 동시 방제하는 것이 효과적임",9호.txt
2025,9,27,2025-07-16,2025-07-31,과수,뽕나무깍지벌레(핵과류),예보,"매실,복숭아","❍ 다식성 해충으로 복숭아, 매실 등 핵과류에서 피해가 컸음. 약충과성충이 줄기, 잎, 과일에 부착하여 흡즙하여 피해를 주는데, 피해를받은 줄기와 잎은 낙엽이 빨리 지고 심하면 고사함.
❍ 2세대 뽕나무깍지벌레 방제적기는 부화 애벌레가 최초로 발생한 후15일정도가 지났을 때임(부화 애벌레가 깍지속에서 모두 나오고 먼저나온 애벌레가 깍지를 만들기 전)⇒ 금년도에는 7월 9일∼11일에 부화 애벌레가 발생하였으므로 방제적기는 7월 24일∼26일임
❍ 방제 적기를 벗어나 약제를 뿌리면 방제 효과가 낮아질 수 있으므로 적기방제 시기를 반드시 준수1개월 기상전망(7.22∼8.18)      (출처 : 국립농업과학원, 기상청)(기온) 1주, 2주, 3주, 4주는 평년보다 높겠음
(강수) 1주, 3주는 평년과 비슷하거나 많겠고, 2주, 4주는 평년과 비슷하겠음
❍ 1주(7.22∼28.) 기온은평년보다높겠고,강수량은평년과비슷하거나많겠음
❍ 2주(7.29.∼8.4.) 기온은평년보다높겠고,강수량은평년과비슷하겠음
❍ 3주(8.5.∼11.) 기온은평년보다높겠고,강수량은평년과비슷하거나많겠음
❍ 4주(8.12.∼.18.): 기온은평년보다높겠고,강수량은평년과비슷하겠음
농 업 지 대지역평균기온 강수량1주(7.22~7.28)2주(7.29~8.04)3주(8.4~8.11)4주(8.12~8.18)1주(7.22~7.28)2주(7.29~8.04)3주(8.4~8.11)4주(8.12~8.18)1.태 백 고 냉 대관령 조금높음높음 높음 높음 조금많음 비슷 조금많음 비슷2.태 백 준 고 냉인제,홍천,제천 조금높음높음 높음 높음 조금많음 비슷 조금많음 비슷3.소 백 산 간 충주,보은 높음 높음 높음 높음 조금많음 비슷 조금많음 비슷4.노 령 소 백 산 간임실 높음 높음 높음 높음 조금많음 비슷 조금많음 비슷5.영 남 내 륙 산 간추풍령,영주,문경 높음 높음 높음 높음 조금많음 비슷 조금많음 비슷6.중 북 부 내 륙춘천,양평 조금높음높음 높음 높음 조금많음 비슷 조금많음 비슷7.중 부 내 륙 원주,이천 조금높음높음 높음 높음 조금많음 비슷 조금많음 비슷8.소 백 서 부 내 륙청주,대전,금산 높음 높음 높음 높음 조금많음 비슷 조금많음 비슷9.노 령 동 서 내 륙정읍,남원,거창,산청 높음 높음 높음 높음 조금많음 비슷 조금많음 비슷10.호 남 내 륙광주,순천,장흥 높음 높음 높음 높음 비슷 비슷 조금많음 비슷11.영 남 분 지대구,의성,구미,영천 높음 높음 높음 높음 조금많음 비슷 조금많음 비슷12.영 남 내 륙진주,합천,밀양 높음 높음 높음 높음 비슷 비슷 조금많음 비슷13.중 서 부 평 야서울,인천,수원,서산,강화,천안,보령 조금높음높음 높음 높음 조금많음 비슷 조금많음 비슷14.차 령 남 부 평 야군산,전주,부여,부안 높음 높음 높음 높음 조금많음 비슷 조금많음 비슷15.남 서 해 안목포,완도,해남,고흥 높음 높음 높음 높음 비슷 비슷 조금많음 비슷16.남 부 해 안부산,통영,여수,거제,남해 높음 높음 높음 높음 비슷 비슷 조금많음 비슷17.동 해 안 북 부속초,강릉 높음 높음 높음 높음 조금많음 비슷 조금많음 비슷18.동 해 안 중 부울진,영덕 높음 높음 높음 높음 조금많음 비슷 조금많음 비슷19.동 해 안 남 부포항,울산 높음 높음 높음 높음 비슷 비슷 조금많음 비슷20.제 주 제주,성산,서귀포 높음 높음 높음 높음 비슷 비슷 조금많음 비슷평균 높음 높음 높음 높음 조금많음 비슷 조금많음 비슷10일(2024. 7.14.∼7.21.) 예보(기상청,2024. 7.11., 06:00)<기상예보>
❍ (기온) 아침 기온은 21∼26℃, 낮 기온은 27∼33℃로 평년(최저기온21∼24℃, 최고기온27∼32℃)과비슷하겠음
❍ (강수) 14일제주도에비,14일오후남부지방에는소나기가내리는곳이있겠고, 15일은남부지방과제주도에, 16일∼19일은전국(제주도제외), 20일∼21일은중부지방과전북,경북권에비가오겠음
<날씨><최저/최고기온>최근 경과기상과 향후 기상전망<기온><강수량>연도별 평균기온
❍ ’24년1월부터7월2주차까지의평균기온은12.2℃로,평년(10.6)보다1.6℃높았음",9호.txt
2025,9,28,2025-07-16,2025-07-31,과수,뽕나무깍지벌레(핵과류),예보,,"-’24년7월2주차의평균기온은25.6℃로,평년(23.6)보다2.0℃높았음
기 간 1월 2월 3월 4월 5월6월 7월1.1~7.10 7.4~7.101주(6.27~7.3)2주(7.4~7.10)평균(℃)편차(℃)평균(℃)편차(℃)평균(℃)편차(℃)2024년 1.4 4.5 7.2 15.1 17.8 22.7 24.2 25.6 12.2 1.6 25.6 2.0 1.42023년 0.0 3.0 9.7 13.3 18.0 22.4 24.9 24.7 11.9 1.3 24.7 1.1 0.72022년-0.2 0.4 8.0 13.9 18.2 22.5 26.7 27.2 11.4 0.8 27.2 3.6 3.22021년-0.4 3.9 9.0 13.4 16.9 21.9 23.5 24.1 11.5 0.9 24.1 0.5 -0.12020년 3.0 3.8 8.0 10.9 17.7 22.7 21.9 23.1 11.6 1.0 23.1 -0.5 0.82019년 0.5 2.6 7.6 12.0 18.5 21.2 23.1 23.3 11.1 0.5 23.3 -0.3 0.22018년-1.8 0.0 8.2 13.3 17.8 22.1 23.6 22.5 10.7 0.1 22.5 -1.1 1.72017년 0.3 1.8 6.4 13.8 18.6 21.7 24.6 25.9 11.3 0.7 25.9 2.3 1.12016년-0.6 1.9 7.3 13.8 18.5 22.2 23.0 24.7 11.2 0.6 24.7 1.1 0.92015년 0.8 2.2 6.8 12.7 18.5 21.5 22.1 21.9 11.1 0.5 21.9 -1.7 -0.62014년 0.7 2.7 7.7 13.3 18.3 21.7 23.3 24.1 11.5 0.9 24.1 0.5 -0.210년평균 0.2 2.2 7.9 13.0 18.1 22.0 23.7 24.2 11.3 0.7 24.2 0.6 0.8평 년-0.4 1.7 6.5 12.3 17.5 21.5 23.0 23.6 10.6 0.0 23.6 0.0 0.0* 10년 평균 :최근 10년(2014∼2023년)동안의 평균기온의 평균** 평년 :30년(1991～2020년)동안의 평균기온의 평균*** 편차 :평년의 평균기온에 대한 연도별 평균기온의 차이연도별 강수량
❍ ’24년1월부터7월 2주차까지의강수량의합은749.1㎜로, 평년(588.3)보다
160.8㎜많았음(평년대비127.3%)",9호.txt
2025,9,29,2025-07-16,2025-07-31,과수,뽕나무깍지벌레(핵과류),예보,벼,"- ’24년7월2주차의강수량의합은130.2㎜로,평년(72.0)보다58.2㎜많았음(평년대비180.8%)기 간 1월 2월 3월 4월 5월6월 7월1.1~7.10 7.4~7.101주(6.27~7.3)2주(7.4~7.10)합계(㎜)대비(%)합계(㎜)대비(%)합계(㎜)대비(%)2024년 36.9 111.4 68.8 87.9 118.4147.5127.3130.2749.1 127.3 130.2 180.8 93.32023년 44.9 20.0 30.5 70.2 207.2210.1112.3107.2694.4 118.0 107.2 148.9 147.12022년 5.0 5.5 89.5 62.7 6.3 181.9 66.8 16.1 369.2 62.8 16.1 22.4 116.42021년 25.4 23.4 112.1 77.5 138.9 94.7 49.8 162.2676.9 115.1 162.2 225.3 27.32020년 85.7 62.1 34.4 44.0 107.4194.3 75.6 46.1 582.8 99.1 46.1 64.0 57.62019년 9.7 34.5 42.6 80.8 65.0 151.5 46.6 24.8 409.4 69.6 24.8 34.4 82.62018년 25.5 36.6 116.2140.3135.2147.2217.4 42.4 764.9 130.0 42.4 58.9 55.62017년 18.6 36.0 26.1 72.8 31.0 63.1 66.9 103.4405.0 68.8 103.4 143.6 49.52016년 32.9 50.6 62.8 163.2103.4 76.4 105.1116.0703.7 119.6 116.0 161.1 95.62015년 31.9 31.0 47.8 135.6 70.1 103.3 17.7 62.8 483.8 82.2 62.8 87.2 128.12014년 14.0 34.8 82.3 89.3 84.2 85.7 35.7 31.1 455.2 77.4 31.1 43.2 48.710년평균 29.4 33.5 64.4 93.6 94.9 130.8 79.4 71.2 554.5 94.3 71.2 98.9 80.8평 년 30.6 37.5 63.0 90.7 108.0151.4 74.6 72.0 588.3 100.0 72.0 100.0 100.0* 10년 평균 :최근 10년(2014∼2023년)동안의 강수량의 평균** 평년 :30년(1991～2020년)동안의 강수량의 평균*** 대비 :평년의 강수량에 대한 연도별 강수량의 비율카드뉴스 과수 탄저병 예방 및 관리 요령리플릿 벼 먹노린재 피해예방 방법리플릿 콩 병해충 관리기술리플릿 여름철 폭염(고온) 대비 농작물 관리요령리플릿 여 름 철  집 중 호 우·태 풍  대 비  농 작 물  및  농 업 시 설 물  안 전 관 리 요 령리플릿 농업인 온열질환 예방 가이드",9호.txt
2026,10,1,2026-08-01,2026-08-15,식량작물,이삭도열병,주의보,,"❍ 다습한 환경 및 일조부족으로 잎도열병 발생하였으며, 전남 보성,경남 고성, 통영 일부지역 발생비율 높아 출수기 전후 약제 살포 권장
❍ 최근 출수기 이후 저온·다습한 환경이 조성되므로, 출수 전 잎도열병이 발생한 지역에서는 특히 이삭도열병 발생이 우려됨. 도열병에약한 품종과 잎색이 짙고 잎이 늘어진 논 등에서 발생이 늘어날것으로 우려되어 주의가 필요
- 이삭도열병은 이삭 패는 시기에 병원균이 침입하여 병이 발생한후에는 방제 효과가 높지 않아 피해가 크므로 예방 위주로 출수전에 방제",10호.txt
2026,10,2,2026-08-01,2026-08-15,식량작물,잎집무늬마름병,예보,,"❍ 고온 다습한 환경과 조기이앙, 밀식재배, 비료를 많이 줄 때 발생이많이 되고 곰팡이 병균에 의해 잎집에서 반점 또는 얼룩무늬 증상이나타나며 최고 50% 감수됨
❍ 장마 이후에 온·습도가 높아 병 발생에 유리한 환경이 지속되면발생이 많이 늘어나고 병무늬가 윗 잎집으로 번질 가능성 높음
⇒ 30℃ 전후의 다습한 환경이 병 발생에 최적 조건으로 잎집,잎에 증상이 생기며 심하면 식물체 전체가 고사하므로 발병초기 빠른 방제 중요(병든 줄기 20% 이상이면 등록약제 살포)",10호.txt
2026,10,3,2026-08-01,2026-08-15,식량작물,흰잎마름병,예보,,"❍ 물을 통하여 전염되는 세균병으로 고온, 집중호우로 인한 침수,강풍 및 논둑이나 수로에 겨풀‧줄풀 등 기주식물 많을 때 발생이증가되고 발병 후는 방제가 어려움
- 주로 배수가 불량하고 고온다습 조건에서 발생우려 높음. 특히 침수시 감염 우려가 매우 높아 침수가 되지 않도록 하고 침수시 바로퇴수하고 맑은 물로 씻어 주고 이삭도열병, 잎집무늬마름병 발생우려가 크므로 물이 빠진 후 등록 약제를 살포하여 동시 방제 실시",10호.txt
2026,10,4,2026-08-01,2026-08-15,식량작물,세균벼알마름병,예보,벼,"❍ 감염 초기에 왕겨 부분이갈색으로 변하기 시작하여점차 전체가 갈색으로 변하고 낟알이 차지 않고 쭉정이가 되므로 이삭이 꼿꼿하게 서 있음
❍ 특히, 발병 최적 온도는 30 ~ 35℃(최저 10, 최고 43℃), 습도 90% 이상(벼알이 4시간 이상 젖으면 발병조건 충족)으로 습하고 고온일 때발병이 늘어남
❍ NCPMS 발생 예측 결과 경기, 충남, 전남 및 인천 등 서해안지역에서 발생 위험이 높은 것으로 예측
❍ 세균벼알마름병은 발병 후 방제는 효과가 낮으므로 발생 위험이높은 지역은 사전 예방적 방제실시 필요",10호.txt
2026,10,5,2026-08-01,2026-08-15,식량작물,혹명나방,예보,벼,"❍ 경북 일부지역(영덕, 울진)에서 혹명나방 발생하여 방제시기를8월 5일 전후로 예측하였으며, 유충시기 약제살포 권장
❍ 6∼9월 중국 남부지방에서 기류를 타고 날아와 발생하며 애벌레가벼 잎을 긴 원통형으로 말고 그 속에서 잎을 갉아 먹는 피해를 줌⇒ 막대기로 벼 포기를 쳐서 나방이 나는 모습을 보거나 유충 피해인벼 잎이 세로로 말리는 증상이 1~2개 정도 보이면 방제",10호.txt
2026,10,6,2026-08-01,2026-08-15,식량작물,벼멸구·흰등멸구,주의보,벼,"❍ 벼멸구는 전남 강진, 고흥, 장흥, 해남. 경남 고성. 통영, 사천에서약충 및 성충 발생이 확인되었으며, 고온시 8~9월 밀도 증가우려되어 상습 발생 지역 중심으로 지속적인 예찰 필요
❍ 중국 남부지방과 동남아시아에서 6~7월 남서풍을 타고 비래하는해충으로 장마철 비래에 적합한 기류가 형성될 경우 국내로 비래⇒ 비래해충은 초기방제가 중요하므로 볏대 아래쪽을 잘 살펴보아발생이 많으면 적용약제로 방제⇒ 장마 이후 고온이 지속되면 세대가 짧아지고 밀도가 높아질것으로 예상되므로 방제를 요하는 필지는 신속한 방제 필요
〈방제를요하는벼멸구,흰등멸구밀도기준(마리/20주)〉구 분 ～8월상순 8월중순 8월하순 9월상중순벼멸구조생종 20 100 400 -중만생종 15 50(단시형20)100(단시형40) 400흰등멸구 100 400 400 400",10호.txt
2026,10,7,2026-08-01,2026-08-15,식량작물,열대거세미나방,예보,"벼,수수,옥수수","❍ 열대거세미나방은 아메리카 대륙의 열대·아열대 지역이 원산으로아프리카(‘16), 동남아(’18), 중국(‘19.1), 한국(’19.6) 등으로 확산
❍ 매년 비래하여 유충 시기에 식물의 잎과 줄기 등을 갉아먹어 피해를주고, 기주식물은 80여 작물(옥수수, 수수, 벼 등 주로 볏과)로 알려짐*’25년대비약14일정도빠르게국내비래확인(제주,한림읍/’26.4.7.)*연도별발생:(’22)76개체/1.8ha →(’23)87/4.4 →(’24)478/2.1 →(’25)33/0.1⇒ 약제 방제는 발생 초기에 품목별로 등록된 약제를 살포하도록 함
< 열대거세미나방 형태 및 피해 ><성충 (사진 출처: Goergen 등), 유충(사진 출처: FAO)>",10호.txt
2026,10,8,2026-08-01,2026-08-15,식량작물,이화명나방,예보,벼,"❍ 이화명나방은 풀명나방과에 속하는 벼의 주요 해충으로, 벼의 어린잎에 200~300개 가량의 알을 낳으며, 알에서 깨어난 유충은 초기에는 잎을 갉아 먹고 점차 줄기 속으로 파고 들어가 피해를 줌
❍ 논에 모를 내는 봄철(1화기, 성충), 벼의 출수가 진행되는 늦여름(2화기) 이렇게 연중 2회 발생하고 수확기 백수 피해를 줌⇒ 올해는 전북 군산, 부안에서 피해 발생이 확인되었으며, 1화기방제는 6월 초중순 완료하였고, 2화기 방제시기는 전북 군산,충남 서산, 보령은 8월 6~7일 정도 예측됨
1화기 성충(못자리에 산란)알덩어리(못자리에산란된알)2화기 유충 피해(벼 줄기 속 섭식)2화기 유충 피해(벼수확기백수피해)",10호.txt
2026,10,9,2026-08-01,2026-08-15,식량작물,먹노린재,예보,벼,"❍ 연 1회 발생하는 먹노린재는 인근 야산에서 월동 성충이 6월에 논에들어와 알을 낳아 7∼8월에 약충과 성충이 벼 줄기에 구침을 박고흡즙하여 심하면 수확량에 큰 영향을 주는 벼의 주요 해충임
❍ 주로 논 가장자리에 피해증상이 많이 나타나는데 생육초기에 심하게 피해를 받으면 초장이 짧아지고 이삭이 나오지 않을 수 있음
⇒ 방제적기는 성충의 이동 최성기인 6월 하순∼7월 상순으로 주변논두렁이나 배수로 등 서식처가 될 만한 곳까지 약제를 살포하면방제효과를 높일 수 있음
⇒ 출수 전후 새로운 성충이 주당 5마리 이상 보일 때 약제 추가 살포",10호.txt
2026,10,10,2026-08-01,2026-08-15,채소,바이러스‧역병‧탄저병(고추),주의보,"고추,방울토마토,오이","❍ 최근 고온으로 인해 진딧물, 총채벌레의 밀도가 높아져서 이들매개충들이 전파하는 바이러스병 확산이 우려됨
⇒ 오이모자이크바이러스(CMV)를 매개하는 진딧물과 토마토반점위조바이러스(TSWV)의 매개충인 총채벌레의 효율적인 방제는 기작이다른 등록 약제를 선택하여 방제⇒ 바이러스병에 감염되면 방제가 어려우므로 예방 위주로 방제 철저⇒ 바이러스병이 이미 진전된 포장에서는 고추의 주간 부위에서자란 세력이 강한 측지 관리로 고추 수량 확보
❍ 역병은 비가 내린 후 다습한 환경조건에서 발생이 증가하며 토양에있는 병원균이 물을 통하여 전염되는 병으로 일단 발병하면 급속하게 번지고 방제 효과가 낮음
⇒ 고추 관찰포 조사결과 피해주율은 전년대비 증가하는 추세이며,전북, 전남에서 증가하여 주의 필요
⇒ 병 발생이 많았던 곳은 두둑을 높여 준 후 배수로를 정비하고병든 포기 발견 즉시 제거하여 전염원을 제거하고 비오기 전후등록 약제를 주기적으로 살포
❍ 고추 탄저병은 지난해 버려진 병든 잔재물이 가장 중요한 1차전염원이고, 온·습도가 높은 장마철 비가 잦은 환경에서 감염위험이 높음
❍ 고추 관찰포 조사 결과 피해과율은 전년대비 증가하는 추세이며,강원, 충북, 충남, 전북, 전남, 경북에서 증가하여 주의 필요
⇒ 병든 과실을 그냥 두거나 이랑사이에 버리면 방제효과는 50%이상 감소하므로 병든 과실은 발견 즉시 매립 또는 소각하는것이 효과적이며, 재식거리를 넓히고 두둑을 높게 하고 물 빠짐을 좋게 하여 발병에 좋은 환경을 차단함
⇒ 국가농작물병해충관리시스템(http://ncpms.rda.go.kr)에서 고추역병과 탄저병 최초 감염위험시기를 알려주는 문자서비스를 활용하여 병징이 없더라도 감염 시기 알림 후 3일 이내에 예방적으로 침투이행성 약제 처리",10호.txt
2026,10,11,2026-08-01,2026-08-15,채소,"담배나방(고추 등), 파밤나방(고추, 콩 등)",주의보,고추,"❍ 장마가 끝나고 기온이 높아지면 담배나방, 파밤나방 등의 발생이증가할 우려가 있음
⇒ 나방류 유충은 3령 이상 자라면 약제 방제 효과가 떨어지므로 새잎을 중심으로 자세히 살펴보고 어린 유충을 발견하는즉시 등록 약제로 방제
❍ 고추 관찰포 조사 결과 담배나방 피해과율은 전년대비 증가하는추세이며, 충북, 충남, 경남에서 증가하여 주의 필요하며, 8월 상·중순 유충 섭식량 증가로 과실피해 확대 우려⇒ 피해과실은 제거하며, 1~2령 어린 유충기(8월 상순)에 등록된약제로 살포 권장",10호.txt
2026,10,12,2026-08-01,2026-08-15,채소,"무·배추 무름병, 뿌리혹병",예보,"무,배추","❍ (무름병) 세균에 의한 병으로 온도가 높을 때 많이 발생하며땅과 맞닿은 부분의 잎자루와 줄기부터 발병해서 결구 속까지무르고 부패하게 됨
❍ 장마 이후 기온이 올라가고 습도가 높아지면 발생이 증가할가능성이 높음
⇒ 병원균은 건조에 약하므로 배수와 통풍이 잘 되도록 관리하며약제 방제 시 등록 약제를 본잎이 5∼6매 이후에 7∼10일 간격으로 살포하고 땅 닿는 부분까지 약제가 잘 묻도록 처리
❍ (뿌리혹병) 뿌리에 크고 작은 혹이 생기면서 지상부가 말라죽는병으로 주로 사전에 방제를 철저하게 하지 않은 밭에서 발생⇒ 병원균은 물이나 흙을 통하여 이동하므로 물 빠짐이 좋도록배수로를 잘 정비하고 병 발생 후에는 방제가 어려우므로 병든포기는 발견 즉시 제거, 정식 전 플루아지남, 플루설파마이드등의 약제 처리(농약안전정보시스템 등록약제 참조)",10호.txt
2026,10,13,2026-08-01,2026-08-15,채소,씨스트선충류,예보,배추,"❍ 여름철 고랭지배추 정식이 시작되어, 씨스트선충류에 의한 농작물피해가 증가할 것으로 예상됨
- 씨스트선충류는 십자화과 작물의 뿌리에 기생하는데, 작물의 수분 및영양분의 흡수를 저해하는 등 생육을 방해하여 배추의 경우 크기가작고 결구가 되지 않는 피해 증가⇒ 발생포장에 훈증성 약제 처리 후 비닐피복 또는 답압하고, 4주후피복을 제거하여 가스를 휘발시켜 약해를 방지해야 함
⇒ 씨스트선충류가 배추 뿌리를 가해하지 않도록 배추 정식 전에비훈증성 약제를 처리하고 로터리 작업 실시",10호.txt
2026,10,14,2026-08-01,2026-08-15,채소,노균병(여름배추),예보,배추,"❍ 강원 평창군 대관령면에서 장마 이후 저온 다습한 기후로 노균병발생 증가하여 주의 필요
❍ 노균병은 곰팡이(난균류)에 의한 병으로 저온다습한 시기에 아래쪽잎부터 발생하며, 고랭지에서 장마가 찾아오면 온도가 일시적으로떨어지는 때에 빗물이나 바람을 통해 전파됨
⇒ 방제 시기를 놓치면 전체 포장으로 전파되어 배추가 말라죽으므로 장마철이 오기 전 만코제브 등 보호제를 살포하고, 발생초기 잎 뒷면에 흰색의 가루같은 포자낭이 관찰되면 메타락실·디메토모르프 등 등록된 살균제를 이용하여 방제(농약안전정보시스템 등록약제 참조)",10호.txt
2026,10,15,2026-08-01,2026-08-15,채소,반쪽시들음병(여름배추),주의보,"감자,당근,더덕,마늘,방울토마토,배추,셀러리,수박,양배추,옥수수","❍ 강원도 태백 여름배추에 반쪽시들음병 발생 확인, 병원균이 토양을 따라 빠르게 전파되므로 주의 필요, 농기계·농자재 등 사용후 다른 포장에 투입 전 소독 철저
❍ 반쪽시들음병은 토양을 통해 전파되는 곰팡이병으로 장마가 끝난 후기온이 상승하여 고온다습한 시기에 발생함. 배추 지제부 쪽부터탈색되어 줄기 도관부(물관부)를 따라 병징이 확대되며, 병이 진행됨에 따라 잎이 황화되고 시들어 고사함
⇒ 배추 연작을 피하고, 비기주작물로 돌려짓기 권고, 농촌진흥청에서 개발된 생물방제제(미생물퇴비) 사용 시 증상 경감 가능,작년 피해가 심했던 밭은 배추 정식 전 토양훈증제를 먼저 처리하고 미생물퇴비 처리하면 효과 증대※ 기주작물 : 배추,감자, 무, 양배추,가지, 토마토,수박, 콩 등※ 비기주작물 :당근, 옥수수,산마늘, 셀러리, 더덕, 눈개승마 등",10호.txt
2026,10,16,2026-08-01,2026-08-15,채소,검은썩음병(여름배추),주의보,"배추,브로콜리,양배추","❍ 강원도 정선, 태백 일대 여름배추 재배지에서 장마 이후 토양 침수로 인해 검은썩음병 발생 증가하여 주의 필요
❍ 검은썩음병은 세균에 의한 병으로, 발생 초기에 세균이 잎 뒷면기공으로 침투하여 잎 가장자리에 V자로 파고 들어가는 황화된병반이 관찰되며, 병이 진행되면 배추 중륵부 도관까지 전이되어검은색으로 변하고 썩는 증상을 일으키는 병⇒ 고랭지에서 장마가 찾아오는 7월 중순∼7월 말에 잎에 맺힌물방울 등으로 세균이 퍼져 발생 가능, 발생 초기에 병든 개체를제거하고 필요시 항생제 등으로 방제※ 기주식물 : 배추,양배추, 브로콜리, 무, 케일 등 배추과 작물",10호.txt
2026,10,17,2026-08-01,2026-08-15,채소,그루썩음병(여름배추),예보,배추,"❍ 고랭지에서 8월 초중순 온도가 떨어지고 비가 오는 저온다습한 시기에 여름배추에 그루썩음병 발생 가능, 토양 침수 시 심화
❍ 그루썩음병은 난균류(Pythium)에 의한 병으로, 병원균은 주로 토양내에서 물을 따라 전파, 지제부가 수침상으로 갈변하며 썩으나,무름병과는 다르게 부패하는 냄새가 나지 않음
⇒ 배추 육묘 시 상토 과습 방지, 토양 배수 철저히 관리, 정식 전아미설브롬 처리 및 발병 초기 프로파모카브하이드로클로라이드를 경엽처리하여 방제(농약안전정보시스템 등록약제 참조)",10호.txt
2026,10,18,2026-08-01,2026-08-15,채소,배추좀나방(여름배추),예보,배추,"❍ 배추좀나방은 주로 유충이 피해를 주며 초기에는 엽육 속으로 굴을파고 들어가 표피만 남기거나, 잎 뒷면에서 엽육을 갉아 먹어 흰색의 표피를 남김. 피해가 심하면 구멍을 뚫고 엽맥만 남기며, 잎전체를 먹어 치우기도 함
⇒ 고랭지지역에서는 평야지보다 늦은 8월 하순∼9월 상순에발생최성기를 보임. 발육기간이 짧고 다양한 계통의 살충제에저항성을 가지고 있어 방제가 어려우므로 계통이 다른 농약을교대로 사용해야 효과가 높음",10호.txt
2026,10,19,2026-08-01,2026-08-15,채소,토마토뿔나방,예보,방울토마토,"❍ 여름철 기온 상승으로 토마토뿔나방 개체 수가 급증함에 따라 시설토마토 피해가 우려되어 철저한 방제 필요
- 토마토뿔나방은 유충이 주로 토마토 잎에 구멍을 뚫고 들어가 내부조직을넓게 갉아 먹으며 과실 속으로도 파고 들어가 피해를 입힘⇒ 발생포장 전체에 등록 농약을 약액이 작물에 충분히 묻을 수있도록 살포하고, 2회 이상 약제살포 시 작용기작이 다른 약제를교호 살포할 것을 권장함, 친환경 재배농가의 경우 교미교란제를정식 초기에 설치하고 유기농업자재를 충분히 살포해야 함",10호.txt
2026,10,20,2026-08-01,2026-08-15,채소,바이러스병(여름배추),예보,배추,"❍ 최근 배추에서는 TuMV·RMV 등과 함께 BrYV와 같은 신규 바이러스 발생이 증가하고 있으며, 기존 주요 바이러스였던 CMV는 감소하는 추세
❍ 전 생육기간에 걸쳐 매개충(진딧물류) 발생과 바이러스병 확산이밀접한 상관관계를 보임. 특히 장마 이후 기온이 상승하고 습도가 높아지는 시기에 매개충 밀도가 급증하여 바이러스의 광범위한 확산이 우려됨. 감염 후 치료가 매우 어려우므로, 발병 전 매개충 방제를 통한 선제적 예방 관리가 필수적임.
⇒ 매개충 철저 방제: 진딧물 등 매개충 밀도 조절을 위하여 기작이 다른 등록 약제를 선택하여 적기에 살포⇒ 포장 위생 관리 강화: 바이러스 감염 의심주는 2차 전염 확산을 방지하기 위해 즉시 제거 후 소각 등 폐기 처리",10호.txt
2026,10,21,2026-08-01,2026-08-15,과수,탄저병,주의보,"복숭아,사과,포도","❍ 4권역(강원, 전라, 충청, 경상)에 대한 대학 협업 4차 예찰(7.9~7.23)결과 복숭아 탄저병은 경상권에서 1% 내외 발생 하여 주의 필요
❍ 사과, 복숭아, 포도 등에 발생하는 탄저병은 주요 관리 과수병으로병원균은 주로 습기가 많은 기후조건과 25℃ 전후 온도에서 감염이잘 이루어지므로 장마기 이후에 주의가 필요함
❍ 탄저병에 감염된 과실은 초기에 검정색 작은 반점이 껍질에 나타나며, 병이 커질수록 과실 표면이 움푹 들어가면서 과실 내부가갈색으로 변하면서 과실 표면에 많은 분생포자가 생겨 주변 건전한 과실을 감염. 특히 장마기나 바람이 많이 부는 날씨에는 분생포자들이 이동되는 시기이므로 철저한 관리가 필요
⇒ 지난해에 탄저병이 많이 발생했던 농가는 과원 내에 탄저병균이남아 있을 수 있으므로 탄저병균의 밀도를 줄이기 위해 예방적으로 적용 살균제를 살포⇒ 또한 탄저병은 습한 환경조건에서 잘 발생하므로 과원 내 통풍이잘 되게 하고 물 빠짐이 잘 되도록 관리",10호.txt
2026,10,22,2026-08-01,2026-08-15,과수,과수화상병,주의보,사과,"❍ (과수화상병) 세균에 의해 사과, 배나무의 꽃, 잎, 열매, 가지가불에 탄 것과 같이 검게 변하고 서서히 말라죽게 되는데 전염성이높아 사전예방을 위한 사전방제와 과원 및 농자재 관리가 필수⇒ 한번 걸리면 방제가 불가능하기 때문에 예방을 위하여 과수원을청결하게 관리하고 농작업을 하는 사람의 과수원 출입 시 사람과작업도구 등을 수시로 소독⇒ 의심증상 발견 시에는 전국 대표전화(1833-8572) 또는 가까운농업기술센터·농업기술원에 즉시 신고
❍ (과수가지검은마름병) 과수화상병과 증상이 비슷하여 육안으로는구분이 불가하며, 발생 시기와 전파경로, 피해증상이 유사함",10호.txt
2026,10,23,2026-08-01,2026-08-15,과수,사과 갈색무늬병,주의보,사과,"❍ 4권역(강원, 전라, 충청, 경상)에 대한 대학 협업 4차 예찰(7.9~7.23)결과 사과 갈색무늬병은 전라권에서 3.2%, 충청권에서 1.2% 발생하였으며, 전년대비 발생은 비슷한 수준
❍ 사과 갈색무늬병은 포자의 공기 전염에 의해발생되는데 포자의 비산은 7월 이후에 증가하여8월에 가장 많은 양이 비산됨.
⇒ 8월 까지 강우 전에 정기적으로 적용약제를수관 내부까지 골고루 묻도록 충분한 양을살포하여야 함",10호.txt
2026,10,24,2026-08-01,2026-08-15,과수,점무늬낙엽병,예보,사과,"❍ 사과 관찰포 조사 결과 전년대비 피해잎율은 증가하는 추세이며,경기, 강원, 충북, 충남, 전남, 경북에서 발생 증가하여 주의 필요
❍ 4권역(강원, 전라, 충청, 경상)에 대한 대학 협업 4차 예찰(6.26~7.8)결과 점무늬낙엽병은 강원권 2.8%, 전라권 0.5% 발생 하였음
❍ 과실에서 5~6월부터 과점으로 감염되기 시작하여 8~9월까지감염되며, 흑색의 작은 반점을 형성하여 병반은 크게 확대되지않고 과실이 성숙하면 병반 주변이 적자색으로 됨
❍ 과실의 감염은 7~8월에 가장 많이 일어남으로 겹무늬썩음병 ,갈색무늬병과 동시 방제하는 것이 효과적임",10호.txt
2026,10,25,2026-08-01,2026-08-15,과수,복숭아순나방,주의보,"복숭아,사과","❍ 사과, 배 관찰포에서 성페로몬트랩 조사 결과 전년대비 경기,사과(충북, 전북), 배(경기, 강원)에서 발생 증가하여 주의 필요
❍ 유충이 신초의 선단부로 먹어 들어가 피해받은 신초는 선단부가꺽여 말라 죽으며 즙액과 배설물을 남김
❍ 어린 과실의 경우 꽃받침 부분으로 침입하여 과심부를 섭식하고,성숙한 과실은 꽃받침 또는 과경 부근 과피 아래 과육을 섭식하며배설물을 남기는 점에서 복숭아심식나방과 구분됨
⇒ 전년에 과실 피해가 많았거나, 성페로몬 트랩에 유인이 많이 된과원은 등록 약제로 방제하고, 열매솎기나 봉지씌우기를 할 때피해를 받은 신초나 어린 과실이 발견되면 즉시 제거하여 땅에 묻음",10호.txt
2026,10,26,2026-08-01,2026-08-15,과수,복숭아심식나방,예보,"복숭아,사과","❍ 사과, 배 관찰포에서 성페로몬트랩 조사 결과 전년대비 경기,강원, 경북에서 발생 증가하여 주의 필요
❍ 부화한 유충이 뚫고 들어간 과실의 피해 구멍은 바늘로 찌른 정도로작으며 즙액이 나와 이슬방울처럼 맺혔다가 시간이 지나면서 흰가루처럼 말라 붙음
❍ 유충은 과심부까지 들어가 섭식하며, 과피 부분의 비교적 얕은부분을 먹어 그 흔적이 착색이 되며, 노숙유충이 되면 과실표면에1~2mm의 구멍을 남기고 탈출하며 겉으로 배설물을 배출하지 않음
⇒ 전년에 과실 피해가 많았거나, 성페로몬 트랩에 유인이 많이 된과원은 등록 약제로 방제하고, 열매솎기나 봉지씌우기를 할 때피해를 받은 신초나 어린 과실이 발견되면 즉시 제거하여 땅에 묻음",10호.txt
2026,10,27,2026-08-01,2026-08-15,과수,"갈색날개매미충, 미국선녀벌레, 꽃매미",주의보,"매실,복숭아,사과,포도","< 갈색날개매미충 >
❍ 5월초·중순에부화하여약충이되고,7월중순부터성충으로우화* (생활사) 5월 중·하순 월동알 부화 → 약충(1∼4령, 70일) → 성충(3개월)⇒ 갈색날개매미충을 효과적으로 방제하려면 갈색날개매미충 부화 후1~2주 사이에 애벌레(1~2령)가 붙어 있는 나무에 약제를 뿌리는것이 좋음. 2령이 지난 애벌레와 성충은 이동성이 크기 때문에방제 효과가 떨어짐⇒ 발생 정도에 따라 전용 약제를 1주일 간격으로 1~3회 살포*지역별‘공동방제의날’은시도별여건에따라탄력적으로운영약충 성충 집단 사과 어린 가지 산란 피해< 미국선녀벌레 >
❍ 미국선녀벌레는 연간 1세대 발생하며월동한 알은 5월 중·하순경에 부화하며,약충은 5령을 거쳐 성충이 되며, 성충은 7월에서 10월까지 발생함
⇒ 농약 살포시 적용약제를 어린 약충기나다발생기에 농약안전사용기준에 맞게 살포* 기주범위가넓으므로농경지뿐만아니라인근야산의나무들도동시에방제해야미국선녀벌레피해를효과적으로줄일수있음.
⇒ 천적인 선녀벌레집게벌을 방사하여 장기적으로 밀도 억제< 꽃매미 >
❍ 꽃매미는 연간 1세대 발생하고월동한 알은 5월 상·중순경에 부화하며 약충은 5령을 거쳐 성충이되고 성충은 7월에서 11월까지발생함
❍ 주로 포도, 사과, 배, 복숭아, 매실,가죽나무, 참죽나무 등을 가해하나, 포도속(포도, 머루) 작물을 특이적으로 선호함
❍ 약충과 성충이 집단적으로 즙을 빨아 먹어 나무 생육을 저하시키고그을음병 유발⇒ 월동알을 제거해 주는 것이 친환경적이며 발생을 줄이는 데에큰 효과가 있으므로 봄철에 약충으로 부화하기 전 과수원 및 인근야산의 나무 등에 있는 알 덩어리를 제거해 주고 약충이 깨어나오면 등록약제로 반드시 방제⇒ 시설재배지는 측창과 입구에 방충망을 설치하면 꽃매미의 침입과외부로의 확산을 막고, 방제 효과도 증대시킬 수 있음",10호.txt
2026,10,28,2026-08-01,2026-08-15,과수,"응애류, 노린재류",예보,사과,"❍ (점박이응애) 7∼8월에 많이 발생하며 비가 적을 때 발생이급증하기 때문에 잎 뒷면을 잘 관찰하여 발생 초기에 방제 필요
⇒ 등록된 약제를 이용하여 방제하고, 약제 살포시 약제저항성회피를 위해 계통이 서로 다른 약제를 교호살포하는 것이 좋음
❍ (노린재류) 사과 관찰포 트랩 조사 결과 전년대비 충북, 전북에서 발생 증가하여 주의 필요
❍ 과실의 표면에 앉아 구침을 찔러 흡즙하여 가해하고, 가해부위는 주로 과실의 윗부분, 옆면에 나타나며 피해과는 피해부위 가운데 구침 흔적이 있으며 과육이 코르크화 됨
❍ 유과기에 가해를 받은 경우 비대하지 못하고 낙과하는 경우가 많으며,과실 흡즙 구멍 주위로 함몰되는 현상을 보이고 심한 경우 열과 발생⇒ 유인트랩 설치하여 방제적기 판단 가능하며, 발생초기 등록약제로 방제1개월 기상전망(8.4.~8.31)  (출처 : 국립농업과학원, 기상청)(기온) 1주, 2주, 3주, 4주는 평년보다 높겠음
(강 수 량) 1주, 3주, 4주는 평년과 비슷하겠고, 2주는 평년과 비슷하거나 적겠음
❍ 1주(8.3~8.9): 기온은 평년보다 높겠고, 강수량은 평년과 비슷하겠음
❍ 2주(8.10~8.16): 기온은 평년 보다 높겠고, 강수량은 평년과 비슷하거나 적겠음
❍ 3주(8.17~8.23): 기온은 평년보다 높겠고, 강수량은 평년과 비슷하겠음
❍ 4주(8.24~8.30): 기온은 평년보다 높겠고, 강수량은 평년과 비슷하겠음
농업지대 지역 평균기온 강수량1주 2주 3주 4주 1주 2주 3주 4주(8.3~8.9) (8.10~8.16)(8.17~8.23)(8.24~8.30) (8.3~8.9) (8.10~8.16)(8.17~8.23)(8.24~8.30)1.태백고냉 대관령 높음 높음 높음 높음 비슷 조 금 적 음비슷 비슷2.태백준고냉 인제,홍천,제천 높음 높음 높음 높음 비슷 조 금 적 음비슷 비슷3.소백산간 충주,보은 높음 높음 높음 높음 비슷 조 금 적 음비슷 비슷4.노령소백산간 임실 높음 높음 높음 높음 조 금 적 음조 금 적 음비슷 비슷5.영남내륙산간 추풍령,영주,문경 높음 높음 높음 높음 비슷 조 금 적 음비슷 비슷6.중북부내륙 춘천,양평 높음 높음 높음 높음 비슷 조 금 적 음비슷 비슷7.중부내륙 원주,이천 높음 높음 높음 높음 비슷 조 금 적 음비슷 비슷8.소백서부내륙 청주,대전,금산 높음 높음 높음 높음 비슷 조 금 적 음비슷 비슷9.노령동서내륙 정읍,남원,거창,산청 높음 높음 높음 높음 조 금 적 음조 금 적 음비슷 비슷10.호남내륙 광주,순천,장흥 높음 높음 높음 높음 조 금 적 음적음 비슷 비슷11.영남분지 대구,의성,구미,영천 높음 높음 높음 높음 비슷 조 금 적 음비슷 비슷12.영남내륙 진주,합천,밀양 높음 높음 높음 높음 조 금 적 음적음 비슷 비슷13.중서부평야 서울,인천,수원,서산,강화,천안,보령 높음 높음 높음 높음 비슷 조 금 적 음비슷 비슷14.차 령 남 부 평 야군산,전주,부여,부안 높음 높음 높음 높음 조 금 적 음조 금 적 음비슷 비슷15.남서해안 목포,완도,해남,고흥 높음 높음 높음 높음 조 금 적 음적음 비슷 비슷16.남부해안 부 산,통 영,여 수,거 제,남 해높음 높음 높음 높음 조 금 적 음적음 비슷 비슷17.동해안북부 속초,강릉 높음 높음 높음 높음 비슷 조 금 적 음비슷 비슷18.동해안중부 울진,영덕 높음 높음 높음 높음 비슷 조 금 적 음비슷 비슷19.동해안남부 포항,울산 높음 높음 높음 높음 조 금 적 음적음 비슷 비슷20.제주 제주,성산,서귀포 높음 높음 높음 높음 조 금 적 음적음 비슷 비슷평균 높음 높음 높음 높음 비슷 조 금 적 음비슷 비슷10일(2026.07.27.~08.02.) 예보(기상청, 2026.07.23., 06:00)<기상예보>
❍ (기온) 아침 기온은 23~26℃, 낮 기온은 29~37℃로 평년(최저기온22~25 최고기온 29~33℃)과 비슷하거나 조금 높겠음
❍ (강수) 27일 수도권과 강원도에 비가 내리겠음
<날씨><최저/최고기온>최근 경과기상과 향후 기상전망[ 기온 ][ 강수량 ]연도별 평균기온",10호.txt
2026,10,29,2026-08-01,2026-08-15,과수,"응애류, 노린재류",예보,,"❍ ‘26년  1월 부 터  7월  4주 차 까 지 의  평 균 기 온 은  12.5℃로, 평 년(11.4)보 다  1.1℃  높 았 음
- ’26년 7월 4주차의 평균기온은 26.6℃로, 평년(25.1)보다 1.5℃ 높았음
기간 1월 2월 3월 4월 5월 6월7월 분석기간1.1~7.22 7.16~7.221주(6.25~7.1)2주(7.2~7.8)3주(7.9~7.15)4주(7.16~7.22)평균(℃)편차(℃)평균(℃)편차(℃)2026년 -1.0 3.2 7.7 14.0 18.7 22.3 22.9 24.9 27.5 26.6 12.5 1.1 26.6 1.52025년 0.4 0.0 7.9 13.2 16.9 23.0 25.5 28.3 25.9 25.3 12.1 0.7 25.3 0.22024년 1.4 4.5 7.2 15.1 17.8 22.7 23.5 25.7 24.6 26.4 13.0 1.6 26.4 1.32023년 0.0 3.0 9.7 13.3 18.0 22.4 24.2 24.8 25.2 25.1 12.6 1.2 25.1 0.02022년 -0.2 0.4 8.0 13.9 18.2 22.5 26.2 27.4 25.7 24.9 12.2 0.8 24.9 -0.22021년 -0.4 3.9 9.0 13.4 16.9 21.9 23.2 23.7 26.4 26.6 12.4 1.0 26.6 1.52020년 3.0 3.8 8.0 10.9 17.7 22.7 22.1 22.4 21.7 23.4 12.3 0.9 23.4 -1.72019년 0.5 2.6 7.6 12.0 18.5 21.2 22.9 23.7 22.7 24.8 11.9 0.5 24.8 -0.32018년 -1.8 0.0 8.2 13.3 17.8 22.1 23.7 23.0 25.9 28.4 11.7 0.3 28.4 3.32017년 0.3 1.8 6.4 13.8 18.6 21.7 23.7 25.6 26.5 27.4 12.2 0.8 27.4 2.32016년 -0.6 1.9 7.3 13.8 18.5 22.2 23.0 23.8 25.3 24.3 12.0 0.6 24.3 -0.810년평균 0.3 2.2 7.9 13.3 17.9 22.2 23.8 24.8 25.0 25.7 12.2 0.8 25.7 0.6평년 -0.4 1.7 6.5 12.3 17.5 21.5 22.7 23.5 24.1 25.1 11.4 0.0 25.1 0.0* 10년 평균 : 최근 10년(2015~2024년)동안의 평균기온의 평균** 평년 : 30년(1991～2020년)동안의 평균기온의 평균*** 편차 : 평년의 평균기온에 대한 연도별 평균기온의 차이연도별 강수량
❍ ‘26년 1월부터 7월 4주차까지의 강수량의 합은 620.9㎜로, 평년(703.4)보다
82.5㎜ 적었음(평년대비 88.3%)
- ’26년  7월  4주 차 의  강 수 량 의  합 은  72.0㎜로, 평 년(56.9)보 다  15.1㎜  많 았 음",10호.txt
2026,10,30,2026-08-01,2026-08-15,과수,"응애류, 노린재류",예보,,(평년대비 126.5%)기간 1월 2월 3월 4월 5월 6월7월 분석기간1.1~7.22 7.16~7.221주(6.25~7.1)2주(7.2~7.8)3주(7.9~7.15)4주(7.16~7.22)합계(㎜)대비(%)합계(㎜)대비(%)2026년 5.9 21.1 69.4 88.3 126.8 108.2 23.2 60.3 48.6 72.0 620.9 88.3 72.0 126.52025년 18.3 21.4 50.4 68.9 124.2 181.1 7.5 2.7 46.1 193.0 706.8 100.5193.0 3 3 9 .22024년 36.9 111.4 68.8 87.9 118.4 147.5 80.9 100.1 103.4 115.4 891.3 126.7115.4 2 0 2 .82023년 44.9 20.0 30.5 70.2 207.2 210.1 162.3 94.8 208.3 124.5 1 0 1 1 .1143.7124.5 2 1 8 .82022년 5.0 5.5 89.5 62.7 6.3 181.9 66.6 13.9 58.0 63.1 485.9 69.1 63.1 1 1 0 .92021년 25.4 23.4 112.1 77.5 138.9 94.7 13.7 192.8 17.4 15.3 697.8 99.2 15.3 26.92020년 85.7 62.1 34.4 44.0 107.4 194.3 75.0 16.1 162.0 47.3 755.4 107.4 47.3 83.12019년 9.7 34.5 42.6 80.8 65.0 151.5 84.3 1.7 47.2 125.7 559.1 79.5 125.7220.92018년 25.5 36.6 116.2 140.3 135.2 147.2 190.2 83.1 17.1 0.0 767.7 109.1 0.0 0.02017년 18.6 36.0 26.1 72.8 31.0 63.1 35.8 119.7 67.5 35.2 473.9 67.4 35.2 61.92016년 32.9 50.6 62.8 163.2 103.4 76.4 59.1 161.8 20.5 29.5 753.6 107.1 29.5 51.810년평균 30.3 40.2 63.3 86.8 103.7 144.8 77.5 78.7 74.8 74.9 710.3 101.0 74.9 131.6평년 30.3 37.2 62.7 90.5 107.7 151.0 69.9 72.4 83.1 56.9 703.4 100.0 56.9 100.0*10년평균:최근10년(2014∼2023년)동안의강수량의평균**평년:30년(1991～2020년)동안의강수량의평균***대비:평년의강수량에대한연도별강수량의비율,10호.txt
2026,11,1,2026-08-16,2026-08-31,식량작물,이삭도열병,주의보,벼,"❍ 벼 병해충 2차 합동예찰(8.3~7) 결과 충남, 전남, 경남 일부지역발생필지는 소폭 증가했으나 약제방제 및 고온으로 추가 확산은없으며. 향후 지속적인 모니터링을 통한 예찰 및 방제 철저
❍ 출수기(8월 중~하순) 이후 저온·다습한 환경이 조성되므로, 출수 전 잎도열병이 발생한 지역에서는 특히 이삭도열병 발생이 우려됨. 도열병에 약한 품종과 잎색이 짙고 잎이 늘어진 논 등에서 발생이 늘어날것으로 우려되어 주의가 필요
- 이삭도열병은 이삭 패는 시기에 병원균이 침입하여 병이 발생한후에는 방제 효과가 높지 않아 피해가 크므로 예방 위주로 출수전에 방제",11호.txt
2026,11,2,2026-08-16,2026-08-31,식량작물,잎집무늬마름병,예보,,"❍ 고온 다습한 환경과 조기이앙, 밀식재배, 비료를 많이 줄 때 발생이많고 곰팡이 병균에 의해 잎집에서 반점 또는 얼룩무늬 증상이 나타나며최고 50% 감수됨
❍ 장마 이후에 온·습도가 높아 병 발생에 유리한 환경이 지속되면 발생이 많이 늘어나고 병무늬가 윗 잎집으로 번질 가능성 높음
⇒ 30℃ 전후의 다습한 환경이 병 발생에 최적 조건으로 잎집,잎에 증상이 생기며 심하면 식물체 전체가 고사하므로 발병초기 빠른 방제 중요(병든 줄기 20% 이상이면 등록약제 살포)",11호.txt
2026,11,3,2026-08-16,2026-08-31,식량작물,흰잎마름병,예보,,"❍ 물을 통하여 전염되는 세균병으로 고온, 집중호우로 인한 침수, 강풍및 논둑이나 수로에 겨풀‧줄풀 등 기주식물 많을 때 발생이 증가되고발병 후는 방제가 어려움
- 주로 배수가 불량하고 고온다습 조건에서 발생우려 높음. 특히 침수시 감염 우려가 매우 높아 침수가 되지 않도록 하고 침수시 바로퇴수하고 맑은 물로 씻어 주고 이삭도열병, 잎집무늬마름병 발생우려가 크므로 물이 빠진 후 등록 약제를 살포하여 동시 방제 실시",11호.txt
2026,11,4,2026-08-16,2026-08-31,식량작물,세균벼알마름병,예보,벼,"❍ 감염 초기에 왕겨 부분이갈색으로 변하기 시작하여점차 전체가 갈색으로 변하고 낟알이 차지 않고 쭉정이가 되므로 이삭이 꼿꼿하게 서 있음
❍ 특히, 발병 최적 온도는 30 ~ 35℃(최저 10, 최고 43℃), 습도 90% 이상(벼알이 4시간 이상 젖으면 발병조건 충족)으로 습하고 고온일 때발병이 늘어남
❍ NCPMS 발생 예측 결과(8.12 기준) 경기, 충남, 전북, 전남 등서해안 지역에서 발생 위험이 높은 것으로 예측
❍ 세균벼알마름병은 발병 후 방제는 효과가 낮으므로 발생 위험이높은 지역은 사전 예방적 방제실시 필요",11호.txt
2026,11,5,2026-08-16,2026-08-31,식량작물,깨씨무늬병,예보,벼,"❍ 벼 병해충 2차 합동예찰(8.3~7) 결과 일부 필지에‘소’수준(병무늬면적률 1~5%)으로 발생이 미미하나 벼 출수 이후 생육 후기에양분이 불균형할 시 깨씨무늬병이 확산될 수 있으므로 향후 지속적인 예찰과 병 발생 초기에 신속 방제가 필요함
❍ 양분이 유실되기 쉬운 사질토나 장기간 벼를 재배한 노후화답등 땅심이 낮은 논에서 발생이 우려됨
❍ 잎에 형성된 병원균이 진전되어 이삭까지 감염시키는 병으로수확량 감소·미질 저하 등 피해 유발
❍ 깨씨무늬병이 발생한 포장은 예방을 위해 병든 볏짚을 논에 방치하는 것은 지양하고 논에 환원 시 깊이 경운을 하고 습윤 또는 담수상태 유지, 사료용 볏짚으로 사용할 경우 「사료관리법」 및「사료 등의 기준 및 규격」에 따른 잔류농약 허용기준에 적합하게 사용",11호.txt
2026,11,6,2026-08-16,2026-08-31,식량작물,혹명나방,주의보,벼,"❍ 벼 병해충 2차 합동예찰(8.3~7) 결과 충남, 전남, 경남 등 서남해안중심으로 발생이 관찰되고 있어 철저한 예찰과 방제 필요
❍ 6∼9월 중국 남부지방에서 기류를 타고 날아와 발생하며 애벌레가 벼잎을 긴 원통형으로 말고 그 속에서 잎을 갉아 먹는 피해를 줌⇒ 막대기로 벼 포기를 쳐서 나방이 나는 모습을 보거나 유충 피해인벼 잎이 세로로 말리는 증상이 1~2개 정도 보이면 방제",11호.txt
2026,11,7,2026-08-16,2026-08-31,식량작물,벼멸구·흰등멸구,주의보,벼,"❍ 벼 병해충 2차 합동예찰(8.3~7) 결과 충남 보령·서천, 전북 군산·고창,전남 고흥·장흥·강진·해남, 경남 하동·남해·통영 등 일부 지역에서약충, 성충이 혼재되어 발생하였고, 고온시 8~9월 밀도 증가 우려되어상습 발생지역 중심으로 지속적인 예찰 필요
❍ 중국 남부지방과 동남아시아에서 6~7월 남서풍을 타고 비래하는 해충으로 장마철 비래에 적합한 기류가 형성될 경우 국내로 비래⇒ 비래해충은 초기방제가 중요하므로 볏대 아래쪽을 잘 살펴보아발생이 많으면 적용약제로 방제⇒ 장마 이후 고온이 지속되면 세대가 짧아지고 밀도가 높아질 것으로 예상되므로 방제를 요하는 필지는 신속한 방제 필요
〈방제를요하는벼멸구,흰등멸구밀도기준(마리/20주)〉구 분 ～8월상순 8월중순 8월하순 9월상중순벼멸구조생종 20 100 400 -중만생종 15 50(단시형20)100(단시형40) 400흰등멸구 100 400 400 400",11호.txt
2026,11,8,2026-08-16,2026-08-31,식량작물,열대거세미나방,예보,"벼,수수,옥수수","❍ 전남 여수, 경남 고성, 제주도, 울산 등 서남해안 지역은 발견빈도가 증가하고 있으므로 지속적인 예찰 필요
*발견상황(8.12일기준):4시·도5시·군에서25마리발생(전년동기대비47%p증가)
❍ 열대거세미나방은 아메리카 대륙의 열대·아열대 지역이 원산으로아프리카(‘16), 동남아(’18), 중국(‘19.1), 한국(’19.6) 등으로 확산
❍ 매년 비래하여 유충 시기에 식물의 잎과 줄기 등을 갉아먹어 피해를주고, 기주식물은 80여 작물(옥수수, 수수, 벼 등 주로 볏과)로 알려짐*’25년대비약14일정도빠르게국내비래확인(제주,한림읍/’26.4.7.)*연도별발생:(’22)76개체/1.8ha →(’23)87/4.4 →(’24)478/2.1 →(’25)33/0.1⇒ 약제 방제는 발생 초기에 품목별로 등록된 약제를 살포하도록 함
< 열대거세미나방 형태 및 피해 ><성충 (사진 출처: Goergen 등), 유충(사진 출처: FAO)>",11호.txt
2026,11,9,2026-08-16,2026-08-31,식량작물,먹노린재,예보,벼,"❍ 관찰포 조사 결과 발견 개체수는 전년 동기 감소하는 추세지만서남해안(충남, 전남 등) 지역에서 꾸준히 관찰되고 있어 주의 필요
❍ 먹노린재는 7∼8월에 약충과 성충이 벼 줄기에 구침을 박고 흡즙하여심하면 수확량에 큰 영향을 줌, 주로 논 가장자리에 피해증상이많이 나타나는데 생육초기에 심하게 피해를 받으면 초장이 짧아지고이삭이 나오지 않을 수 있음
⇒ 방제적기는 성충의 이동 최성기인 6월 하순∼7월 상순으로 주변논두렁이나 배수로 등 서식처가 될 만한 곳까지 약제를 살포하면방제효과를 높일 수 있음
⇒ 출수 전후 새로운 성충이 주당 5마리 이상 보일 때 약제 추가 살포",11호.txt
2026,11,10,2026-08-16,2026-08-31,채소,바이러스‧역병‧탄저병(고추),주의보,"고추,방울토마토,오이","❍ 최근 고온으로 인해 진딧물, 총채벌레의 밀도가 높아져서 이들매개충들이 전파하는 바이러스병 확산이 우려됨
⇒ 오이모자이크바이러스(CMV)를 매개하는 진딧물과 토마토반점위조바이러스(TSWV)의 매개충인 총채벌레의 효율적인 방제는 기작이다른 등록 약제를 선택하여 방제⇒ 바이러스병에 감염되면 방제가 어려우므로 예방 위주로 방제 철저⇒ 바이러스병이 이미 진전된 포장에서는 고추의 주간 부위에서자란 세력이 강한 측지 관리로 고추 수량 확보
❍ 역병은 비가 내린 후 다습한 환경조건에서 발생이 증가하며 토양에있는 병원균이 물을 통하여 전염되는 병으로 일단 발병하면 급속하게 번지고 방제 효과가 낮음
⇒ 고추 관찰포 조사결과 피해주율은 전년대비 증가하는 추세이며,충북, 충남, 전북에서 증가하여 주의 필요
⇒ 병 발생이 많았던 곳은 두둑을 높여 준 후 배수로를 정비하고병든 포기 발견 즉시 제거하여 전염원을 제거하고 비오기 전후등록 약제를 주기적으로 살포
❍ 고추 탄저병은 지난해 버려진 병든 잔재물이 가장 중요한 1차 전염원이고, 온·습도가 높은 장마철 비가 잦은 환경에서 감염위험이 높음
❍ 고추 관찰포 조사 결과 피해과율은 전년대비 증가하는 추세이며,강원, 충북, 충남, 전북, 전남, 경북에서 증가하여 주의 필요
⇒ 병든 과실을 그냥 두거나 이랑사이에 버리면 방제효과는 50%이상 감소하므로 병든 과실은 발견 즉시 매립 또는 소각하는것이 효과적이며, 재식거리를 넓히고 두둑을 높게 하고 물 빠짐을 좋게 하여 발병에 좋은 환경을 차단함
⇒ 국가농작물병해충관리시스템(http://ncpms.rda.go.kr)에서 고추역병과 탄저병 최초 감염위험시기를 알려주는 문자서비스를 활용하여 병징이 없더라도 감염 시기 알림 후 3일 이내에 예방적으로 침투이행성 약제 처리",11호.txt
2026,11,11,2026-08-16,2026-08-31,채소,"담배나방(고추 등), 파밤나방(고추, 콩 등)",주의보,고추,"❍ 장마가 끝나고 기온이 높아지면 담배나방, 파밤나방 등의 발생이증가할 우려가 있음
⇒ 나방류 유충은 3령 이상 자라면 약제 방제 효과가 떨어지므로새잎을 중심으로 자세히 살펴보고 어린 유충을 발견하는 즉시등록 약제로 방제
❍ 고추 관찰포 조사 결과 담배나방 피해과율은 전년대비 증가하는추세이며, 강원, 충북, 충남, 경남에서 증가하여 주의 필요하며, 8월중순 유충 섭식량 증가로 과실피해 확대 우려⇒ 약제 방제시 5~7일 간격으로 2~3회 실시하는 것이 효과적임",11호.txt
2026,11,12,2026-08-16,2026-08-31,채소,"무·배추 무름병, 뿌리혹병",예보,"무,배추","❍ (무름병) 세균에 의한 병으로 온도가 높을 때 많이 발생하며 땅과맞닿은 부분의 잎자루와 줄기부터 발병해서 결구 속까지 무르고부패하게 됨
❍ 장마 이후 기온이 올라가고 습도가 높아지면 발생 증가 가능성이높으며, 강원도 평창, 태백 매봉산 일대에서 발생 증가하여 주의 필요
⇒ 병원균은 건조에 약하므로 배수와 통풍이 잘 되도록 관리하며약제 방제 시 등록 약제를 본잎이 5∼6매 이후에 7∼10일 간격으로 살포하고 땅 닿는 부분까지 약제가 잘 묻도록 처리
❍ (뿌리혹병) 뿌리에 크고 작은 혹이 생기면서 지상부가 말라죽는 병으로 주로 사전에 방제를 철저하게 하지 않은 밭에서 발생⇒ 병원균은 물이나 흙을 통하여 이동하므로 물 빠짐이 좋도록배수로를 잘 정비하고 병 발생 후에는 방제가 어려우므로 병든포기는 발견 즉시 제거, 정식 전 플루아지남, 플루설파마이드등의 약제 처리(농약안전정보시스템 등록약제 참조)",11호.txt
2026,11,13,2026-08-16,2026-08-31,채소,씨스트선충류,주의보,배추,"❍ 강릉, 태백 등 고랭지 여름배추(7월 정식)에 생육 초기(정식 후 30일경) 씨스트선충 피해 확인, 주의 필요
- 씨스트선충류는 십자화과 작물의 뿌리에 기생하는데, 작물의 수분및 영양분의 흡수를 저해하는 등 생육을 방해하여 배추의 경우크기가 작고 결구가 되지 않는 피해 증가⇒ 발생포장에 훈증성 약제 처리 후 비닐피복 또는 답압하고, 4주후피복을 제거하여 가스를 휘발시켜 약해를 방지해야 함
⇒ 씨스트선충류가 배추 뿌리를 가해하지 않도록 배추 정식 전에비훈증성 약제를 처리하고 로터리 작업 실시",11호.txt
2026,11,14,2026-08-16,2026-08-31,채소,노균병(여름배추),주의보,배추,"❍ 강릉·태백·삼척 등 해발고도 높은 고랭지 재배지에서 입추 이후저온 및 강우 현상으로 인해 노균병 다수 발생하여 주의 필요
❍ 노균병은 곰팡이(난균류)에 의한 병으로 저온다습한 시기에 아래쪽잎부터 발생하며, 고랭지에서 장마가 찾아오면 온도가 일시적으로떨어지는 때에 빗물이나 바람을 통해 전파됨
⇒ 방제 시기를 놓치면 전체 포장으로 전파되어 배추가 말라죽으므로 장마철이 오기 전 만코제브 등 보호제를 살포하고, 발생초기 잎 뒷면에 흰색의 가루같은 포자낭이 관찰되면 메타락실·디메토모르프 등 등록된 살균제를 이용하여 방제(농약안전정보시스템 등록약제 참조)",11호.txt
2026,11,15,2026-08-16,2026-08-31,채소,반쪽시들음병(여름배추),주의보,"감자,당근,더덕,마늘,방울토마토,배추,셀러리,수박,양배추,옥수수","❍ 강원도 강릉, 태백 여름배추에 반쪽시들음병 발생 확인, 병원균이토양을 따라 빠르게 전파되므로 주의 필요, 농기계·농자재 등 사용후 다른 포장에 투입 전 소독 철저
❍ 반쪽시들음병은 토양을 통해 전파되는 곰팡이병으로 장마가 끝난 후기온이 상승하여 고온다습한 시기에 발생함. 배추 지제부 쪽부터탈색되어 줄기 도관부(물관부)를 따라 병징이 확대되며, 병이 진행됨에 따라 잎이 황화되고 시들어 고사함
⇒ 배추 연작을 피하고, 비기주작물로 돌려짓기 권고, 농촌진흥청에서 개발된 생물방제제(미생물퇴비) 사용 시 증상 경감 가능,작년 피해가 심했던 밭은 배추 정식 전 토양훈증제를 먼저 처리하고 미생물퇴비 처리하면 효과 증대※ 기주작물 : 배추,감자, 무, 양배추,가지, 토마토,수박, 콩 등※ 비기주작물 :당근, 옥수수,산마늘, 셀러리, 더덕, 눈개승마 등",11호.txt
2026,11,16,2026-08-16,2026-08-31,채소,검은썩음병(여름배추),주의보,"배추,브로콜리,양배추","❍ 강원도 정선, 태백 일대 여름배추 재배지에서 장마 이후 토양침수로 인해 검은썩음병 발생 증가하여 주의 필요
❍ 검은썩음병은 세균에 의한 병으로, 발생 초기에 세균이 잎 뒷면기공으로 침투하여 잎 가장자리에 V자로 파고 들어가는 황화된병반이 관찰되며, 병이 진행되면 배추 중륵부 도관까지 전이되어검은색으로 변하고 썩는 증상을 일으키는 병⇒ 고랭지에서 장마가 찾아오는 7월 중순∼7월 말에 잎에 맺힌물방울 등으로 세균이 퍼져 발생 가능, 발생 초기에 병든 개체를제거하고 필요시 항생제 등으로 방제※ 기주식물 : 배추,양배추, 브로콜리, 무, 케일 등 배추과 작물",11호.txt
2026,11,17,2026-08-16,2026-08-31,채소,그루썩음병(여름배추),예보,배추,"❍ 고랭지에서 8월 초중순 온도가 떨어지고 비가 오는 저온다습한 시기에 여름배추에 그루썩음병 발생 가능, 토양 침수 시 심화
❍ 그루썩음병은 난균류(Pythium)에 의한 병으로, 병원균은 주로 토양내에서 물을 따라 전파, 지제부가 수침상으로 갈변하며 썩으나,무름병과는 다르게 부패하는 냄새가 나지 않음
⇒ 배추 육묘 시 상토 과습 방지, 토양 배수 철저히 관리, 정식 전아미설브롬 처리 및 발병 초기 프로파모카브하이드로클로라이드를 경엽처리하여 방제(농약안전정보시스템 등록약제 참조)",11호.txt
2026,11,18,2026-08-16,2026-08-31,채소,배추좀나방(여름배추),예보,배추,"❍ 배추좀나방은 주로 유충이 피해를 주며 초기에는 엽육 속으로 굴을파고 들어가 표피만 남기거나, 잎 뒷면에서 엽육을 갉아 먹어 흰색의 표피를 남김. 피해가 심하면 구멍을 뚫고 엽맥만 남기며, 잎전체를 먹어 치우기도 함
⇒ 고랭지지역에서는 평야지보다 늦은 8월 하순∼9월 상순에발생최성기를 보임. 발육기간이 짧고 다양한 계통의 살충제에저항성을 가지고 있어 방제가 어려우므로 계통이 다른 농약을교대로 사용해야 효과가 높음",11호.txt
2026,11,19,2026-08-16,2026-08-31,채소,토마토뿔나방,예보,방울토마토,"❍ 여름철 기온 상승으로 토마토뿔나방 개체 수가 급증함에 따라 시설토마토 피해가 우려되어 철저한 방제 필요
- 토마토뿔나방은 유충이 주로 토마토 잎에 구멍을 뚫고 들어가 내부조직을넓게 갉아 먹으며 과실 속으로도 파고 들어가 피해를 입힘⇒ 발생포장 전체에 등록 농약을 약액이 작물에 충분히 묻을 수있도록 살포하고, 2회 이상 약제살포 시 작용기작이 다른 약제를교호 살포할 것을 권장함, 친환경 재배농가의 경우 교미교란제를정식 초기에 설치하고 유기농업자재를 충분히 살포해야 함",11호.txt
2026,11,20,2026-08-16,2026-08-31,채소,바이러스병(여름배추),예보,배추,"❍ 최근 배추에서는 TuMV·RMV 등과 함께 BrYV와 같은 신규 바이러스 발생이 증가하고 있으며, 기존 주요 바이러스였던 CMV는감소하는 추세
❍ 전 생육기간에 걸쳐 매개충(진딧물류) 발생과 바이러스병 확산이밀접한 상관관계를 보임. 특히 장마 이후 기온이 상승하고 습도가 높아지는 시기에 매개충 밀도가 급증하여 바이러스의 광범위한 확산이 우려됨. 감염 후 치료가 매우 어려우므로, 발병 전 매개충 방제를 통한 선제적 예방 관리가 필수적임.
⇒ 매개충 철저 방제: 진딧물 등 매개충 밀도 조절을 위하여 기작이다른 등록 약제를 선택하여 적기에 살포⇒ 포장 위생 관리 강화: 바이러스 감염 의심주는 2차 전염 확산을방지하기 위해 즉시 제거 후 소각 등 폐기 처리",11호.txt
2026,11,21,2026-08-16,2026-08-31,채소,"총채벌레류, 응애류, 가루이류",예보,"방울토마토,오이,파프리카","❍ ‘26년 1월~8월 1주차까지의 기온은 13.6℃로 평년(12.4)보다 1.2℃ 높았고시설재배 작물에서 꽃노랑총채벌레, 온실가루이, 담배가루이 등 관리가소홀한 포장에서 온도가 올라가면 밀도가 높아질 수 있어 주의 필요
❍ 시설재배에서 발생하는 해충은 대부분 크기가 작고 연중 발생하고있으나, 발생 초기에 예찰이 어려워 피해를 입는 경우가 많음. 특히이 해충들은 식물체에 직접적인 피해를 줄 뿐만 아니라 그을음병을유발하거나 바이러스병을 전염시켜 작물에 피해를 줌⇒ 이들 해충은 끈끈이트랩 등을 활용하여 주의 깊게 예찰하고 발견즉시 계통이 다른 등록 약제를 바꿔가며 방제
❍ 꽃노랑총채벌레 등 총채벌레류가 오이, 파프리카 등에 발생량이증가하고 있어 방제가 이루어지지 않으면 확산 및 피해가 예상⇒ 황색 끈끈이트랩이나 타락법(흰색 종이를 이용 꽃과 잎을 두드려서 예찰) 등으로 예찰하고, 발생 포장은 초기에 방제⇒ 꽃노랑총채벌레는 번데기 방제용으로 총채가시응애를 토양에투입하고, 지상부 유충과 성충 방제용으로는 애꽃노린재, 지중해이리응애 등 천적을 활용하면 효과적으로 방제가 가능함
❍ (가루이류, 진딧물류) 온실가루이와 담배가루이는 토마토와 같은 가지과작물에서, 진딧물은 엽채류와 과채류에서 주로 발생하며 식물의즙액을 빨아먹는 직접적인 피해뿐만 아니라 그을음병과 바이러스병등을 유발하여 상품성을 떨어뜨림⇒ 크기가 작아 육안으로 관찰하기 힘들고 일단 발생하면 방제가어려우므로 외부 유입통로에 방충망을 설치하는 등 시설 안으로들어오지 못하도록 막고, 끈끈이트랩을 매달아 주의 깊게 살펴봄⇒ 예방적 조치로 해충에 따라 천적을 투입하여 방제하고 국부적으로해충이 집중 발생했을 경우 작물별 등록 약제로 방제",11호.txt
2026,11,22,2026-08-16,2026-08-31,채소,벼룩잎벌레(무·배추),예보,"무,배추,벼,양배추","❍ 벼룩잎벌레는 배추, 무, 양배추 등 배추과 작물에 피해를 주는데,성충은 잎, 유충은 뿌리를 주로 가해함
⇒ 본래 아열대성 해충이나 최근 고랭지 기온 상승으로 고랭지여름배추·무 재배지에서 다수 발생, 성충이 되면 방제가 어려우므로 정식 초기, 발생 초기에 기작이 다른 2가지 이상의 약제를교호살포하여 방제 권고(농약안전정보시스템 등록약제 참조)",11호.txt
2026,11,23,2026-08-16,2026-08-31,과수,탄저병,주의보,"복숭아,사과,포도","❍ 4권역(강원, 충청, 전라, 경상)에 대한 대학 협업 4차 예찰(7.24~8.12)결과 복숭아 탄저병은 강원권 7.9%, 충청권 5.3%, 전라권 0.2%,경상권 0.1% 발생하여 주의 필요
❍ 사과, 복숭아, 포도 등에 발생하는 탄저병은 주요 관리 과수병으로병원균은 주로 습기가 많은 기후조건과 25℃ 전후 온도에서 감염이잘 이루어지므로 장마기 이후에 주의가 필요함
❍ 탄저병에 감염된 과실은 초기에 검정색 작은 반점이 껍질에 나타나며, 병이 커질수록 과실 표면이 움푹 들어가면서 과실 내부가갈색으로 변하면서 과실 표면에 많은 분생포자가 생겨 주변 건전한 과실을 감염. 특히 장마기나 바람이 많이 부는 날씨에는 분생포자들이 이동되는 시기이므로 철저한 관리가 필요
⇒ 지난해에 탄저병이 많이 발생했던 농가는 과원 내에 탄저병균이남아 있을 수 있으므로 탄저병균의 밀도를 줄이기 위해 예방적으로 적용 살균제를 살포⇒ 또한 탄저병은 습한 환경조건에서 잘 발생하므로 과원 내 통풍이잘 되게 하고 물 빠짐이 잘 되도록 관리",11호.txt
2026,11,24,2026-08-16,2026-08-31,과수,과수화상병,주의보,사과,"❍ (과수화상병) 세균에 의해 사과, 배나무의 꽃, 잎, 열매, 가지가불에 탄 것과 같이 검게 변하고 서서히 말라죽게 되는데 전염성이높아 사전예방을 위한 사전방제와 과원 및 농자재 관리가 필수⇒ 한번 걸리면 방제가 불가능하기 때문에 예방을 위하여 과수원을청결하게 관리하고 농작업을 하는 사람의 과수원 출입 시 사람과작업도구 등을 수시로 소독⇒ 의심증상 발견 시에는 전국 대표전화(1833-8572) 또는 가까운농업기술센터·농업기술원에 즉시 신고
❍ (과수가지검은마름병) 과수화상병과 증상이 비슷하여 육안으로는구분이 불가하며, 발생 시기와 전파경로, 피해증상이 유사함",11호.txt
2026,11,25,2026-08-16,2026-08-31,과수,사과 갈색무늬병,주의보,사과,"❍ 4권역(강원, 충청, 전라, 경상)에 대한 대학 협업 4차 예찰(7.24~8.12)결과 사과 갈색무늬병은 강원권 3.8%, 충청권 1.4%, 전라권 2.1%,발생하여 주의 필요
❍ 사과 갈색무늬병은 포자의 공기 전염에 의해발생되는데 포자의 비산은 7월 이후에 증가하여8월에 가장 많은 양이 비산됨.
⇒ 8월 까지 강우 전에 정기적으로 적용약제를수관 내부까지 골고루 묻도록 충분한 양을살포하여야 함",11호.txt
2026,11,26,2026-08-16,2026-08-31,과수,점무늬낙엽병,예보,사과,"❍ 사과 관찰포 조사 결과 전년대비 피해잎율은 증가하는 추세이며,경기, 강원, 충북, 충남, 전북, 전남, 경북에서 발생 증가하여 주의 필요
❍ 과실에서 5~6월부터 과점으로 감염되기 시작하여 8~9월까지감염되며, 흑색의 작은 반점을 형성하여 병반은 크게 확대되지않고 과실이 성숙하면 병반 주변이 적자색으로 됨
❍ 과실의 감염은 7~8월에 가장 많이 일어남으로 겹무늬썩음병 ,갈색무늬병과 동시 방제하는 것이 효과적임",11호.txt
2026,11,27,2026-08-16,2026-08-31,과수,복숭아순나방,주의보,"복숭아,사과","❍ 사과, 배 관찰포 조사 결과 전년대비 피해잎율은 증가하는 추세이며, 사과(충북, 충남, 전북), 배(경기, 전남, 경북, 경남)에서 발생증가하여 주의 필요
❍ 유충이 신초의 선단부로 먹어 들어가 피해받은 신초는 선단부가꺽여 말라 죽으며 즙액과 배설물을 남김
❍ 어린 과실의 경우 꽃받침 부분으로 침입하여 과심부를 섭식하고,성숙한 과실은 꽃받침 또는 과경 부근 과피 아래 과육을 섭식하며배설물을 남기는 점에서 복숭아심식나방과 구분됨
⇒ 전년에 과실 피해가 많았거나, 성페로몬 트랩에 유인이 많이 된과원은 등록 약제로 방제하고, 열매솎기나 봉지씌우기를 할 때피해를 받은 신초나 어린 과실이 발견되면 즉시 제거하여 땅에 묻음",11호.txt
2026,11,28,2026-08-16,2026-08-31,과수,복숭아심식나방,예보,"복숭아,사과","❍ 사과, 배 관찰포에서 성페로몬트랩 조사 결과 전년대비 경기,전북, 경북에서 발생 증가하여 주의 필요
❍ 부화한 유충이 뚫고 들어간 과실의 피해 구멍은 바늘로 찌른 정도로작으며 즙액이 나와 이슬방울처럼 맺혔다가 시간이 지나면서 흰가루처럼 말라 붙음
❍ 유충은 과심부까지 들어가 섭식하며, 과피 부분의 비교적 얕은부분을 먹어 그 흔적이 착색이 되며, 노숙유충이 되면 과실표면에1~2mm의 구멍을 남기고 탈출하며 겉으로 배설물을 배출하지 않음
⇒ 전년에 과실 피해가 많았거나, 성페로몬 트랩에 유인이 많이 된과원은 등록 약제로 방제하고, 열매솎기나 봉지씌우기를 할 때피해를 받은 신초나 어린 과실이 발견되면 즉시 제거하여 땅에 묻음",11호.txt
2026,11,29,2026-08-16,2026-08-31,과수,"갈색날개매미충, 미국선녀벌레, 꽃매미",주의보,"매실,복숭아,사과,포도","< 갈색날개매미충 >
❍ 5월초·중순에부화하여약충이되고,7월중순부터성충으로우화* (생활사) 5월 중·하순 월동알 부화 → 약충(1∼4령, 70일) → 성충(3개월)⇒ 갈색날개매미충을 효과적으로 방제하려면 갈색날개매미충 부화 후1~2주 사이에 애벌레(1~2령)가 붙어 있는 나무에 약제를 뿌리는것이 좋음. 2령이 지난 애벌레와 성충은 이동성이 크기 때문에방제 효과가 떨어짐⇒ 발생 정도에 따라 전용 약제를 1주일 간격으로 1~3회 살포*지역별‘공동방제의날’은시도별여건에따라탄력적으로운영< 미국선녀벌레 >
❍ 미국선녀벌레는 연간 1세대 발생하며 월동한 알은 5월 중·하순경에약충 성충 집단 사과 어린 가지 산란 피해부화하며, 약충은 5령을 거쳐 성충이 되며, 성충은 7월에서 10월까지 발생함
⇒ 농약 살포시 적용약제를 어린 약충기나다발생기에 농약안전사용기준에 맞게 살포* 기주범위가넓으므로농경지뿐만아니라인근야산의나무들도동시에방제해야미국선녀벌레피해를효과적으로줄일수있음.
⇒ 천적인 선녀벌레집게벌을 방사하여 장기적으로 밀도 억제< 꽃매미 >
❍ 꽃매미는 연간 1세대 발생하고월동한 알은 5월 상·중순경에 부화하며 약충은 5령을 거쳐 성충이되고 성충은 7월에서 11월까지발생함
❍ 주로 포도, 사과, 배, 복숭아, 매실,가죽나무, 참죽나무 등을 가해하나, 포도속(포도, 머루) 작물을 특이적으로 선호함
❍ 약충과 성충이 집단적으로 즙을 빨아 먹어 나무 생육을 저하시키고그을음병 유발⇒ 월동알을 제거해 주는 것이 친환경적이며 발생을 줄이는 데에큰 효과가 있으므로 봄철에 약충으로 부화하기 전 과수원 및 인근야산의 나무 등에 있는 알 덩어리를 제거해 주고 약충이 깨어나오면 등록약제로 반드시 방제⇒ 시설재배지는 측창과 입구에 방충망을 설치하면 꽃매미의 침입과외부로의 확산을 막고, 방제 효과도 증대시킬 수 있음",11호.txt
2026,11,30,2026-08-16,2026-08-31,과수,새눈무늬병·갈색무늬병,예보,포도,"❍ 포도 새눈무늬병은 잎에서 잎맥이 흑갈색으로 변하고, 진전되면 흑색 반점으로확대되어 구멍이 뚫리며 열매와 가지에서는 초기에 흑갈색의 반점이 나타남⇒ 비가 많이 올 때 발생이 많으므로,병든 부위는 즉시 제거하고 봉지 씌우기 전에 등록 약제로 방제
❍ 포도 갈색무늬병․노균병은 비가 자주 내리고 습도가 높을 때 발생이 많음
⇒ 잎과 과실을 자세히 살펴보아 발생 초기에 등록약제로 잎 뒷면까지방제하되 가능한 비 오기 전․후 방제실시",11호.txt
2026,11,31,2026-08-16,2026-08-31,과수,"응애류, 노린재류",예보,사과,"❍ (점박이응애) 7∼8월에 많이 발생하며 비가 적을 때 발생이급증하기 때문에 잎 뒷면을 잘 관찰하여 발생 초기에 방제 필요
❍ 배 관찰포 조사 결과 전년대비 발생 증가하는 추세이며 ,충남, 전북, 전남에서 발생 증가하여 주의 필요
⇒ 등록된 약제를 이용하여 방제하고, 약제 살포시 약제저항성회피를 위해 계통이 서로 다른 약제를 교호살포하는 것이 좋음
❍ (노린재류) 사과 관찰포 트랩 조사 결과 전년대비 전북에서발생 증가하여 주의 필요
❍ 사과, 배 관찰포 조사 결과 전년대비 발생 증가하는 추세이며 , 충남, 전북, 전남에서 발생 증가하여 주의 필요
❍ 과실의 표면에 앉아 구침을 찔러 흡즙하여 가해하고, 가해부위는 주로 과실의 윗부분, 옆면에 나타나며 피해과는 피해부위 가운데 구침 흔적이 있으며 과육이 코르크화 됨
❍ 유과기에 가해를 받은 경우 비대하지 못하고 낙과하는 경우가 많으며,과실 흡즙 구멍 주위로 함몰되는 현상을 보이고 심한 경우 열과 발생⇒ 유인트랩 설치하여 방제적기 판단 가능하며, 발생초기 등록약제로 방제1개월 기상전망(8.17.~9.13)  (출처 : 국립농업과학원,기상청)(기온) 1주, 2주, 3주, 4주는 평년보다 높겠음
(강 수 량) 1주, 4주는 평년보다 적겠고, 2주, 3주는 평년과 비슷하거나 적겠음
❍ 1주(8.17~8.23): 기온은 평년보다 높겠고, 강수량은 평년보다 적겠음
❍ 2주(8.24~8.30): 기온은 평년 보다 높겠고, 강수량은 평년과 비슷하거나 적겠음
❍ 3주(8.31~9.6): 기온은 평년보다 높겠고, 강수량은 평년과 비슷하거나 적겠음
❍ 4주(9.7~9.13): 기온은 평년보다 높겠고, 강수량은 평년보다 적겠음
농업지대 지역평균기온 강수량1주 2주 3주 4주 1주 2주 3주 4주(8.17~8.23)(8.24~8.30)(8.31~9.6) (9.7~9.13) (8.17~8.23)(8.24~8.30)(8.31~9.6) (9.7~9.13)1.태백고냉 대관령 높음 높음 높음 높음 적음 조 금 적 음조 금 적 음적음
2.태백준고냉 인제,홍천,제천 높음 높음 높음 높음 적음 조 금 적 음조 금 적 음적음
3.소백산간 충주,보은 높음 높음 높음 높음 적음 조 금 적 음조 금 적 음적음
4.노령소백산간 임실 높음 높음 높음 높음 적음 적음 적음 적음
5.영남내륙산간 추풍령,영주,문경 높음 높음 높음 높음 적음 적음 적음 적음
6.중북부내륙 춘천,양평 높음 높음 높음 높음 적음 조 금 적 음조 금 적 음적음
7.중부내륙 원주,이천 높음 높음 높음 높음 적음 조 금 적 음조 금 적 음적음
8.소백서부내륙 청주,대전,금산 높음 높음 높음 높음 적음 조 금 적 음조 금 적 음적음
9.노령동서내륙 정읍,남원,거창,산청 높음 높음 높음 높음 적음 적음 적음 적음
10.호남내륙 광주,순천,장흥 높음 높음 높음 높음 적음 적음 적음 적음
11.영남분지 대구,의성,구미,영천 높음 높음 높음 높음 적음 적음 적음 적음
12.영남내륙 진주,합천,밀양 높음 높음 높음 높음 적음 적음 적음 적음
13.중서부평야 서울,인천,수원,서산,강화,천안,보령 높음 높음 높음 높음 적음 조 금 적 음조 금 적 음적음
14.차 령 남 부 평 야군산,전주,부여,부안 높음 높음 높음 높음 적음 적음 적음 적음
15.남서해안 목포,완도,해남,고흥 높음 높음 높음 높음 적음 적음 적음 적음
16.남부해안 부 산,통 영,여 수,거 제,남 해높음 높음 높음 높음 적음 적음 적음 적음
17.동해안북부 속초,강릉 높음 높음 높음 높음 적음 조 금 적 음조 금 적 음적음
18.동해안중부 울진,영덕 높음 높음 높음 높음 적음 적음 적음 적음
19.동해안남부 포항,울산 높음 높음 높음 높음 적음 적음 적음 적음
20.제주 제주,성산,서귀포 높음 높음 높음 높음 적음 조 금 적 음조 금 적 음적음
평균 높음 높음 높음 높음 적음 조 금 적 음조 금 적 음적음
10일(2026.08.10.~08.16.) 예보(기상청, 2026.08.06., 06:00)<기상예보>",11호.txt
2026,11,32,2026-08-16,2026-08-31,과수,"응애류, 노린재류",예보,,"❍ (기온) 아침 기온은 22~26℃, 낮 기온은 28~36℃로 평년(최저기온22~24℃, 최고기온 29~32℃) 보다 조금 높겠음
❍ (강수) 10일 오전은 제주도에 비가 내리겠음
<날씨><최저/최고기온>최근 경과기상과 향후 기상전망[ 기온 ][ 강수량 ]연도별 평균기온
❍ ‘26년  1월 부 터  8월  1주 차 까 지 의  평 균 기 온 은  13.6℃로, 평 년(12.4)보 다  1.2℃  높 았 음
- ’26년 8월 1주차의 평균기온은 29.6℃로, 평년(26.6)보다 3.0℃ 높았음
기 간 1월 2월 3월 4월 5월 6월 7월8월 분석기간1.1~8.5 7.30~8.51주(7.30~8.5)평균(℃)편차(℃)평균(℃)편차(℃)2026년 -1.0 3.2 7.7 14.0 18.7 22.3 26.9 29.6 13.6 1.2 29.6 3.02025년 0.4 0.0 7.9 13.2 16.9 23.0 27.2 28.2 13.1 0.7 28.2 1.62024년 1.4 4.5 7.2 15.1 17.8 22.7 26.4 29.1 14.0 1.6 29.1 2.52023년 0.0 3.0 9.7 13.3 18.0 22.4 25.6 28.5 13.6 1.2 28.5 1.92022년 -0.2 0.4 8.0 13.9 18.2 22.5 26.1 27.6 13.2 0.8 27.6 1.02021년 -0.4 3.9 9.0 13.4 16.9 21.9 26.2 27.7 13.4 1.0 27.7 1.12020년 3.0 3.8 8.0 10.9 17.7 22.7 22.7 26.1 13.0 0.6 26.1 -0.52019년 0.5 2.6 7.6 12.0 18.5 21.2 24.7 28.4 12.9 0.5 28.4 1.82018년 -1.8 0.0 8.2 13.3 17.8 22.1 26.7 29.7 12.8 0.4 29.7 3.12017년 0.3 1.8 6.4 13.8 18.6 21.7 26.4 27.2 13.2 0.8 27.2 0.62016년 -0.6 1.9 7.3 13.8 18.5 22.2 25.4 27.5 13.0 0.6 27.5 0.910년평균 0.3 2.2 7.9 13.3 17.9 22.2 25.7 28.0 13.2 0.8 28.0 1.4평 년 -0.4 1.7 6.5 12.3 17.5 21.5 24.7 26.6 12.4 0.0 26.6 0.0* 10년 평균 : 최근 10년(2015~2024년)동안의 평균기온의 평균** 평년 : 30년(1991～2020년)동안의 평균기온의 평균*** 편차 : 평년의 평균기온에 대한 연도별 평균기온의 차이연도별 강수량
❍ ‘26년 1월부터 8월 1주차까지의 강수량의 합은 630.6㎜로, 평년(808.8)보다
178.2㎜ 적었음(평년대비 78.0%)
- ’26년  8월  1주 차 의  강 수 량 의  합 은  2.4㎜로, 평 년(54.9)보 다  52.5㎜  적 었 음
(평년대비 4.4%)기 간 1월 2월 3월 4월 5월 6월 7월8월 분석기간1.1~8.5 7.30~8.51주(7.30~8.5)합계(㎜)대비(%)합계(㎜)대비(%)2026년 5.9 21.1 69.4 88.3 126.8 108.2 208.6 2.4 630.6 78.0 2.4 4.42025년 18.3 21.4 50.4 68.9 124.2 181.1 243.9 55.4 763.4 94.4 55.4 100.92024년 36.9 111.4 68.8 87.9 118.4 147.5 361.4 15.2 947.5 117.1 15.2 27.72023년 44.9 20.0 30.5 70.2 207.2 210.1 497.0 6.5 1080.
9 133.6 6.5 11.82022년 5.0 5.5 89.5 62.7 6.3 181.9 181.9 69.5 574.5 71.0 69.5 126.62021년 25.4 23.4 112.1 77.5 138.9 94.7 234.7 43.8 742.8 91.8 43.8 79.82020년 85.7 62.1 34.4 44.0 107.4 194.3 422.9 115.8 1030.",11호.txt
2026,11,33,2026-08-16,2026-08-31,과수,"응애류, 노린재류",예보,"벼,복숭아",4 127.4 115.8 210.92019년 9.7 34.5 42.6 80.8 65.0 151.5 238.3 11.0 627.5 77.6 11.0 20.02018년 25.5 36.6 116.2 140.3 135.2 147.2 170.7 2.0 773.1 95.6 2.0 3.62017년 18.6 36.0 26.1 72.8 31.0 63.1 297.1 25.8 547.9 67.7 25.8 47.02016년 32.9 50.6 62.8 163.2 103.4 76.4 290.8 18.6 789.7 97.6 18.6 33.910년평균 30.3 40.2 63.3 86.8 103.7 144.8 293.9 36.4 787.8 97.4 36.4 66.3평 년 30.3 37.2 62.7 90.5 107.7 151.0 289.5 54.9 808.8 100.0 54.9 100.0*10년평균:최근10년(2014∼2023년)동안의강수량의평균**평년:30년(1991～2020년)동안의강수량의평균***대비:평년의강수량에대한연도별강수량의비율리플릿 벼 도열병 관리가이드리플릿 복숭아 탄저병 효과적인 방제를 위한 실천방법,11호.txt
2026,12,1,2026-09-01,2026-09-30,식량작물,이삭도열병,주의보,벼,"❍ 관찰포 조사 결과 전북, 전남광주 등 일부지역에서 발생 하였으나약제 방제 및 고온으로 추가 확산은 없으며. 향후 지속적인 모니터링을 통한 예찰 및 방제 철저
❍ 출수기(8월 중~하순) 이후 저온·다습한 환경이 조성되면 출수 전잎도열병이 발생한 지역에서는 이삭도열병 발생이 특히 우려됨.
벼 도열병에 약한 품종을 재배하거나 잎색이 짙고 잎이 늘어진논 등에서 발생이 늘어날 것으로 우려되어 주의가 필요
- 이삭도열병은 이삭 패는 시기에 병원균이 이삭목·가지·벼알 등에침입하여 피해가 크고 병이 발생한 후에는 방제 효과가 높지않아 예방 위주로 출수 전에 방제 철저",12호.txt
2026,12,2,2026-09-01,2026-09-30,식량작물,잎집무늬마름병,예보,,"❍ 고온 다습한 환경과 조기이앙, 밀식재배, 비료를 많이 줄 때 발생이많고 곰팡이 병균에 의해 잎집에서 반점 또는 얼룩무늬 증상이 나타나며최고 50% 감수됨
❍ 장마 이후에 온·습도가 높아 병 발생에 유리한 환경이 지속되면 발생이 많이 늘어나고 병무늬가 윗 잎집으로 번질 가능성 높음
⇒ 30℃ 전후의 다습한 환경이 병 발생에 최적 조건으로 잎집,잎에 증상이 생기며 심하면 식물체 전체가 고사하므로 발병초기 빠른 방제 중요(병든 줄기 20% 이상이면 등록약제 살포)",12호.txt
2026,12,3,2026-09-01,2026-09-30,식량작물,흰잎마름병,예보,,"❍ 물을 통하여 전염되는 세균병으로 고온, 집중호우로 인한 침수, 강풍및 논둑이나 수로에 겨풀‧줄풀 등 기주식물 많을 때 발생이 증가되고발병 후는 방제가 어려움
- 주로 배수가 불량하고 고온다습 조건에서 발생우려 높음. 특히 침수시 감염 우려가 매우 높아 침수가 되지 않도록 하고 침수시 바로퇴수하고 맑은 물로 씻어 주고 이삭도열병, 잎집무늬마름병 발생우려가 크므로 물이 빠진 후 등록 약제를 살포하여 동시 방제 실시",12호.txt
2026,12,4,2026-09-01,2026-09-30,식량작물,세균벼알마름병,주의보,벼,"❍ 감염 초기에 왕겨 부분이갈색으로 변하기 시작하여점차 전체가 갈색으로 변하고 낟알이 차지 않고 쭉정이가 되므로 이삭이 꼿꼿하게 서 있음
❍ 특히, 발병 최적 온도는 30 ~ 35℃(최저 10, 최고 43℃), 습도 90% 이상(벼알이 4시간 이상 젖으면 발병조건 충족)으로 습하고 고온일 때발병이 늘어남
❍ NCPMS 발생 예측 결과(8.28 기준) 경기, 충남, 전북, 전남 등서해안 지역에서 발생 위험이 높은 것으로 예측
❍ 세균벼알마름병은 발병 후 방제는 효과가 낮으므로 발생 위험이높은 지역은 사전 예방적 방제실시 필요",12호.txt
2026,12,5,2026-09-01,2026-09-30,식량작물,깨씨무늬병,주의보,벼,"❍ 관찰포 조사 결과 서남해안(충남, 전남광주 등) 지역에서 발생이증가하고 있으며, 벼 생육후기 깨씨무늬병이 확산될 수 있으므로향후 지속적인 예찰과 병 발생 초기에 신속 방제가 필요함
❍ 양분이 유실되기 쉬운 사질토나 장기간 벼를 재배한 노후화답등 땅심이 낮은 논에서 발생이 우려됨
❍ 잎에 형성된 병원균이 진전되어 이삭까지 감염시키는 병으로수확량 감소·미질 저하 등 피해 유발
❍ 깨씨무늬병이 발생한 포장은 예방을 위해 병든 볏짚을 논에 방치하는 것은 지양하고 논에 환원 시 깊이 경운을 하고 습윤 또는 담수상태 유지, 사료용 볏짚으로 사용할 경우 「사료관리법」 및「사료 등의 기준 및 규격」에 따른 잔류농약 허용기준에 적합하게 사용",12호.txt
2026,12,6,2026-09-01,2026-09-30,식량작물,혹명나방,경보,벼,"❍ 관찰포 조사 결과 충남, 경북, 경남 등 일부지역에서 발생 증가하고있으며, 최근 지속되는 고온으로 비래해충 세대 주기가 단축되어철저한 예찰과 적기 방제 필요
❍ 6∼9월 중국 남부지방에서 기류를 타고 날아와 발생하며 애벌레가 벼잎을 긴 원통형으로 말고 그 속에서 잎을 갉아 먹는 피해를 줌⇒ 막대기로 벼 포기를 쳐서 나방이 나는 모습을 보거나 유충 피해인벼 잎이 세로로 말리는 증상이 1~2개 정도 보이면 방제",12호.txt
2026,12,7,2026-09-01,2026-09-30,식량작물,벼멸구,경보,벼,"❍ 관찰포 조사 결과 충남, 전북, 전남, 경남 등 서남해안 상습 발생지역에서 약충·성충이 혼재되어 발생하고 있으며, 고온이 지속될경우 세대경과 기간 단축 및 밀도 증가가 우려되어 상습 발생지역중심으로 지속적인 예찰 필요
❍ 중국 남부지방과 동남아시아에서 6~7월 남서풍을 타고 비래하는 해충으로 장마철 비래에 적합한 기류가 형성될 경우 국내로 비래⇒ 비래해충은 초기방제가 중요하므로 볏대 아래쪽을 잘 살펴보아발생이 많으면 적용약제로 방제⇒ 장마 이후 고온이 지속되면 세대가 짧아지고 밀도가 높아질 것으로 예상되므로 방제를 요하는 필지는 신속한 방제 필요
〈방제를요하는벼멸구,흰등멸구밀도기준(마리/20주)〉구 분 ～8월상순 8월중순 8월하순 9월상중순벼멸구조생종 20 100 400 -중만생종 15 50(단시형20)100(단시형40) 400흰등멸구 100 400 400 400",12호.txt
2026,12,8,2026-09-01,2026-09-30,식량작물,이화명나방,예보,벼,"❍ 이화명나방은 풀명나방과에 속하는 벼의 주요 해충으로, 벼의 어린잎에 200~300개 가량의 알을 낳으며, 알에서 깨어난 유충은 초기에는 잎을 갉아 먹고 점차 줄기 속으로 파고 들어가 피해를 줌
❍ 논에 모를 내는 봄철(1화기, 성충), 벼의 출수가 진행되는 늦여름(2화기) 이렇게 연중 2회 발생하고 수확기 백수 피해를 줌⇒ 3차 합동예찰 (8.24~28) 결과 전북 군산, 부안 일부필지에서이화명나방 피해로 벼의 백수피해가 관찰되어 방제 및 지속적인예찰 필요
1화기 성충(못자리에 산란)알덩어리(못자리에산란된알)2화기 유충 피해(벼 줄기 속 섭식)2화기 유충 피해(벼수확기백수피해)",12호.txt
2026,12,9,2026-09-01,2026-09-30,채소,바이러스‧역병‧탄저병(고추),주의보,"고추,방울토마토,오이","❍ 최근 고온으로 인해 진딧물, 총채벌레의 밀도가 높아져서 이들매개충들이 전파하는 바이러스병 확산이 우려됨
⇒ 오이모자이크바이러스(CMV)를 매개하는 진딧물과 토마토반점위조바이러스(TSWV)의 매개충인 총채벌레의 효율적인 방제는 기작이다른 등록 약제를 선택하여 방제⇒ 바이러스병에 감염되면 방제가 어려우므로 예방 위주로 방제 철저⇒ 바이러스병이 이미 진전된 포장에서는 고추의 주간 부위에서자란 세력이 강한 측지 관리로 고추 수량 확보
❍ 역병은 비가 내린 후 다습한 환경조건에서 발생이 증가하며 토양에있는 병원균이 물을 통하여 전염되는 병으로 일단 발병하면 급속하게 번지고 방제 효과가 낮음
⇒ 고추 관찰포 조사결과 피해주율은 전년대비 증가하는 추세이며,전북, 경남에서 증가하여 주의 필요
⇒ 병 발생이 많았던 곳은 두둑을 높여 준 후 배수로를 정비하고병든 포기 발견 즉시 제거하여 전염원을 제거하고 비오기 전후등록 약제를 주기적으로 살포
❍ 고추 탄저병은 지난해 버려진 병든 잔재물이 가장 중요한 1차 전염원이고, 온·습도가 높은 장마철 비가 잦은 환경에서 감염위험이 높음
❍ 고추 관찰포 조사 결과 피해과율은 전년대비 증가하는 추세이며,강원, 충북, 충남, 전북, 전남광주, 경북에서 증가하여 주의 필요
⇒ 병든 과실을 그냥 두거나 이랑사이에 버리면 방제효과는 50%이상 감소하므로 병든 과실은 발견 즉시 매립 또는 소각하는것이 효과적이며, 재식거리를 넓히고 두둑을 높게 하고 물 빠짐을 좋게 하여 발병에 좋은 환경을 차단함
⇒ 국가농작물병해충관리시스템(http://ncpms.rda.go.kr)에서 고추역병과 탄저병 최초 감염위험시기를 알려주는 문자서비스를 활용하여 병징이 없더라도 감염 시기 알림 후 3일 이내에 예방적으로 침투이행성 약제 처리",12호.txt
2026,12,10,2026-09-01,2026-09-30,채소,"담배나방(고추 등), 파밤나방(고추, 콩 등)",주의보,고추,"❍ 장마가 끝나고 기온이 높아지면 담배나방, 파밤나방 등의 발생이증가할 우려가 있음
⇒ 나방류 유충은 3령 이상 자라면 약제 방제 효과가 떨어지므로새잎을 중심으로 자세히 살펴보고 어린 유충을 발견하는 즉시등록 약제로 방제
❍ 고추 관찰포 조사 결과 담배나방 피해과율은 전년대비 증가하는추세이며, 강원, 충북, 충남, 경북, 경남에서 증가하여 주의 필요하며,수확 후기 고온으로 유충 섭식량이 증가하여 과실피해 우려됨
⇒ 9월 상순경 1~2령 어린 유충기에 2~3회(7~10일 간격) 약제 살포",12호.txt
2026,12,11,2026-09-01,2026-09-30,채소,무·배추 무름병,주의보,"무,배추","❍ (무름병) 세균에 의한 병으로 온도가 높을 때 많이 발생하며 땅과맞닿은 부분의 잎자루와 줄기부터 발병해서 결구 속까지 무르고부패하게 됨
❍ 장마 이후 기온이 올라가고 습도가 높아지면 발생 증가 가능성이높으며, 강원도 평창, 태백 매봉산 일대에서 발생 증가하여 주의 필요
⇒ 병원균은 건조에 약하므로 배수와 통풍이 잘 되도록 관리하며약제 방제 시 등록 약제를 본잎이 5∼6매 이후에 7∼10일 간격으로 살포하고 땅 닿는 부분까지 약제가 잘 묻도록 처리
❍ (뿌리혹병) 뿌리에 크고 작은 혹이 생기면서 지상부가 말라죽는 병으로 주로 사전에 방제를 철저하게 하지 않은 밭에서 발생⇒ 병원균은 물이나 흙을 통하여 이동하므로 물 빠짐이 좋도록배수로를 잘 정비하고 병 발생 후에는 방제가 어려우므로 병든포기는 발견 즉시 제거, 정식 전 플루아지남, 플루설파마이드등의 약제 처리(농약안전정보시스템 등록약제 참조)",12호.txt
2026,12,12,2026-09-01,2026-09-30,채소,씨스트선충류,예보,배추,"❍ 강릉, 태백 등 고랭지 여름배추(7월 정식)에 생육 초기(정식 후 30일경) 씨스트선충 피해 확인, 주의 필요
- 씨스트선충류는 십자화과 작물의 뿌리에 기생하는데, 작물의 수분및 영양분의 흡수를 저해하는 등 생육을 방해하여 배추의 경우크기가 작고 결구가 되지 않는 피해 증가⇒ 발생포장에 훈증성 약제 처리 후 비닐피복 또는 답압하고, 4주후피복을 제거하여 가스를 휘발시켜 약해를 방지해야 함
⇒ 씨스트선충류가 배추 뿌리를 가해하지 않도록 배추 정식 전에비훈증성 약제를 처리하고 로터리 작업 실시",12호.txt
2026,12,13,2026-09-01,2026-09-30,채소,노균병(배추),예보,배추,"❍ 노균병은 곰팡이(난균류)에 의한 병으로 저온다습한 시기에 아래쪽잎부터 발생하며, 고랭지에서 장마가 찾아오면 온도가 일시적으로떨어지는 때에 빗물이나 바람을 통해 전파됨
⇒ 방제 시기를 놓치면 전체 포장으로 전파되어 배추가 말라죽으므로 장마철이 오기 전 만코제브 등 보호제를 살포하고, 발생초기 잎 뒷면에 흰색의 가루같은 포자낭이 관찰되면 메타락실·디메토모르프 등 등록된 살균제를 이용하여 방제(농약안전정보시스템 등록약제 참조)",12호.txt
2026,12,14,2026-09-01,2026-09-30,채소,반쪽시들음병(배추),주의보,"감자,당근,더덕,마늘,방울토마토,배추,셀러리,수박,양배추,옥수수","❍ 강원도 강릉, 태백 여름배추에 반쪽시들음병 발생 확인, 병원균이토양을 따라 빠르게 전파되므로 주의 필요, 농기계·농자재 등 사용후 다른 포장에 투입 전 소독 철저
❍ 반쪽시들음병은 토양을 통해 전파되는 곰팡이병으로 장마가 끝난 후기온이 상승하여 고온다습한 시기에 발생함. 배추 지제부 쪽부터탈색되어 줄기 도관부(물관부)를 따라 병징이 확대되며, 병이 진행됨에 따라 잎이 황화되고 시들어 고사함
⇒ 배추 연작을 피하고, 비기주작물로 돌려짓기 권고, 농촌진흥청에서 개발된 생물방제제(미생물퇴비) 사용 시 증상 경감 가능,작년 피해가 심했던 밭은 배추 정식 전 토양훈증제를 먼저 처리하고 미생물퇴비 처리하면 효과 증대※ 기주작물 : 배추,감자, 무, 양배추,가지, 토마토,수박, 콩 등※ 비기주작물 :당근, 옥수수,산마늘, 셀러리, 더덕, 눈개승마 등",12호.txt
2026,12,15,2026-09-01,2026-09-30,채소,검은썩음병(배추),예보,"배추,브로콜리,양배추","❍ 검은썩음병은 세균에 의한 병으로, 발생 초기에 세균이 잎 뒷면기공으로 침투하여 잎 가장자리에 V자로 파고 들어가는 황화된병반이 관찰되며, 병이 진행되면 배추 중륵부 도관까지 전이되어검은색으로 변하고 썩는 증상을 일으키는 병⇒ 고랭지에서 장마가 찾아오는 7월 중순∼7월 말에 잎에 맺힌물방울 등으로 세균이 퍼져 발생 가능, 발생 초기에 병든 개체를제거하고 필요시 항생제 등으로 방제※ 기주식물 : 배추,양배추, 브로콜리, 무, 케일 등 배추과 작물",12호.txt
2026,12,16,2026-09-01,2026-09-30,채소,그루썩음병(배추),예보,배추,"❍ 고랭지에서 8월 초중순 온도가 떨어지고 비가 오는 저온다습한 시기에 여름배추에 그루썩음병 발생 가능, 토양 침수 시 심화
❍ 그루썩음병은 난균류(Pythium)에 의한 병으로, 병원균은 주로 토양내에서 물을 따라 전파, 지제부가 수침상으로 갈변하며 썩으나,무름병과는 다르게 부패하는 냄새가 나지 않음
⇒ 배추 육묘 시 상토 과습 방지, 토양 배수 철저히 관리, 정식 전아미설브롬 처리 및 발병 초기 프로파모카브하이드로클로라이드를 경엽처리하여 방제(농약안전정보시스템 등록약제 참조)",12호.txt
2026,12,17,2026-09-01,2026-09-30,채소,배추좀나방(배추),예보,배추,"❍ 배추좀나방은 주로 유충이 피해를 주며 초기에는 엽육 속으로 굴을파고 들어가 표피만 남기거나, 잎 뒷면에서 엽육을 갉아 먹어 흰색의 표피를 남김. 피해가 심하면 구멍을 뚫고 엽맥만 남기며, 잎전체를 먹어 치우기도 함
⇒ 고랭지지역에서는 평야지보다 늦은 8월 하순∼9월 상순에발생최성기를 보임. 발육기간이 짧고 다양한 계통의 살충제에저항성을 가지고 있어 방제가 어려우므로 계통이 다른 농약을교대로 사용해야 효과가 높음",12호.txt
2026,12,18,2026-09-01,2026-09-30,채소,토마토뿔나방,예보,방울토마토,"❍ 여름철 기온 상승으로 토마토뿔나방 개체 수가 급증함에 따라 시설토마토 피해가 우려되어 철저한 방제 필요
- 토마토뿔나방은 유충이 주로 토마토 잎에 구멍을 뚫고 들어가 내부조직을넓게 갉아 먹으며 과실 속으로도 파고 들어가 피해를 입힘⇒ 발생포장 전체에 등록 농약을 약액이 작물에 충분히 묻을 수있도록 살포하고, 2회 이상 약제살포 시 작용기작이 다른 약제를교호 살포할 것을 권장함, 친환경 재배농가의 경우 교미교란제를정식 초기에 설치하고 유기농업자재를 충분히 살포해야 함",12호.txt
2026,12,19,2026-09-01,2026-09-30,채소,바이러스병(배추),예보,배추,"❍ 최근 배추에서는 TuMV·RMV 등과 함께 BrYV와 같은 신규 바이러스 발생이 증가하고 있으며, 기존 주요 바이러스였던 CMV는감소하는 추세
❍ 전 생육기간에 걸쳐 매개충(진딧물류) 발생과 바이러스병 확산이밀접한 상관관계를 보임. 특히 장마 이후 기온이 상승하고 습도가 높아지는 시기에 매개충 밀도가 급증하여 바이러스의 광범위한 확산이 우려됨. 감염 후 치료가 매우 어려우므로, 발병 전 매개충 방제를 통한 선제적 예방 관리가 필수적임.
⇒ 매개충 철저 방제: 진딧물 등 매개충 밀도 조절을 위하여 기작이다른 등록 약제를 선택하여 적기에 살포⇒ 포장 위생 관리 강화: 바이러스 감염 의심주는 2차 전염 확산을방지하기 위해 즉시 제거 후 소각 등 폐기 처리",12호.txt
2026,12,20,2026-09-01,2026-09-30,채소,"총채벌레류, 응애류, 가루이류",예보,"방울토마토,오이,파프리카","❍ ‘26년 1월~8월 4주차까지의 기온은 14.8℃로 평년(13.6)보다 1.2℃ 높았고시설재배 작물에서 꽃노랑총채벌레, 온실가루이, 담배가루이 등 관리가소홀한 포장에서 온도가 올라가면 밀도가 높아질 수 있어 주의 필요
❍ 시설재배에서 발생하는 해충은 대부분 크기가 작고 연중 발생하고있으나, 발생 초기에 예찰이 어려워 피해를 입는 경우가 많음. 특히이 해충들은 식물체에 직접적인 피해를 줄 뿐만 아니라 그을음병을유발하거나 바이러스병을 전염시켜 작물에 피해를 줌⇒ 이들 해충은 끈끈이트랩 등을 활용하여 주의 깊게 예찰하고 발견즉시 계통이 다른 등록 약제를 바꿔가며 방제
❍ 꽃노랑총채벌레 등 총채벌레류가 오이, 파프리카 등에 발생량이증가하고 있어 방제가 이루어지지 않으면 확산 및 피해가 예상⇒ 끈끈이트랩이나 타락법(흰색 종이를 이용 꽃과 잎을 두드려서예찰) 등으로 예찰하고, 발생 포장은 초기에 방제⇒ 꽃노랑총채벌레는 번데기 방제용으로 총채가시응애를 토양에투입하고, 지상부 유충과 성충 방제용으로는 애꽃노린재, 지중해이리응애 등 천적을 활용하면 효과적으로 방제가 가능함
❍ (가루이류, 진딧물류) 온실가루이와 담배가루이는 토마토와 같은 가지과작물에서, 진딧물은 엽채류와 과채류에서 주로 발생하며 식물의즙액을 빨아먹는 직접적인 피해뿐만 아니라 그을음병과 바이러스병등을 유발하여 상품성을 떨어뜨림⇒ 크기가 작아 육안으로 관찰하기 힘들고 일단 발생하면 방제가어려우므로 외부 유입통로에 방충망을 설치하는 등 시설 안으로들어오지 못하도록 막고, 끈끈이트랩을 매달아 주의 깊게 살펴봄⇒ 예방적 조치로 해충에 따라 천적을 투입하여 방제하고 국부적으로해충이 집중 발생했을 경우 작물별 등록 약제로 방제",12호.txt
2026,12,21,2026-09-01,2026-09-30,채소,벼룩잎벌레(무·배추),예보,"무,배추,벼,양배추","❍ 벼룩잎벌레는 배추, 무, 양배추 등 배추과 작물에 피해를 주는데,성충은 잎, 유충은 뿌리를 주로 가해함
⇒ 본래 아열대성 해충이나 최근 고랭지 기온 상승으로 고랭지여름배추·무 재배지에서 다수 발생, 성충이 되면 방제가 어려우므로 정식 초기, 발생 초기에 기작이 다른 2가지 이상의 약제를교호살포하여 방제 권고(농약안전정보시스템 등록약제 참조)",12호.txt
2026,12,22,2026-09-01,2026-09-30,과수,탄저병,주의보,"복숭아,사과,포도","❍ 4권역(강원, 충청, 전라, 경상)에 대한 대학 협업 4차 예찰(8.11~8.26)결과 사과 탄저병은 충청권 0.8%, 전라권 0.2%, 복숭아 탄저병은충청권 7%, 발생하여 주의 필요
❍ 사과, 복숭아, 포도 등에 발생하는 탄저병은 주요 관리 과수병으로병원균은 주로 습기가 많은 기후조건과 25℃ 전후 온도에서 감염이잘 이루어지므로 장마기 이후에 주의가 필요함
❍ 탄저병에 감염된 과실은 초기에 검정색 작은 반점이 껍질에 나타나며, 병이 커질수록 과실 표면이 움푹 들어가면서 과실 내부가갈색으로 변하면서 과실 표면에 많은 분생포자가 생겨 주변 건전한 과실을 감염. 특히 장마기나 바람이 많이 부는 날씨에는 분생포자들이 이동되는 시기이므로 철저한 관리가 필요
⇒ 지난해에 탄저병이 많이 발생했던 농가는 과원 내에 탄저병균이남아 있을 수 있으므로 탄저병균의 밀도를 줄이기 위해 예방적으로 적용 살균제를 살포⇒ 또한 탄저병은 습한 환경조건에서 잘 발생하므로 과원 내 통풍이잘 되게 하고 물 빠짐이 잘 되도록 관리",12호.txt
2026,12,23,2026-09-01,2026-09-30,과수,과수화상병,예보,사과,"❍ (과수화상병) 세균에 의해 사과, 배나무의 꽃, 잎, 열매, 가지가불에 탄 것과 같이 검게 변하고 서서히 말라죽게 되는데 전염성이높아 사전예방을 위한 사전방제와 과원 및 농자재 관리가 필수⇒ 한번 걸리면 방제가 불가능하기 때문에 예방을 위하여 과수원을청결하게 관리하고 농작업을 하는 사람의 과수원 출입 시 사람과작업도구 등을 수시로 소독⇒ 의심증상 발견 시에는 전국 대표전화(1833-8572) 또는 가까운농업기술센터·농업기술원에 즉시 신고
❍ (과수가지검은마름병) 과수화상병과 증상이 비슷하여 육안으로는구분이 불가하며, 발생 시기와 전파경로, 피해증상이 유사함",12호.txt
2026,12,24,2026-09-01,2026-09-30,과수,사과 갈색무늬병,주의보,사과,"❍ 4권역(강원, 충청, 전라, 경상)에 대한 대학 협업 4차 예찰(8.11~8.26)결과 사과 갈색무늬병은 강원권 3.3%, 충청권 0.7%, 전라권 2.9%,발생하여 주의 필요
❍ 사과 갈색무늬병은 포자의 공기 전염에 의해발생되는데 포자의 비산은 7월 이후에 증가하여8월에 가장 많은 양이 비산됨.
⇒ 8월 까지 강우 전에 정기적으로 적용약제를수관 내부까지 골고루 묻도록 충분한 양을살포하여야 함",12호.txt
2026,12,25,2026-09-01,2026-09-30,과수,점무늬낙엽병,예보,사과,"❍ 사과 관찰포 조사 결과 전년대비 피해잎율은 증가하는 추세이며,경기, 강원, 충북, 전남광주, 경북에서 발생 증가하여 주의 필요
❍ 과실에서 5~6월부터 과점으로 감염되기 시작하여 8~9월까지감염되며, 흑색의 작은 반점을 형성하여 병반은 크게 확대되지않고 과실이 성숙하면 병반 주변이 적자색으로 됨
❍ 과실의 감염은 7~8월에 가장 많이 일어남으로 겹무늬썩음병 ,갈색무늬병과 동시 방제하는 것이 효과적임",12호.txt
2026,12,26,2026-09-01,2026-09-30,과수,복숭아순나방,주의보,"복숭아,사과","❍ 사과, 배 관찰포 조사 결과 전년대비 피해잎율은 증가하는 추세이며, 사과(충남), 배(전남광주, 경북, 경남)에서 발생 증가하여주의 필요
❍ 유충이 신초의 선단부로 먹어 들어가 피해받은 신초는 선단부가꺽여 말라 죽으며 즙액과 배설물을 남김
❍ 어린 과실의 경우 꽃받침 부분으로 침입하여 과심부를 섭식하고,성숙한 과실은 꽃받침 또는 과경 부근 과피 아래 과육을 섭식하며배설물을 남기는 점에서 복숭아심식나방과 구분됨
⇒ 전년에 과실 피해가 많았거나, 성페로몬 트랩에 유인이 많이 된과원은 등록 약제로 방제하고, 열매솎기나 봉지씌우기를 할 때피해를 받은 신초나 어린 과실이 발견되면 즉시 제거하여 땅에 묻음",12호.txt
2026,12,27,2026-09-01,2026-09-30,과수,복숭아심식나방,예보,"복숭아,사과","❍ 사과, 배 관찰포에서 성페로몬트랩 조사 결과 전년대비 경기,전북, 경북에서 발생 증가하여 주의 필요
❍ 부화한 유충이 뚫고 들어간 과실의 피해 구멍은 바늘로 찌른 정도로작으며 즙액이 나와 이슬방울처럼 맺혔다가 시간이 지나면서 흰가루처럼 말라 붙음
❍ 유충은 과심부까지 들어가 섭식하며, 과피 부분의 비교적 얕은부분을 먹어 그 흔적이 착색이 되며, 노숙유충이 되면 과실표면에1~2mm의 구멍을 남기고 탈출하며 겉으로 배설물을 배출하지 않음
⇒ 전년에 과실 피해가 많았거나, 성페로몬 트랩에 유인이 많이 된과원은 등록 약제로 방제하고, 열매솎기나 봉지씌우기를 할 때피해를 받은 신초나 어린 과실이 발견되면 즉시 제거하여 땅에 묻음",12호.txt
2026,12,28,2026-09-01,2026-09-30,과수,"갈색날개매미충, 미국선녀벌레, 꽃매미",주의보,"매실,복숭아,사과,포도","< 갈색날개매미충 >
❍ 5월상·중순경에부화하여약충이되고,7월중순부터성충으로우화* (생활사)월동알부화(5월) →약충(1∼5령,5∼7월) →성충(7∼10월)월동알산란⇒ 갈색날개매미충을 효과적으로 방제하려면 갈색날개매미충 부화 후1~2주 사이에 애벌레(1~2령)가 붙어 있는 나무에 약제를 뿌리는것이 좋음. 2령이 지난 애벌레와 성충은 이동성이 크기 때문에방제 효과가 떨어짐⇒ 발생 정도에 따라 등록 약제를 1주일 간격으로 1~3회 살포*지역별‘공동방제의날’은시도별여건에따라탄력적으로운영< 미국선녀벌레 >
❍ 미국선녀벌레는 연간 1세대 발생하며 월동한 알은 5월 중·하순경에약충 성충 집단 사과 어린 가지 산란 피해부화하며, 약충은 5령을 거쳐 성충이 되며, 성충은 7월에서 10월까지 발생함
⇒ 농약 살포시 등록 약제를 어린 약충기나다발생기에 농약안전사용기준에 맞게 살포* 기주범위가넓으므로농경지뿐만아니라인근야산의나무들도동시에방제해야미국선녀벌레피해를효과적으로줄일수있음.
⇒ 천적인 선녀벌레집게벌을 방사하여 장기적으로 밀도 억제< 꽃매미 >
❍ 꽃매미는 연간 1세대 발생하고월동한 알은 5월 상·중순경에 부화하며 약충은 5령을 거쳐 성충이되고 성충은 7월에서 11월까지발생함
❍ 주로 포도, 사과, 배, 복숭아, 매실,가죽나무, 참죽나무 등을 가해하나, 포도속(포도, 머루) 작물을 특이적으로 선호함
❍ 약충과 성충이 집단적으로 즙을 빨아 먹어 나무 생육을 저하시키고그을음병 유발⇒ 월동알을 제거해 주는 것이 친환경적이며 발생을 줄이는 데에큰 효과가 있으므로 봄철에 약충으로 부화하기 전 과수원 및 인근야산의 나무 등에 있는 알 덩어리를 제거해 주고, 약충이 깨어나오면 등록약제로 반드시 방제⇒ 시설재배지는 측창과 입구에 방충망을 설치하면 꽃매미의 침입과외부로의 확산을 막고, 방제 효과도 증대시킬 수 있음",12호.txt
2026,12,29,2026-09-01,2026-09-30,과수,새눈무늬병·갈색무늬병,예보,포도,"❍ 포도 새눈무늬병은 잎에서 잎맥이 흑갈색으로 변하고, 진전되면 흑색 반점으로확대되어 구멍이 뚫리며 열매와 가지에서는 초기에 흑갈색의 반점이 나타남⇒ 비가 많이 올 때 발생이 많으므로,병든 부위는 즉시 제거하고 봉지 씌우기 전에 등록 약제로 방제
❍ 포도 갈색무늬병․노균병은 비가 자주 내리고 습도가 높을 때 발생이 많음
⇒ 잎과 과실을 자세히 살펴보아 발생 초기에 등록약제로 잎 뒷면까지방제하되 가능한 비 오기 전․후 방제실시",12호.txt
2026,12,30,2026-09-01,2026-09-30,과수,"응애류, 노린재류",예보,사과,"❍ (점박이응애) 7∼8월에 많이 발생하며 비가 적을 때 발생이급증하기 때문에 잎 뒷면을 잘 관찰하여 발생 초기에 방제 필요
❍ 배 관찰포 조사 결과 전년대비 발생 증가하는 추세이며 ,충남, 전북, 전남, 경남에서 발생 증가하여 주의 필요
⇒ 등록된 약제를 이용하여 방제하고, 약제 살포시 약제저항성회피를 위해 계통이 서로 다른 약제를 교호살포하는 것이 좋음
❍ (노린재류) 사과 관찰포 트랩 조사 결과 전년대비 전북, 경북에서 발생 증가하여 주의 필요
❍ 과실의 표면에 앉아 구침을 찔러 흡즙하여 가해하고, 가해부위는 주로 과실의 윗부분, 옆면에 나타나며 피해과는 피해부위 가운데 구침 흔적이 있으며 과육이 코르크화 됨
❍ 유과기에 가해를 받은 경우 비대하지 못하고 낙과하는 경우가 많으며,과실 흡즙 구멍 주위로 함몰되는 현상을 보이고 심한 경우 열과 발생⇒ 유인트랩 설치하여 방제적기 판단 가능하며, 발생초기 등록약제로 방제1개월 기상전망(9.7.~10.4)  (출처 : 국립농업과학원,기상청)(기온) 1주, 2주, 3주, 4주는 평년보다 높겠음
(강 수 량) 1주는 평년과 비슷하겠고, 2주, 3주는 평년보다 적겠고,4주는 평년과 비슷하거나 많겠음
❍ 1주(9.7~9.13): 기온은 평년보다 높겠고, 강수량은 평년과 비슷하겠음
❍ 2주(9.14~9.20): 기온은 평년보다 높겠고, 강수량은 평년보다 적겠음
❍ 3주(9.21~9.27): 기온은 평년보다 높겠고, 강수량은 평년보다 적겠음
❍ 4주(9.28~10.4): 기온은 평년보다 높겠고, 강수량은 평년과 비슷하거나 많겠음
농업지대 지역평균기온 강수량1주 2주 3주 4주 1주 2주 3주 4주(9.7~9.13) (9.14~9.20)(9.21~9.27)(9.28~10.4)(9.7~9.13) (9.14~9.20)(9.21~9.27)(9.28~10.4)1.태백고냉 대관령 조 금 높 음높음 높음 높음 비슷 적음 적음 조 금 많 음
2.태백준고냉 인제,홍천,제천 조 금 높 음높음 높음 높음 비슷 적음 적음 조 금 많 음
3.소백산간 충주,보은 높음 높음 높음 높음 비슷 적음 적음 조 금 많 음
4.노령소백산간 임실 높음 높음 높음 높음 조 금 적 음적음 적음 조 금 많 음
5.영남내륙산간 추풍령,영주,문경 높음 높음 높음 높음 조 금 적 음적음 적음 조 금 많 음
6.중북부내륙 춘천,양평 조 금 높 음높음 높음 높음 비슷 적음 적음 조 금 많 음
7.중부내륙 원주,이천 조 금 높 음높음 높음 높음 비슷 적음 적음 조 금 많 음
8.소백서부내륙 청주,대전,금산 높음 높음 높음 높음 비슷 적음 적음 조 금 많 음
9.노령동서내륙 정읍,남원,거창,산청 높음 높음 높음 높음 조 금 적 음적음 적음 조 금 많 음
10.호남내륙 광주,순천,장흥 높음 높음 높음 높음 조 금 적 음적음 적음 조 금 많 음
11.영남분지 대구,의성,구미,영천 높음 높음 높음 높음 조 금 적 음적음 적음 조 금 많 음
12.영남내륙 진주,합천,밀양 높음 높음 높음 높음 조 금 적 음적음 적음 조 금 많 음
13.중서부평야 서울,인천,수원,서산,강화,천안,보령 조 금 높 음높음 높음 높음 비슷 적음 적음 조 금 많 음
14.차 령 남 부 평 야군산,전주,부여,부안 높음 높음 높음 높음 조 금 적 음적음 적음 조 금 많 음
15.남서해안 목포,완도,해남,고흥 높음 높음 높음 높음 조 금 적 음적음 적음 조 금 많 음
16.남부해안 부 산,통 영,여 수,거 제,남 해높음 높음 높음 높음 조 금 적 음적음 적음 조 금 많 음
17.동해안북부 속초,강릉 조 금 높 음높음 높음 높음 비슷 적음 적음 조 금 많 음
18.동해안중부 울진,영덕 높음 높음 높음 높음 조 금 적 음적음 적음 조 금 많 음
19.동해안남부 포항,울산 높음 높음 높음 높음 조 금 적 음적음 적음 조 금 많 음
20.제주 제주,성산,서귀포 높음 높음 높음 높음 조 금 적 음적음 적음 조 금 많 음
평균 높음 높음 높음 높음 비슷 적음 적음 조 금 많 음
10일(2026.08.31.~09.06.) 예보(기상청, 2026.08.27., 06:00)<기상예보>",12호.txt
2026,12,31,2026-09-01,2026-09-30,과수,"응애류, 노린재류",예보,,"❍ (기온) 아침 기온은 18~25℃, 낮 기온은 27~32℃로 평년(최저기온18~22℃, 최고기온 26~30℃)과 비슷하거나 조금 높겠음
❍ (강수) 31일 전남권과 경남권, 제주도에 비가 내리겠음
<날씨><최저/최고기온>최근 경과기상과 향후 기상전망[ 기온 ][ 강수량 ]연도별 평균기온
❍ ‘26년  1월 부 터  8월  4주 차 까 지 의  평 균 기 온 은  14.8℃로, 평 년(13.6)보 다  1.2℃  높 았 음
- ’26년 8월 4주차의 평균기온은 27.5℃로, 평년(24.6)보다 2.9℃ 높았음
기 간 1월 2월 3월 4월 5월 6월 7월8월 분석기간1.1~8.26 8.20~8.261주(7.30~8.5)2주(8.6~8.12)3주(8.13~8.19)4주(8.20~8.26)평균(℃)편차(℃)평균(℃)편차(℃)2026년 -1.0 3.2 7.7 14.0 18.7 22.3 26.9 29.6 27.5 25.7 27.5 14.8 1.2 27.5 2.92025년 0.4 0.0 7.9 13.2 16.9 23.0 27.2 28.2 25.3 27.6 28.4 14.4 0.8 28.4 3.82024년 1.4 4.5 7.2 15.1 17.8 22.7 26.4 29.1 28.3 28.2 28.0 15.2 1.6 28.0 3.42023년 0.0 3.0 9.7 13.3 18.0 22.4 25.6 28.5 26.6 26.6 26.4 14.7 1.1 26.4 1.82022년 -0.2 0.4 8.0 13.9 18.2 22.5 26.1 27.6 27.4 26.1 24.5 14.3 0.7 24.5 -0.12021년 -0.4 3.9 9.0 13.4 16.9 21.9 26.2 27.7 26.2 24.0 24.2 14.4 0.8 24.2 -0.42020년 3.0 3.8 8.0 10.9 17.7 22.7 22.7 26.1 25.5 27.8 26.7 14.2 0.6 26.7 2.12019년 0.5 2.6 7.6 12.0 18.5 21.2 24.7 28.4 27.9 26.6 24.6 14.1 0.5 24.6 0.02018년 -1.8 0.0 8.2 13.3 17.8 22.1 26.7 29.7 28.3 27.1 25.9 14.1 0.5 25.9 1.32017년 0.3 1.8 6.4 13.8 18.6 21.7 26.4 27.2 26.9 24.3 26.0 14.3 0.7 26.0 1.42016년 -0.6 1.9 7.3 13.8 18.5 22.2 25.4 27.5 28.5 28.4 26.9 14.3 0.7 26.9 2.310년평균 0.3 2.2 7.9 13.3 17.9 22.2 25.7 28.0 27.1 26.7 26.2 14.4 0.8 26.2 1.6평 년 -0.4 1.7 6.5 12.3 17.5 21.5 24.7 26.6 26.2 25.6 24.6 13.6 0.0 24.6 0.0* 10년 평균 : 최근 10년(2015~2024년)동안의 평균기온의 평균** 평년 : 30년(1991～2020년)동안의 평균기온의 평균*** 편차 : 평년의 평균기온에 대한 연도별 평균기온의 차이연도별 강수량
❍ ‘26년 1월부터 8월 4주차까지의 강수량의 합은 770.3㎜로, 평년(1,002.4)보다 232.1㎜ 적었음(평년대비 76.8%)
- ’26년  8월  4주 차 의  강 수 량 의  합 은  25.6㎜로, 평 년(70.8)보 다  45.2㎜  적 었 음",12호.txt
2026,12,32,2026-09-01,2026-09-30,과수,"응애류, 노린재류",예보,"벼,복숭아",(평년대비 36.2%)기 간 1월 2월 3월 4월 5월 6월 7월8월 분석기간1.1~8.26 8.20~8.261주(7.30~\8.5)2주(8.6~8.12)3주(8.13~8.19)4주(8.20~8.26)합계(㎜)대비(%)합계(㎜)대비(%)2026년 5.9 21.1 69.4 88.3 126.8108.2208.6 2.4 6.8 1 0 7 .325.6 7 7 0 .376.8 25.6 3 6 .22025년 18.3 21.4 50.4 68.9 124.2181.1243.9 55.4 67.8 29.8 18.8 8 7 9 .787.8 18.8 2 6 .62024년 36.9 111.4 68.8 87.9 118.4147.5361.4 15.2 7.0 12.0 42.0 1 0 0 8 .41 0 0 .642.0 5 9 .32023년 44.9 20.0 30.5 70.2 207.2210.1497.0 6.5 134.8 13.0 68.9 1 2 9 7 .61 2 9 .468.9 9 7 .32022년 5.0 5.5 89.5 62.7 6.3 181.9181.9 69.5 125.0 66.9 30.4 7 9 6 .879.5 30.4 4 2 .92021년 25.4 23.4 112.1 77.5 138.9 94.7 234.7 43.8 32.9 34.6 1 4 8 .29 5 8 .695.6 1 4 8 .22 0 9 .32020년 85.7 62.1 34.4 44.0 107.4194.3422.9 1 1 5 .82 2 7 .410.9 32.1 1 3 0 0 .81 2 9 .832.1 4 5 .32019년 9.7 34.5 42.6 80.8 65.0 151.5238.3 11.0 50.3 21.8 35.2 7 3 4 .773.3 35.2 4 9 .72018년 25.5 36.6 116.2140.3135.2147.2170.7 2.0 27.1 14.7 1 1 0 .39 2 5 .292.3 1 1 0 .31 5 5 .82017년 18.6 36.0 26.1 72.8 31.0 63.1 297.1 25.8 40.0 96.7 89.3 7 7 3 .877.2 89.3 1 2 6 .12016년 32.9 50.6 62.8 163.2103.4 76.4 290.8 18.6 9.3 7.9 16.4 8 2 3 .482.1 16.4 2 3 .210년평균 30.3 40.2 63.3 86.8 103.7144.8293.9 36.4 72.2 30.8 59.2 9 4 9 .994.8 59.2 8 3 .6평 년 30.3 37.2 62.7 90.5 107.7151.0289.5 54.9 67.5 55.3 70.8 1 0 0 2 .41 0 0 .070.8 1 0 0 .0*10년평균:최근10년(2014∼2023년)동안의강수량의평균**평년:30년(1991～2020년)동안의강수량의평균***대비:평년의강수량에대한연도별강수량의비율리플릿 벼 도열병 관리가이드리플릿 벼 먹노린재 피해예방 방법리플릿 콩 병해충 관리기술리플릿 복숭아 탄저병 효과적인 방제를 위한 실천방법,12호.txt
2026,1,1,2026-01-01,2026-01-31,시설채소,잿빛곰팡이병,예보,"딸기,오이","❍ 시설내의 온도가 낮고(20℃ 전후) 습도가 높은 조건이 오래 지속되면 발생이 증가하는데 오이, 딸기 등 일부 작물에서 발생하고있어 주의가 필요함
⇒ 환기를 통해 시설 내의 습도를 낮추어 주되 보온에 유의하고,병이 발생되면 급속하게 번지는 특성이 있으므로 병든 식물을제거하고 발생 초기에 등록약제로 방제하되 내성이 잘 생기므로계통이 다른 등록약제를 교호로 살포",1호.txt
2026,1,2,2026-01-01,2026-01-31,시설채소,균핵병,예보,"고추,딸기,방울토마토,오이","❍ 잿빛곰팡이병과 비슷한 환경인 온도가 낮고 습도가 높을 때 발생하며 질소질 비료를 많이 주어 작물체가 연약하게 자라거나연작에 의하여 병원균 밀도가 높을 때 발생이 늘어남. 오이,토마토, 고추, 딸기 등 중기와 가지의 분지점에 침입하여 발생하며, 윗부분의 줄기와 잎이 시들어 말라 죽게 되는 병임
⇒ 적절한 환기로 과습한 환경을 피하고보온력을 강화하여 적정온도를 유지시키며, 병든 기주는 바로 없애주고농약안전사용기준을 준수하여 잿빛곰팡이병과 동시 방제할 수 있도록 함",1호.txt
2026,1,3,2026-01-01,2026-01-31,시설채소,흰가루병,예보,"딸기,멜론,오이","❍ 분생포자가 공기로 전염되며 건조하면서 일교차가 심한 환경에서 많이 발생하는데 1월 기온의 변화가 클 것으로 예상돼오이, 멜론 등 박과작물과 딸기 등에 발생 증가가 우려됨
⇒ 일사량이 부족하고 비료기가 많은 조건에서 발생이 많으므로질소질 비료를 알맞게 주며, 병든 잎과 과실은 신속히 제거하고발생 초기에 등록 약제로 방제",1호.txt
2026,1,4,2026-01-01,2026-01-31,시설채소,노균병,예보,"멜론,오이","❍ 오이, 멜론 등 시설 내의 습도가 높고 온도가 낮은(20℃ 전후)조건에서 발생이 많고, 일조량이 부족하거나 거름기가 모자라작물 생육이 왕성하지 못할 때 발생이 많음
⇒ 야간에 보온관리를 잘하여 저온이 되지 않도록 하고, 웃거름주기와 열매솎기 및 햇볕 쪼임을 좋게 하여 튼튼하게 생육하도록함과 동시에 습도가 높아지지 않도록 환기를 철저히 해줌⇒ 특히 오이 시설재배 중 환기를 시키는 과정에서 찬바람이 식물체에직접 닿을 경우 노균병이 심하게 발생되므로 환기 할 때 유의⇒ 병이 발생된 포장은 병든 잎을 일찍 따낸 다음 발병 초기에등록약제로 방제",1호.txt
2026,1,5,2026-01-01,2026-01-31,시설채소,딸기 꽃곰팡이병,예보,딸기,"❍ 암술에 녹색 곰팡이가 발생하는 병으로 심할 경우 꽃 전체가마르면서 기형과를 유발하는 피해를 입힘
❍ 병원균은 딸기꽃 외에도 시설 내 식물 잔재물, 토양, 유기물 등에서도 증식이 가능하며 저온과 습도가높을 때 발생이 증가함
⇒ 시설 내 습도를 낮추고 식물체로 물방울이 떨어지지 않도록 하며 식물체잔재물을 제거하는 등 청결한 환경관리필요",1호.txt
2026,1,6,2026-01-01,2026-01-31,시설채소,딸기 세균모무늬병,예보,딸기,"❍ 생육 초기 잎 뒷면에 작은 수침상이 나타나고 점차 확대되어잎 앞면에 점무늬를 형성함
❍ 후기의 병반은 세균 누출액으로 덮여 빛이 나고, 잎 전체가마르면서 갈색으로 변색되고 떨어지게 됨
❍ 세균 누출액이 튀거나 접촉으로 번지는 원인이 되고 딸기 러너에의해 확산됨
⇒ 감염된 포장이나 모주를 통해 전염되므로 병에 걸린 포기는 제거하여 태우거나 땅에 묻고, 병에 걸렸던 포장의 딸기는 절대 모주로사용하지 말아야 함",1호.txt
2026,1,7,2026-01-01,2026-01-31,시설채소,토마토반점위조바이러스(TSWV),예보,"고추,방울토마토,파프리카","❍ 총채벌레가 전염시키는 바이러스 병으로 파프리카, 고추, 토마토등 시설재배지에서 이들 매개충이 꾸준히 발생하고 있으며, 방제시기를 놓칠 경우 피해가 커지기 때문에 초기 예방이 중요
⇒ 병에 걸린 식물을 발견하면 즉시 제거하여 병이 확산되는 것을 예방",1호.txt
2026,1,8,2026-01-01,2026-01-31,시설채소,토마토황화잎말림병(TYLCV),예보,방울토마토,"❍ 가지과 작물에서 담배가루이가 병을 매개하므로 육묘 단계부터정식 초기에 예찰을 강화하여 감염여부를 판단하고 정식 후에는잎 뒷면과 포장주위를 살펴보아 담배가루이를 철저히 방제⇒ 병을 전염시키는 담배가루이의 세대 기간이 짧아 연간 발생횟수가많으므로 방충망을 설치하여 시설 안으로 담배가루이가 들어오는것을 막고 발생 초기에 등록약제로 방제하는 등 철저한 관리로병이 확산되는 것을 예방⇒ 발생된 시설재배 농가 주변지역은 담배가루이의 기주식물이 되는잡초와 병에 걸린 식물은 뽑아서 제거※ 기주식물 : 큰개불알풀, 광대나물, 별꽃,큰망초, 쑥, 머위",1호.txt
2026,1,9,2026-01-01,2026-01-31,시설채소,쥬키니황화모자이크바이러스(ZYMV),예보,"오이,호박","❍ 호박, 오이 등 과채류에서 전년에 이어 발생이 증가할 것으로 예상되며, 진딧물이 병을 매개하는 한편 이병식물의 접촉에 의한전염도 가능하므로 농작업 시 주의가 필요
⇒ 진딧물 방제를 철저히 하고 작물이 시설 내에 연중 재배되어항상 전염원이 있으므로 즙액에 의한 접촉전염을 막기 위해 병든식물체는 즉시 제거",1호.txt
2026,1,10,2026-01-01,2026-01-31,시설채소,총채벌레류․가루이류․진딧물류․응애류․작은뿌리파리,예보,"감자,고추,딸기,방울토마토,오이","❍ 시설작물에 오이총채벌레, 꽃노랑총채벌레, 아메리카잎굴파리등과 딸기의 점박이응애나 진딧물 등 해충 발생 우려⇒ 총채벌레는 토마토반점위조바이러스를 전염시키는 해충으로 최근발생이 증가 추세이므로 시설 내부로 유입되지 않도록 유의⇒ 이들 해충은 일단 발생 되면 방제가 어려우므로 방충망을 설치하는 등 시설 안으로 들어오지 못하도록 막고, 크기가 작아 발생여부를 알기 어려우므로 끈끈이 트랩을 매달아 주의 깊게 관찰⇒ 해충에 따라 발생 초기에 천적을 투입하거나 등록 약제로 방제하고, 약제살포 시에는 안전사용기준을 지켜 계통이 다른 약제를바꾸어 가면서 살포
❍ (꽃노랑총채벌레) 총채벌레류는 오이, 고추, 토마토 등 시설 내에서연중 발생하는 해충으로 방제시기를 놓칠 경우 바이러스병을 전염시켜 큰 피해를 주는 해충임
⇒ 끈끈이트랩이나 타락법(흰색 종이를 이용 꽃과 잎을 두드려서예찰) 등으로 예찰하고, 발생 포장은 초기에 방제⇒ 꽃노랑총채벌레는 번데기 방제용으로 총채가시응애를 토양에투입하고, 지상부 유충과 성충 방제용으로는 애꽃노린재, 지중해이리응애 등 천적을 활용하면 효과적으로 방제가 가능함
❍ (가루이류·진딧물류) 온실가루이와 담배가루이는 가지과 작물에서, 진딧물은 엽채류와 과채류에서 주로 발생하며 식물체의즙액을 빨아먹는 직접적인 피해뿐만 아니라 그을음병과 바이러스병 등을 유발함
❍ (응애류) 작물이 피해를 받으면 잎이 누렇게 변하여 말라 죽게 됨
⇒ 이들 해충은 일단 발생하면 방제가 어려우므로 방충망을 설치하는등 시설 안으로 들어오지 못하도록 막고, 크기가 작아 발생을 알아보기가 어려우므로 끈끈이 트랩을 매달아 주의 깊게 살펴봄⇒ 해충에 따라 발생초기 천적을 투입하거나 등록약제로 방제하고,약제 살포 시에는 안전사용기준을 지키고 계통이 다른 약제로바꾸어 가면서 살포하여 저항성 유발을 최소화
❍ (작은뿌리파리) 밭작물, 채소 등에서 전 생육기간 동안 발생하며,성충은 유기물이 풍부한 상토 또는 양액 육묘의 암면 큐브 위이끼에 산란하고 부화유충은 지제부와 뿌리에 해를 입혀 시들음
병이나 청고병과 같은 지상부 시들음 증상을 유발⇒ 유충은 감자 절편에 잘 유인되기 때문에 깍두기 모양의 크기로절단하여 작물의 뿌리 주변에 놓아두면 발생여부와 발생량을예찰할 수 있음
⇒ 노란색 끈끈이 트랩을 지상부 50㎝ 이하에 설치해 두면 성충발생 여부와 발생량 예찰에 도움이 됨",1호.txt
2026,1,11,2026-01-01,2026-01-31,시설채소,(토마토) 토마토뿔나방,예보,방울토마토,"❍ 토마토뿔나방은 유충이 주로 토마토 잎에 구멍을 뚫고 들어가 내부조직을 넓게 갉아 먹으며 과실 속으로도 파고 들어가 피해를 입힘⇒ 발생포장 전체에 등록 농약을 약액이 작물에 충분히 묻을 수있도록 살포하고, 2회 이상 약제살포 시 작용기작이 다른 약제를교호 살포할 것을 권장함, 친환경 재배농가의 경우 교미교란제를정식 초기에 설치하고 유기농업자재를 충분히 살포해야 함",1호.txt
2026,1,12,2026-01-01,2026-01-31,과수,과수화상병,예보,"사과,장미","❍ 과수화상병
- 과수화상병은 세균병으로 사과, 배, 모과 등 장미과 식물의 꽃,잎, 가지, 열매, 줄기 등이 마치 불에 탄 것처럼 조직이 마르는 병으로 병원균은 묘목, 곤충, 비바람, 전정도구, 농작업자 등에 의해전염되어 5월 초순부터 증가하다가 고온기(32℃ 이상)에서 감소함
⇒ 농작업 시 사용되는 작업복, 장갑, 전정가위, 톱 등의 도구는반드시 세탁·소독·교체 후 사용하고 전정 시 나무마다 소독⇒ 과원 경작 농가 또는 작업자는 시·군에서 주관하는 과수화상병 교육 필수 이수(1회 이상/년)⇒ 농가는 농작업자에게 소독 이행사항 등을 교육하고 작업자이력 등을 반드시 확인하고 영농일지에 기록⇒ 과수 재배 전기간 동안 ‘과수화상병 전문가 진단 앱’ 활용 등상시적 예찰 실시
- 궤양이 있는 가지 제거 방법⇒ 궤양 증상이 관찰되면 궤양 하단 끝부터 40~70cm 이상의 아래쪽을 절단하고, 절단 부위에는 티오파네이트메틸 도포제 등소독약을 발라 준다.
* 작업도구는70% 알코올에90초 이상 침치하여소독하고, 절단한가지는과원에서멀리떨어진곳에모아두거나땅에묻음(전정가위표면6∼12시간,작업복등20일까지생존가능)
- 겨울철 궤양제거의 필요성⇒ ① 화상병균은 겨울철 궤양 부위에서 일부 월동이 가능함
② 다음해 봄에 궤양 부위로부터 병원균이 전파될 수 있음
③ 감염된 나무 내 병원균은 잔가지에서 굵은 가지까지 이동 가능* 철저한궤양제거를통해병원균의밀도를낮추고,전파를사전에차단* 궤양제거는궤양에서월동하는사과부란병,겹무늬썩음병,배줄기마름병등방제효과도있음
❍ (과수가지검은마름병) 과수화상병과 증상이 비슷하여 육안으로는구분이 불가하며, 발생시기와 전파경로, 피해증상이 유사함.
사과나무병징수피가 갈라지거나터지는 형태의 궤양 검게 변하고 마르는 궤양 수피가 움푹 들어가면서경계가 생기는 궤양배나무병징수피가 갈라지거나터지는 형태의 궤양진갈색이나 검게 변하고마르는 궤양수피가 들어가면서경계가 생기는 궤양1개월 기상전망            (출처 : 국립농업과학원, 기상청)기온은 1주는 평년과 비슷하거나 낮겠고, 2주는 평년과 비슷하겠으며, 3주는평년과 비슷하거나 높겠고, 4주는 평년보다 높겠음
강수량은 1주, 3주는 평년과 비슷하겠고, 2주는 평년과 비슷하거나 적겠으며,4주는 평년과 비슷하거나 많겠음
❍ 1주(1.12~1.18): 이동성 고기압의 영향을 주로 받겠으나, 상층 기압골의영향을 받을 때가 있겠음
- 기온은 평년과 비슷하거나 낮겠고, 강수량은 평년과 비슷하겠음
❍ 2주(1.19~1.25): 이동성 고기압의 영향을 주로 받겠으나, 일시적으로대륙고기압의 영향을 받을 때가 있겠음
- 기온은 평년과 비슷하겠고, 강수량은 평년과 비슷하거나 적겠음
❍ 3주(1.26~2.1): 이동성 고기압의 영향을 주로 받겠음
- 기온은 평년과 비슷하거나 높겠고, 강수량은 평년과 비슷하겠음
❍ 4주(2.2~2.8): 이 동 성  고 기 압 의  영 향 을  주 로  받 겠 으 나, 기 압 골 의  영 향 을  받 을  때 가  있 겠 음
- 기온은 평년보다 높겠고, 강수량은 평년과 비슷하거나 많겠음
농업지대 지역 평균기온 강수량1주 2주 3주 4주 1주 2주 3주 4주(1.12~1.18)(1.19~1.25)(1.26~2.1) (2.2~2.8) (1.12~1.18)(1.19~1.25)(1.26~2.1) (2.2~2.8)1.태백고냉 대관령 조 금 낮 음비 슷조 금 높 음조 금 높 음비 슷조 금 적 음비 슷 비 슷2.태백준고냉 인제,홍천,제천 조 금 낮 음비 슷조 금 높 음조 금 높 음비 슷조 금 적 음비 슷 비 슷3.소백산간 충주,보은 조 금 낮 음비 슷조 금 높 음높 음 비 슷조 금 적 음비 슷조 금 많 음
4.노령소백산간 임실 조 금 낮 음비 슷조 금 높 음높 음 비 슷조 금 적 음비 슷조 금 많 음
5.영남내륙산간 추풍령,영주,문경 비 슷조 금 높 음조 금 높 음높 음 비 슷조 금 적 음비 슷조 금 많 음",1호.txt
2026,1,13,2026-01-01,2026-01-31,과수,과수화상병,예보,,"6.중북부내륙 춘천,양평 조 금 낮 음비 슷조 금 높 음조 금 높 음비 슷조 금 적 음비 슷 비 슷7.중부내륙 원주,이천 조 금 낮 음비 슷조 금 높 음조 금 높 음비 슷조 금 적 음비 슷 비 슷8.소백서부내륙 청주,대전,금산 조 금 낮 음비 슷조 금 높 음높 음조 금 많 음비 슷 비 슷조 금 많 음
9.노령동서내륙 정읍,남원,거창,산청 조 금 낮 음비 슷조 금 높 음높 음 비 슷조 금 적 음비 슷조 금 많 음
10.호남내륙 광주,순천,장흥 조 금 낮 음비 슷 높 음 높 음 비 슷조 금 적 음조 금 많 음조 금 많 음
11.영남분지 대구,의성,구미,영천 비 슷조 금 높 음조 금 높 음높 음 비 슷조 금 적 음비 슷조 금 많 음
12.영남내륙 진주,합천,밀양 비 슷조 금 높 음높 음 높 음 비 슷조 금 적 음조 금 많 음조 금 많 음
13.중서부평야 서울,인천,수원,서산,강화,천안,보령 조 금 낮 음비 슷조 금 높 음조 금 높 음조 금 많 음비 슷 비 슷 비 슷14.차령남부평야 군산,전주,부여,부안 조 금 낮 음비 슷조 금 높 음높 음 비 슷조 금 적 음비 슷조 금 많 음
15.남서해안 목포,완도,해남,고흥 조 금 낮 음비 슷 높 음 높 음 비 슷조 금 적 음조 금 많 음조 금 많 음
16.남부해안 부산,통영,여수,거제,남해 비 슷조 금 높 음높 음 높 음 비 슷조 금 적 음조 금 많 음조 금 많 음
17.동해안북부 속초,강릉 비 슷조 금 높 음조 금 높 음높 음 비 슷조 금 적 음비 슷조 금 많 음
18.동해안중부 울진,영덕 비 슷조 금 높 음조 금 높 음높 음 비 슷조 금 적 음비 슷조 금 많 음
19.동해안남부 포항,울산 비 슷조 금 높 음높 음 높 음 비 슷조 금 적 음조 금 많 음조 금 많 음
20.제주 제주,성산,서귀포 비 슷 비 슷 높 음 높 음 비 슷조 금 적 음조 금 많 음조 금 많 음
평균 조 금 낮 음비 슷조 금 높 음높 음 비 슷조 금 적 음비 슷조 금 많 음
10일(2026.01.04.~01.10.) 예보(기상청, 2025.12.31., 06:00)<기상예보>
❍ (기온) 아침 기온은 -10~1℃, 낮 기온은 0~9℃로 평년(최저기온 -10~0℃,최고기온 2~9℃)과 비슷하겠음
❍ (강수) 전국 대부분 지역이 맑겠으나, 전라권은 대체로 구름 많겠고,제주도는 대체로 흐리겠음
<날씨><최저/최고기온>최근 경과기상과 향후 기상전망<기온><강수량>연도별 평균기온
❍ ‘25년 1월부터 12월 5주차까지의 평균기온은 14.1℃로, 평년(13.0)보다 1.1℃ 높았음
- ’25년 12월 5주차의 평균기온은 0.6℃로, 평년(0.2)보다 0.4℃ 높았음",1호.txt
2026,1,14,2026-01-01,2026-01-31,과수,과수화상병,예보,,"기간 1월 2월 3월 4월 5월 6월 7월 8월 9월 10월 11월12월 분석기간1.1~12.30 12.25~ 12.301주(11.27~12.3)2주(12.4~1210)3주(1 2 .1 1 ~ 1 2 .1 7 )4주(1 2 .1 8 ~ 1 2 .2 4 )5주(1 2 .2 5 ~ 1 2 .3 0 )평균(℃)편차(℃)평균(℃)편차(℃)‘25년 0.4 0.0 7.9 13.2 16.9 23.0 27.2 27.3 23.3 17.0 9.0 5.4 3.4 4.0 3.9 0.6 14.1 1.1 0.6 0.4‘24년 1.4 4.5 7.2 15.1 17.8 22.7 26.4 28.1 24.9 16.5 10.1 5.2 3.1 2.2 0.1 1.8 14.8 1.8 1.8 1.6‘23년 0.0 3.0 9.7 13.3 18.0 22.4 25.6 26.6 22.8 15.2 8.4 3.1 8.2 5.7 -4.1 2.0 14.1 1.1 2.0 1.8‘22년 -0.2 0.4 8.0 13.9 18.2 22.5 26.1 25.5 21.3 14.4 10.1 4.3 2.7 -0.3 -4.0 -1.8 13.4 0.4 -1.8 -2.0‘21년 -0.4 3.9 9.0 13.4 16.9 21.9 26.2 25.0 21.7 15.6 8.8 4.5 5.4 3.8 2.7 -2.3 13.8 0.8 -2.3 -2.5‘20년 3.0 3.8 8.0 10.9 17.7 22.7 22.7 26.6 20.4 14.1 9.0 3.3 2.8 -0.8 0.7 1.3 13.4 0.4 1.3 1.1‘19년 0.5 2.6 7.6 12.0 18.5 21.2 24.7 26.1 21.8 15.9 9.0 4.8 2.0 5.2 2.7 1.3 13.7 0.7 1.3 1.1‘18년 -1.8 0.0 8.2 13.3 17.8 22.1 26.7 27.2 20.5 13.1 8.3 7.4 0.9 0.2 4.4 -2.8 13.2 0.2 -2.8 -3.0‘17년 0.3 1.8 6.4 13.8 18.6 21.7 26.4 25.5 20.6 15.4 7.0 4.0 1.1 -3.3 1.2 0.2 13.2 0.2 0.2 0.0‘16년 -0.6 1.9 7.3 13.8 18.5 22.2 25.4 26.7 21.7 15.9 8.0 4.6 3.9 1.9 5.7 1.0 13.7 0.7 1.0 0.8‘15년 0.8 2.2 6.8 12.7 18.5 21.5 24.3 25.2 20.5 15.1 10.3 4.6 5.1 5.0 3.5 0.5 13.5 0.5 0.5 0.310년평균 0.3 2.4 7.8 13.2 18.1 22.1 25.5 26.3 21.6 15.1 8.9 4.6 3.5 2.0 1.3 0.1 13.7 0.7 0.1 -0.1평년 -0.4 1.7 6.5 12.3 17.5 21.5 24.7 25.4 20.8 14.7 8.1 4.7 2.7 1.5 1.5 0.2 13.0 0.0 0.2 0.0* 10년 평균 : 최근 10년(2014~2023년)동안의 평균기온의 평균** 평년 : 30년(1991～2020년)동안의 평균기온의 평균*** 편차 : 평년의 평균기온에 대한 연도별 평균기온의 차이연도별 강수량
❍ ‘25년 1월부터 12월 5주차까지의 강수량의 합은 1,347.5㎜로, 평년(1,357.4)보다 9.9㎜ 적었음(평년대비 99.3%)",1호.txt
2026,1,15,2026-01-01,2026-01-31,과수,과수화상병,예보,"마늘,방울토마토,배,사과,수수,양파","- ’25년 12월 5주차의 강수량의 합은 2.2㎜로, 평년(4.9)보다 2.7㎜ 적었음(평년대비 44.9%)기간 1월 2월 3월 4월 5월 6월 7월 8월 9월 10월 11월12월 분석기간1.1~12.30 12.25~ 12.301주(11.27~12.3)2주(12.4~1210)3주(1 2 .1 1 ~ 1 2 .1 7 )4주(1 2 .1 8 ~ 1 2 .2 4 )5주(1 2 .2 5 ~ 1 2 .3 0 )합계(㎜)대비(%)합계(㎜)대비(%)‘25년 18.3 21.4 50.4 68.9 124.2 181.1 243.9 181.1 237.4 171.9 22.6 4.6 0.8 15.2 8.2 2.2 1347.5 99.3 2.2 44.9‘24년 36.9 111.4 68.8 87.9 118.4 147.5 361.4 82.9 241.4 118.8 77.4 11.3 1.3 2.4 3.3 1.3 1461.4 107.7 1.3 26.5‘23년 44.9 20.0 30.5 70.2 207.2 210.1 497.0 286.3 196.9 18.0 64.9 2.6 4.4 87.9 4.1 3.1 1745.8 128.6 3.1 63.3‘22년 5.0 5.5 89.5 62.7 6.3 181.9 181.9 304.3 159.1 77.7 63.6 29.2 0.4 5.9 11.3 0.4 1155.6 85.1 0.4 8.2‘21년 25.4 23.4 112.1 77.5 138.9 94.7 234.7 291.0 167.8 55.2 58.3 23.9 1.0 3.1 2.7 2.9 1289.6 95.0 2.9 59.2‘20년 85.7 62.1 34.4 44.0 107.4 194.3 422.9 397.8 226.0 13.8 39.7 1.0 0.2 2.9 0.3 7.9 1639.4 120.8 7.9 161.2‘19년 9.7 34.5 42.6 80.8 65.0 151.5 238.3 143.6 241.3 165.6 57.9 18.4 0.7 3.4 1.8 7.9 1260.9 92.9 7.9 161.2‘18년 25.5 36.6 116.2 140.3 135.2 147.2 170.7 291.7 157.4 166.6 49.9 9.2 17.5 4.9 2.1 0.7 1471.5 108.4 0.7 14.3‘17년 18.6 36.0 26.1 72.8 31.0 63.1 297.1 239.0 100.6 77.9 14.4 1.0 5.5 1.0 15.6 0.8 1000.0 73.7 0.8 16.3‘16년 32.9 50.6 62.8 163.2 103.4 76.4 290.8 86.1 209.6 156.1 38.4 2.9 3.1 3.7 48.0 13.7 1338.7 98.6 13.7 279.6‘15년 31.9 31.0 47.8 135.6 70.1 103.3 189.4 117.5 68.3 66.3 137.0 10.6 17.1 12.1 5.3 1.4 1042.9 76.8 1.4 28.610년평균 31.7 41.1 63.1 93.5 98.3 137.0 288.4 224.0 176.8 91.6 60.2 11.0 5.1 12.7 9.5 4.0 1340.6 98.8 4.0 81.8평년 30.3 37.2 62.7 90.5 107.7 151.0 289.5 276.7 161.1 68.5 50.7 10.8 10.3 6.1 5.8 4.9 1357.4 100.0 4.9 100.0* 10년 평균 : 최근 10년(2014~2023년)동안의 강수량의 평균** 평년 : 30년(1991～2020년)동안의 강수량의 평균*** 대비 : 평년의 강수량에 대한 연도별 강수량의 비율리플릿 사과·배 화상병 예방을 위한 궤양 제거 방법리플릿 토마토뿔나방 예찰·방제리플릿 겨울철 과원관리(과수 수확 후 월동 대비 관리)카드뉴스 마늘·양파 겨울철 관리 요령리플릿 겨울철 대설·한파 대비 농작물 및 시설물 관리요령리플릿 시설하우스 한파대비 관리요령리플릿 미세먼지 줄이기 행동요령리플릿 토양개량제 지원사업 신청안내",1호.txt
2026,2,1,2026-02-01,2026-02-28,시설채소,잿빛곰팡이병,예보,"딸기,오이","❍ 시설내의 온도가 낮고(20℃ 전후) 습도가 높은 조건이 오래 지속되면 발생이 증가하는데 오이, 딸기 등 일부 작물에서 발생하고있어 주의가 필요함
⇒ 환기를 통해 시설 내의 습도를 낮추어 주되 보온에 유의하고,병이 발생되면 급속하게 번지는 특성이 있으므로 병든 식물을제거하고 발생 초기에 등록약제로 방제하되 내성이 잘 생기므로계통이 다른 등록약제를 교호로 살포",2호.txt
2026,2,2,2026-02-01,2026-02-28,시설채소,균핵병,예보,"고추,딸기,방울토마토,오이","❍ 잿빛곰팡이병과 비슷한 환경인 온도가 낮고 습도가 높을 때 발생하며 질소질 비료를 많이 주어 작물체가 연약하게 자라거나연작에 의하여 병원균 밀도가 높을 때 발생이 늘어남. 오이,토마토, 고추, 딸기 등 중기와 가지의 분지점에 침입하여 발생하며, 윗부분의 줄기와 잎이 시들어 말라 죽게 되는 병임
⇒ 적절한 환기로 과습한 환경을 피하고보온력을 강화하여 적정온도를 유지시키며, 병든 기주는 바로 없애주고농약안전사용기준을 준수하여 잿빛곰팡이병과 동시 방제할 수 있도록 함",2호.txt
2026,2,3,2026-02-01,2026-02-28,시설채소,흰가루병,예보,"딸기,멜론,오이","❍ 분생포자가 공기로 전염되며 건조하면서 일교차가 심한 환경에서 많이 발생하는데 1월 기온의 변화가 클 것으로 예상돼오이, 멜론 등 박과작물과 딸기 등에 발생 증가가 우려됨
⇒ 일사량이 부족하고 비료기가 많은 조건에서 발생이 많으므로질소질 비료를 알맞게 주며, 병든 잎과 과실은 신속히 제거하고발생 초기에 등록 약제로 방제",2호.txt
2026,2,4,2026-02-01,2026-02-28,시설채소,노균병,예보,"멜론,오이","❍ 오이, 멜론 등 시설 내의 습도가 높고 온도가 낮은(20℃ 전후)조건에서 발생이 많고, 일조량이 부족하거나 거름기가 모자라작물 생육이 왕성하지 못할 때 발생이 많음
⇒ 야간에 보온관리를 잘하여 저온이 되지 않도록 하고, 웃거름주기와 열매솎기 및 햇볕 쪼임을 좋게 하여 튼튼하게 생육하도록함과 동시에 습도가 높아지지 않도록 환기를 철저히 해줌⇒ 특히 오이 시설재배 중 환기를 시키는 과정에서 찬바람이 식물체에직접 닿을 경우 노균병이 심하게 발생되므로 환기 할 때 유의⇒ 병이 발생된 포장은 병든 잎을 일찍 따낸 다음 발병 초기에등록약제로 방제",2호.txt
2026,2,5,2026-02-01,2026-02-28,시설채소,딸기 꽃곰팡이병,예보,딸기,"❍ 암술에 녹색 곰팡이가 발생하는 병으로 심할 경우 꽃 전체가마르면서 기형과를 유발하는 피해를 입힘
❍ 병원균은 딸기꽃 외에도 시설 내 식물 잔재물, 토양, 유기물 등에서도 증식이 가능하며 저온과 습도가높을 때 발생이 증가함
⇒ 시설 내 습도를 낮추고 식물체로 물방울이 떨어지지 않도록 하며 식물체잔재물을 제거하는 등 청결한 환경관리필요",2호.txt
2026,2,6,2026-02-01,2026-02-28,시설채소,딸기 세균모무늬병,예보,딸기,"❍ 생육 초기 잎 뒷면에 작은 수침상이 나타나고 점차 확대되어잎 앞면에 점무늬를 형성함
❍ 후기의 병반은 세균 누출액으로 덮여 빛이 나고, 잎 전체가마르면서 갈색으로 변색되고 떨어지게 됨
❍ 세균 누출액이 튀거나 접촉으로 번지는 원인이 되고 딸기 러너에의해 확산됨
⇒ 감염된 포장이나 모주를 통해 전염되므로 병에 걸린 포기는 제거하여 태우거나 땅에 묻고, 병에 걸렸던 포장의 딸기는 절대 모주로사용하지 말아야 함",2호.txt
2026,2,7,2026-02-01,2026-02-28,시설채소,역병,예보,방울토마토,"❍ 최근 충남(부여), 전남(나주) 등 일부 시설 토마토 재배지에서 잎마름역병 발생이 증가하는 것으로 확인되었음
❍ 시설내 온도가 3∼26℃사이에서 발병이 가능하며 일교차가 크고다습할 때 심하게 발생함. 시설 내 환경조건이 저온 다습하여 역병이발병하기 좋을 조건일 경우 1∼2주 만에 포장을 황폐화시키는 치명적인 피해를 주기도 함. 밤 기온은 낮고, 낮에는 따뜻하여 일교차가크고 다습하여 발생할 가능성이 있음
⇒ 환기를 철저히 하여 시설 내에 과습하지 않도록 하며, 잦은관수를 피하고 배수가 잘 되게 관리⇒ 항상 포장을 청결히 하고 병든 잎이나 줄기는 조기에 제거하여불에 태우거나 땅속 깊이 묻고 예방적으로 적용약제를 살포",2호.txt
2026,2,8,2026-02-01,2026-02-28,시설채소,"양파 노균병, 고자리파리",예보,양파,"❍ (노균병) 양파를 이어짓는 포장을 중심으로 노균병이 매년 증가하는추세로 기온이 15℃정도에서 비가 자주 내리고 안개 끼는 날이 많으면발생이 많아지는데 발병 이후에 약제로 방제를 할 경우 효과가 거의없으므로 사전 관리가 중요함
⇒ 포장을 습하지 않도록 관리하고 병이 발생한 포장은 병든 식물을 반드시제거하여 2차 감염을 차단해야 함
❍ (고자리파리) 전년 11월 기온이 따뜻하여 월동전 유충 밀도가 높아주의가 필요(보통 3~4월에 발생이 많음)애벌레(구더기)가 뿌리를 갉아 먹어 아래 잎부터 노랗게 말라 죽으며심하면 포기 전체가 말라 죽게 됨
⇒ 사전예찰을 철저히 하고 월동 후 따뜻한 날이 지속되고 비가 많을경우 2월말 초기방제 후 4월초에 추가 방제하여 확산을 방지",2호.txt
2026,2,9,2026-02-01,2026-02-28,시설채소,총채벌레류․가루이류․진딧물류․응애류․작은뿌리파리,예보,"감자,고추,딸기,방울토마토,오이","❍ 시설작물에 오이총채벌레, 꽃노랑총채벌레, 아메리카잎굴파리등과 딸기의 점박이응애나 진딧물 등 해충 발생 우려⇒ 총채벌레는 토마토반점위조바이러스를 전염시키는 해충으로 최근발생이 증가 추세이므로 시설 내부로 유입되지 않도록 유의⇒ 이들 해충은 일단 발생 되면 방제가 어려우므로 방충망을 설치하는 등 시설 안으로 들어오지 못하도록 막고, 크기가 작아 발생여부를 알기 어려우므로 끈끈이 트랩을 매달아 주의 깊게 관찰⇒ 해충에 따라 발생 초기에 천적을 투입하거나 등록 약제로 방제하고, 약제살포 시에는 안전사용기준을 지켜 계통이 다른 약제를바꾸어 가면서 살포
❍ (꽃노랑총채벌레) 총채벌레류는 오이, 고추, 토마토 등 시설 내에서연중 발생하는 해충으로 방제시기를 놓칠 경우 바이러스병을 전염시켜 큰 피해를 주는 해충임
⇒ 끈끈이트랩이나 타락법(흰색 종이를 이용 꽃과 잎을 두드려서예찰) 등으로 예찰하고, 발생 포장은 초기에 방제⇒ 꽃노랑총채벌레는 번데기 방제용으로 총채가시응애를 토양에투입하고, 지상부 유충과 성충 방제용으로는 애꽃노린재, 지중해이리응애 등 천적을 활용하면 효과적으로 방제가 가능함
❍ (가루이류·진딧물류) 온실가루이와 담배가루이는 가지과 작물에서, 진딧물은 엽채류와 과채류에서 주로 발생하며 식물체의즙액을 빨아먹는 직접적인 피해뿐만 아니라 그을음병과 바이러스병 등을 유발함
❍ (응애류) 작물이 피해를 받으면 잎이 누렇게 변하여 말라 죽게 됨
⇒ 이들 해충은 일단 발생하면 방제가 어려우므로 방충망을 설치하는등 시설 안으로 들어오지 못하도록 막고, 크기가 작아 발생을 알아보기가 어려우므로 끈끈이 트랩을 매달아 주의 깊게 살펴봄⇒ 해충에 따라 발생초기 천적을 투입하거나 등록약제로 방제하고,약제 살포 시에는 안전사용기준을 지키고 계통이 다른 약제로바꾸어 가면서 살포하여 저항성 유발을 최소화
❍ (작은뿌리파리) 밭작물, 채소 등에서 전 생육기간 동안 발생하며,성충은 유기물이 풍부한 상토 또는 양액 육묘의 암면 큐브 위이끼에 산란하고 부화유충은 지제부와 뿌리에 해를 입혀 시들음
병이나 청고병과 같은 지상부 시들음 증상을 유발⇒ 유충은 감자 절편에 잘 유인되기 때문에 깍두기 모양의 크기로절단하여 작물의 뿌리 주변에 놓아두면 발생여부와 발생량을예찰할 수 있음
⇒ 노란색 끈끈이 트랩을 지상부 50㎝ 이하에 설치해 두면 성충발생 여부와 발생량 예찰에 도움이 됨",2호.txt
2026,2,10,2026-02-01,2026-02-28,시설채소,토마토반점위조바이러스(TSWV),예보,"고추,방울토마토,파프리카","❍ 총채벌레가 전염시키는 바이러스 병으로 파프리카, 고추, 토마토등 시설재배지에서 이들 매개충이 꾸준히 발생하고 있으며, 방제시기를 놓칠 경우 피해가 커지기 때문에 초기 예방이 중요
⇒ 병에 걸린 식물을 발견하면 즉시 제거하여 병이 확산되는 것을 예방",2호.txt
2026,2,11,2026-02-01,2026-02-28,시설채소,토마토황화잎말림병(TYLCV),예보,방울토마토,"❍ 가지과 작물에서 담배가루이가 병을 매개하므로 육묘 단계부터정식 초기에 예찰을 강화하여 감염여부를 판단하고 정식 후에는잎 뒷면과 포장주위를 살펴보아 담배가루이를 철저히 방제⇒ 병을 전염시키는 담배가루이의 세대 기간이 짧아 연간 발생횟수가많으므로 방충망을 설치하여 시설 안으로 담배가루이가 들어오는것을 막고 발생 초기에 등록약제로 방제하는 등 철저한 관리로병이 확산되는 것을 예방⇒ 발생된 시설재배 농가 주변지역은 담배가루이의 기주식물이 되는잡초와 병에 걸린 식물은 뽑아서 제거※ 기주식물 : 큰개불알풀, 광대나물, 별꽃,큰망초, 쑥, 머위",2호.txt
2026,2,12,2026-02-01,2026-02-28,시설채소,쥬키니황화모자이크바이러스(ZYMV),예보,"오이,호박","❍ 호박, 오이 등 과채류에서 전년에 이어 발생이 증가할 것으로 예상되며, 진딧물이 병을 매개하는 한편 이병식물의 접촉에 의한전염도 가능하므로 농작업 시 주의가 필요
⇒ 진딧물 방제를 철저히 하고 작물이 시설 내에 연중 재배되어항상 전염원이 있으므로 즙액에 의한 접촉전염을 막기 위해 병든식물체는 즉시 제거",2호.txt
2026,2,13,2026-02-01,2026-02-28,시설채소,(토마토) 토마토뿔나방,예보,방울토마토,"❍ 토마토뿔나방은 유충이 주로 토마토 잎에 구멍을 뚫고 들어가 내부조직을 넓게 갉아 먹으며 과실 속으로도 파고 들어가 피해를 입힘⇒ 발생포장 전체에 등록 농약을 약액이 작물에 충분히 묻을 수있도록 살포하고, 2회 이상 약제살포 시 작용기작이 다른 약제를교호 살포할 것을 권장함, 친환경 재배농가의 경우 교미교란제를정식 초기에 설치하고 유기농업자재를 충분히 살포해야 함",2호.txt
2026,2,14,2026-02-01,2026-02-28,과수,과수화상병,예보,"사과,장미","❍ 과수화상병
- 과수화상병은 세균병으로 사과, 배, 모과 등 장미과 식물의 꽃,잎, 가지, 열매, 줄기 등이 마치 불에 탄 것처럼 조직이 마르는 병으로 병원균은 묘목, 곤충, 비바람, 전정도구, 농작업자 등에 의해전염되어 5월 초순부터 증가하다가 고온기(32℃ 이상)에서 감소함
⇒ 농작업 시 사용되는 작업복, 장갑, 전정가위, 톱 등의 도구는반드시 세탁·소독·교체 후 사용하고 전정 시 나무마다 소독⇒ 과원 경작 농가 또는 작업자는 시·군에서 주관하는 과수화상병 교육 필수 이수(1회 이상/년)⇒ 농가는 농작업자에게 소독 이행사항 등을 교육하고 작업자이력 등을 반드시 확인하고 영농일지에 기록⇒ 과수 재배 전기간 동안 ‘과수화상병 전문가 진단 앱’ 활용 등상시적 예찰 실시
- 궤양이 있는 가지 제거 방법⇒ 궤양 증상이 관찰되면 궤양 하단 끝부터 40~70cm 이상의 아래쪽을 절단하고, 절단 부위에는 티오파네이트메틸 도포제 등소독약을 발라 준다.
* 작업도구는70% 알코올에90초 이상 침치하여소독하고, 절단한가지는과원에서멀리떨어진곳에모아두거나땅에묻음(전정가위표면6∼12시간,작업복등20일까지생존가능)
- 겨울철 궤양제거의 필요성⇒ ① 화상병균은 겨울철 궤양 부위에서 일부 월동이 가능함
② 다음해 봄에 궤양 부위로부터 병원균이 전파될 수 있음
③ 감염된 나무 내 병원균은 잔가지에서 굵은 가지까지 이동 가능* 철저한궤양제거를통해병원균의밀도를낮추고,전파를사전에차단* 궤양제거는궤양에서월동하는사과부란병,겹무늬썩음병,배줄기마름병등방제효과도있음
❍ (과수가지검은마름병) 과수화상병과 증상이 비슷하여 육안으로는구분이 불가하며, 발생시기와 전파경로, 피해증상이 유사함.
사과나무병징수피가 갈라지거나터지는 형태의 궤양 검게 변하고 마르는 궤양 수피가 움푹 들어가면서경계가 생기는 궤양배나무병징수피가 갈라지거나터지는 형태의 궤양진갈색이나 검게 변하고마르는 궤양수피가 들어가면서경계가 생기는 궤양",2호.txt
2026,2,15,2026-02-01,2026-02-28,과수,주경배나무이,예보,,"❍ 배에 발생하는 주경배나무이는 거친 껍질 밑에서 성충상태로월동을 하고, 2월 중순부터 나무 위쪽의 열매가 달리는 가지로이동하며 3월 상순부터 산란을 시작하고 개화 전 무렵부터알이 부화됨
⇒ 기계유유제의 경우 산란된 알에 대해서는 효과가 거의 없기 때문에가능한 한 최적 방제시기 초기에 방제하는 것이 효과적임
⇒ 국가농작물병해충관리시스템(http://ncpms.rda.go.kr)의「병해충예측-병해충예측지도」메뉴에서 내 농장 지역의 최적방제시기와과수원내 주경배나무이 밀도를 살펴보고 기계유유제 살포* 농촌진흥청웹페이지“농사로”에서농업기술동영상「주경배나무이방제기술」참고※ 중부지방 방제시기: 2월부터 최고온도 6℃이상의 날이 16∼20일이되면 월동한 성충의 약 80%가 나무로 이동함. 이때 기계유유제(약12.5 ∼17ℓ/물 500 ℓ) 살포* 남부 지방은 주경배나무이의 이동이 10일 정도 빠름을 감안하여방제 시기를 결정* 단, 줄기마름병이 많이 발생하거나 찬 기운이 정체돼 언 피해가잦은 농가는 기계유유제 대신 주경배나무이 적용 약제를 살포1개월 기상전망            (출처 : 국립농업과학원, 기상청)기온은 1주, 4주는 평년과 비슷하거나 높겠고, 2주는 평년과 비슷하거나낮겠으며, 3주는 평년과 비슷하겠음
강수량은 1주, 4주는 평년과 비슷하겠고, 2주, 3주는 평년과 비슷하거나 적겠음
❍ 1주(2.9~2.15): 이동성 고기압의 영향을 주로 받겠으나, 일시적으로상층 찬 공기의 영향을 받겠음
- 기온은 평년과 비슷하거나 높겠고, 강수량은 평년과 비슷하겠음
❍ 2주(2.16~2.22): 우랄산맥 부근으로 위치한 고기압성 순환에 의하여확장하는 찬 대륙고기압의 영향을 주로 받겠음
- 기온은 평년과 비슷하거나 낮겠고, 강수량은 평년과 비슷하거나 적겠음
❍ 3주(2.23~3.1): 찬 대륙고기압과 이동성 고기압의 영향을 받겠음
- 기온은 평년과 비슷하겠고, 강수량은 평년과 비슷하거나 적겠음
❍ 4주(3.2~3.8): 이동성 고기압의 영향을 주로 받겠음
- 기온은 평년과 비슷하거나 높겠고, 강수량은 평년과 비슷하겠음",2호.txt
2026,2,16,2026-02-01,2026-02-28,과수,주경배나무이,예보,,"농업지대 지역 평균기온 강수량1주 2주 3주 4주 1주 2주 3주 4주(2.9~2.15)(2.16~2.22)(2.23~3.1) (3.2~3.8) (2.9~2.15)(2.16~2.22)(2.23~3.1) (3.2~3.8)1.태백고냉 대관령 비 슷낮 음비 슷조 금 높 음비 슷조 금 적 음조 금 적 음비 슷2.태백준고냉 인제,홍천,제천 비 슷낮 음비 슷조 금 높 음비 슷조 금 적 음조 금 적 음비 슷3.소백산간 충주,보은 조 금 높 음낮 음비 슷조 금 높 음비 슷조 금 적 음조 금 적 음비 슷4.노령소백산간 임실 조 금 높 음조 금 낮 음비 슷조 금 높 음비 슷조 금 적 음조 금 적 음비 슷5.영남내륙산간 추풍령,영주,문경 조 금 높 음조 금 낮 음비 슷조 금 높 음조 금 적 음조 금 적 음조 금 적 음비 슷6.중북부내륙 춘천,양평 비 슷낮 음비 슷조 금 높 음비 슷조 금 적 음조 금 적 음비 슷7.중부내륙 원주,이천 비 슷낮 음비 슷조 금 높 음비 슷조 금 적 음조 금 적 음비 슷8.소백서부내륙 청주,대전,금산 조 금 높 음낮 음비 슷조 금 높 음비 슷조 금 적 음조 금 적 음비 슷9.노령동서내륙 정읍,남원,거창,산청 조 금 높 음조 금 낮 음비 슷조 금 높 음비 슷조 금 적 음조 금 적 음비 슷10.호남내륙 광주,순천,장흥 조 금 높 음조 금 낮 음비 슷높 음비 슷조 금 적 음조 금 적 음비 슷11.영남분지 대구,의성,구미,영천 조 금 높 음조 금 낮 음비 슷조 금 높 음조 금 적 음조 금 적 음조 금 적 음비 슷12.영남내륙 진주,합천,밀양 조 금 높 음조 금 낮 음비 슷높 음조 금 적 음조 금 적 음조 금 적 음비 슷13.중서부평야 서울,인천,수원,서산,강화,천안,보령 비 슷낮 음비 슷조 금 높 음비 슷조 금 적 음조 금 적 음비 슷14. 차령남부평야 군산,전주,부여,부안 조 금 높 음조 금 낮 음비 슷조 금 높 음비 슷조 금 적 음조 금 적 음비 슷15.남서해안 목포,완도,해남,고흥 조 금 높 음조 금 낮 음비 슷높 음비 슷조 금 적 음조 금 적 음비 슷16.남부해안 부산,통영,여수,거제,남해 조 금 높 음조 금 낮 음비 슷높 음조 금 적 음조 금 적 음조 금 적 음비 슷17.동해안북부 속초,강릉 조 금 높 음조 금 낮 음비 슷조 금 높 음조 금 적 음조 금 적 음조 금 적 음비 슷18.동해안중부 울진,영덕 조 금 높 음조 금 낮 음비 슷조 금 높 음조 금 적 음조 금 적 음조 금 적 음비 슷19.동해안남부 포항,울산 조 금 높 음조 금 낮 음비 슷높 음조 금 적 음조 금 적 음조 금 적 음비 슷20.제주 제주,성산,서귀포 조 금 높 음조 금 낮 음비 슷높 음비 슷조 금 적 음조 금 적 음비 슷평균 조 금 높 음조 금 낮 음비 슷조 금 높 음비 슷조 금 적 음조 금 적 음비 슷10일(2026.02.02.~02.08.) 예보(기상청, 2026.01.29., 06:00)<기상예보>
❍ (기온) 아침 기온은 -10~3℃, 낮 기온은 -1~11℃로 평년(최저기온
-10~0℃, 최고기온 3~9℃)과 대체로 비슷하겠음
❍ (강수) 2일 오전 수도권과 강원영서, 충청권에 눈이 내리겠음
<날씨><최저/최고기온>최근 경과기상과 향후 기상전망<기온><강수량>연도별 평균기온
❍ ‘25년 12월부터 ‘26년 1월 4주차까지의 평균기온은 1.2℃로, 평년(0.7)보다
0.5℃ 높았음
- ’26년 1월 4주차의 평균기온은 -3℃로, 평년(-0.7)보다 2.3℃ 낮았음",2호.txt
2026,2,17,2026-02-01,2026-02-28,과수,주경배나무이,예보,,"기 간 12월1월 분석기간‘25.12.1~’26.1.28 ‘26.1.22~1.281주(1.1~1.7)2주(1.8~1.14)3주(1.15~1.21)4주(1.22~1.28)평균(℃)편차(℃)평균(℃)편차(℃)‘25~’26년 2.9 -1.1 -0.5 1.4 -3.0 1.2 0.5 -3.0 -2.3‘24~’25년 2.3 1.0 -2.2 1.0 2.2 1.5 0.8 2.2 2.9‘23~’24년 3.0 3.0 1.3 3.6 -2.7 2.2 1.5 -2.7 -2.0‘22~’23년 -0.7 0.1 4.9 -0.8 -4.2 -0.4 -1.1 -4.2 -3.5‘21~’22년 2.4 -0.6 -1.3 -1.6 2.7 1.2 0.5 2.7 3.4‘20~’21년 1.0 -3.6 -3.9 0.4 5.3 0.3 -0.4 5.3 6.0‘19~’20년 3.1 2.9 1.9 1.2 5.5 3.0 2.3 5.5 6.2‘18~’19년 1.5 -1.0 0.9 0.8 1.1 1.0 0.3 1.1 1.8‘17~’18년 0.1 -0.4 -3.1 3.1 -5.9 -0.7 -1.4 -5.9 -5.2‘16~’17년 3.3 4.5 0.7 -1.7 -2.2 1.9 1.2 -2.2 -1.5‘15~’16년 3.7 3.0 -0.2 -2.3 -4.0 1.5 0.8 -4.0 -3.310년평균 2.0 0.9 -0.1 0.4 -0.2 1.2 0.5 -0.2 0.5평 년 1.7 -0.1 -0.5 -0.3 -0.7 0.7 0.0 -0.7 0.0* 10년 평균 : 최근 10년(2015~2024년)동안의 평균기온의 평균** 평년 : 30년(1991～2020년)동안의 평균기온의 평균*** 편차 : 평년의 평균기온에 대한 연도별 평균기온의 차이연도별 강수량
❍ ‘25년 12월부터 ‘26년 1월 4주차까지의 강수량의 합은 32.4㎜로, 평년(59.6)보다 27.2㎜ 적었음(평년대비 54.4%)",2호.txt
2026,2,18,2026-02-01,2026-02-28,과수,주경배나무이,예보,"마늘,방울토마토,배,사과,수수,양파","- ’26년 1월 4주차의 강수량의 합은 0.8㎜로, 평년(6.8)보다 6.0㎜적었음(평년대비 11.8%)기 간 12월1월 분석기간‘25.12.1~’26.1.28 ‘26.1.22~1.281주(1.1~1.7)2주(1.8~1.14)3주(1.15~1.21)4주(1.22~1.28)합계(㎜)대비(%)합계(㎜)대비(%)‘25~’26년 26.7 1.2 2.7 1.1 0.8 32.4 54.4 0.8 11.8‘24~’25년 8.7 4.2 3.1 0.1 9.7 25.7 43.1 9.7 142.6‘23~’24년 103.2 2.0 4.7 26.8 2.5 139.2 233.6 2.5 36.8‘22~’23년 18.2 2.5 34.3 4.3 3.5 62.8 105.4 3.5 51.5‘21~’22년 11.0 1.2 1.1 1.0 1.2 15.6 26.2 1.2 17.6‘20~’21년 11.8 3.3 1.6 6.7 12.9 36.3 60.9 12.9 189.7‘19~’20년 30.4 50.1 5.2 1.1 27.4 114.1 191.4 27.4 402.9‘18~’19년 34.3 0.3 2.7 0.6 0.5 38.4 64.4 0.5 7.4‘17~’18년 24.1 1.0 8.4 13.6 2.1 49.2 82.6 2.1 30.9‘16~’17년 68.6 3.1 3.1 3.9 2.6 81.2 136.2 2.6 38.2‘15~’16년 45.2 0.7 1.2 7.1 13.8 68.0 114.1 13.8 202.910년평균 35.6 6.8 6.5 6.5 7.6 63.1 105.9 7.6 111.8평 년 32.0 6.3 6.6 7.9 6.8 59.6 100.0 6.8 100.0* 10년 평균 : 최근 10년(2015~2024년)동안의 강수량의 평균** 평년 : 30년(1991～2020년)동안의 강수량의 평균*** 대비 : 평년의 강수량에 대한 연도별 강수량의 비율리플릿 사과·배 화상병 예방을 위한 궤양 제거 방법리플릿 토마토뿔나방 예찰·방제리플릿 겨울철 과원관리(과수 수확 후 월동 대비 관리)카드뉴스 마늘·양파 겨울철 관리 요령리플릿 겨울철 대설·한파 대비 농작물 및 시설물 관리요령리플릿 시설하우스 한파대비 관리요령리플릿 미세먼지 줄이기 행동요령리플릿 토양개량제 지원사업 신청안내",2호.txt
2026,3,1,2026-03-01,2026-03-31,시설채소,모잘록병,예보,"고추,수박","❍ 고추, 수박 등의 어린 모에 발생하는 병으로 습도가 높고 야간에온도가 낮을 때, 밀식되어 모가 웃자랄 때 발생⇒ 육묘용 상토를 소독하거나 파종 직후나, 이식하기 2∼3주 전에 등록약제를 토양에 관주⇒ 질소질 비료의 과용을 피하고 햇볕이 잘 들게 하여 모가 튼튼히 자라도록 하고, 야간온도가 15℃이하로 내려가지 않도록 온도 관리를 철저히 해줌.
⇒ 전염성이 강하므로 병든 식물을 발견하되면 즉시 제거하고 발병 초기에등록약제로 방제",3호.txt
2026,3,2,2026-03-01,2026-03-31,시설채소,잿빛곰팡이병,예보,"딸기,오이","❍ 시설내의 온도가 낮고(20℃ 전후) 습도가 높은 조건이 오래 지속되면 발생이 증가하는데 오이, 딸기 등 일부 작물에서 발생하고있어 주의가 필요함
⇒ 환기를 통해 시설 내의 습도를 낮추어 주되 보온에 유의하고,병이 발생되면 급속하게 번지는 특성이 있으므로 병든 식물을제거하고 발생 초기에 등록약제로 방제하되 내성이 잘 생기므로계통이 다른 등록약제를 교호로 살포",3호.txt
2026,3,3,2026-03-01,2026-03-31,시설채소,"흰가루병, 노균병",예보,"딸기,멜론,오이","❍ (흰가루병) 분생포자가 공기로 전염되며 건조하면서 일교차가 심한환경에서 많이 발생하는데 1월 기온의 변화가 클 것으로 예상돼오이, 멜론 등 박과작물과 딸기 등에 발생 증가가 우려됨
⇒ 일조량이 부족하고 비료기가 많은 조건에서 발생이 많으므로질소질 비료를 알맞게 주며, 병든 잎과 과실은 신속히 제거하고병 발생 초기에 등록 약제로 방제
❍ (노균병) 오이, 멜론 등 시설 내의 습도가 높고 온도가 낮은(20℃전후) 조건에서 발생이 많고, 일조량이 부족하거나 거름기가 모자라작물 생육이 왕성하지 못할 때 발생이 많음
⇒ 야간에 보온관리를 잘하여 저온이 되지 않도록 하고, 웃거름주기와 열매솎기 및 햇볕 쪼임을 좋게 하여 튼튼하게 생육하도록함과 동시에 습도가 높아지지 않도록 환기를 철저히 해줌⇒ 특히 오이 시설재배 중 환기를 시키는 과정에서 찬바람이 식물체에직접 닿을 경우 노균병이 심하게 발생되므로 환기 할 때 유의⇒ 병이 발생된 포장은 병든 잎을 일찍 따낸 다음 발병 초기에등록약제로 방제",3호.txt
2026,3,4,2026-03-01,2026-03-31,시설채소,역병,예보,방울토마토,"❍ 최근 충남(부여), 전남(나주) 등 일부 시설 토마토 재배지에서 잎마름역병 발생이 증가했던 것으로 확인되었음
❍ 시설내 온도가 3∼26℃사이에서 발병이 가능하며 일교차가 크고다습할 때 심하게 발생함. 시설 내 환경조건이 저온 다습하여 역병이발병하기 좋을 조건일 경우 1∼2주 만에 포장을 황폐화시키는 치명적인 피해를 주기도 함. 밤 기온은 낮고, 낮에는 따뜻하여 일교차가크고 다습하여 발생할 가능성이 있음
⇒ 환기를 철저히 하여 시설 내에 과습하지 않도록 하며, 잦은관수를 피하고 배수가 잘 되게 관리⇒ 항상 포장을 청결히 하고 병든 잎이나 줄기는 조기에 제거하여불에 태우거나 땅속 깊이 묻고 예방적으로 적용약제를 살포",3호.txt
2026,3,5,2026-03-01,2026-03-31,시설채소,"노균병, 흑색썩음균핵병",예보,"마늘,양파","❍ (양파 노균병) 양파를 이어짓는 포장을 중심으로 노균병이 매년증가 하고있는 추세로 기온이 15℃정도에서 비가 자주 내리고 안개 끼는 날이 많으면 발생이 많아지는데 발병 이후에 약제로 방제를할 경우 효과가 거의 없으므로 사전 관리가 중요함
⇒ 포장을 습하지 않도록 관리하고 병이 발생한 포장은 병든 식물을 반드시제거하여 2차 감염을 차단해야 함
❍ (흑색썩음균핵병) 난지형 마늘에 발생이 많으며, 구근에 흰 균사가발생하여 구근 껍질이 검게 변하면서 흑색의 작은 균핵을 형성하고 오래되면 구근이 물러 썩는 병으로 지상부 전체가 시들어 노랗게 마름⇒ 병든 포기를 발견하면 즉시 제거하여 전염원을 없애주고, 농기계등에 의해 병 발생 포장의 흙이 건전한 포장으로 유입되지 않도록주의하고 이어짓기 금지",3호.txt
2026,3,6,2026-03-01,2026-03-31,시설채소,딸기 꽃곰팡이병,예보,딸기,"❍ 암술에 녹색 곰팡이가 발생하는 병으로 심할 경우 꽃 전체가마르면서 기형과를 유발하는 피해를 입힘
❍ 병원균은 딸기꽃 외에도 시설 내 식물 잔재물, 토양, 유기물 등에서도 증식이 가능하며 저온과 습도가 높을 때 발생이 증가함
⇒ 시설 내 습도를 낮추고 식물체로 물방울이 떨어지지 않도록 하며식물체 잔재물을 제거하는 등 청결한 환경관리 필요",3호.txt
2026,3,7,2026-03-01,2026-03-31,시설채소,딸기 세균모무늬병,예보,딸기,"❍ 생육 초기 잎 뒷면에 작은 수침상이 나타나고 점차 확대되어잎 앞면에 점무늬를 형성함
❍ 후기의 병반은 세균 누출액으로 덮여 빛이 나고, 잎 전체가마르면서 갈색으로 변색되고 떨어지게 됨
❍ 세균 누출액이 튀거나 접촉으로 번지는 원인이 되고 딸기 러너에의해 확산됨
⇒ 감염된 포장이나 모주를 통해 전염되므로 병에 걸린 포기는 제거하여 태우거나 땅에 묻고, 병에 걸렸던 포장의 딸기는 절대 모주로사용하지 말아야 함",3호.txt
2026,3,8,2026-03-01,2026-03-31,시설채소,총채벌레류․가루이류․진딧물류․응애류․작은뿌리파리,예보,"감자,고추,딸기,방울토마토,오이","❍ 시설작물에 오이총채벌레, 꽃노랑총채벌레, 아메리카잎굴파리등과 딸기의 점박이응애나 진딧물 등 해충 발생 우려⇒ 총채벌레는 토마토반점위조바이러스를 전염시키는 해충으로 최근발생이 증가 추세이므로 시설 내부로 유입되지 않도록 유의⇒ 이들 해충은 일단 발생 되면 방제가 어려우므로 방충망을 설치하는 등 시설 안으로 들어오지 못하도록 막고, 크기가 작아 발생여부를 알기 어려우므로 끈끈이 트랩을 매달아 주의 깊게 관찰⇒ 해충에 따라 발생 초기에 천적을 투입하거나 등록 약제로 방제하고, 약제살포 시에는 안전사용기준을 지켜 계통이 다른 약제를바꾸어 가면서 살포
❍ (꽃노랑총채벌레) 총채벌레류는 오이, 고추, 토마토 등 시설 내에서연중 발생하는 해충으로 방제시기를 놓칠 경우 바이러스병을 전염시켜 큰 피해를 주는 해충임
⇒ 끈끈이트랩이나 타락법(흰색 종이를 이용 꽃과 잎을 두드려서예찰) 등으로 예찰하고, 발생 포장은 초기에 방제⇒ 꽃노랑총채벌레는 번데기 방제용으로 총채가시응애를 토양에투입하고, 지상부 유충과 성충 방제용으로는 애꽃노린재, 지중해이리응애 등 천적을 활용하면 효과적으로 방제가 가능함
❍ (가루이류·진딧물류) 온실가루이와 담배가루이는 가지과 작물에서, 진딧물은 엽채류와 과채류에서 주로 발생하며 식물체의즙액을 빨아먹는 직접적인 피해뿐만 아니라 그을음병과 바이러스병 등을 유발함
❍ (응애류) 작물이 피해를 받으면 잎이 누렇게 변하여 말라 죽게 됨
⇒ 이들 해충은 일단 발생하면 방제가 어려우므로 방충망을 설치하는등 시설 안으로 들어오지 못하도록 막고, 크기가 작아 발생을 알아보기가 어려우므로 끈끈이 트랩을 매달아 주의 깊게 살펴봄⇒ 해충에 따라 발생초기 천적을 투입하거나 등록약제로 방제하고,약제 살포 시에는 안전사용기준을 지키고 계통이 다른 약제로바꾸어 가면서 살포하여 저항성 유발을 최소화
❍ (작은뿌리파리) 밭작물, 채소 등에서 전 생육기간 동안 발생하며,성충은 유기물이 풍부한 상토 또는 양액 육묘의 암면 큐브 위이끼에 산란하고 부화유충은 지제부와 뿌리에 해를 입혀 시들음
병이나 청고병과 같은 지상부 시들음 증상을 유발⇒ 유충은 감자 절편에 잘 유인되기 때문에 깍두기 모양의 크기로절단하여 작물의 뿌리 주변에 놓아두면 발생여부와 발생량을예찰할 수 있음
⇒ 노란색 끈끈이 트랩을 지상부 50㎝ 이하에 설치해 두면 성충발생 여부와 발생량 예찰에 도움이 됨",3호.txt
2026,3,9,2026-03-01,2026-03-31,시설채소,토마토반점위조바이러스(TSWV),예보,"고추,방울토마토,파프리카","❍ 총채벌레가 전염시키는 바이러스 병으로 파프리카, 고추, 토마토등 시설재배지에서 이들 매개충이 꾸준히 발생하고 있으며, 방제시기를 놓칠 경우 피해가 커지기 때문에 초기 예방이 중요
⇒ 병에 걸린 식물을 발견하면 즉시 제거하여 병이 확산되는 것을 예방",3호.txt
2026,3,10,2026-03-01,2026-03-31,시설채소,토마토황화잎말림병(TYLCV),예보,방울토마토,"❍ 가지과 작물에서 담배가루이가 병을 매개하므로 육묘 단계부터정식 초기에 예찰을 강화하여 감염여부를 판단하고 정식 후에는잎 뒷면과 포장주위를 살펴보아 담배가루이를 철저히 방제⇒ 병을 전염시키는 담배가루이의 세대 기간이 짧아 연간 발생횟수가많으므로 방충망을 설치하여 시설 안으로 담배가루이가 들어오는것을 막고 발생 초기에 등록약제로 방제하는 등 철저한 관리로병이 확산되는 것을 예방⇒ 발생된 시설재배 농가 주변지역은 담배가루이의 기주식물이 되는잡초와 병에 걸린 식물은 뽑아서 제거※ 기주식물 : 큰개불알풀, 광대나물, 별꽃,큰망초, 쑥, 머위",3호.txt
2026,3,11,2026-03-01,2026-03-31,시설채소,쥬키니황화모자이크바이러스(ZYMV),예보,"오이,호박","❍ 호박, 오이 등 과채류에서 전년에 이어 발생이 증가할 것으로 예상되며, 진딧물이 병을 매개하는 한편 이병식물의 접촉에 의한전염도 가능하므로 농작업 시 주의가 필요
⇒ 진딧물 방제를 철저히 하고 작물이 시설 내에 연중 재배되어항상 전염원이 있으므로 즙액에 의한 접촉전염을 막기 위해 병든식물체는 즉시 제거",3호.txt
2026,3,12,2026-03-01,2026-03-31,시설채소,(토마토) 토마토뿔나방,예보,방울토마토,"❍ 토마토뿔나방은 유충이 주로 토마토 잎에 구멍을 뚫고 들어가 내부조직을 넓게 갉아 먹으며 과실 속으로도 파고 들어가 피해를 입힘⇒ 발생포장 전체에 등록 농약을 약액이 작물에 충분히 묻을 수있도록 살포하고, 2회 이상 약제살포 시 작용기작이 다른 약제를교호 살포할 것을 권장함, 친환경 재배농가의 경우 교미교란제를정식 초기에 설치하고 유기농업자재를 충분히 살포해야 함",3호.txt
2026,3,13,2026-03-01,2026-03-31,과수,과수화상병,예보,"사과,장미","❍ 과수화상병
- 과수화상병은 세균병으로 사과, 배, 모과 등 장미과 식물의 꽃,잎, 가지, 열매, 줄기 등이 마치 불에 탄 것처럼 조직이 마르는 병으로 병원균은 묘목, 곤충, 비바람, 전정도구, 농작업자 등에 의해전염되어 5월 초순부터 증가하다가 고온기(32℃ 이상)에서 감소함
⇒ 농작업 시 사용되는 작업복, 장갑, 전정가위, 톱 등의 도구는반드시 세탁·소독·교체 후 사용하고 전정 시 나무마다 소독⇒ 과원 경작 농가 또는 작업자는 시·군에서 주관하는 과수화상병 교육 필수 이수(1회 이상/년)⇒ 농가는 농작업자에게 소독 이행사항 등을 교육하고 작업자이력 등을 반드시 확인하고 영농일지에 기록⇒ 과수 재배 전기간 동안 ‘과수화상병 전문가 진단 앱’ 활용 등상시적 예찰 실시
- 궤양이 있는 가지 제거 방법⇒ 궤양 증상이 관찰되면 궤양 하단 끝부터 40~70cm 이상의 아래쪽을 절단하고, 절단 부위에는 티오파네이트메틸 도포제 등소독약을 발라 준다.
* 작업도구는70% 알코올에90초 이상 침치하여소독하고, 절단한가지는과원에서멀리떨어진곳에모아두거나땅에묻음(전정가위표면6∼12시간,작업복등20일까지생존가능)
- 겨울철 궤양제거의 필요성⇒ ① 화상병균은 겨울철 궤양 부위에서 일부 월동이 가능함
② 다음해 봄에 궤양 부위로부터 병원균이 전파될 수 있음
③ 감염된 나무 내 병원균은 잔가지에서 굵은 가지까지 이동 가능* 철저한궤양제거를통해병원균의밀도를낮추고,전파를사전에차단* 궤양제거는궤양에서월동하는사과부란병,겹무늬썩음병,배줄기마름병등방제효과도있음
❍ (과수가지검은마름병) 과수화상병과 증상이 비슷하여 육안으로는구분이 불가하며, 발생시기와 전파경로, 피해증상이 유사함.
사과나무병징수피가 갈라지거나터지는 형태의 궤양 검게 변하고 마르는 궤양 수피가 움푹 들어가면서경계가 생기는 궤양배나무병징수피가 갈라지거나터지는 형태의 궤양진갈색이나 검게 변하고마르는 궤양수피가 들어가면서경계가 생기는 궤양",3호.txt
2026,3,14,2026-03-01,2026-03-31,과수,주경배나무이,예보,,"❍ 배에 발생하는 주경배나무이는 거친 껍질 밑에서 성충상태로월동을 하고, 2월 중순부터 나무 위쪽의 열매가 달리는 가지로이동하며 3월 상순부터 산란을 시작하고 개화 전 무렵부터알이 부화됨
⇒ 기계유유제의 경우 산란된 알에 대해서는 효과가 거의 없기 때문에가능한 한 최적 방제시기 초기에 방제하는 것이 효과적임
⇒ 국가농작물병해충관리시스템(http://ncpms.rda.go.kr)의「병해충예측-병해충예측지도」메뉴에서 내 농장 지역의 최적방제시기와과수원내 주경배나무이 밀도를 살펴보고 기계유유제 살포* 농촌진흥청웹페이지“농사로”에서농업기술동영상「주경배나무이방제기술」참고※ 중부지방 방제시기: 2월부터 최고온도 6℃이상의 날이 16∼20일이되면 월동한 성충의 약 80%가 나무로 이동함. 이때 기계유유제(약12.5 ∼17ℓ/물 500 ℓ) 살포* 남부 지방은 주경배나무이의 이동이 10일 정도 빠름을 감안하여방제 시기를 결정* 단, 줄기마름병이 많이 발생하거나 찬 기운이 정체돼 언 피해가잦은 농가는 기계유유제 대신 주경배나무이 적용 약제를 살포1개월 기상전망            (출처 : 국립농업과학원, 기상청)기온은 1주는 평년과 비슷하거나 높겠고, 2주, 3주, 4주는 평년보다 높겠음
강수량은 1주는 평년과 비슷하거나 적겠고, 2주, 3주는 평년보다 적겠고,4주는 평년과 비슷하겠음
❍ 1주(3.9~3.15): 이동성 고기압의 영향을 주로 받겠으나, 일시적으로차고 건조한 공기의 영향을 받겠음
- 기온은 평년과 비슷하거나 높겠고, 강수량은 평년과 비슷하거나 적겠음
❍ 2주(3.16~3.22): 이동성 고기압의 영향을 주로 받겠음
- 기온은 평년보다 높겠고, 강수량은 평년보다 적겠음
❍ 3주(3.23~3.29): 이동성 고기압의 영향을 주로 받겠음
- 기온은 평년보다 높겠고, 강수량은 평년보다 적겠음
❍ 4주(3.30~4.5): 이동성 고기압의 영향을 주로 받겠으나, 우리나라 남쪽을 지나는 저기압의 영향을 받을 때가 있겠음
- 기온은 평년보다 높겠고, 강수량은 평년과 비슷하겠음
농업지대 지역 평균기온 강수량1주 2주 3주 4주 1주 2주 3주 4주(3.9~3.15) (3.16~3.22) (3.23~3.29) (3.30~4.5) (3.9~3.15) (3.16~3.22) (3.23~3.29) (3.30~4.5)1.태백고냉 대관령 비슷 높음 조금높음 높음 조금적음 적음 적음 비슷2.태백준고냉 인 제,홍 천,제 천비슷 높음 조금높음 높음 조금적음 적음 적음 비슷3.소백산간 충주,보은 비슷 높음 조금높음 높음 조금적음 적음 적음 비슷4.노령소백산간 임실 조금높음 높음 높음 높음 조금적음 적음 적음 비슷5.영남내륙산간 추풍령,영주,문경 조금높음 높음 높음 높음 조금적음 적음 적음 조금적음
6.중북부내륙 춘천,양평 비슷 높음 조금높음 높음 조금적음 적음 적음 비슷7.중부내륙 원주,이천 비슷 높음 조금높음 높음 조금적음 적음 적음 비슷8.소백서부내륙 청 주,대 전,금 산비슷 높음 조금높음 높음 조금적음 적음 적음 비슷9.노령동서내륙 정읍,남원,거창,산청 조금높음 높음 높음 높음 조금적음 적음 적음 비슷10.호남내륙 광 주,순 천,장 흥조금높음 높음 높음 높음 조금적음 적음 적음 비슷11.영남분지 대구,의성,구미,영천 조금높음 높음 높음 높음 조금적음 적음 적음 조금적음
12.영남내륙 진 주,합 천,밀 양조금높음 높음 높음 높음 조금적음 적음 적음 조금적음
13.중서부평야서울,인천,수원,서산,강 화,천 안,보 령비슷 높음 조금높음 높음 조금적음 적음 적음 비슷14.차 령 남 부 평 야군산,전주,부여,부안 조금높음 높음 높음 높음 조금적음 적음 적음 비슷15.남서해안 목포,완도,해남,고흥 조금높음 높음 높음 높음 조금적음 적음 적음 비슷16.남부해안 부산,통영,여 수,거 제,남 해조금높음 높음 높음 높음 조금적음 적음 적음 조금적음
17.동해안북부 속초,강릉 조금높음 높음 높음 높음 조금적음 적음 적음 조금적음
18.동해안중부 울진,영덕 조금높음 높음 높음 높음 조금적음 적음 적음 조금적음",3호.txt
2026,3,15,2026-03-01,2026-03-31,과수,주경배나무이,예보,,"19.동해안남부 포항,울산 조금높음 높음 높음 높음 조금적음 적음 적음 조금적음
20.제주 제 주,성 산,서 귀 포조금높음 높음 높음 높음 조금적음 적음 적음 비슷평균 조금높음 높음 높음 높음 조금적음 적음 적음 비슷10일(2026.03.02.~03.08.) 예보(기상청, 2026.02.26., 06:00)<기상예보>
❍ (기온) 아침 기온은 -4~8℃, 낮 기온은 5~15℃로 평년(최저기온 -3~4℃,최고기온 8~12℃)과 비슷하거나 조금 높겠음
❍ (강수) 3월 2일~3일 오전 강원영동에 비 또는 눈이 내리겠고, 2일 충청권과 남부지방, 제주도에, 3일 오전 경상권과 제주도에 비가 내리겠음
<날씨><최저/최고기온>최근 경과기상과 향후 기상전망<기온><강수량>연도별 평균기온
❍ ‘25년 12월부터 ‘26년 2월 4주차까지의 평균기온은 1.4℃로, 평년(0.9)보다 0.5℃ 높았음
- ’25년 2월 4주차의 평균기온은 0.1℃로, 평년(3.1)보다 3.0℃ 낮았음
기 간 12월 1월2월분석기간‘25.12.1~’26.2.
25 ‘26.2.19~2.251주(1.29~2.4)2주(2.5~2.11)3주(2.12~2.18)4주(2.19~2.25)평균(℃)편차(℃)평균(℃)편차(℃)‘25~’26년 2.9 -1.0 -1.3 -0.2 4.2 5.6 1.4 0.5 5.6 2.8‘24~’25년 2.3 0.4 -0.4 -3.8 2.1 -0.8 0.8 -0.1 -0.8 -3.6‘23~’24년 3.0 1.4 3.7 2.2 6.5 4.9 2.9 2.0 4.9 2.1‘22~’23년 -0.7 0.0 0.6 2.9 4.0 2.7 0.6 -0.3 2.7 -0.1‘21~’22년 2.4 -0.2 -0.6 0.0 0.4 -0.7 0.7 -0.2 -0.7 -3.5‘20~’21년 1.0 -0.4 0.4 3.0 2.1 6.6 1.2 0.3 6.6 3.8‘19~’20년 3.1 3.0 3.1 0.8 4.7 5.8 3.2 2.3 5.8 3.0‘18~’19년 1.5 0.5 2.0 0.9 0.9 4.4 1.3 0.4 4.4 1.6‘17~’18년 0.1 -1.8 -3.7 -3.6 0.7 2.9 -0.8 -1.7 2.9 0.1‘16~’17년 3.3 0.3 0.7 -0.3 2.6 2.5 1.7 0.8 2.5 -0.3‘15~’16년 3.7 -0.6 -0.3 1.6 3.6 2.2 1.6 0.7 2.2 -0.610년평균 2.0 0.3 0.6 0.4 2.8 3.1 1.3 0.4 3.1 0.3평 년 1.7 -0.4 -0.2 0.5 1.8 2.8 0.9 0.0 2.8 0.0* 10년 평균 : 최근 10년(2015~2024년)동안의 평균기온의 평균** 평년 : 30년(1991～2020년)동안의 평균기온의 평균*** 편차 : 평년의 평균기온에 대한 연도별 평균기온의 차이연도별 강수량
❍ ‘25년 12월부터 ‘26년 2월 4주차까지의 강수량의 합은 51.1㎜로, 평년(93.6)보다 42.5㎜ 적었음(평년대비 54.6%)
- ’26년 2월 4주차의 강수량의 합은 14.2㎜로, 평년(11.3)보다
2.9㎜ 많았음(평년대비 125.7%)기 간 12월 1월2월분석기간‘25.12.1~’26.2.",3호.txt
2026,3,16,2026-03-01,2026-03-31,과수,주경배나무이,예보,"방울토마토,배,사과","25 ‘26.2.19~2.251주(1.29~2.4)2주(2.5~2.11)3주(2.12~2.18)4주(2.19~2.25)합계(㎜)대비(%)합계(㎜)대비(%)‘25~’26년 26.7 5.9 1.6 2.0 0.9 14.2 51.1 54.6 14.2 125.7‘24~’25년 8.7 18.3 11.2 3.5 7.0 0.7 48.1 51.4 0.7 6.2‘23~’24년 103.2 36.9 9.9 13.7 29.7 55.5 247.9 264.9 55.5 491.2‘22~’23년 18.2 44.9 0.3 11.3 6.2 2.4 83.0 88.7 2.4 21.2‘21~’22년 11.0 5.0 1.1 1.0 1.7 1.0 20.4 21.8 1.0 8.8‘20~’21년 11.8 25.4 12.5 0.7 5.3 4.1 58.9 62.9 4.1 36.3‘19~’20년 30.4 85.7 2.3 0.9 26.2 29.9 173.4 185.3 29.9 264.6‘18~’19년 34.3 9.7 20.1 1.1 0.9 17.4 77.9 83.2 17.4 154.0‘17~’18년 24.1 25.5 1.6 3.1 0.6 1.3 55.8 59.6 1.3 11.5‘16~’17년 68.6 18.6 7.2 4.9 4.0 25.8 123.1 131.5 25.8 228.3‘15~’16년 45.2 32.9 10.9 0.9 38.9 1.3 120.0 128.2 1.3 11.510년평균 35.6 30.3 7.7 4.1 12.1 13.9 100.9 107.8 13.9 123.0평 년 32.0 30.3 5.9 6.5 10.3 11.3 93.6 100.0 11.3 100.0* 10년 평균 : 최근 10년(2014~2023년)동안의 강수량의 평균** 평년 : 30년(1991～2020년)동안의 강수량의 평균*** 대비 : 평년의 강수량에 대한 연도별 강수량의 비율리플릿 깨씨무늬병 사전 관리 및 논 토양 지력 관리 방법리플릿 사과·배 화상병 예방을 위한 궤양 제거 방법카드뉴스 과수화상병 예방 개화 전 방제 안내
-리플릿 토마토뿔나방 예찰·방제리플릿 미세먼지 줄이기 행동요령",3호.txt
2026,4,1,2026-04-01,2026-04-30,식량작물,벼 종자전염성 병해충,예보,벼,"❍ 키다리병, 깨씨무늬병, 벼잎선충 등은 종자로 전염되는 병해충으로종자소독을 통해 피해를 줄일 수 있는데, 최근 몇 년간 일부 지역에서키다리병, 깨씨무늬병, 벼잎선충의 발생이 증가한 사례가 있음
- 종자소독 약제는 주기적으로 다른 작용기작으로 바꾸어 사용□ 소금물가리기(염수선)
❍ 볍씨가 발아하여 3~4엽이 자랄 때까지는 배유에 저장된 양분에 의하여자라므로 튼튼한 종자를 얻으려면 충실하게 등숙된 볍씨를 골라야 함
❍ 충실한 종자는 무거운 종자를 의미하므로 이를 가려내기 위하여소금물에 담가 충실한 종자를 선별함
❍ 메벼는 염수선 비중을 1.13(물 20ℓ + 소금 4.24㎏), 찰벼는 비중1.04(물 20ℓ + 소금 1.36㎏)에서 가라앉는 볍씨를 사용
❍ 소금물가리기를 할 때 볍씨를 소금물에 오래 담가 두면 발아를 해치기쉬우므로 곧바로 맑은 물로 2∼3회 씻어야 함
□ 온탕소독
❍ 물 온도 60℃에 볍씨를 10분간 담가 소독한 후 바로 냉수에 담가 식혀줌* 물 300ℓ에 볍씨 30㎏
❍ 온탕침지에 민감한 ‘삼광’, ‘운광’, ‘일미’, ‘고운’ 등의 품종은 위의소독조건(60℃, 10분)을 지키지 않을 경우 발아율이 떨어질 수있으므로 주의해야 함
* 가루쌀품종‘바로미2’는 온탕침지하면 발아율이감소할수 있으므로온탕소독에 주의가 필요함
❍ 지난해 고온으로 등숙이 불량하거나 수발아가 발생한 볍씨는 온탕침지 하면 발아율이 낮을 수 있어 온탕소독에 주의가 필요함
□ 약제 침지소독① 종자소독기에 물을 종자량에 맞게 채움(종자 10㎏ 당 물 20ℓ)② 물 온도를 30℃까지 올린 후에 종자소독약을 정량으로 희석※선충방제를위하여등록살충제와함께희석③ 종자를 10㎏ 단위로 물이 통할 수 있는 망에 담아 침지④ 소독액에 30℃에서 24∼48시간 침지(약제마다 다름) 후에 깨끗한 물로교체한 후 싹이 움트기 시작하면 싹틔우기 실시⑤ 품종에 따라 48시간 이전에 싹이 나오면 바로 싹틔우기 작업 실시",4호.txt
2026,4,2,2026-04-01,2026-04-30,식량작물,"모잘록, 뜸모",예보,,"❍ 모가 연약하고 밤낮의 온도차가 클 때 피해가 많음
⇒ 못자리 병은 육묘상자에 묻어 있는 흙속에 병원균이 잠복하고있으므로 작년에 사용한 육묘상자는 맑은 물로 깨끗이 씻어 사용⇒ 알맞은 양을 파종하고 온도 및 환기 등의 관리를 철저히 함",4호.txt
2026,4,3,2026-04-01,2026-04-30,식량작물,맥류 붉은곰팡이병,예보,보리,"❍  4월 출수기 전후 비가 자주 오면 붉은곰팡이병 발생이 증가할 수있으므로 기상예보에 맞추어 예방적으로 약제를 살포하고 배수로정비 등 물관리를 철저히 해야 함
- 2024년 4월 중하순 맥류 출수기의 고온과 연속강우로 다발생* 연도별병든이삭률:(’02)54.7 →(’11)14.4→(’15)9.5→(’18)16.2 →(’21)7.0 →(’24)27.9%⇒ 약제 방제 적기는 밀, 쌀보리는 개화 최성기(출수 후 약 7∼10일)이고,맥주보리는 이삭이 거의 팬 날로부터 10일경 실시⇒ 맥류의 생육단계는 품종과 포장에 따라 다르므로 포장별 생육상황과 기상을 잘 살펴 방제 실시",4호.txt
2026,4,4,2026-04-01,2026-04-30,채소,양파 노균병,예보,양파,"❍ 충남 태안, 전남 무안, 경남 함양 등 지역에서 초기 발생하고 있으며,피해증상 확인시 피해주 제거 및 포자 발생시 약제 방제 철저
❍ 양파를 이어짓는 포장을 중심으로 노균병이 매년 증가 하고 있는추세로 기온이 15℃정도에서 비가 자주 내리고 안개 끼는 날이많으면 발생이 많아지는데 발병 이후에 약제로 방제를 할 경우효과가 거의 없으므로 사전 관리가 중요함
⇒ 포장을 습하지 않도록 관리하고 병이 발생한 포장은 병든 식물을 반드시제거하여 2차 감염을 차단해야 함",4호.txt
2026,4,5,2026-04-01,2026-04-30,채소,"잎마름병(마늘, 양파)",예보,"마늘,양파","❍ 전남 고흥, 경남 합천 등 지역에서 초기 발생하고 있어 방제 및 모니터링 필요
❍ 잎마름병은 양파와 마늘의 잎에서 발생하는 곰팡이병으로 4~5월고온다습 환경 시 발생이 증가하므로 주기적인 예찰을 실시하여 발생초기에 등록된 약제를 사용하여 방제해야 함",4호.txt
2026,4,6,2026-04-01,2026-04-30,채소,"흑색썩음균핵병(마늘, 양파)",예보,"마늘,양파","❍ 충남 서산, 전남 고흥·해남, 경북 영천 등 주산지역에서 초기 발생하고 있어, 초기 방제 및 모니터링 필요
❍ 난지형 마늘에 발생이 많으며, 구근에 흰 균사가 발생하여 구근 껍질이검게 변하면서 흑색의 작은 균핵을 형성하고 오래되면 구근이 물러 썩는병으로 지상부 전체가 시들어 노랗게 마름⇒ 병든 포기를 발견하면 즉시 제거하여 전염원을 없애주고, 농기계등에 의해 병 발생 포장의 흙이 건전한 포장으로 유입되지 않도록주의하고 이어짓기 금지",4호.txt
2026,4,7,2026-04-01,2026-04-30,채소,토마토뿔나방,예보,방울토마토,"❍ 봄철 시설 토마토의 정식이 본격적으로 시작함에 따라 온실 내부토마토뿔나방의 발생이 증가할 것으로 예상됨
- 토마토뿔나방은 유충이 주로 토마토 잎에 구멍을 뚫고 들어가 내부조직을넓게 갉아 먹으며 과실 속으로도 파고 들어가 피해를 입힘⇒ 발생포장 전체에 등록 농약을 약액이 작물에 충분히 묻을 수있도록 살포하고, 2회 이상 약제살포 시 작용기작이 다른 약제를교호 살포할 것을 권장함, 친환경 재배농가의 경우 교미교란제를정식 초기에 설치하고 유기농업자재를 충분히 살포해야 함",4호.txt
2026,4,8,2026-04-01,2026-04-30,채소,"잿빛곰팡이병(딸기, 오이, 토마토, 상추 등)",예보,"딸기,방울토마토,상추,오이","❍ 시설내의 온도가 낮고(20℃ 전후) 습도가 높은 조건이 오래 지속되면 발생이 증가하는데 오이, 딸기 등 일부 작물에서 발생하고있어 주의가 필요함
⇒ 환기를 통해 시설 내의 습도를 낮추어 주되 보온에 유의하고,병이 발생되면 급속하게 번지는 특성이 있으므로 병든 식물을제거하고 발생 초기에 등록약제로 방제하되 내성이 잘 생기므로계통이 다른 등록약제를 교호로 살포",4호.txt
2026,4,9,2026-04-01,2026-04-30,채소,"흰가루병(딸기, 오이, 메론 등)",예보,"딸기,멜론,오이","❍ (흰가루병) 분생포자가 공기로 전염되며 건조하면서 일교차가 심한환경에서 많이 발생하는데 1월 기온의 변화가 클 것으로 예상돼오이, 멜론 등 박과작물과 딸기 등에 발생 증가가 우려됨
⇒ 일조량이 부족하고 비료기가 많은 조건에서 발생이 많으므로질소질 비료를 알맞게 주며, 병든 잎과 과실은 신속히 제거하고병 발생 초기에 등록 약제로 방제",4호.txt
2026,4,10,2026-04-01,2026-04-30,채소,토마토궤양병,예보,방울토마토,"❍ 종자나 토양을 통해서 전염, 점염성이 높고 병원균의 잠복기가 길어 주의필요
❍ 잎, 줄기, 열매에서 주로 발생되며 줄기에는 황갈색 점무늬가 나타나고 진전되면 궤양증상을 보이며 심하면 그루 전체가 시들어 마름⇒ 건전한 종자를 사용하고 반드시 종자소독을 실시해야하며,농작업 전 기구들은 차아염소산나트륨 등으로 소독하고 발병 시등록약제로 즉시 방제함",4호.txt
2026,4,11,2026-04-01,2026-04-30,채소,"고자리파리, 뿌리응애(마늘, 양파)",예보,"마늘,양파","❍ (고자리파리) 충남 서산, 경남 합천 지역에서 초기 발생하고 있으며,향후 약제 방제 및 모니터링 필요, 토양 속 알에서 부화한 유충이줄기의 밑부분을 가해한다. 초기 피해증상은 눈에 띄지 않으나 피해받은 포기는 점차 광택을 잃으면서 아래 줄기부터 노랗게 색이변하며 포기 전체가 시들며 말라 죽는다.
⇒ 월동 후 3월 중순부터 피해가 증가하므로 성충 발생밀도를 예찰하고 3월 하순경에는 고자리파리의 산란 억제를 위하여 등록 살충제(액상)를 7∼10일 간격으로 2∼3회 살포⇒ 토양 속 유충은 계속해서 가해하기 때문에 약대 등을 이용하여토양에도 직접 포기 관주처리하고 약물이 흙 또는 멀칭필름 밖으로 넘쳐 나올 정도로 흠뻑 처리 하는 것이 효과적
❍ (뿌리응애) 마늘, 양파 등 땅속의 구근을 가해하며, 초기에는 잘 나타나지 않으나 점차 지상부의 생육이 나빠지고 구근 부패의 원인이 됨
⇒ 피해 발생시 등록 약제를 피해 포기 주위에국소적으로 토양 처리하거나, 생장점 부근뿌리나 비늘줄기에서 서식, 가해하기 때문에 약대 등을 이용하여직접 포기관주 처리하여 약제물이 흙 또는 멀칭필름 밖으로 넘쳐나올 정도로 흠뻑 처리하는 것이 효과적⇒ 뿌리응애는 35℃ 이상이면 죽기 때문에 가장 뜨거운 7~8월에멀칭필름+약제 등을 이용한 토양소독을 길게 할수록 효과적",4호.txt
2026,4,12,2026-04-01,2026-04-30,채소,"총채벌레류, 가루이류, 진딧물, 응애류",예보,"고추,방울토마토,오이","❍ (총채벌레류) 총채벌레류는 오이, 고추, 토마토 등 시설 내에서연중 발생하는 해충으로 방제시기를 놓칠 경우 바이러스병을 전염시켜 큰 피해를 주는 해충임
⇒ 끈끈이트랩이나 타락법(흰색 종이를 이용 꽃과 잎을 두드려서예찰) 등으로 예찰하고, 발생 포장은 초기에 방제⇒ 꽃노랑총채벌레는 번데기 방제용으로 총채가시응애를 토양에투입하고, 지상부 유충과 성충 방제용으로는 애꽃노린재, 지중해이리응애 등 천적을 활용하면 효과적으로 방제가 가능함
❍ (가루이류·진딧물류) 온실가루이와 담배가루이는 가지과 작물에서, 진딧물은 엽채류와 과채류에서 주로 발생하며 식물체의즙액을 빨아먹는 직접적인 피해뿐만 아니라 그을음병과 바이러스병 등을 유발함
⇒ 크기가 작아 육안 관찰이 힘들고 일단 발생되면 방제가 어려우므로 외부 유입통로에 방충망을 설치하는 등 시설 안으로 들어오지 못하도록 막고, 트랩을 이용 예찰필요
⇒ 예방적 조치로 해충에 따라 천적을 투입하여 방제하고 국부적으로해충이 집중 발생하였을 경우 등록약제를 이용 방제실시
❍ (응애류) 작물이 피해를 받으면 잎이 누렇게 변하여 말라 죽게 됨
⇒ 이들 해충은 일단 발생하면 방제가 어려우므로 방충망을 설치하는등 시설 안으로 들어오지 못하도록 막고, 크기가 작아 발생을 알아보기가 어려우므로 끈끈이 트랩을 매달아 주의 깊게 살펴봄⇒ 해충에 따라 발생초기 천적을 투입하거나 등록약제로 방제하고,약제 살포 시에는 안전사용기준을 지키고 계통이 다른 약제로바꾸어 가면서 살포하여 저항성 유발을 최소화",4호.txt
2026,4,13,2026-04-01,2026-04-30,채소,토마토반점위조바이러스(TSWV),예보,"고추,방울토마토,파프리카","❍ 총채벌레가 전염시키는 바이러스 병으로 파프리카, 고추, 토마토 등시설재배지에서 이들 매개충이 꾸준히 발생하고 있으며, 방제시기를 놓칠 경우 피해가 커지기 때문에 초기 예방이 중요
⇒ 병에 걸린 식물을 발견하면 즉시 제거하여 병이 확산되는 것을 예방",4호.txt
2026,4,14,2026-04-01,2026-04-30,채소,토마토황화잎말림바이러스(TYLCV),예보,방울토마토,"❍ 가지과 작물에서 담배가루이가 병을 매개하므로 육묘 단계부터정식 초기에 예찰을 강화하여 감염여부를 판단하고 정식 후에는잎 뒷면과 포장주위를 살펴보아 담배가루이를 철저히 방제⇒ 병을 전염시키는 담배가루이의 세대 기간이 짧아 연간 발생횟수가많으므로 방충망을 설치하여 시설 안으로 담배가루이가 들어오는것을 막고 발생 초기에 등록약제로 방제하는 등 철저한 관리로병이 확산되는 것을 예방⇒ 발생된 시설재배 농가 주변지역은 담배가루이의 기주식물이 되는잡초와 병에 걸린 식물은 뽑아서 제거※ 기주식물 : 큰개불알풀,광대나물,별꽃, 큰망초,쑥,머위",4호.txt
2026,4,15,2026-04-01,2026-04-30,과수,과수화상병․과수가지검은마름병,예보,사과,"❍ (과수화상병) 세균에 의해 사과, 배나무의 꽃, 잎, 열매, 가지가불에 탓 것과 같이 검게 변하고 서서히 말라죽게 되는데 전염성이높아 사전예방을 위한 사전방제와 과원 및 농자재 관리가 필수⇒ 개화전(3월 하순∼4월 중순) 방제요령으로는 사과는 녹색기∼전엽기시기에 석회보르도액 또는 동제를 살포하고, 배는 꽃눈 발아 직후에 동제 또는 석회유황합제 살포⇒ 개화기 방제요령은 ‘과수화상병예측시스템’에서 안내하는 위험경보(감염위험도)에 따라 24시간 이내 2∼3회 약제 살포⇒ 한번 걸리면 방제가 불가능하기 때문에 예방을 위하여 과수원을청결하게 관리하고 농작업을 하는 사람의 과수원 출입시 사람과작업도구 등을 수시로 소독⇒ 의심증상 발견 시에는 전국 대표전화(1833-8572) 또는 가까운농업기술센터·농업기술원에 즉시 신고
❍ (과수가지검은마름병) 과수화상병과 증상이 비슷하여 육안으로는구분이 불가하며, 발생시기와 전파경로, 피해증상이 유사함.",4호.txt
2026,4,16,2026-04-01,2026-04-30,과수,검은별무늬병,예보,사과,"❍ 개화기 이후 잦은 강우 시 병 발생이 우려되므로 적기 방제 필요
⇒ 국가농작물병해충관리시스템(http://ncpms.rda.go.kr)의 병해충예측
- 병해충예측지도 메뉴에서 내 농장 지역의 감염위험 시간 정보(경고값 2이상인 경우)에 따라 최초 경보 시 반드시 적기 방제[검은별무늬병-배] [검은별무늬병-사과]",4호.txt
2026,4,17,2026-04-01,2026-04-30,과수,참다래 궤양병,예보,"오리,참다래","❍ 가지, 주간, 신초, 잎, 꽃봉오리, 꽃에 감염되는 병으로서 감염된가지와 주간부에 크고 작은 균열을 유발하며, 이 균열된 부위로부터 흘러나오는 적갈색 수액에 의해 쉽게 구분 가능
❍ 병든 조직에서 월동한 병원균이 상처, 기공 및 수공을 통하여 잎으로침입하며 전정 등 농작업 도구를 통해 전염⇒ 전년 발생 포장은 방제용 등록약제를 3월 하순∼4월 상순부터 10일간격으로 살포하여 예방하고 감염된 이병주는 굴취하여 매몰",4호.txt
2026,4,18,2026-04-01,2026-04-30,과수,나무좀류,예보,사과,"❍ 세력이 약한 나무에 피해가 예상되는데, 나무좀은 크기가 2∼4㎜내외로 작아서 육안으로 관찰하기가 매우 곤란하며, 또한 성충이사과나무 줄기 안으로 침입할 때 유충의 먹이가 되는 공생균(암브로시아균)도 함께 들어가는데, 나무 목질부에서 공생한 균으로부터 생성된 독소는 독성이 강해 나무가 말라 죽는것을 촉진시킴⇒ 나무좀 발생예찰 유인트랩을 이용할 경우, 트랩에 20∼30마리가유인되면 동해를 받았거나 침수피해 등으로 나무 세력이 약해진나무를 중점적으로 관찰하여 침입 여부를 확인하여 방제⇒ 특히 나무좀은 오후 2∼3시경에 기온이 20℃ 이상일 경우 주로날아들기 시작하므로 이 시기에 방제를 실시⇒ 약제방제에 우선하여 물관리, 시비관리 및 토양관리 등의 재배관리를철저히 하여 나무 세력을 적정 수준으로 유지하는 것이 중요",4호.txt
2026,4,19,2026-04-01,2026-04-30,과수,사과응애,예보,사과,"❍ 사과, 배에 발생하는 사과응애의 월동밀도가 높은 과원은 기계유유제를 살포하고 개화 전 월동알 부화시기 예찰을 철저히 하여적기방제를 실시⇒ 국가농작물병해충관리시스템(http://ncpms.rda.go.kr)의 병해충예측-병해충예측지도 메뉴에서 내 농장 지역의 최적방제시기를판단하여 적기방제(사과응애 : 50% 부화기에 등록약제 살포)⇒ 개화 전 방제가 소홀할 경우 개화기 및 유과기 때 철저히 방제하여야 하는데 약제 살포가 미흡할 경우 발생 증가로 피해 발생",4호.txt
2026,4,20,2026-04-01,2026-04-30,과수,복숭아씨살이좀벌,예보,복숭아,"❍ 연 1회 발생하며 피해과실 속에서 다자란 유충으로 월동하며 3월하순부터 번데기가 되며 성충은 4월 상순부터 5월 중순까지 발생함
❍ 성충은 과실의 크기가 1~2cm 정도 되는 어린 과실에 산란하므로,성충 산란시기를 확인하여 가급적 발생 적기 오전에 방제를 실시⇒ 복숭아씨살이좀벌은 성충 기간을 제외하고 알, 애벌레, 번데기기간은 씨앗 속에서 살기 때문에 약제를 살포해도 방제효과가낮으므로 성충이 어린 과일 속에 알을 낳는 시기에 맞춰 집중 방제⇒ 피해가 심한 과원에서는 과실크기가 1cm 정도 되는 시기부터성충의 발생을 관찰하면서 5∼7일 간격으로 2∼3회 등록약제 살포1개월 기상전망            (출처 : 국립농업과학원, 기상청)기온은 1주, 2주, 3주, 4주는 평년보다 높겠음
강수량은 1주, 2주는 평년과 비슷하겠고, 3주, 4주는 평년과 비슷하거나 적겠음
❍ 1주(4.6~4.12):이동성 고기압의 영향을 받겠으나, 남쪽을 지나는 저기압의영향을 받을 때가 있겠음
- 기온은 평년보다 높겠고, 강수량은 평년과 비슷하겠음
❍ 2주(4.13~4.19): 이동성 고기압의 영향을 받겠으나, 우리나라 북쪽에위치한 고기압성 순환의 영향으로 동풍의 영향을 받을 때가 있겠음
- 기온은 평년보다 높겠고, 강수량은 평년과 비슷하겠음
❍ 3주(4.20~4.26): 이동성 고기압의 영향을 주로 받아 낮과 밤의 기온 차가큰 날이 많겠음
- 기온은 평년보다 높겠고, 강수량은 평년과 비슷하거나 적겠음
❍ 4주(4.27~5.3): 이동성 고기압의 영향을 주로 받아 낮과 밤의 기온 차가큰 날이 많겠음
- 기온은 평년보다 높겠고, 강수량은 평년과 비슷하거나 적겠음
농업지대 지역 평균기온 강수량1주 2주 3주 4주 1주 2주 3주 4주(4.6~4.12) (4.13~4.19)(4.20~4.26)(4.27~5.3) (4.6~4.12) (4.13~4.19)(4.20~4.26)(4.27~5.3)1.태백고냉 대관령 높음 높음 높음 높음 비슷 비슷 조 금 적 음조 금 적 음
2.태백준고냉 인제,홍천,제천 높음 높음 높음 높음 비슷 비슷 조 금 적 음조 금 적 음
3.소백산간 충주,보은 높음 높음 높음 높음 비슷 비슷 조 금 적 음조 금 적 음
4.노령소백산간 임실 높음 높음 높음 높음 비슷 비슷 적음 적음
5.영남내륙산간 추풍령,영주,문경 높음 높음 높음 높음 비슷 조 금 많 음적음 적음
6.중북부내륙 춘천,양평 높음 높음 높음 높음 비슷 비슷 조 금 적 음조 금 적 음
7.중부내륙 원주,이천 높음 높음 높음 높음 비슷 비슷 조 금 적 음조 금 적 음
8.소백서부내륙 청주,대전,금산 높음 높음 높음 높음 비슷 비슷 조 금 적 음조 금 적 음
9.노령동서내륙 정읍,남원,거창,산청 높음 높음 높음 높음 비슷 비슷 적음 적음
10.호남내륙 광주,순천,장흥 높음 높음 높음 높음 비슷 비슷 적음 적음
11.영남분지 대구,의성,구미,영천 높음 높음 높음 높음 비슷 조 금 많 음적음 적음
12.영남내륙 진주,합천,밀양 높음 높음 높음 높음 비슷 조 금 많 음적음 적음
13.중서부평야 서울,인천,수원,서산,강화,천안,보령 높음 높음 높음 높음 비슷 비슷 조 금 적 음조 금 적 음
14.차 령 남 부 평 야군산,전주,부여,부안 높음 높음 높음 높음 비슷 비슷 적음 적음
15.남서해안 목포,완도,해남,고흥 높음 높음 높음 높음 비슷 비슷 적음 적음
16.남부해안 부산,통 영,여수,거제,남 해높음 높음 높음 높음 비슷 조 금 많 음적음 적음
17.동해안북부 속초,강릉 높음 높음 높음 높음 비슷 조 금 많 음조 금 적 음조 금 적 음
18.동해안중부 울진,영덕 높음 높음 높음 높음 비슷 조 금 많 음적음 적음
19.동해안남부 포항,울산 높음 높음 높음 높음 비슷 조 금 많 음적음 적음
20.제주 제주,성산,서귀포 높음 높음 높음 높음 비슷 비슷 적음 적음
평균 높음 높음 높음 높음 비슷 비슷 조 금 적 음조 금 적 음
10일(2026.03.30.~04.05.) 예보(기상청, 2025.03.26., 06:00)<기상예보>",4호.txt
2026,4,21,2026-04-01,2026-04-30,과수,복숭아씨살이좀벌,예보,복숭아,"❍ (기온) 아침 기온은 1~12℃, 낮 기온은 13~20℃로 평년(최저기온1~8℃, 최고기온 13~19℃)과 비슷하거나 조금 높겠음
❍ (강수) 30일~31일 오전 전국에 비가 내리겠음
<날씨><최저/최고기온>최근 경과기상과 향후 기상전망<기온><강수량>연도별 평균기온
❍ ‘26년 1월부터 3월 4주차까지의 평균기온은 2.6℃로, 평년(2.2)보다 0.4℃ 높았음
- ’26년 3월 4주차의 평균기온은 9.2℃로, 평년(7.5)보다 1.7℃ 높았음
기 간 1월 2월3월 분석기간1.1~3.25 3.19~3.251주(2.26~3.4)2주(3.5~3.11)3주(3.12~3.18)4주(3.19~3.25)평균(℃)편차(℃)평균(℃)편차(℃)2026년 -1.0 3.2 7.0 3.8 6.7 9.2 2.6 0.4 9.2 1.72025년 0.4 0.0 6.0 5.7 6.8 11.6 2.4 0.2 11.6 4.12024년 1.4 4.5 3.6 4.8 8.4 9.0 4.0 1.8 9.0 1.52023년 0.0 3.0 4.9 11.2 8.0 11.5 3.8 1.6 11.5 4.02022년 -0.2 0.4 5.9 6.2 10.3 6.9 2.3 0.1 6.9 -0.62021년 -0.4 3.9 6.2 7.5 9.5 9.5 3.6 1.4 9.5 2.02020년 3.0 3.8 5.9 5.9 6.7 10.9 4.6 2.4 10.9 3.42019년 0.5 2.6 7.2 7.4 5.9 7.7 3.2 1.0 7.7 0.22018년 -1.8 0.0 5.5 4.9 9.6 6.7 1.4 -0.8 6.7 -0.82017년 0.3 1.8 4.5 4.0 6.9 7.8 2.5 0.3 7.8 0.32016년 -0.6 1.9 3.7 6.2 6.7 8.2 2.4 0.2 8.2 0.710년평균 0.3 2.2 5.3 6.4 7.9 9.0 3.0 0.8 9.0 1.5평 년 -0.4 1.7 4.2 4.9 6.5 7.5 2.2 0.0 7.5 0.0* 10년 평균 : 최근 10년(2015~2024년)동안의 평균기온의 평균** 평년 : 30년(1991～2020년)동안의 평균기온의 평균*** 편차 : 평년의 평균기온에 대한 연도별 평균기온의 차이연도별 강수량
❍ ‘26년 1월부터 3월 4주차까지의 강수량의 합은 69.6㎜로, 평년(120.2)보다
50.6㎜ 적었음(평년대비 57.9%)
- ’26년 3월 4주차의 강수량의 합은 1.3㎜로, 평년(15.1)보다 13.8㎜ 적었음",4호.txt
2026,4,22,2026-04-01,2026-04-30,과수,복숭아씨살이좀벌,예보,"방울토마토,복숭아",(평년대비 8.6%)기 간 1월 2월3월 분석기간1.1~3.25 3.19~3.251주(2.26~3.4)2주(3.5~3.11)3주(3.12~3.18)4주(3.19~3.25)합계(㎜)대비(%)합계(㎜)대비(%)2026년 5.9 21.1 26.5 7.0 10.5 1.3 69.6 57.9 1.3 8.62025년 18.3 21.4 35.3 0.7 11.1 0.1 86.6 72.0 0.1 0.72024년 36.9 111.4 4.9 6.5 1.0 17.7 174.9 145.5 17.7 117.22023년 44.9 20.0 0.4 0.4 8.9 20.5 95.1 79.1 20.5 135.82022년 5.0 5.5 3.2 0.0 36.3 23.2 72.2 60.1 23.2 153.62021년 25.4 23.4 58.1 2.0 15.7 7.2 130.2 108.3 7.2 47.72020년 85.7 62.1 5.3 16.7 0.7 0.4 166.1 138.2 0.4 2.62019년 9.7 34.5 1.0 12.9 4.6 20.6 82.6 68.7 20.6 136.42018년 25.5 36.6 47.1 35.5 33.3 30.7 178.2 148.3 30.7 203.32017년 18.6 36.0 4.4 1.6 0.5 11.1 72.0 59.9 11.1 73.52016년 32.9 50.6 18.7 39.9 11.5 0.9 145.8 121.3 0.9 6.010년평균 30.3 40.2 17.8 11.6 12.4 13.2 120.4 100.2 13.2 87.4평 년 30.3 37.2 13.8 13.2 16.5 15.1 120.2 100.0 15.1 100.0* 10년 평균 : 최근 10년(2015~2024년)동안의 강수량의 평균** 평년 : 30년(1991～2020년)동안의 강수량의 평균*** 대비 : 평년의 강수량에 대한 연도별 강수량의 비율리플릿 깨씨무늬병 사전 관리 및 논 토양 지력 관리 방법카드뉴스 과수화상병 예방 개화기 약제방제리플릿 토마토뿔나방 예찰·방제리플릿 미세먼지 줄이기 행동요령,4호.txt
2026,6,1,2026-06-01,2026-06-15,식량작물,열대거세미나방,예보,"벼,수수,옥수수","❍ 열대거세미나방은 아메리카 대륙의 열대·아열대 지역이 원산으로아프리카(‘16), 동남아(’18), 중국(‘19.1월), 한국(’19.6월) 등으로 확산
❍ 유충 시기에 식물의 잎과 줄기를 가해하여 피해를 발생시키며 기주식물은 80여 작물(옥수수, 수수, 벼 등)로 알려져 있음
❍ 제주 및 남부지방 조기 재배 옥수수에 피해 발생 예상*산란(4월하순) →알에서유충부화(5월초·중순) →6령유충경과(피해발생)*’25년대비약14일정도빠르게국내비래확인(제주,한림읍/’26.4.7.)*연도별발생:(’22)76/1.8 →(’23)87/4.4 →(’24)478/2.1 →(’25)33개체/0.1ha⇒ 약제 방제는 발생 초기에 품목별로 등록된 약제를 살포하도록 함
< 열대거세미나방 형태 및 피해 ><성충 (사진 출처: Goergen 등), 유충(사진 출처: FAO)>",6호.txt
2026,6,2,2026-06-01,2026-06-15,식량작물,멸강나방,예보,"벼,옥수수","❍ 멸강나방은 중국에서 날아와서 피해를 주는 비래해충으로 목초, 옥수수등에 발생하고 보통 사료 작물과 벼에 피해를 줌⇒ 올해는 4월 초 처음 비래가 확인되었으며 목초지나 옥수수 포장 등기주식물 재배지역에 어린 벌레가 발견되면 등록 약제로 발생초기에 방제멸강나방 유충(좌)과 피해(우) 사진",6호.txt
2026,6,3,2026-06-01,2026-06-15,식량작물,애멸구(벼줄무늬잎마름병 매개),예보,벼,"❍ 애멸구는 벼줄무늬잎마름병을 옮기는 해충으로 최근 월동밀도가낮은 편이지만, 중국에서 대량으로 날아올 경우 피해가 우려되며철저한 사전방제가 필요함
⇒ 서해안 애멸구 비래지역 등 발생 우려지역은 저항성 품종(조평, 주남조생,대보, 알찬미, 삼광, 화영, 새일미, 새누리, 호품, 신동진 등)을 선택하고 맥류포장 주변에서 육묘 시 방충망을 씌워 애멸구 유입 차단⇒ 모내기 하는 날 벼물바구미, 벼잎벌레, 굴파리류 등과 동시 방제가가능한 살충제(입제) 살포",6호.txt
2026,6,4,2026-06-01,2026-06-15,식량작물,조명나방,예보,옥수수,"❍ 조명나방은 옥수수에서 발생하는 해충으로 유충이 잎과 이삭을 갉아먹거나 줄기 속으로 파고들어가 피해를 줌⇒ 조명나방 1화기 성충이 최대로 발생한 날(6월 상순경)부터7~10일 후 혹은 옥수수 줄기가 형성되기 전에 잎이 전부 전개되지 않은 시기인 8~9엽기에 방제하는 것이 효율적임
⇒ 애벌레가 옥수수 줄기 속으로 파고 들어가면 약제 방제가 어려움알덩어리 유충(애벌레) 번데기 성충잎 가해 줄기 가해 열매 가해",6호.txt
2026,6,5,2026-06-01,2026-06-15,식량작물,벼물바구미 등,예보,벼,"❍ 벼물바구미는 벼 잎과 뿌리를 갉아먹고 벼잎벌레와 굴파리류는벼 잎이나 줄기 속을 갉아 먹어 피해를 주는 해충으로 해마다 발생함
❍ 이앙시기와 월동 세대 성충의 본답 이동시기가 일치할 때 피해가 심함
⇒ 벼물바구미, 벼물가파리, 깔따구, 도열병 등 해충과 병을 동시에방제할 수 있는 약제를 선택하여 모내기 당일 육묘상자에 입제를뿌려 방제하고, 육묘상자에 약제처리를 못한 경우는 모낸 후 10∼15일사이에 등록 약제를 선택하여 방제애벌레 번데기 성충",6호.txt
2026,6,6,2026-06-01,2026-06-15,채소,역병·탄저병(고추),예보,고추,"❍ 역병은 비가 내린 후 다습한 환경조건에서 발생이 증가하며 토양에있는 병원균이 물을 통하여 전염되는 병으로 일단 발병하면 급속하게 번지고 방제 효과가 낮음
⇒ 병 발생이 많았던 곳은 두둑을 높여 준 후 배수로를 정비하고병든 포기 발견 즉시 제거하여 전염원을 제거하고 비오기 전후등록 약제를 주기적으로 살포
❍ 고추 탄저병은 지난해 버려진 병든 잔재물이 가장 중요한 1차전염원이고, 온·습도가 높은 장마철 비가 잦은 환경에서 감염위험이 높음
⇒ 병든 과실을 그냥 두거나 이랑사이에 버리면 방제효과는 50%이상 감소하므로 병든 과실은 발견 즉시 매립 또는 소각하는것이 효과적이며, 재식거리를 넓히고 두둑을 높게 하고 물 빠짐을좋게 하여 발병에 좋은 환경을 차단함
⇒ 국가농작물병해충관리시스템(http://ncpms.rda.go.kr)에서 고추역병과 탄저병 최초 감염위험시기를 알려주는 문자서비스를활용하여 병징이 없더라도 감염 시기 알림 후 3일 이내에 예방적으로침투이행성 약제 처리",6호.txt
2026,6,7,2026-06-01,2026-06-15,채소,흰가루병(오이 등),예보,오이,"❍ 하우스 등 시설재배지에서 흔히 발생되며 일조가 부족하고 밤낮의온도 차이가 심하면서 건조한 경우에 병 발생이 증가함.
⇒ 병든 식물은 속히 제거하고 질소가 과용되지 않도록 균형시비를하면서 병 발생 초기에 등록약제로 방제⇒ 흰가루병 포자는 일출 후부터 오전 10시경 까지 포자 비산이가장 많이 이루어지므로 약제 살포는 10시 이전에 하는 것이효과적이고, 같은 계통의 약제 연용 시 약제저항성균이 쉽게생겨 방제효과가 떨어지게 되므로 반드시 다른 계통의 약제를번갈아 가며 살포",6호.txt
2026,6,8,2026-06-01,2026-06-15,채소,"덩굴마름병(수박, 참외)",예보,"수박,참외","❍ 수박 덩굴마름병은 감염된 묘를 정식하거나 비가 많이 오는 경우발생하는 병으로 생육후기에 초세가 약해질 무렵부터 잎이나 줄기가집중적으로 말라 죽음
⇒ 약제 방제만으로는 효과적인 방제가 어려우므로 과습을 방지하고 생육을 강건하게 유지시킴",6호.txt
2026,6,9,2026-06-01,2026-06-15,채소,씨스트선충류,예보,배추,"❍ 여름철 고랭지배추 정식이 시작되어, 씨스트선충류에 의한 농작물피해가 증가할 것으로 예상됨
- 씨스트선충류는 십자화과 작물의 뿌리에 기생하는데, 작물의 수분 및영양분의 흡수를 저해하는 등 생육을 방해하여 배추의 경우 크기가작고 결구가 되지 않는 피해 증가⇒ 발생포장에 훈증성 약제 처리 후 비닐피복 또는 답압하고, 4주후피복을 제거하여 가스를 휘산시켜 약해를 방지해야 함
⇒ 씨스트선충류가 배추 뿌리를 가해하지 않도록 배추 정식 전에비훈증성 약제를 처리하고 로터리 작업 실시⇒ 배추 수확 후 포장 내 씨스트선충류 밀도를 낮추기 위해 녹비작물(백겨자, 기름무 등)을 재배하여, 꽃이 피기 전 또는 과실이달리기 전에 토양 환원 작업 실시(6∼8주 소요)",6호.txt
2026,6,10,2026-06-01,2026-06-15,채소,"총채벌레류, 가루이류, 진딧물",예보,"고추,방울토마토,오이","❍ ‘26년 1월~5월 말까지 기온은 7.6℃로 평년(6.7)보다 0.9℃ 높았고시설재배 작물에서 꽃노랑총채벌레, 온실가루이, 담배가루이 등이 관리가소홀한 포장에서 온도가 올라가면 밀도가 높아질 수 있어 주의가 필요함
❍ (총채벌레류) 총채벌레류는 오이, 고추, 토마토 등 시설 내에서연중 발생하는 해충으로 방제시기를 놓칠 경우 바이러스병을 전염시켜 큰 피해를 주는 해충임
⇒ 끈끈이트랩이나 타락법(흰색 종이를 이용 꽃과 잎을 두드려서예찰) 등으로 예찰하고, 발생 포장은 초기에 방제⇒ 꽃노랑총채벌레는 번데기 방제용으로 총채가시응애를 토양에투입하고, 지상부 유충과 성충 방제용으로는 애꽃노린재, 지중해이리응애 등 천적을 활용하면 효과적으로 방제가 가능함
❍ (가루이류·진딧물류) 온실가루이와 담배가루이는 가지과 작물에서, 진딧물은 엽채류와 과채류에서 주로 발생하며 식물체의즙액을 빨아먹는 직접적인 피해뿐만 아니라 그을음병과 바이러스병 등을 유발함
⇒ 크기가 작아 육안 관찰이 힘들고 일단 발생되면 방제가 어려우므로 외부 유입통로에 방충망을 설치하는 등 시설 안으로 들어오지 못하도록 막고, 트랩을 이용하여 예찰이 필요
⇒ 예방적 조치로 해충에 따라 천적을 투입하여 방제하고 국부적으로해충이 집중 발생하였을 경우 등록약제를 이용하여 방제실시",6호.txt
2026,6,11,2026-06-01,2026-06-15,채소,토마토뿔나방,예보,방울토마토,"❍ 봄철 시설 토마토의 정식이 본격적으로 시작함에 따라 온실 내부토마토뿔나방의 발생이 증가할 것으로 예상됨
- 토마토뿔나방은 유충이 주로 토마토 잎에 구멍을 뚫고 들어가 내부조직을넓게 갉아 먹으며 과실 속으로도 파고 들어가 피해를 입힘⇒ 발생포장 전체에 등록 농약을 약액이 작물에 충분히 묻을 수있도록 살포하고, 2회 이상 약제살포 시 작용기작이 다른 약제를교호 살포할 것을 권장함, 친환경 재배농가의 경우 교미교란제를정식 초기에 설치하고 유기농업자재를 충분히 살포해야 함",6호.txt
2026,6,12,2026-06-01,2026-06-15,채소,토마토반점위조바이러스(TSWV),예보,"고추,방울토마토,파프리카","❍ 총채벌레가 전염시키는 바이러스 병으로 파프리카, 고추, 토마토 등시설재배지에서 이들 매개충이 꾸준히 발생하고 있으며, 방제시기를 놓칠 경우 피해가 커지기 때문에 초기 예방이 중요
⇒ 병에 걸린 식물을 발견하면 즉시 제거하여 병이 확산되는 것을 예방",6호.txt
2026,6,13,2026-06-01,2026-06-15,채소,토마토황화잎말림바이러스(TYLCV),예보,방울토마토,"❍ 가지과 작물에서 담배가루이가 병을 매개하므로 육묘 단계부터정식 초기에 예찰을 강화하여 감염여부를 판단하고 정식 후에는잎 뒷면과 포장주위를 살펴보아 담배가루이를 철저히 방제⇒ 병을 전염시키는 담배가루이의 세대 기간이 짧아 연간 발생횟수가많으므로 방충망을 설치하여 시설 안으로 담배가루이가 들어오는것을 막고 발생 초기에 등록약제로 방제하는 등 철저한 관리로병이 확산되는 것을 예방⇒ 발생된 시설재배 농가 주변지역은 담배가루이의 기주식물이 되는잡초와 병에 걸린 식물은 뽑아서 제거※ 기주식물 : 큰개불알풀,광대나물,별꽃, 큰망초,쑥,머위",6호.txt
2026,6,14,2026-06-01,2026-06-15,과수,과수화상병,경보,사과,"❍ (과수화상병) 세균에 의해 사과, 배나무의 꽃, 잎, 열매, 가지가불에 탓 것과 같이 검게 변하고 서서히 말라죽게 되는데 전염성이높아 사전예방을 위한 사전방제와 과원 및 농자재 관리가 필수⇒ 한번 걸리면 방제가 불가능하기 때문에 예방을 위하여 과수원을청결하게 관리하고 농작업을 하는 사람의 과수원 출입시 사람과작업도구 등을 수시로 소독⇒ 의심증상 발견 시에는 전국 대표전화(1833-8572) 또는 가까운농업기술센터·농업기술원에 즉시 신고
❍ (과수가지검은마름병) 과수화상병과 증상이 비슷하여 육안으로는구분이 불가하며, 발생시기와 전파경로, 피해증상이 유사함",6호.txt
2026,6,15,2026-06-01,2026-06-15,과수,"갈색날개매미충, 미국선녀벌레, 꽃매미",주의보,"매실,복숭아,사과,포도","< 갈색날개매미충 >
❍ 5월 초·중순에 부화하여 약충이 되고, 7월 이후 성충으로 우화* 5월 중·하순 알 부화 → 약충(1∼4령,70일) → 성충(3개월)⇒ 갈색날개매미충을 효과적으로 방제하려면 갈색날개매미충 부화 후1~2주 사이에 애벌레(1~2령)가 붙어 있는 나무에 약제를 뿌리는것이 좋음. 2령이 지난 애벌레와 성충은 이동성이 크기 때문에방제 효과가 떨어짐.
⇒ 발생 정도에 따라 전용 약제를 1주일 간격으로 1~3회 살포*지역별‘공동방제의날’은시도별여건에따라탄력적으로운영< 미국선녀벌레 >
❍ 미국선녀벌레는 연간 1세대 발생하며월동한 알은 5월 중·하순경에 부화하며,약충은 5령을 거쳐 성충이 되며, 성충은 7월에서 10월까지 발생함
⇒ 농약 살포시 적용약제를 어린 약충기나다발생기에 농약안전사용기준에 맞게 살포* 기주범위가넓으므로농경지뿐만아니라인근야산의나무들도동시에방제해야미국선녀벌레피해를효과적으로줄일수있음.
⇒ 천적인 선녀벌레집게벌을 이용하여 장기적으로 밀도 억제< 꽃매미 >
❍ 꽃매미는 연간 1세대 발생하고월동한 알은 5월 상·중순경에 부화하며 약충은 5령을 거쳐 성충이되고 성충은 7월에서 11월까지발생함
❍ 주로 포도, 사과, 배, 복숭아, 매실,가죽나무, 참죽나무 등을 가해하나,포도속(포도, 머루) 작물을 특이적으로 선호함
약충 성충 집단 사과 어린 가지 산란 피해
❍ 약충과 성충이 집단적으로 즙을 빨아 먹어 나무 생육을 저하시키고그을음병 유발⇒ 월동알을 제거해 주는 것이 친환경적이며 발생을 줄이는 데에큰 효과가 있으므로 봄철에 약충으로 부화하기 전 과수원 및 인근야산의 나무 등에 있는 알 덩어리를 제거해 주고 약충이 깨어나오면 등록약제로 반드시 방제",6호.txt
2026,6,16,2026-06-01,2026-06-15,과수,탄저병,예보,"복숭아,사과,포도","❍ 4권역(강원, 전라, 충청, 경상)에 대한 대학 협업 1차 예찰(5.10~23)결과 사과·복숭아 탄저병 현재 발생 없음
❍ 사과, 복숭아, 포도 등에 발생하는 탄저병은 주요 관리 과수병으로병원균은 주로 습기가 많은 기후조건과 25℃ 전후 온도에서 감염이잘 이루어지므로 장마기 이후에 주의가 필요함
❍ 탄저병에 감염된 과실은 초기에 검정색 작은 반점이 껍질에 나타나며, 병이 커질수록 과실 표면이 움푹 들어가면서 과실 내부가갈색으로 변하면서 과실 표면에 많은 분생포자가 생겨 주변 건전한 과실을 감염. 특히 장마기나 바람이 많이 부는 날씨에는 분생포자들이 이동되는 시기이므로 철저한 관리가 필요
⇒ 지난해에 탄저병이 많이 발생했던 농가는 과원 내에 탄저병균이남아 있을 수 있으므로 탄저병균의 밀도를 줄이기 위해 예방적으로 적용 살균제를 살포⇒ 또한 탄저병은 습한 환경조건에서 잘 발생하므로 과원 내 통풍이잘 되게 하고 물 빠짐이 잘 되도록 관리",6호.txt
2026,6,17,2026-06-01,2026-06-15,과수,복숭아 세균구멍병‧잿빛무늬병,예보,복숭아,"❍ 복숭아 세균구멍병은 비바람에 의해 발생이 많아지며, 복숭아 잎․가지․열매에 수침상의 반점이 생긴 후 확대되어 피해가 발생하는데,최근 비가 오고 바람이 많이 불어 발생이 증가할 수 있으므로 철저한예찰과 방제 필요
❍ 4권역(강원, 전라, 충청, 경상)에 대한 대학 협업 1차 예찰(5.10~23)결과 충청권에서 세균구멍병 0.1% 소량 발생함
⇒ 병든 가지는 제거해 주며 발생이 많은 곳은 방풍망․방풍림을설치하고 병 발생 전에 예방위주로 방제
❍ 복숭아 잿빛무늬병은 과실에 피해가 가장 크며 표면에 갈색반점이생기고 점차 확대되어 전체가 부패하고 심한 악취를 발산하며,국지적으로 바람이 많은 지역에서 피해가 예상됨
⇒ 병에 걸린 가지는 조기에 제거하여 소각처리",6호.txt
2026,6,18,2026-06-01,2026-06-15,과수,"참다래(키위,다래) 궤양병",예보,"오리,참다래","❍ 가지, 주간, 신초, 잎, 꽃봉오리, 꽃에 감염되는 병으로서 감염된가지와 주간부에 크고 작은 균열을 유발하며, 이 균열된 부위로부터 흘러나오는 적갈색 수액에 의해 쉽게 구분 가능
❍ 병든 조직에서 월동한 병원균이 상처, 기공 및 수공을 통하여 잎으로침입하며 전정 등 농작업 도구를 통해 전염⇒ 궤양병 증상이 관찰되면 다른 나무에 감염되지 않도록 증상이보이는 부위부터 1m정도 안쪽까지 제거해 주고 제거 부위는 살균제를 발라 다른 병원균이 침입하지 않도록 조치",6호.txt
2026,6,19,2026-06-01,2026-06-15,과수,복숭아 순나방,예보,복숭아,"❍ 전년에 과실 피해가 많았거나, 페로몬 트랩에유인이 많이 된 과원은 등록 약제로 방제하고,열매솎기나 봉지씌우기를 할 때 피해를 받은신초나 어린 과실이 발견되면 즉시 제거하여땅에 묻음",6호.txt
2026,6,20,2026-06-01,2026-06-15,과수,"잎말이나방, 감꼭지나방",예보,"감귤,매실,사과","❍ 감귤, 사과, 배, 매실 등에 발생하는 잎말이나방류는 새로 나오는잎으로 이동해서 잎을 세로로 말고 들어가 갉아먹어 피해를 주며과실의 표면을 핥듯이 가해하여 상품성을 떨어뜨림⇒ 성페로몬 트랩을 주의 깊게 관찰하여 성충 발생 최성기 7∼10일이후 등록 약제 살포
❍ 감꼭지나방은 꽃잎이나 잎을 갉아 먹다가 감꼭지에 유충이 과육을 먹고들어가 낙과를 시키며, 열매꼭지와 과실 사이로 배설물을 배출함
⇒ 성페로몬트랩 예찰 결과를 활용하여 1화기 성충 발생 최성기인 6월상․중순에 등록 약제로 방제1개월 기상전망            (출처 : 국립농업과학원, 기상청)기온은 1주는 평년과 비슷하겠고, 2주, 3주, 4주는 평년보다 높겠음
강수량은 1주는 평년과 비슷하겠고, 2주는 평년과 비슷하거나 적겠고,3주, 4주는 평년과 비슷하거나 많겠음
❍ 1주(6.1~6.7): 이동성 고기압과 상층 찬 공기의 영향을 주기적으로 받겠음
- 기온은 평년과 비슷하겠고, 강수량은 평년과 비슷하겠음
❍ 2주(6.8~6.14): 이동성 고기압의 영향을 주로 받겠음
- 기온은 평년보다 높겠고, 강수량은 평년과 비슷하거나 적겠음
❍ 3주(6.15~6.21): 고기압의 영향을 주로 받겠으나, 남쪽에서 다가오는 저기압의 영향을 받을 때가 있겠음
- 기온은 평년보다 높겠고, 강수량은 평년과 비슷하거나 많겠음
❍ 4주(6.22~6.28): 고기압의 영향을 주로 받겠으나, 남쪽에서 다가오는 저기압의 영향을 받을 때가 있겠음
- 기온은 평년보다 높겠고, 강수량은 평년과 비슷하거나 많겠음
농업지대 지역 평균기온 강수량1주 2주 3주 4주 1주 2주 3주 4주(6.1~6.7) (6.8~6.14) (6.15~6.21)(6.22~6.28)(6.1~6.7) (6.8~6.14) (6.15~6.21)(6.22~6.28)1.태백고냉 대관령 비슷 높음 높음 높음 비슷 조 금 적 음조 금 많 음조 금 많 음
2.태백준고냉 인제,홍천,제천 비슷 높음 높음 높음 비슷 조 금 적 음조 금 많 음조 금 많 음
3.소백산간 충주,보은 비슷 높음 높음 높음 비슷 조 금 적 음조 금 많 음조 금 많 음
4.노령소백산간 임실 비슷 높음 높음 높음 비슷 조 금 적 음조 금 많 음많음
5.영남내륙산간 추풍령,영주,문경 비슷 높음 높음 높음 비슷 조 금 적 음조 금 많 음많음
6.중북부내륙 춘천,양평 비슷 높음 높음 높음 비슷 조 금 적 음조 금 많 음조 금 많 음
7.중부내륙 원주,이천 비슷 높음 높음 높음 비슷 조 금 적 음조 금 많 음조 금 많 음
8.소백서부내륙 청주,대전,금산 비슷 높음 높음 높음 비슷 조 금 적 음조 금 많 음조 금 많 음
9.노령동서내륙 정읍,남원,거창,산청 비슷 높음 높음 높음 비슷 조 금 적 음조 금 많 음많음
10.호남내륙 광주,순천,장흥 비슷 높음 높음 높음 비슷 조 금 적 음조 금 많 음많음
11.영남분지 대구,의성,구미,영천 비슷 높음 높음 높음 비슷 조 금 적 음조 금 많 음많음
12.영남내륙 진주,합천,밀양 비슷 높음 높음 높음 비슷 조 금 적 음조 금 많 음많음
13.중서부평야 서울,인천,수원,서산,강화,천안,보령 비슷 높음 높음 높음 비슷 조 금 적 음조 금 많 음조 금 많 음
14.차 령 남 부 평 야군산,전주,부여,부안 비슷 높음 높음 높음 비슷 조 금 적 음조 금 많 음많음
15.남서해안 목포,완도,해남,고흥 비슷 높음 높음 높음 비슷 조 금 적 음조 금 많 음많음
16.남부해안 부산,통영,여수,거제,남해 비슷 높음 높음 높음 비슷 조 금 적 음조 금 많 음많음
17.동해안북부 속초,강릉 비슷 높음 높음 높음 비슷 조 금 적 음조 금 많 음조 금 많 음
18.동해안중부 울진,영덕 비슷 높음 높음 높음 비슷 조 금 적 음조 금 많 음많음
19.동해안남부 포항,울산 비슷 높음 높음 높음 비슷 조 금 적 음조 금 많 음많음
20.제주 제주,성산,서귀포 비슷 높음 높음 높음 비슷 조 금 적 음조 금 많 음많음
평균 비슷 높음 높음 높음 비슷 조 금 적 음조 금 많 음조 금 많 음",6호.txt
2026,6,21,2026-06-01,2026-06-15,과수,"잎말이나방, 감꼭지나방",예보,,"10일(2026.05.25.~05.31.) 예보(기상청, 2025.05.21., 06:00)<기상예보>
❍ (기온) 25일 아침 기온은 14~18℃, 낮 기온은 25~30℃로 평년(최저기온13~16℃, 최고기온 23~28℃)보다 조금 높겠으나, 26일~31일 아침 기온은13~20℃, 낮 기온은 22~28℃로 평년과 비슷하겠음
❍ (강수) 25일 오후 제주도에, 26일 전국에 비가 내리겠음
<날씨><최저/최고기온>최근 경과기상과 향후 기상전망<기온><강수량>연도별 평균기온
❍ ‘26년 1월부터 5월 3주차까지의 평균기온은 7.6℃로, 평년(6.7)보다 0.9℃ 높았음
- ’26년 5월 3주차의 평균기온은 20.5℃로, 평년(17.5)보다 3.0℃ 높았음
기간 1월 2월 3월 4월5월 분석기간1.1~5.20 5.14~5.201주(4.30~5.6)2주(5.7~5.13)3주(5.14~5.20)평균(℃)편차(℃)평균(℃)편차(℃)2026년 -1.0 3.2 7.7 14.0 15.1 16.9 20.5 7.6 0.9 20.5 3.02025년 0.4 0.0 7.9 13.2 13.5 15.4 19.4 7.0 0.3 19.4 1.92024년 1.4 4.5 7.2 15.1 16.6 16.1 17.7 8.4 1.7 17.7 0.22023년 0.0 3.0 9.7 13.3 16.1 15.6 19.6 8.1 1.4 19.6 2.12022년 -0.2 0.4 8.0 13.9 14.9 16.9 17.8 7.2 0.5 17.8 0.32021년 -0.4 3.9 9.0 13.4 13.8 16.5 18.4 7.9 1.2 18.4 0.92020년 3.0 3.8 8.0 10.9 18.4 16.7 16.8 8.0 1.3 16.8 -0.72019년 0.5 2.6 7.6 12.0 16.1 16.9 19.7 7.4 0.7 19.7 2.22018년 -1.8 0.0 8.2 13.3 16.0 15.8 19.4 6.7 0.0 19.4 1.92017년 0.3 1.8 6.4 13.8 18.3 17.1 18.2 7.3 0.6 18.2 0.72016년 -0.6 1.9 7.3 13.8 17.3 16.6 18.4 7.3 0.6 18.4 0.910년평균 0.3 2.2 7.9 13.3 16.1 16.4 18.5 7.5 0.8 18.5 1.0평년 -0.4 1.7 6.5 12.3 16.0 16.4 17.5 6.7 0.0 17.5 0.0* 10년 평균 : 최근 10년(2015~2024년)동안의 평균기온의 평균** 평년 : 30년(1991～2020년)동안의 평균기온의 평균*** 편차 : 평년의 평균기온에 대한 연도별 평균기온의 차이연도별 강수량
❍ ‘26년 1월부터 5월 3주차까지의 강수량의 합은 282.3㎜로, 평년(296.7)보다
14.4㎜ 적었음(평년대비 95.1%)
- ’26년 5월 3주차의 강수량의 합은 63.2㎜로, 평년(24.8)보다 38.4㎜ 많았음",6호.txt
2026,6,22,2026-06-01,2026-06-15,과수,"잎말이나방, 감꼭지나방",예보,방울토마토,(평년대비 254.8%)기 간 1월 2월 3월 4월5월 분석기간1.1~5.20 5.14~5.201주(4.30~5.6)2주(5.7~5.13)3주(5.14~5.20)합계(㎜)대비(%)합계(㎜)대비(%)2026년 5.9 21.1 69.4 88.3 20.2 14.6 63.2 282.3 95.1 63.2 254.82025년 18.3 21.4 50.4 68.9 35.9 32.5 45.6 272.9 92.0 45.6 183.92024년 36.9 111.4 68.8 87.9 63.9 25.7 15.2 409.6 138.1 15.2 61.32023년 44.9 20.0 30.5 70.2 115.7 4.7 14.4 300.2 101.2 14.4 58.12022년 5.0 5.5 89.5 62.7 0.4 2.3 0.2 165.5 55.8 0.2 0.82021년 25.4 23.4 112.1 77.5 38.1 9.4 66.0 344.1 116.0 66.0 266.12020년 85.7 62.1 34.4 44.0 15.7 39.6 45.3 327.0 110.2 45.3 182.72019년 9.7 34.5 42.6 80.8 0.2 0.1 37.2 204.9 69.1 37.2 150.02018년 25.5 36.6 116.2 140.3 39.9 36.0 33.8 426.9 143.9 33.8 136.32017년 18.6 36.0 26.1 72.8 4.6 19.0 0.5 177.5 59.8 0.5 2.02016년 32.9 50.6 62.8 163.2 40.2 22.5 17.4 389.5 131.3 17.4 70.210년평균 30.3 40.2 63.3 86.8 35.5 19.2 27.6 301.8 101.7 27.6 111.3평 년 30.3 37.2 62.7 90.5 24.3 30.2 24.8 296.7 100.0 24.8 100.0* 10년 평균 : 최근 10년(2015~2024년)동안의 강수량의 평균** 평년 : 30년(1991～2020년)동안의 강수량의 평균리플릿 토마토뿔나방 예찰·방제,6호.txt
2026,7,1,2026-06-16,2026-06-30,식량작물,열대거세미나방,예보,"벼,수수,옥수수","❍ 열대거세미나방은 아메리카 대륙의 열대·아열대 지역이 원산으로아프리카(‘16), 동남아(’18), 중국(‘19.1), 한국(’19.6), 등으로 확산
❍ 유충 시기에 식물의 잎과 줄기를 가해하여 피해를 발생시키며 기주식물은 80여 작물(옥수수, 수수, 벼 등)로 알려져 있음
❍ 제주 및 남부지방 조기 재배 옥수수에 피해 발생 예상*산란(4월하순) →알에서유충부화(5월초·중순) →6령유충경과(피해발생)*’25년대비약14일정도빠르게국내비래확인(제주,한림읍/’26.4.7.)*연도별발생:(’22)76/1.8 →(’23)87/4.4 →(’24)478/2.1 →(’25)33개체/0.1ha⇒ 약제 방제는 발생 초기에 품목별로 등록된 약제를 살포하도록 함
< 열대거세미나방 형태 및 피해 ><성충 (사진 출처: Goergen 등), 유충(사진 출처: FAO)>",7호.txt
2026,7,2,2026-06-16,2026-06-30,식량작물,멸강나방,예보,"벼,옥수수","❍ 멸강나방은 중국에서 날아와서 피해를 주는 비래해충으로 목초, 옥수수등에 발생하고 보통 사료 작물과 벼에 피해를 줌⇒ 올해는 4월 초 처음 비래가 확인되었으며 목초지나 옥수수 포장등 기주식물 재배지역에 어린 벌레가 발견되면 등록 약제로발생 초기에 방제멸강나방 유충(좌)과 피해(우) 사진",7호.txt
2026,7,3,2026-06-16,2026-06-30,식량작물,잎도열병,예보,,"❍ 잎도열병은 지속되는 비와 흐린 날씨로 기온이낮아지고 습한 날이 계속되면 잘 발생함
❍ 6월부터 많은 비가 예보되어 있어 병이 발생하기쉬운 조건이 조성될 수 있으므로 지속적인 관찰로발병 초기에 방제하는 것이 중요함",7호.txt
2026,7,4,2026-06-16,2026-06-30,식량작물,애멸구(벼줄무늬잎마름병 매개),예보,벼,"❍ 애멸구는 벼줄무늬잎마름병을 옮기는 해충으로 최근 월동밀도가낮은 편이지만, 중국에서 대량으로 날아올 경우 피해가 우려되며철저한 사전방제가 필요함
⇒ 서해안 애멸구 비래지역 등 발생 우려지역은 저항성 품종(조평, 주남조생,대보, 알찬미, 삼광, 화영, 새일미, 새누리, 호품, 신동진 등)을 선택하고 맥류포장 주변에서 육묘 시 방충망을 씌워 애멸구 유입 차단⇒ 모내기 하는 날 벼물바구미, 벼잎벌레, 굴파리류 등과 동시 방제가가능한 살충제(입제) 살포",7호.txt
2026,7,5,2026-06-16,2026-06-30,식량작물,조명나방,예보,옥수수,"❍ 조명나방은 옥수수에서 발생하는 해충으로 유충이 잎과 이삭을 갉아먹거나 줄기 속으로 파고들어가 피해를 줌⇒ 조명나방 1화기 성충이 최대로 발생한 날(6월 상순경)부터7~10일 후 혹은 옥수수 줄기가 형성되기 전에 잎이 전부 전개되지 않은 시기인 8~9엽기에 방제하는 것이 효율적임
⇒ 애벌레가 옥수수 줄기 속으로 파고 들어가면 약제 방제가 어려움알덩어리 유충(애벌레) 번데기 성충잎 가해 줄기가해 열매가해",7호.txt
2026,7,6,2026-06-16,2026-06-30,식량작물,벼물바구미 등,예보,벼,"❍ 벼물바구미는 벼 잎과 뿌리를 갉아먹고 벼잎벌레와 굴파리류는벼 잎이나 줄기 속을 갉아 먹어 피해를 주는 해충으로 해마다 발생함
❍ 이앙시기와 월동 세대 성충의 본답 이동시기가 일치할 때 피해가 심함
⇒ 벼물바구미, 벼물가파리, 깔따구, 도열병 등 해충과 병을 동시에방제할 수 있는 약제를 선택하여 모내기 당일 육묘상자에 입제를뿌려 방제하고, 육묘상자에 약제처리를 못한 경우는 모낸 후 10∼15일사이에 등록 약제를 선택하여 방제애벌레 번데기 성충",7호.txt
2026,7,7,2026-06-16,2026-06-30,채소,역병·탄저병(고추),예보,고추,"❍ 역병은 비가 내린 후 다습한 환경조건에서 발생이 증가하며 토양에있는 병원균이 물을 통하여 전염되는 병으로 일단 발병하면 급속하게 번지고 방제 효과가 낮음
⇒ 병 발생이 많았던 곳은 두둑을 높여 준 후 배수로를 정비하고병든 포기 발견 즉시 제거하여 전염원을 제거하고 비오기 전후등록 약제를 주기적으로 살포
❍ 고추 탄저병은 지난해 버려진 병든 잔재물이 가장 중요한 1차전염원이고, 온·습도가 높은 장마철 비가 잦은 환경에서 감염위험이 높음
⇒ 병든 과실을 그냥 두거나 이랑사이에 버리면 방제효과는 50%이상 감소하므로 병든 과실은 발견 즉시 매립 또는 소각하는것이 효과적이며, 재식거리를 넓히고 두둑을 높게 하고 물 빠짐을좋게 하여 발병에 좋은 환경을 차단함
⇒ 국가농작물병해충관리시스템(http://ncpms.rda.go.kr)에서 고추역병과 탄저병 최초 감염위험시기를 알려주는 문자서비스를활용하여 병징이 없더라도 감염 시기 알림 후 3일 이내에 예방적으로침투이행성 약제 처리",7호.txt
2026,7,8,2026-06-16,2026-06-30,채소,흰가루병(오이 등),예보,오이,"❍ 하우스 등 시설재배지에서 흔히 발생되며 일조가 부족하고 밤낮의온도 차이가 심하면서 건조한 경우에 병 발생이 증가함
⇒ 병든 식물은 속히 제거하고 질소가 과용되지 않도록 균형시비를하면서 병 발생 초기에 등록약제로 방제⇒ 흰가루병 포자는 일출 후부터 오전 10시경 까지 포자 비산이가장 많이 이루어지므로 약제 살포는 10시 이전에 하는 것이효과적이고, 같은 계통의 약제 연용 시 약제저항성균이 쉽게생겨 방제효과가 떨어지게 되므로 반드시 다른 계통의 약제를번갈아 가며 살포",7호.txt
2026,7,9,2026-06-16,2026-06-30,채소,노균병(여름배추),예보,배추,"❍ 노균병은 곰팡이(난균류)에 의한 병으로 저온다습한 시기에 아래쪽잎부터 발생하며, 고랭지에서 장마가 찾아오면 온도가 일시적으로떨어지는 때에 빗물이나 바람을 통해 전파됨
⇒ 방제 시기를 놓치면 전체 포장으로 전파되어 배추가 말라죽으므로 장마철이 오기 전 만코제브 등 보호제를 살포하고, 발생초기 잎 뒷면에 흰색의 가루같은 포자낭이 관찰되면 메타락실·디메토모르프 등 등록된 살균제를 이용하여 방제",7호.txt
2026,7,10,2026-06-16,2026-06-30,채소,반쪽시들음병(여름배추),예보,"감자,당근,더덕,마늘,방울토마토,배추,셀러리,수박,양배추,옥수수","❍ 강원 평창군에서 봄, 초여름 작형 배추 반쪽시들음병 발생이 증가하여 강릉, 태백 등 여름배추 재배시 반쪽시들음병 발생 우려
❍ 반쪽시들음병은 토양을 통해 전파되는 곰팡이병으로 장마가 끝난 후기온이 상승하여 고온다습한 시기에 발생함. 배추 지제부 쪽부터탈색되어 줄기 도관부(물관부)를 따라 병징이 확대되며, 병이 진행됨에 따라 잎이 황화되고 시들어 고사함
⇒ 배추 연작을 피하고, 비기주작물로 돌려짓기 권고, 농촌진흥청에서 개발된 생물방제제(미생물퇴비) 사용 시 증상 경감 가능,작년 피해가 심했던 밭은 배추 정식 전 토양훈증제를 먼저 처리하고 미생물퇴비 처리하면 효과 증대※ 기주작물 : 배추,감자, 무, 양배추,가지, 토마토,수박, 콩 등※ 비기주작물 :당근, 옥수수,산마늘, 셀러리, 더덕, 눈개승마 등",7호.txt
2026,7,11,2026-06-16,2026-06-30,채소,배추좀나방(여름배추),예보,배추,"❍ 배추좀나방은 주로 유충이 피해를 주며 초기에는 엽육 속으로 굴을파고 들어가 표피만 남기거나, 잎뒷면에서 엽육을 갉아 먹어 흰색의 표피를 남김. 피해가 심하면 구멍을 뚫고 엽맥만 남기며, 잎전체를 먹어 치우기도 함
⇒ 고랭지지역에서는 평야지보다 늦은 8월 하순∼9월 상순에발생최성기를 보임. 발육기간이 짧고 다양한 계통의 살충제에저항성을 가지고 있어 방제가 어려우므로 계통이 다른 농약을교대로 사용해야 효과가 높음",7호.txt
2026,7,12,2026-06-16,2026-06-30,채소,씨스트선충류,예보,배추,"❍ 여름철 고랭지배추 정식이 시작되어, 씨스트선충류에 의한 농작물피해가 증가할 것으로 예상됨
- 씨스트선충류는 십자화과 작물의 뿌리에 기생하는데, 작물의 수분 및영양분의 흡수를 저해하는 등 생육을 방해하여 배추의 경우 크기가 작고 결구가 되지 않는 피해 증가⇒ 발생포장에 훈증성 약제 처리 후 비닐피복 또는 답압하고, 4주후피복을 제거하여 가스를 휘산시켜 약해를 방지해야 함
⇒ 씨스트선충류가 배추 뿌리를 가해하지 않도록 배추 정식 전에비훈증성 약제를 처리하고 로터리 작업 실시⇒ 배추 수확 후 포장 내 씨스트선충류 밀도를 낮추기 위해 녹비작물(백겨자, 기름무 등)을 재배하여, 꽃이 피기 전 또는 과실이달리기 전에 토양 환원 작업 실시(6∼8주 소요)",7호.txt
2026,7,13,2026-06-16,2026-06-30,채소,"총채벌레류, 가루이류, 진딧물류",예보,"방울토마토,오이,파프리카","❍ ‘26년 1월~6월 2주차까지의 기온은 9.4℃로 평년(8.4)보다 1℃ 높았고시설재배 작물에서 꽃노랑총채벌레, 온실가루이, 담배가루이 등이관리가 소홀한 포장에서 온도가 올라가면 밀도가 높아질 수 있어 주의가필요함
❍ 시설재배에서 발생하는 해충은 대부분 크기가 작고 연중 발생하고있으나, 발생초기에 예찰이 어려워 피해를 입는 경우가 많음. 특히 이해충들은 식물체에 직접적인 피해를 줄 뿐만 아니라 그을음병을유발하거나 바이러스병을 전염시켜 작물에 피해를 줌⇒ 끈끈이트랩 등을 활용하여 주의 깊게 예찰하고 발견 즉시 계통이다른 등록 약제를 바꾸어가며 방제
❍ 꽃노랑총채벌레 등 총채벌레류가 오이, 파프리카 등에서 발생초기에 방제가 이루어지지 않으면 확산 및 피해가 예상⇒ 끈끈이트랩이나 타락법(흰색 종이를 이용 꽃과 잎을 두드려서예찰) 등으로 예찰하고, 발생 포장은 초기에 방제⇒ 꽃노랑총채벌레는 번데기 방제용으로 총채가시응애를 토양에투입하고, 지상부 유충과 성충 방제용으로는 애꽃노린재, 지중해이리응애 등 천적을 활용하면 효과적으로 방제가 가능함
❍ (가루이류, 진딧물류) 온실가루이와 담배가루이는 토마토와 같은 가지과작물에서, 진딧물은 엽채류와 과채류에서 주로 발생하며 식물의즙액을 빨아먹는 직접적인 피해뿐만 아니라 그을음병과 바이러스병등을 유발하여 상품성을 떨어뜨림⇒ 크기가 작아 육안으로 관찰하기 힘들고 일단 발생하면 방제가어려우므로 외부 유입통로에 방충망을 설치하는 등 시설 안으로들어오지 못하도록 막고, 끈끈이트랩을 매달아 주의 깊게 살펴봄⇒ 예방적 조치로 해충에 따라 천적을 투입하여 방제하고 국부적으로해충이 집중 발생했을 경우 작물별 등록 약제로 방제",7호.txt
2026,7,14,2026-06-16,2026-06-30,채소,토마토뿔나방,예보,방울토마토,"❍ 여름철 기온 상승으로 토마토뿔나방 개체 수가 급증함에 따라 시설토마토 피해가 우려되어 철저한 방제 필요
- 토마토뿔나방은 유충이 주로 토마토 잎에 구멍을 뚫고 들어가 내부조직을넓게 갉아 먹으며 과실 속으로도 파고 들어가 피해를 입힘⇒ 발생포장 전체에 등록 농약을 약액이 작물에 충분히 묻을 수있도록 살포하고, 2회 이상 약제살포 시 작용기작이 다른 약제를교호 살포할 것을 권장함, 친환경 재배농가의 경우 교미교란제를정식 초기에 설치하고 유기농업자재를 충분히 살포해야 함",7호.txt
2026,7,15,2026-06-16,2026-06-30,채소,토마토반점위조바이러스(TSWV),예보,"고추,방울토마토,파프리카","❍ 총채벌레가 즙액을 흡즙하면서 바이러스를 전염시키는 병으로 고추,토마토, 파프리카 등 특히 전년도 발생이 많았던 가지과 시설재배지에서 꾸준히 발생하고 있으며, 방제시기르 놓쳐 총체벌레의 밀도가높아지면 피해가 커지기 때문에 초기 방제로 병발생을 예방하는것이 중요
⇒ 방충망을 이용하여 시설 안으로 들어오는 총채벌레를 막고 발생초기 천적이나 등록약제로 방제⇒ 병에 걸린 식물은 발견 즉시 제거하여 병이 확산 되는 것을 예방",7호.txt
2026,7,16,2026-06-16,2026-06-30,채소,토마토황화잎말림바이러스(TYLCV),예보,방울토마토,"❍ 가지과 작물에서 담배가루이가 병을 매개하므로 육묘 단계부터 정식초기에 예찰을 강화하여 감염여부를 판단하고 정식 후에는 잎 뒷면과 포장주위를 살펴보아 담배가루이를 철저히 방제⇒ 병을 전염시키는 담배가루이의 세대 기간이 짧아 연간 발생횟수가많으므로 방충망을 설치하여 시설 안으로 담배가루이가 들어오는것을 막고 발생 초기에 등록약제로 방제하는 등 철저한 관리로병이 확산되는 것을 예방⇒ 발생된 시설재배 농가 주변지역은 담배가루이의 기주식물이 되는잡초와 병에 걸린 식물은 뽑아서 제거※ 기주식물 : 큰개불알풀,광대나물,별꽃, 큰망초,쑥,머위",7호.txt
2026,7,17,2026-06-16,2026-06-30,과수,과수화상병,경보,사과,"❍ (과수화상병) 세균에 의해 사과, 배나무의 꽃, 잎, 열매, 가지가불에 탄 것과 같이 검게 변하고 서서히 말라죽게 되는데 전염성이높아 사전예방을 위한 사전방제와 과원 및 농자재 관리가 필수⇒ 한번 걸리면 방제가 불가능하기 때문에 예방을 위하여 과수원을청결하게 관리하고 농작업을 하는 사람의 과수원 출입 시 사람과작업도구 등을 수시로 소독⇒ 의심증상 발견 시에는 전국 대표전화(1833-8572) 또는 가까운농업기술센터 ·농업기술원에 즉시 신고
❍ (과수가지검은마름병) 과수화상병과 증상이 비슷하여 육안으로는구분이 불가하며, 발생 시기와 전파경로, 피해증상이 유사함",7호.txt
2026,7,18,2026-06-16,2026-06-30,과수,"갈색날개매미충, 미국선녀벌레, 꽃매미",주의보,사과,"< 갈색날개매미충 >
❍ 5월 초·중순에 부화하여 약충이 되고, 7월 이후 성충으로 우화* 5월 중·하순 알 부화 → 약충(1∼4령,70일) → 성충(3개월)⇒ 갈색날개매미충을 효과적으로 방제하려면 갈색날개매미충 부화 후1~2주 사이에 애벌레(1~2령)가 붙어 있는 나무에 약제를 뿌리는것이 좋음. 2령이 지난 애벌레와 성충은 이동성이 크기 때문에방제 효과가 떨어짐⇒ 발생 정도에 따라 전용 약제를 1주일 간격으로 1~3회 살포*지역별‘공동방제의날’은시도별여건에따라탄력적으로운영< 미국선녀벌레 >
❍ 미국선녀벌레는 연간 1세대 발생하며월동한 알은 5월 중·하순경에 부화하며,약충은 5령을 거쳐 성충이 되며, 성충은7월에서 10월까지 발생함
< 꽃매미 >
❍ 꽃매미는 연간 1세대 발생하고 월동한알은 5월 상·중순경에 부화하며 약충은 5령을 거쳐 성충이 되고성충은 7월에서 11월까지 발생함
약충 성충 집단 사과 어린 가지 산란 피해⇒ 월 동 알 을  제 거 해  주 는  것 이  친 환 경 적 이 며발생을 줄이는 데에 큰 효과가있으므로 봄철에 약충으로 부화하기전 과수원 및 인근 야산의 나무등에 있는 알 덩어리를 제거해주고 약충이 깨어 나오면 등록약제로 반드시 방제⇒ 시설재배지는 측창과 입구에 방충망을 설치하면 꽃매미의 침입과외부로의 확산을 막고, 방제 효과도 증대시킬 수 있음",7호.txt
2026,7,19,2026-06-16,2026-06-30,과수,복숭아 세균구멍병‧잿빛무늬병,예보,복숭아,"❍ 복숭아 세균구멍병은 비바람에 의해 발생이 많아지며, 복숭아 잎․가지․열매에 수침상의 반점이 생긴 후 확대되어 피해가 발생하는데,비가 오고 바람이 많이 불면 발생이 증가할 수 있으므로 철저한 예찰과방제 필요
❍ 4권역(강원, 전라, 충청, 경상)에 대한 대학 협업 2차 예찰(5.23~6.15)결과 충청권에서 세균구멍병 0.1% 소량 발생함
⇒ 병든 가지는 제거해 주며 발생이 많은 곳은 방풍망․방풍림을설치하고 병 발생 전에 예방위주로 방제
❍ 복숭아 잿빛무늬병은 과실에 피해가 가장 크며 표면에 갈색반점이생기고 점차 확대되어 전체가 부패하고 심한 악취를 발산하며,국지적으로 바람이 많은 지역에서 피해가 예상됨
⇒ 병에 걸린 가지는 조기에 제거하여 소각처리",7호.txt
2026,7,20,2026-06-16,2026-06-30,과수,탄저병,예보,"단감,복숭아,사과,포도","❍ 4권역(강원, 전라, 충청, 경상)에 대한 대학 협업 2차 예찰(5.23~6.15)결과 사과·복숭아 탄저병 현재 발생 없음
❍ 사과, 복숭아, 포도, 단감 등에 발생하는 탄저병은 주요 관리 과수병으로병원균은 주로 습기가 많은 기후조건과 25℃ 전후 온도에서 감염이잘 이루어지므로 장마기 이후에 주의가 필요함
❍ 탄저병에 감염된 과실은 초기에 검정색 작은 반점이 껍질에 나타나며,병이 커질수록 과실 표면이 움푹 들어가면서 과실 내부가 갈색으로변하면서 과실 표면에 많은 분생포자가 생겨 주변 건전한 과실을감염. 특히 장마기나 바람이 많이 부는 날씨에는 분생포자들이이동되는 시기이므로 철저한 관리가 필요
⇒ 지난해에 탄저병이 많이 발생했던 농가는 과원 내에 탄저병균이남아 있을 수 있으므로 탄저병균의 밀도를 줄이기 위해 예방적으로적용 살균제를 살포⇒ 또한 탄저병은 습한 환경조건에서 잘 발생하므로 과원 내 통풍이잘 되게 하고 물 빠짐이 잘 되도록 관리",7호.txt
2026,7,21,2026-06-16,2026-06-30,과수,"참다래(키위, 다래) 궤양병",예보,"오리,참다래","❍ 가지, 주간, 신초, 잎, 꽃봉오리, 꽃에 감염되는 병으로서 감염된가지와 주간부에 크고 작은 균열을 유발하며, 이 균열된 부위로부터흘러나오는 적갈색 수액에 의해 쉽게 구분 가능
❍ 병든 조직에서 월동한 병원균이 상처, 기공 및 수공을 통하여 잎으로침입하며 전정 등 농작업 도구를 통해 전염⇒ 궤양병 증상이 관찰되면 다른 나무에 감염되지 않도록 증상이보이는 부위부터 1m정도 안쪽까지 제거해 주고 제거 부위는살균제를 발라 다른 병원균이 침입하지 않도록 조치",7호.txt
2026,7,22,2026-06-16,2026-06-30,과수,노린재,예보,사과,"❍ 사과 관찰포 트랩조사 결과 전년대비 충북, 전북, 경북에서 발생 증가
❍ 과실의 표면에 앉아 구침을 찔러 흡즙하여 가해하고, 가해부위는주로 과실의 윗부분, 옆면에 나타나며 피해과는 피해부위 가운데구침 흔적이 있으며 과육이 코르크화 됨
❍ 유과기에 가해를 받은 경우 비대하지 못하고 낙과하는 경우가 많으며, 과실 흡즙 구멍 주위로 함몰되는 현상을 보이고 심한 경우열과 발생⇒ 유인트랩 설치하여 방제적기 판단 가능하며, 발생초기 등록약제로 방제",7호.txt
2026,7,23,2026-06-16,2026-06-30,과수,복숭아순나방,예보,"복숭아,사과","❍ 사과, 배 관찰포에서 성페로몬 트랩조사 결과 전년대비 경기, 충북,전북, 경북에서 발생 증가
❍ 유충이 신초의 선단부로 먹어 들어가 피해받은 신초는 선단부가꺽여 말라죽으며 즙액과 배설물을 남김
❍ 어린과실의 경우 꽃받침 부분으로 침입하여 과심부를 섭식하고,성숙한 과실은 꽃받침 또는 과경 부근 과피 아래 과육을 섭식하며배설물을 남기는 점에서 복숭아심식나방과 구분됨
⇒ 전년에 과실 피해가 많았거나, 성페로몬 트랩에 유인이 많이 된과원은 등록 약제로 방제하고, 열매솎기나 봉지씌우기를 할 때피해를 받은 신초나 어린 과실이 발견되면 즉시 제거하여 땅에 묻음",7호.txt
2026,7,24,2026-06-16,2026-06-30,과수,복숭아심식나방,예보,"복숭아,사과","❍ 사과, 배 관찰포에서 성페로몬 트랩조사 결과 전년대비 경기, 충북,전북, 경북에서 발생 증가
❍ 부화한 유충이 뚫고 들어간 과실의 피해 구멍은 바늘로 찌른 정도로작으며 즙액이 나와 이슬방울처럼 맺혔다가 시간이 지나면서 흰가루처럼 말라 붙음
❍ 유충은 과심부까지 들어가 섭식하며, 과피 부분의 비교적 얕은부분을 먹어 그 흔적이 착색이 되며, 노숙유충이 되면 과실표면에1~2mm의 구멍을 남기고 탈출하며 겉으로 배설물을 배출하지 않음
⇒ 전년에 과실 피해가 많았거나, 성페로몬 트랩에 유인이 많이 된과원은 등록 약제로 방제하고, 열매솎기나 봉지씌우기를 할 때피해를 받은 신초나 어린 과실이 발견되면 즉시 제거하여 땅에 묻음",7호.txt
2026,7,25,2026-06-16,2026-06-30,과수,"잎말이나방, 감꼭지나방",예보,"감귤,매실,사과","❍ 감귤, 사과, 배, 매실 등에 발생하는 잎말이나방류는 새로 나오는잎으로 이동해서 잎을 세로로 말고 들어가 갉아먹어 피해를 주며과실의 표면을 핥듯이 가해하여 상품성을 떨어뜨림⇒ 성페로몬 트랩을 주의 깊게 관찰하여 성충 발생 최성기 7∼10일이후 등록 약제 살포
❍ 감꼭지나방은 꽃잎이나 잎을 갉아 먹다가 감꼭지에 유충이 과육을 먹고들어가 낙과를 시키며, 열매꼭지와 과실 사이로 배설물을 배출함
⇒ 성페로몬트랩 예찰 결과를 활용하여 1화기 성충 발생 최성기인 6월상․중순에 등록 약제로 방제1개월 기상전망            (출처 : 국립농업과학원, 기상청)기온은 1주, 2주, 3주, 4주는 평년보다 높겠음
강수량은 1주, 2주는 평년과 비슷하거나 많겠고, 3주, 4주는 평년과 비슷하겠음
❍ 1주(6.22~6.28): 우리나라는 아열대 고기압의 가장자리에 위치하여 덥고습하겠으며, 남서쪽에서 다가오는 저기압의 영향을 받겠음
- 기온은 평년보다 높겠고, 강수량은 평년과 비슷하거나 많겠음
❍ 2주(6.29~7.5): 우리나라는 아열대 고기압의 가장자리에 위치하여 덥고 습하겠으며, 서쪽에서 다가오는 저기압의 영향을 받겠음
- 기온은 평년보다 높겠고, 강수량은 평년과 비슷하거나 많겠음
❍ 3주(7.6~7.12): 우리나라는 아열대 고기압의 가장자리에 위치하여 덥고습하겠으며, 우리나라 북쪽을 지나는 저기압의 영향을 받을 때가 있겠음
- 기온은 평년보다 높겠고, 강수량은 평년과 비슷하겠음
❍ 4주(7.13~7.19): 우리나라는 아열대 고기압의 가장자리에 위치하여 덥고습하겠으며, 대기불안정에 의해 비가 내릴 때가 있겠음
- 기온은 평년보다 높겠고, 강수량은 평년과 비슷하겠음",7호.txt
2026,7,26,2026-06-16,2026-06-30,과수,"잎말이나방, 감꼭지나방",예보,,"농업지대 지역 평균기온 강수량1주 2주 3주 4주 1주 2주 3주 4주(6.22~6.28)(6.29~7.5) (7.6~7.12) (7.13~7.19)(6.22~6.28)(6.29~7.5) (7.6~7.12) (7.13~7.19)1.태백고냉 대관령 높음 조 금 높 음높음 높음 조 금 많 음많음 비슷 비슷2.태백준고냉 인제,홍천,제천 높음 조 금 높 음높음 높음 조 금 많 음많음 비슷 비슷3.소백산간 충주,보은 높음 조 금 높 음높음 높음 조 금 많 음많음 비슷 비슷4.노령소백산간 임실 높음 높음 높음 높음 조 금 많 음조 금 많 음비슷 비슷5.영남내륙산간 추풍령,영주,문경 높음 높음 높음 높음 조 금 많 음조 금 많 음비슷 비슷6.중북부내륙 춘천,양평 높음 조 금 높 음높음 높음 조 금 많 음많음 비슷 비슷7.중부내륙 원주,이천 높음 조 금 높 음높음 높음 조 금 많 음많음 비슷 비슷8.소백서부내륙 청주,대전,금산 높음 조 금 높 음높음 높음 조 금 많 음많음 비슷 비슷9.노령동서내륙 정읍,남원,거창,산청 높음 높음 높음 높음 조 금 많 음조 금 많 음비슷 비슷10.호남내륙 광주,순천,장흥 조 금 높 음높음 높음 높음 조 금 많 음조 금 많 음비슷 비슷11.영남분지 대구,의성,구미,영천 높음 높음 높음 높음 조 금 많 음조 금 많 음비슷 비슷12.영남내륙 진주,합천,밀양 조 금 높 음높음 높음 높음 조 금 많 음조 금 많 음비슷 비슷13.중서부평야 서울,인천,수원,서산,강화,천안,보령 높음 조 금 높 음높음 높음 조 금 많 음많음 비슷 비슷14.차령남부평야 군산,전주,부여,부안 높음 높음 높음 높음 조 금 많 음조 금 많 음비슷 비슷15.남서해안 목포,완도,해남,고흥 조 금 높 음높음 높음 높음 조 금 많 음조 금 많 음비슷 비슷16.남부해안 부산,통영,여수,거제,남해 조 금 높 음높음 높음 높음 조 금 많 음조 금 많 음비슷 비슷17.동해안북부 속초,강릉 높음 높음 높음 높음 조 금 많 음조 금 많 음비슷 비슷18.동해안중부 울진,영덕 높음 높음 높음 높음 조 금 많 음조 금 많 음비슷 비슷19.동해안남부 포항,울산 조 금 높 음높음 높음 높음 조 금 많 음조 금 많 음비슷 비슷20.제주 제주,성산,서귀포 조 금 높 음높음 높음 높음 조 금 많 음조 금 많 음비슷 비슷평균 높음 높음 높음 높음 조 금 많 음조 금 많 음비슷 비슷10일(2026.06.15.~06.21.) 예보(기상청, 2026.06.11., 06:00)<기상예보>
❍ (기온) 아침 기온은 16~22℃, 낮 기온은 26~32℃로 평년(최저기온 17~20℃,최고기온 25~29℃)과 비슷하겠음
❍ (강수) 15일 오전 제주도에 비가 내리겠음
<날씨><최저/최고기온>1개월(2026.06.22.~07.19.) 전망(기상청, 2025.06.11., 11:00)<기온><강수량>연도별 평균기온
❍ ‘26년 1월부터 6월 2주차까지의 평균기온은 9.4℃로, 평년(8.4)보다 1.0℃높았음
- ’26년 6월 2주차의 평균기온은 21.0℃로, 평년(20.6)보다 0.4℃ 높았음",7호.txt
2026,7,27,2026-06-16,2026-06-30,과수,"잎말이나방, 감꼭지나방",예보,,"기간 1월 2월 3월 4월 5월6월 분석기간1.1~6.10 6.4~6.101주(5.28~6.3)2주(6.4~6.10)평균(℃)편차(℃)평균(℃)편차(℃)2026년 -1.0 3.2 7.7 14.0 18.7 22.1 21.0 9.4 1.0 21.0 0.42025년 0.4 0.0 7.9 13.2 16.9 19.1 22.2 8.6 0.2 22.2 1.62024년 1.4 4.5 7.2 15.1 17.8 19.4 21.0 9.9 1.5 21.0 0.42023년 0.0 3.0 9.7 13.3 18.0 20.6 21.5 9.7 1.3 21.5 0.92022년 -0.2 0.4 8.0 13.9 18.2 21.2 19.2 8.9 0.5 19.2 -1.42021년 -0.4 3.9 9.0 13.4 16.9 19.0 21.8 9.4 1.0 21.8 1.22020년 3.0 3.8 8.0 10.9 17.7 20.0 23.5 9.6 1.2 23.5 2.92019년 0.5 2.6 7.6 12.0 18.5 19.6 20.5 9.1 0.7 20.5 -0.12018년 -1.8 0.0 8.2 13.3 17.8 21.3 21.7 8.5 0.1 21.7 1.12017년 0.3 1.8 6.4 13.8 18.6 21.0 19.9 9.0 0.6 19.9 -0.72016년 -0.6 1.9 7.3 13.8 18.5 20.8 20.9 9.0 0.6 20.9 0.310년평균 0.3 2.2 7.9 13.3 17.9 20.2 21.2 9.2 0.8 21.2 0.6평년 -0.4 1.7 6.5 12.3 17.5 19.6 20.6 8.4 0.0 20.6 0.0* 10년 평균 : 최근 10년(2015~2024년)동안의 평균기온의 평균** 평년 : 30년(1991～2020년)동안의 평균기온의 평균*** 편차 : 평년의 평균기온에 대한 연도별 평균기온의 차이연도별 강수량
❍ ‘26년 1월부터 6월 2주차까지의 강수량의 합은 338.5㎜로, 평년(353.3)보다
14.8㎜ 적었음(평년대비 95.8%)
- ’26년 6월 2주차의 강수량의 합은 5.2㎜로, 평년(16.9)보다 11.7㎜ 적었음",7호.txt
2026,7,28,2026-06-16,2026-06-30,과수,"잎말이나방, 감꼭지나방",예보,방울토마토,(평년대비 30.8%)기간 1월 2월 3월 4월 5월6월 분석기간1.1~6.10 6.4~6.101주(5.28~6.3)2주(6.4~6.10)합계(㎜)대비(%)합계(㎜)대비(%)2026년 5.9 21.1 69.4 88.3 126.8 23.7 5.2 338.5 95.8 5.2 30.82025년 18.3 21.4 50.4 68.9 124.2 8.0 0.1 286.8 81.2 0.1 0.62024년 36.9 111.4 68.8 87.9 118.4 1.4 16.1 440.2 124.6 16.1 95.32023년 44.9 20.0 30.5 70.2 207.2 75.0 8.7 389.5 110.2 8.7 51.52022년 5.0 5.5 89.5 62.7 6.3 1.0 38.7 207.6 58.8 38.7 229.02021년 25.4 23.4 112.1 77.5 138.9 43.9 6.4 404.3 114.4 6.4 37.92020년 85.7 62.1 34.4 44.0 107.4 3.7 14.1 348.8 98.7 14.1 83.42019년 9.7 34.5 42.6 80.8 65.0 0.9 52.4 284.9 80.6 52.4 310.12018년 25.5 36.6 116.2 140.3 135.2 5.1 5.9 459.6 130.1 5.9 34.92017년 18.6 36.0 26.1 72.8 31.0 4.8 19.7 207.0 58.6 19.7 116.62016년 32.9 50.6 62.8 163.2 103.4 2.0 7.0 419.9 118.9 7.0 41.410년평균 30.3 40.2 63.3 86.8 103.7 14.6 16.9 344.9 97.6 16.9 100.0평년 30.3 37.2 62.7 90.5 107.7 18.1 16.9 353.3 100.0 16.9 100.0* 10년 평균 : 최근 10년(2015~2024년)동안의 강수량의 평균** 평년 : 30년(1991～2020년)동안의 강수량의 평균*** 대비 : 평년의 강수량에 대한 연도별 강수량의 비율리플릿 토마토뿔나방 예찰·방제,7호.txt
2026,8,1,2026-07-01,2026-07-15,식량작물,열대거세미나방,예보,"벼,수수,옥수수","❍ 열대거세미나방은 아메리카 대륙의 열대·아열대 지역이 원산으로아프리카(‘16), 동남아(’18), 중국(‘19.1), 한국(’19.6), 등으로 확산
❍ 유충 시기에 식물의 잎과 줄기를 가해하여 피해를 발생시키며 기주식물은 80여 작물(옥수수, 수수, 벼 등)로 알려져 있음
❍ 제주 및 남부지방 조기 재배 옥수수에 피해 발생 예상*산란(4월하순) →알에서유충부화(5월초·중순) →6령유충경과(피해발생)*’25년대비약14일정도빠르게국내비래확인(제주,한림읍/’26.4.7.)*연도별발생:(’22)76/1.8 →(’23)87/4.4 →(’24)478/2.1 →(’25)33개체/0.1ha⇒ 약제 방제는 발생 초기에 품목별로 등록된 약제를 살포하도록 함
< 열대거세미나방 형태 및 피해 ><성충 (사진 출처: Goergen 등), 유충(사진 출처: FAO)>",8호.txt
2026,8,2,2026-07-01,2026-07-15,식량작물,멸강나방,예보,"벼,옥수수","❍ 멸강나방은 중국에서 날아와서 피해를 주는 비래해충으로 목초, 옥수수등에 발생하고 보통 사료 작물과 벼에 피해를 줌⇒ 올해는 4월 초 처음 비래가 확인되었으며 목초지나 옥수수 포장 등기주식물 재배지역에 어린 벌레가 발견되면 등록 약제로 발생초기에 방제멸강나방 유충(좌)과 피해(우) 사진",8호.txt
2026,8,3,2026-07-01,2026-07-15,식량작물,감자역병(고랭지 씨감자),예보,감자,"❍ 감자역병(Phytophthora infestans)은 서늘한 온도(10∼24도)와 다습한(상대습도 90% 이상) 조건에서 발생함. 대관령 등 주요 씨감자 재배지의최근 기상 조건을 고려할 때, 장마가 기간(7월 상순~) 이후 감자역병의발생 우려가 높음
❍ 감자역병은 감자의 생육 후기까지 환경조건만 맞으면 언제든지발생할 수 있고, 비가 올 때 병원균이 병든 잎에서 씻겨 내려가 얕게묻힌 덩이줄기를 감염시켜 수확 전후 또는 저장 중에 부패를 일으킴
❍ 감자역병 보호용 살균제(만코제브 등)를 살포하여 역병 발생을 예방하고, 예방 시기를 놓쳐 역병이 발생하였다면 치료용 살균제(메타락실·디메토모르프 등)를 살포
❍ 역병에 의한 덩이줄기 피해를 최소화하기 위해서는 흙을 충분히덮어 덩이줄기가 나오지 않도록 하고, 지속적인 비 예보가 있으면줄기와 잎이 살아 있는 동안에는 살균제를 처리",8호.txt
2026,8,4,2026-07-01,2026-07-15,식량작물,잎도열병,예보,,"❍ 잎도열병은 지속되는 비와 흐린 날씨로 기온이낮아지고 습한 날이 계속되면 잘 발생함
❍ 7월부터 많은 비가 예보되어 있어 병이 발생하기쉬운 조건이 조성될 수 있으므로 지속적인 관찰로발병 초기에 방제하는 것이 중요함",8호.txt
2026,8,5,2026-07-01,2026-07-15,식량작물,먹노린재,예보,벼,"❍ 먹노린재는 7∼8월에 약충과 성충이 벼 줄기에 구침을 박고 흡즙하여심하면 수확량에 큰 영향을 줌, 주로 논 가장자리에 피해증상이많이 나타나는데 생육초기에 심하게 피해를 받으면 초장이 짧아지고이삭이 나오지 않을 수 있음
⇒ 방제적기는 성충의 이동 최성기인 6월 하순∼7월 상순으로 주변논두렁이나 배수로 등 서식처가 될 만한 곳까지 약제를 살포하면방제효과를 높일 수 있음",8호.txt
2026,8,6,2026-07-01,2026-07-15,식량작물,"벼물바구미, 벼잎벌레, 굴파리 등",예보,벼,"❍ 벼 관찰포 조사 결과 발견 개체수는 전년대비 감소하는 추세지만전북, 전남 지역에서 발생이 증가하고 있어 주의 필요
❍ 벼물바구미는 벼 잎과 뿌리를 갉아먹고 벼잎벌레와 굴파리류는벼 잎이나 줄기 속을 갉아 먹어 피해를 주는 해충으로 해마다 발생함
❍ 이앙시기와 월동 세대 성충의 본답 이동시기가 일치할 때 피해가 심함
⇒ 벼물바구미, 벼물가파리, 깔따구, 도열병 등 해충과 병을 동시에방제할 수 있는 약제를 선택하여 모내기 당일 육묘상자에 입제를뿌려 방제하고, 육묘상자에 약제처리를 못한 경우는 모낸 후 10∼15일사이에 등록 약제를 선택하여 방제애벌레 번데기 성충",8호.txt
2026,8,7,2026-07-01,2026-07-15,식량작물,"벼멸구, 흰등멸구, 혹명나방",예보,벼,"❍ 벼멸구․흰등멸구는 중국 남부지방과 동남아사아에서 6~7월 남서풍을 타고비래하는 해충으로 장마철 비래에 적합한 기류가 형성될 경우 국내로 비래함
⇒ 비래해충은 초기방제가 중요하므로 볏대 아래쪽을 잘 살펴보아발생이 많으면 적용약제로 방제
❍ 혹명나방은 6월 하순에서 7월 상순에 논을 살펴보아 포장에 피해잎이 1~2개정도 보일 때 방제를 실시해야 함
⇒ 막대기로 벼 포기를 쳐서 나방이 나는 모습을 보거나 유충 피해인벼 잎이 세로로 말리는 증상이 보이면 방제",8호.txt
2026,8,8,2026-07-01,2026-07-15,식량작물,애멸구(벼줄무늬잎마름병 매개),예보,벼,"❍ 애멸구는 벼줄무늬잎마름병을 옮기는 해충으로 최근 월동밀도가낮은 편이지만, 중국에서 대량으로 날아올 경우 피해가 우려되며철저한 사전방제가 필요함
⇒ 서해안 애멸구 비래지역 등 발생 우려지역은 저항성 품종(조평, 주남조생,대보, 알찬미, 삼광, 화영, 새일미, 새누리, 호품, 신동진 등)을 선택하고 맥류포장 주변에서 육묘 시 방충망을 씌워 애멸구 유입 차단⇒ 모내기 하는 날 벼물바구미, 벼잎벌레, 굴파리류 등과 동시 방제가가능한 살충제(입제) 살포",8호.txt
2026,8,9,2026-07-01,2026-07-15,채소,"담배나방(고추 등), 파밤나방(고추, 콩 등)",예보,고추,"❍ 고추 관찰포 조사 결과 피해과율은 전년대비 증가하는 추세이며,경기, 강원, 충북, 충남, 전북, 전남, 경북에서 증가하여 주의 필요
❍ 담배나방은 고추에 해마다 발생하여 피해를 주는 해충으로 주로장마가 끝나고 기온이 높아지면 담배나방, 파밤나방 등의 발생이증가할 우려가 있음
⇒ 담배나방 등 나방류 유충은 3령 이상 자라면 약제저항성이커져서 방제 효과가 떨어지므로 새 잎을 중심으로 자세히 살펴보고 알이나 유충을 발견하는 즉시 등록 약제로 방제",8호.txt
2026,8,10,2026-07-01,2026-07-15,채소,역병·탄저병(고추),예보,고추,"❍ 역병은 비가 내린 후 다습한 환경조건에서 발생이 증가하며 토양에있는 병원균이 물을 통하여 전염되는 병으로 일단 발병하면 급속하게 번지고 방제 효과가 낮음
⇒ 병 발생이 많았던 곳은 두둑을 높여 준 후 배수로를 정비하고병든 포기 발견 즉시 제거하여 전염원을 제거하고 비오기 전후등록 약제를 주기적으로 살포
❍ 고추 탄저병은 지난해 버려진 병든 잔재물이 가장 중요한 1차전염원이고, 온·습도가 높은 장마철 비가 잦은 환경에서 감염위험이 높음
⇒ 병든 과실을 그냥 두거나 이랑사이에 버리면 방제효과는 50%이상 감소하므로 병든 과실은 발견 즉시 매립 또는 소각하는것이 효과적이며, 재식거리를 넓히고 두둑을 높게 하고 물 빠짐을 좋게 하여 발병에 좋은 환경을 차단함
⇒ 국가농작물병해충관리시스템(http://ncpms.rda.go.kr)에서 고추역병과 탄저병 최초 감염위험시기를 알려주는 문자서비스를 활용하여 병징이 없더라도 감염 시기 알림 후 3일 이내에 예방적으로 침투이행성 약제 처리",8호.txt
2026,8,11,2026-07-01,2026-07-15,채소,노균병(여름배추),예보,배추,"❍ 노균병은 곰팡이(난균류)에 의한 병으로 저온다습한 시기에 아래쪽잎부터 발생하며, 고랭지에서 장마가 찾아오면 온도가 일시적으로떨어지는 때에 빗물이나 바람을 통해 전파됨
⇒ 방제 시기를 놓치면 전체 포장으로 전파되어 배추가 말라죽으므로 장마철이 오기 전 만코제브 등 보호제를 살포하고, 발생초기 잎 뒷면에 흰색의 가루같은 포자낭이 관찰되면 메타락실·디메토모르프 등 등록된 살균제를 이용하여 방제",8호.txt
2026,8,12,2026-07-01,2026-07-15,채소,반쪽시들음병(여름배추),예보,"감자,당근,더덕,마늘,방울토마토,배추,셀러리,수박,양배추,옥수수","❍ 강원 평창군에서 봄, 초여름 작형 배추 반쪽시들음병 발생이 증가하여 강릉, 태백 등 여름배추 재배시 반쪽시들음병 발생 우려
❍ 반쪽시들음병은 토양을 통해 전파되는 곰팡이병으로 장마가 끝난 후기온이 상승하여 고온다습한 시기에 발생함. 배추 지제부 쪽부터탈색되어 줄기 도관부(물관부)를 따라 병징이 확대되며, 병이 진행됨에 따라 잎이 황화되고 시들어 고사함
⇒ 배추 연작을 피하고, 비기주작물로 돌려짓기 권고, 농촌진흥청에서 개발된 생물방제제(미생물퇴비) 사용 시 증상 경감 가능,작년 피해가 심했던 밭은 배추 정식 전 토양훈증제를 먼저 처리하고 미생물퇴비 처리하면 효과 증대※ 기주작물 : 배추,감자, 무, 양배추,가지, 토마토,수박, 콩 등※ 비기주작물 :당근, 옥수수,산마늘, 셀러리, 더덕, 눈개승마 등",8호.txt
2026,8,13,2026-07-01,2026-07-15,채소,배추좀나방(여름배추),예보,배추,"❍ 배추좀나방은 주로 유충이 피해를 주며 초기에는 엽육 속으로 굴을파고 들어가 표피만 남기거나, 잎뒷면에서 엽육을 갉아 먹어 흰색의 표피를 남김. 피해가 심하면 구멍을 뚫고 엽맥만 남기며, 잎전체를 먹어 치우기도 함
⇒ 고랭지지역에서는 평야지보다 늦은 8월 하순∼9월 상순에발생최성기를 보임. 발육기간이 짧고 다양한 계통의 살충제에저항성을 가지고 있어 방제가 어려우므로 계통이 다른 농약을교대로 사용해야 효과가 높음",8호.txt
2026,8,14,2026-07-01,2026-07-15,채소,씨스트선충류,예보,배추,"❍ 여름철 고랭지 배추 정식이 시작되어, 씨스트선충류에 의한 농작물피해가 증가할 것으로 예상됨
- 씨스트선충류는 십자화과 작물의 뿌리에 기생하는데, 작물의 수분 및영양분의 흡수를 저해하는 등 생육을 방해하여 배추의 경우 크기가 작고 결구가 되지 않는 피해 증가⇒ 발생포장에 훈증성 약제 처리 후 비닐피복 또는 답압하고, 4주후피복을 제거하여 가스를 휘산시켜 약해를 방지해야 함
⇒ 씨스트선충류가 배추 뿌리를 가해하지 않도록 배추 정식 전에비훈증성 약제를 처리하고 로터리 작업 실시⇒ 배추 수확 후 포장 내 씨스트선충류 밀도를 낮추기 위해 녹비작물(백겨자, 기름무 등)을 재배하여, 꽃이 피기 전 또는 과실이달리기 전에 토양 환원 작업 실시(6∼8주 소요)",8호.txt
2026,8,15,2026-07-01,2026-07-15,채소,"총채벌레류, 가루이류, 진딧물류",예보,"방울토마토,오이,파프리카","❍ ‘26년 1월~6월 4주차까지의 기온은 10.4℃로 평년(9.5)보다 0.9℃ 높았고 시설재배 작물에서 꽃노랑총채벌레, 온실가루이, 담배가루이등이 관리가 소홀한 포장에서 온도가 올라가면 밀도가 높아질 수 있어주의가 필요함
❍ 시설재배에서 발생하는 해충은 대부분 크기가 작고 연중 발생하고있으나, 발생초기에 예찰이 어려워 피해를 입는 경우가 많음. 특히 이해충들은 식물체에 직접적인 피해를 줄 뿐만 아니라 그을음병을유발하거나 바이러스병을 전염시켜 작물에 피해를 줌⇒ 끈끈이트랩 등을 활용하여 주의 깊게 예찰하고 발견 즉시 계통이다른 등록 약제를 바꾸어가며 방제
❍ 꽃노랑총채벌레 등 총채벌레류가 오이, 파프리카 등에서 발생초기에 방제가 이루어지지 않으면 확산 및 피해가 예상⇒ 끈끈이트랩이나 타락법(흰색 종이를 이용 꽃과 잎을 두드려서예찰) 등으로 예찰하고, 발생 포장은 초기에 방제⇒ 꽃노랑총채벌레는 번데기 방제용으로 총채가시응애를 토양에투입하고, 지상부 유충과 성충 방제용으로는 애꽃노린재, 지중해이리응애 등 천적을 활용하면 효과적으로 방제가 가능함
❍ (가루이류, 진딧물류) 온실가루이와 담배가루이는 토마토와 같은 가지과작물에서, 진딧물은 엽채류와 과채류에서 주로 발생하며 식물의즙액을 빨아먹는 직접적인 피해뿐만 아니라 그을음병과 바이러스병등을 유발하여 상품성을 떨어뜨림⇒ 크기가 작아 육안으로 관찰하기 힘들고 일단 발생하면 방제가어려우므로 외부 유입통로에 방충망을 설치하는 등 시설 안으로들어오지 못하도록 막고, 끈끈이트랩을 매달아 주의 깊게 살펴봄⇒ 예방적 조치로 해충에 따라 천적을 투입하여 방제하고 국부적으로해충이 집중 발생했을 경우 작물별 등록 약제로 방제",8호.txt
2026,8,16,2026-07-01,2026-07-15,채소,토마토뿔나방,예보,방울토마토,"❍ 여름철 기온 상승으로 토마토뿔나방 개체 수가 급증함에 따라 시설토마토 피해가 우려되어 철저한 방제 필요
- 토마토뿔나방은 유충이 주로 토마토 잎에 구멍을 뚫고 들어가 내부조직을넓게 갉아 먹으며 과실 속으로도 파고 들어가 피해를 입힘⇒ 발생포장 전체에 등록 농약을 약액이 작물에 충분히 묻을 수있도록 살포하고, 2회 이상 약제살포 시 작용기작이 다른 약제를교호 살포할 것을 권장함, 친환경 재배농가의 경우 교미교란제를정식 초기에 설치하고 유기농업자재를 충분히 살포해야 함",8호.txt
2026,8,17,2026-07-01,2026-07-15,채소,토마토반점위조바이러스(TSWV),예보,"고추,방울토마토,파프리카","❍ 총채벌레가 즙액을 흡즙하면서 바이러스를 전염시키는 병으로 고추,토마토, 파프리카 등 특히 전년도 발생이 많았던 가지과 시설재배지에서 꾸준히 발생하고 있으며, 방제시기를 놓쳐 총체벌레의 밀도가높아지면 피해가 커지기 때문에 초기 방제로 병발생을 예방하는것이 중요
⇒ 방충망을 이용하여 시설 안으로 들어오는 총채벌레를 막고 발생초기 천적이나 등록약제로 방제⇒ 병에 걸린 식물은 발견 즉시 제거하여 병이 확산 되는 것을 예방",8호.txt
2026,8,18,2026-07-01,2026-07-15,채소,토마토황화잎말림바이러스(TYLCV),예보,방울토마토,"❍ 가지과 작물에서 담배가루이가 병을 매개하므로 육묘 단계부터 정식초기에 예찰을 강화하여 감염여부를 판단하고 정식 후에는 잎 뒷면과 포장주위를 살펴보아 담배가루이를 철저히 방제⇒ 병을 전염시키는 담배가루이의 세대 기간이 짧아 연간 발생횟수가많으므로 방충망을 설치하여 시설 안으로 담배가루이가 들어오는것을 막고 발생 초기에 등록약제로 방제하는 등 철저한 관리로병이 확산되는 것을 예방⇒ 발생된 시설재배 농가 주변지역은 담배가루이의 기주식물이 되는잡초와 병에 걸린 식물은 뽑아서 제거※ 기주식물 : 큰개불알풀,광대나물,별꽃, 큰망초,쑥,머위",8호.txt
2026,8,19,2026-07-01,2026-07-15,과수,과수화상병,경보,사과,"❍ (과수화상병) 세균에 의해 사과, 배나무의 꽃, 잎, 열매, 가지가불에 탄 것과 같이 검게 변하고 서서히 말라죽게 되는데 전염성이높아 사전예방을 위한 사전방제와 과원 및 농자재 관리가 필수⇒ 한번 걸리면 방제가 불가능하기 때문에 예방을 위하여 과수원을청결하게 관리하고 농작업을 하는 사람의 과수원 출입 시 사람과작업도구 등을 수시로 소독⇒ 의심증상 발견 시에는 전국 대표전화(1833-8572) 또는 가까운농업기술센터 ·농업기술원에 즉시 신고
❍ (과수가지검은마름병) 과수화상병과 증상이 비슷하여 육안으로는구분이 불가하며, 발생 시기와 전파경로, 피해증상이 유사함",8호.txt
2026,8,20,2026-07-01,2026-07-15,과수,"갈색날개매미충, 미국선녀벌레, 꽃매미",주의보,"매실,복숭아,사과,포도","< 갈색날개매미충 >
❍ 5월 초·중순에 부화하여 약충이 되고, 7월 이후 성충으로 우화* 5월 중·하순 알 부화 → 약충(1∼4령,70일) → 성충(3개월)⇒ 갈색날개매미충을 효과적으로 방제하려면 갈색날개매미충 부화 후1~2주 사이에 애벌레(1~2령)가 붙어 있는 나무에 약제를 뿌리는것이 좋음. 2령이 지난 애벌레와 성충은 이동성이 크기 때문에방제 효과가 떨어짐⇒ 발생 정도에 따라 전용 약제를 1주일 간격으로 1~3회 살포*지역별‘공동방제의날’은시도별여건에따라탄력적으로운영< 미국선녀벌레 >
❍ 미국선녀벌레는 연간 1세대 발생하며월동한 알은 5월 중·하순경에 부화하며,약충은 5령을 거쳐 성충이 되며, 성충은 7월에서 10월까지 발생함
⇒ 농약 살포시 적용약제를 어린 약충기나다발생기에 농약안전사용기준에 맞게 살포* 기주범위가넓으므로농경지뿐만아니라인근야산의나무들도동시에방제해야미국선녀벌레피해를효과적으로줄일수있음.
⇒ 천적인 선녀벌레집게벌을 이용하여 장기적으로 밀도 억제약충 성충 집단 사과 어린 가지 산란 피해< 꽃매미 >
❍ 꽃매미는 연간 1세대 발생하고월동한 알은 5월 상·중순경에 부화하며 약충은 5령을 거쳐 성충이되고 성충은 7월에서 11월까지발생함
❍ 주로 포도, 사과, 배, 복숭아, 매실,가죽나무, 참죽나무 등을 가해하나,포도속(포도, 머루) 작물을 특이적으로 선호함
❍ 약충과 성충이 집단적으로 즙을 빨아 먹어 나무 생육을 저하시키고그을음병 유발⇒ 월동알을 제거해 주는 것이 친환경적이며 발생을 줄이는 데에큰 효과가 있으므로 봄철에 약충으로 부화하기 전 과수원 및 인근야산의 나무 등에 있는 알 덩어리를 제거해 주고 약충이 깨어나오면 등록약제로 반드시 방제⇒ 시설재배지는 측창과 입구에 방충망을 설치하면 꽃매미의 침입과외부로의 확산을 막고, 방제 효과도 증대시킬 수 있음",8호.txt
2026,8,21,2026-07-01,2026-07-15,과수,복숭아 세균구멍병‧잿빛무늬병,예보,복숭아,"❍ 복숭아 세균구멍병은 비바람에 의해 발생이 많아지며, 복숭아 잎․가지․열매에 수침상의 반점이 생긴 후 확대되어 피해가 발생하는데,최근 비가 오고 바람이 많이 불어 발생이 증가할 수 있으므로 철저한예찰과 방제 필요
❍ 4권역(강원, 전라, 충청, 경상)에 대한 대학 협업 3차 예찰(6.16~30)결과 세균구멍병은 강원권 1%, 경남권 5%, 잿빛무늬병은 경남권에서 3% 발생하였음
⇒ 병든 가지는 제거해 주며 발생이 많은 곳은 방풍망․방풍림을설치하고 병 발생 전에 예방위주로 방제
❍ 복숭아 잿빛무늬병은 과실에 피해가 가장 크며 표면에 갈색반점이생기고 점차 확대되어 전체가 부패하고 심한 악취를 발산하며,국지적으로 바람이 많은 지역에서 피해가 예상됨
⇒ 병에 걸린 가지는 조기에 제거하여 소각처리",8호.txt
2026,8,22,2026-07-01,2026-07-15,과수,탄저병,예보,"복숭아,사과,포도","❍ 4권역(강원, 전라, 충청, 경상)에 대한 대학 협업 3차 예찰(6.16~30)결과 복숭아 탄저병은 전라권에서 0.9% 소량 발생 하였음
❍ 사과, 복숭아, 포도 등에 발생하는 탄저병은 주요 관리 과수병으로병원균은 주로 습기가 많은 기후조건과 25℃ 전후 온도에서 감염이잘 이루어지므로 장마기 이후에 주의가 필요함
❍ 탄저병에 감염된 과실은 초기에 검정색 작은 반점이 껍질에 나타나며, 병이 커질수록 과실 표면이 움푹 들어가면서 과실 내부가갈색으로 변하면서 과실 표면에 많은 분생포자가 생겨 주변 건전한 과실을 감염. 특히 장마기나 바람이 많이 부는 날씨에는 분생포자들이 이동되는 시기이므로 철저한 관리가 필요
⇒ 지난해에 탄저병이 많이 발생했던 농가는 과원 내에 탄저병균이남아 있을 수 있으므로 탄저병균의 밀도를 줄이기 위해 예방적으로 적용 살균제를 살포⇒ 또한 탄저병은 습한 환경조건에서 잘 발생하므로 과원 내 통풍이잘 되게 하고 물 빠짐이 잘 되도록 관리",8호.txt
2026,8,23,2026-07-01,2026-07-15,과수,검은별무늬병,예보,,"❍ 배 관찰포 조사 결과 피해잎률은 전년대비 감소하는 추세이며,경남에서 증가하여 주의 필요
❍ 검은별무늬병은 비가 자주 올 때 질소 비료를 많이 주어 가지가무성한 과수원에서 발생이 많은데 7월 강우가 올 경우 발생이 예상되어방제시기를 놓치지 않도록 주의해야 함
⇒ 약제저항성 문제가 있는 약제는 작용 기작이 다른 약제로 바꿔가며살포하고 병에 걸린 잎과 과실은 제거하여 땅에 묻어줌",8호.txt
2026,8,24,2026-07-01,2026-07-15,과수,"참다래(키위, 다래) 궤양병",예보,"오리,참다래","❍ 가지, 주간, 신초, 잎, 꽃봉오리, 꽃에 감염되는 병으로서 감염된가지와 주간부에 크고 작은 균열을 유발하며, 이 균열된 부위로부터흘러나오는 적갈색 수액에 의해 쉽게 구분 가능
❍ 병든 조직에서 월동한 병원균이 상처, 기공 및 수공을 통하여 잎으로침입하며 전정 등 농작업 도구를 통해 전염⇒ 궤양병 증상이 관찰되면 다른 나무에 감염되지 않도록 증상이보이는 부위부터 1m정도 안쪽까지 제거해 주고 제거 부위는살균제를 발라 다른 병원균이 침입하지 않도록 조치",8호.txt
2026,8,25,2026-07-01,2026-07-15,과수,포도 새눈무늬병·갈색무늬병·노균병,예보,포도,"❍ 포도 새눈무늬병은 잎에서 잎맥이 흑갈색으로변하고, 진전되면 흑색 반점으로 확대되어구멍이 뚫리며 열매와 가지에서는 초기에흑갈색의 반점이 나타남⇒ 비가 많이 올 때 발생이 많으므로,병든 부위는 즉시 제거하고 봉지 씌우기 전에 등록약제로 방제
❍ 포도 갈색무늬병․노균병은 비가 자주 내리고 습도가 높을 때 발생이 많음
⇒ 잎과 과실을 자세히 살펴보아 발생 초기에 등록약제로 잎 뒷면까지방제하되 가능한 비 오기 전․후 방제실시",8호.txt
2026,8,26,2026-07-01,2026-07-15,과수,노린재,예보,사과,"❍ 사과 관찰포 트랩 조사 결과 충북에서 발생 증가하여 주의 필요
❍ 과실의 표면에 앉아 구침을 찔러 흡즙하여 가해하고, 가해부위는주로 과실의 윗부분, 옆면에 나타나며 피해과는 피해부위 가운데구침 흔적이 있으며 과육이 코르크화 됨
❍ 유과기에 가해를 받은 경우 비대하지 못하고 낙과하는 경우가 많으며,과실 흡즙 구멍 주위로 함몰되는 현상을 보이고 심한 경우 열과 발생⇒ 유인트랩 설치하여 방제적기 판단 가능하며, 발생초기 등록약제로 방제",8호.txt
2026,8,27,2026-07-01,2026-07-15,과수,복숭아순나방,예보,"복숭아,사과","❍ 사과, 배 관찰포에서 성페로몬트랩 조사 결과 경기, 충북에서발생 증가하여 주의 필요
❍ 유충이 신초의 선단부로 먹어 들어가 피해받은 신초는 선단부가꺽여 말라죽으며 즙액과 배설물을 남김
❍ 어린과실의 경우 꽃받침 부분으로 침입하여 과심부를 섭식하고,성숙한 과실은 꽃받침 또는 과경 부근 과피 아래 과육을 섭식하며배설물을 남기는 점에서 복숭아심식나방과 구분됨
⇒ 전년에 과실 피해가 많았거나, 성페로몬 트랩에 유인이 많이 된과원은 등록 약제로 방제하고, 열매솎기나 봉지씌우기를 할 때피해를 받은 신초나 어린 과실이 발견되면 즉시 제거하여 땅에 묻음",8호.txt
2026,8,28,2026-07-01,2026-07-15,과수,복숭아심식나방,예보,"복숭아,사과","❍ 사과, 배 관찰포에서 성페로몬트랩 조사 결과 경기, 충북에서발생 증가하여 주의 필요
❍ 부화한 유충이 뚫고 들어간 과실의 피해 구멍은 바늘로 찌른 정도로작으며 즙액이 나와 이슬방울처럼 맺혔다가 시간이 지나면서 흰가루처럼 말라 붙음
❍ 유충은 과심부까지 들어가 섭식하며, 과피 부분의 비교적 얕은부분을 먹어 그 흔적이 착색이 되며, 노숙유충이 되면 과실표면에1~2mm의 구멍을 남기고 탈출하며 겉으로 배설물을 배출하지 않음
⇒ 전년에 과실 피해가 많았거나, 성페로몬 트랩에 유인이 많이 된과원은 등록 약제로 방제하고, 열매솎기나 봉지씌우기를 할 때피해를 받은 신초나 어린 과실이 발견되면 즉시 제거하여 땅에 묻음",8호.txt
2026,8,29,2026-07-01,2026-07-15,과수,"잎말이나방, 감꼭지나방",예보,"감귤,매실,사과","❍ 감귤, 사과, 배, 매실 등에 발생하는 잎말이나방류는 새로 나오는잎으로 이동해서 잎을 세로로 말고 들어가 갉아먹어 피해를 주며과실의 표면을 핥듯이 가해하여 상품성을 떨어뜨림⇒ 성페로몬 트랩을 주의 깊게 관찰하여 성충 발생 최성기 7∼10일이후 등록 약제 살포
❍ 감꼭지나방은 꽃잎이나 잎을 갉아 먹다가 감꼭지에 유충이 과육을 먹고들어가 낙과를 시키며, 열매꼭지와 과실 사이로 배설물을 배출함
⇒ 성페로몬트랩 예찰 결과를 활용하여 1화기 성충 발생 최성기인 6월상․중순에 등록 약제로 방제1개월 기상전망            (출처 : 국립농업과학원, 기상청)기온은 1주, 2주, 3주, 4주는 평년보다 높겠음
강수량은 1주, 4주는 평년과 비슷하거나 많겠고, 2주, 3주는 평년과 비슷하겠음
❍ 1주(7.6~7.12): 우리나라는 아열대 고기압의 가장자리에 위치하여 덥고습하겠으며, 서쪽에서 다가오는 저기압의 영향을 받겠음
- 기온은 평년보다 높겠고, 강수량은 평년과 비슷하거나 많겠음
❍ 2주(7.13~7.19): 우리나라는 아열대 고기압의 가장자리에 위치하여 덥고 습하겠으며, 우리나라 북쪽을 지나는 저기압의 영향을 받을때가 있겠음
- 기온은 평년보다 높겠고, 강수량은 평년과 비슷하겠음
❍ 3주(7.20~7.26): 우리나라는 아열대 고기압의 가장자리에 위치하여 덥고 습하겠으며, 우리나라 북쪽을 지나는 저기압의 영향을 받을때가 있겠음
- 기온은 평년보다 높겠고, 강수량은 평년과 비슷하겠음
❍ 4주(7.27~8.2):우리나라는 아열대 고기압의 가장자리에 위치하여 덥고 습하겠으며, 우리나라 남쪽을 지나는 저기압의 영향을 받겠음
- 기온은 평년보다 높겠고, 강수량은 평년과 비슷하거나 많겠음
농업지대 지역평균기온 강수량1주 2주 3주 4주 1주 2주 3주 4주(7.6~7.12) (7.13~7.19)(7.20~7.26) (7.27~8.2) (7.6~7.12) (7.13~7.19)(7.20~7.26) (7.27~8.2)1.태백고냉 대관령 높음 높음 높음 높음 많음 비슷 비슷 조 금 많 음
2.태백준고냉 인제,홍천,제천 높음 높음 높음 높음 많음 비슷 비슷 조 금 많 음
3.소백산간 충주,보은 높음 높음 높음 높음 많음 비슷 비슷 조 금 많 음
4.노령소백산간 임실 높음 높음 높음 높음 조 금 많 음비슷 비슷 조 금 많 음
5.영남내륙산간 추풍령,영주,문경 높음 높음 높음 높음 조 금 많 음비슷 비슷 조 금 많 음
6.중북부내륙 춘천,양평 높음 높음 높음 높음 많음 비슷 비슷 조 금 많 음
7.중부내륙 원주,이천 높음 높음 높음 높음 많음 비슷 비슷 조 금 많 음
8.소백서부내륙 청주,대전,금산 높음 높음 높음 높음 많음 비슷 비슷 조 금 많 음
9.노령동서내륙 정읍,남원,거창,산청 높음 높음 높음 높음 조 금 많 음비슷 비슷 조 금 많 음
10.호남내륙 광주,순천,장흥 높음 높음 높음 높음 조 금 많 음비슷 비슷 조 금 많 음
11.영남분지 대구,의성,구미,영천 높음 높음 높음 높음 조 금 많 음비슷 비슷 조 금 많 음
12.영남내륙 진주,합천,밀양 높음 높음 높음 높음 조 금 많 음비슷 비슷 조 금 많 음
13.중서부평야 서울,인천,수원,서산,강화,천안,보령 높음 높음 높음 높음 많음 비슷 비슷 조 금 많 음
14.차 령 남 부 평 야군산,전주,부여,부안 높음 높음 높음 높음 조 금 많 음비슷 비슷 조 금 많 음
15.남서해안 목포,완도,해남,고흥 높음 높음 높음 높음 조 금 많 음비슷 비슷 조 금 많 음
16.남부해안 부 산,통 영,여 수,거 제,남 해높음 높음 높음 높음 조 금 많 음비슷 비슷 조 금 많 음
17.동해안북부 속초,강릉 높음 높음 높음 높음 조 금 많 음비슷 비슷 조 금 많 음
18.동해안중부 울진,영덕 높음 높음 높음 높음 조 금 많 음비슷 비슷 조 금 많 음
19.동해안남부 포항,울산 높음 높음 높음 높음 조 금 많 음비슷 비슷 조 금 많 음
20.제주 제주,성산,서귀포 높음 높음 높음 높음 조 금 많 음비슷 비슷 조 금 많 음
평균 높음 높음 높음 높음 조 금 많 음비슷 비슷 조 금 많 음",8호.txt
2026,8,30,2026-07-01,2026-07-15,과수,"잎말이나방, 감꼭지나방",예보,,"10일(2026.06.29.~07.05.) 예보(기상청, 2026.06.25., 06:00)<기상예보>
❍ (기온) 아침 기온은 18~23℃, 낮 기온은 25~32℃로 평년(최저기온 20~22℃,최고기온 25~30℃)과 비슷하거나 높겠음
❍ (강수) 7월 1일 오후부터 7월 3일 사이 제주도에, 7월 2일은 전남권과 경남권에,7월 3일은 충청권과 남부지방에 비가 내리겠음
<날씨><최저/최고기온>1개월(2026.07.06.~08.02.) 전망(기상청, 2026.06.25., 11:00)<기온><강수량>연도별 평균기온
❍ ‘26년 1월부터 6월 4주차까지의 평균기온은 10.4℃로, 평년(9.5)보다 0.9℃높았음
- ’26년 6월 4주차의 평균기온은 22.6℃로, 평년(22.0)보다 0.6℃ 높았음
기간 1월 2월 3월 4월 5월6월 분석기간1.1~6.24 6.18~6.241주(5.28~6.3)2주(6.4~6.10)3주(6.11~6.17)4주(6.18~6.24)평균(℃)편차(℃)평균(℃)편차(℃)2026년 -1.0 3.2 7.7 14.0 18.7 22.1 21.0 22.7 22.6 10.4 0.9 22.6 0.62025년 0.4 0.0 7.9 13.2 16.9 19.1 22.2 22.9 23.4 9.8 0.3 23.4 1.42024년 1.4 4.5 7.2 15.1 17.8 19.4 21.0 24.1 24.3 11.1 1.6 24.3 2.32023년 0.0 3.0 9.7 13.3 18.0 20.6 21.5 22.0 23.1 10.7 1.2 23.1 1.12022년 -0.2 0.4 8.0 13.9 18.2 21.2 19.2 20.5 24.9 10.0 0.5 24.9 2.92021년 -0.4 3.9 9.0 13.4 16.9 19.0 21.8 21.9 21.7 10.4 0.9 21.7 -0.32020년 3.0 3.8 8.0 10.9 17.7 20.0 23.5 23.3 22.5 10.7 1.2 22.5 0.52019년 0.5 2.6 7.6 12.0 18.5 19.6 20.5 20.2 22.1 10.1 0.6 22.1 0.12018년 -1.8 0.0 8.2 13.3 17.8 21.3 21.7 19.9 23.2 9.5 0.0 23.2 1.22017년 0.3 1.8 6.4 13.8 18.6 21.0 19.9 20.9 23.5 10.0 0.5 23.5 1.52016년 -0.6 1.9 7.3 13.8 18.5 20.8 20.9 22.5 23.2 10.1 0.6 23.2 1.210년평균 0.3 2.2 7.9 13.3 17.9 20.2 21.2 21.8 23.2 10.2 0.7 23.2 1.2평년 -0.4 1.7 6.5 12.3 17.5 19.6 20.6 21.3 22.0 9.5 0.0 22.0 0.0* 10년 평균 : 최근 10년(2015~2024년)동안의 평균기온의 평균** 평년 : 30년(1991～2020년)동안의 평균기온의 평균*** 편차 : 평년의 평균기온에 대한 연도별 평균기온의 차이연도별 강수량
❍ ‘26년 1월부터 6월 4주차까지의 강수량의 합은 416.9㎜로, 평년(421.1)보다
4.2㎜ 적었음(평년대비 99.0%)
- ’26년 6월 4주차의 강수량의 합은 68.2㎜로, 평년(42.8)보다 25.4㎜ 많았음
(평년대비 159.3%)기간 1월 2월 3월 4월 5월6월 분석기간1.1~6.24 6.18~6.241주(5.28~6.3)2주(6.4~6.10)3주(6.11~6.17)4주(6.18~6.24)합계(㎜)대비(%)합계(㎜)대비(%)2026년 5.9 21.1 69.4 88.3 126.8 23.7 5.2 10.2 68.2 416.9 99.0 68.2 159.
32025년 18.3 21.4 50.4 68.9 124.2 8.0 0.1 83.2 87.5 457.5 108.
6 87.5 204.
42024년 36.9 111.4 68.8 87.9 118.4 1.4 16.1 4.3 47.1 491.5 116.
7 47.1 110.",8호.txt
2026,8,31,2026-07-01,2026-07-15,과수,"잎말이나방, 감꼭지나방",예보,"고추,당근,무화과,방울토마토,복숭아,블루베리,살구,상추,시금치,쑥갓,오리,오이,자두,쪽파,청경채,치커리,포도,호박","02023년 44.9 20.0 30.5 70.2 207.2 75.0 8.7 11.1 20.6 421.1 100.
0 20.6 48.12022년 5.0 5.5 89.5 62.7 6.3 1.0 38.7 19.6 57.2 284.4 67.5 57.2 133.
62021년 25.4 23.4 112.1 77.5 138.9 43.9 6.4 43.8 10.6 458.7 108.
9 10.6 24.82020년 85.7 62.1 34.4 44.0 107.4 3.7 14.1 61.5 44.7 455.0 108.
1 44.7 104.
42019년 9.7 34.5 42.6 80.8 65.0 0.9 52.4 8.8 6.5 300.2 71.3 6.5 15.22018년 25.5 36.6 116.2 140.3 135.2 5.1 5.9 12.3 5.3 477.3 113.
3 5.3 12.42017년 18.6 36.0 26.1 72.8 31.0 4.8 19.7 2.7 6.0 215.7 51.2 6.0 14.02016년 32.9 50.6 62.8 163.2 103.4 2.0 7.0 11.7 51.1 482.6 114.
6 51.1 119.
410년평균 30.3 40.2 63.3 86.8 103.7 14.6 16.9 25.9 33.7 404.4 96.0 33.7 78.7평년 30.3 37.2 62.7 90.5 107.7 18.1 16.9 25.0 42.8 421.1 100.
0 42.8 100.
0* 10년 평균 : 최근 10년(2015~2024년)동안의 강수량의 평균** 평년 : 30년(1991～2020년)동안의 강수량의 평균*** 대비 : 평년의 강수량에 대한 연도별 강수량의 비율□ ‘25년 7월 검출된 30개 품목, 42개 성분
❍ 주요 부적합 우려 품목(성분)
- [서울특별시] 치커리(노발루론)
- [인천광역시] 상추(클로로탈로닐, 메토밀)
- [강원특별자치도] 상추(디메토에이트, 오메토에이트),수삼(페니트로티온), 오이(오리사스트로빈), 토마토(터부포스), 파세리(다이아지논), 고추(플루트리아폴)
- [경기도] 딜(플로니카미드), 바질(리뉴론), 허브(터부포스), 오이(아시벤졸라에스메틸), 쪽파(터부포스), 포도(피리프록시펜)
- [전라남도] 당근(포레이트, 터부포스), 들깻잎(메톨라클로르), 무화과(플루오피람), 복숭아(옥사디아존),취나물(벤타존)
- [전북특별자치도] 복숭아(카보퓨란), 블루베리(벤티아발리카브아이소프로필, 카벤다짐), 상추(노발루론, 테부코나졸), 참나물(플루벤디아마이드)
- [충청남도] 가지(테부코나졸), 대파(프로사이미돈), 들깻잎(뷰프로페진, 클로르피리포스, 프로파닐), 복숭아(카보퓨란), 상추(뷰프로페진), 실파(프로파닐), 자두(다이아지논, 페니트로티온), 취나물(에토프로포스,펜디메탈린)
- [충청북도] 들깻잎(포레이트), 메론(테트라코나졸), 복숭아(카보퓨란, 펜토에이트), 쑥갓(펜디메탈린), 청경채(플루오피람)
- [경상남도] 대파(터부포스), 들깻잎(브로모뷰타이드,피플루뷰마이드), 블루베리(디메토에이트, 오메토에이트), 시금치(에마멕틴벤조에이트)
- [경상북도] 가지(포스티아제이트), 근대(카보퓨란, 터부포스), 대파(카보퓨란), 복숭아(클로로탈로닐, 플루아지남, 메탈락실, 펜토에이트, 트리사이클라졸), 살구(비스트리플루론, 메토밀, 피디플루메토펜), 자두(페니트로티온, 메타플루미존, 메토밀), 호박잎(펜디메탈린)
- [제주특별자치도] 블루베리(카벤다짐)※ 전국적으로 토양처리 살충제 농약(입제) 성분인 터부포스, 포레이트 잔류농약 부적합이많이 발생되고 있습니다. 농업인께서는 해당 성분의 농약은 사용이 등록된 작물에만안전사용기준을 반드시 준수하여 살포하시기 바랍니다.
7월 주요 품목별 농약 사용 주의보7월 주요 품목별 농약 사용 주의보",8호.txt
2026,9,1,2026-07-16,2026-07-31,식량작물,열대거세미나방,예보,"벼,수수,옥수수","❍ 열대거세미나방은 아메리카 대륙의 열대·아열대 지역이 원산으로아프리카(‘16), 동남아(’18), 중국(‘19.1), 한국(’19.6), 등으로 확산
❍ 유충 시기에 식물의 잎과 줄기를 가해하여 피해를 발생시키며 기주식물은 80여 작물(옥수수, 수수, 벼 등)로 알려져 있음
* ’25년 대비 약 14일 정도 빠르게국내 비래 확인(제주, 한림읍/ ’26. 4. 7.)* 연도별발생: (’22) 76/1.8 → (’23) 87/4.4 → (’24) 478/2.1 → (’25) 33개체/0.1ha⇒ 약제 방제는 발생 초기에 품목별로 등록된 약제를 살포하도록 함
< 열대거세미나방 형태 및 피해 ><성충 (사진 출처: Goergen 등), 유충(사진 출처: FAO)>",9호.txt
2026,9,2,2026-07-16,2026-07-31,식량작물,이화명나방,예보,벼,"❍ 이화명나방은 풀명나방과에 속하는 벼의 주요 해충으로, 벼의 어린잎에 200~300개 가량의 알을 낳으며, 알에서 깨어난 유충은 초기에는 잎을 갉아 먹고 점차 줄기 속으로 파고 들어가 피해를 줌
❍ 논에 모를 내는 봄철(1화기, 성충), 벼의 출수가 진행되는 늦여름(2화기) 이렇게 연중 2회 발생함
⇒ 올해는 전북 군산, 부안에서 피해 발생이 확인 되었으며, 1화기방제는 6월 초중순 완료 하였고, 2화기 방제시기는 전북 군산,충남 서산, 보령은 8월 6~7일 정도 예측됨
1화기 성충(못자리에 산란)알덩어리(못자리에산란된알)2화기 유충 피해(벼 줄기 속 섭식)2화기 유충 피해(벼수확기백수피해)",9호.txt
2026,9,3,2026-07-16,2026-07-31,식량작물,"벼멸구, 흰등멸구, 혹명나방",예보,벼,"❍ 벼멸구․흰등멸구는 중국 남부지방과 동남아시아에서 6~7월 남서풍을 타고비래하는 해충으로 장마철 비래에 적합한 기류가 형성될 경우 국내로 비래함
⇒ 비래해충은 초기방제가 중요하므로 볏대 아래쪽을 잘 살펴보아발생이 많으면 적용약제로 방제
❍ 혹명나방은 6월 하순에서 7월 상순에 논을 살펴보아 포장에 피해잎이 1~2개정도 보일 때 방제를 실시해야 함
⇒ 막대기로 벼 포기를 쳐서 나방이 나는 모습을 보거나 유충 피해인벼 잎이 세로로 말리는 증상이 보이면 방제",9호.txt
2026,9,4,2026-07-16,2026-07-31,식량작물,벼 잎도열병,예보,벼,"❍ 잎도열병은 지속되는 비와 흐린 날씨로 기온이 낮아지고 습한 날이계속되면 잘 발생함
❍ 늦은 장마와 집중호우로 습한 환경이 지속되면 병이 발생하기 쉬운조건이 조성될 수 있으므로 병 발생 여부를 자주 살피고 발생 초기에 등록 약제로 방제하는것이 중요함
* 7월 1일 최초 발생(경기 여주시) 이후 일부지역에서도 잎도열병 발생이 확인되어 지속적인 예찰과 철저한 사전방제가 필요함",9호.txt
2026,9,5,2026-07-16,2026-07-31,식량작물,"잎집무늬마름병, 흰잎마름병",예보,,"❍ (잎집무늬마름병) 장마 이후에 온·습도가 높아 병 발생에 유리한환경이 지속되면 확산이 우려됨
⇒ 중간물떼기를 잘하여 주고, 논을 잘 살펴 병든 줄기가 20%이상이면 등록 약제를 살포하여 방제
❍ (흰잎마름병) 주로 배수가 불량하고 고온다습 조건에서 발생우려 높음. 특히 침수시 감염 우려가 매우 높아 침수가 되지않도록 하고 침수시 바로 퇴수하고 맑은 물로 씻어 주고 등록약제를 선택하여 잎도열병과 동시에 방제",9호.txt
2026,9,6,2026-07-16,2026-07-31,식량작물,감자역병(고랭지 씨감자),예보,감자,"❍ 감자역병(Phytophthora infestans)은 서늘한 온도(10∼24도)와 다습한(상대습도 90% 이상) 조건에서 발생함. 대관령 등 주요 씨감자 재배지의최근 기상 조건을 고려할 때, 장마가 기간(7월 상순~) 이후 감자역병의발생 우려가 높음
❍ 감자역병은 감자의 생육 후기까지 환경조건만 맞으면 언제든지발생할 수 있고, 비가 올 때 병원균이 병든 잎에서 씻겨 내려가 얕게묻힌 덩이줄기를 감염시켜 수확 전후 또는 저장 중에 부패를 일으킴
❍ 감자역병 보호용 살균제(만코제브 등)를 살포하여 역병 발생을 예방하고, 예방 시기를 놓쳐 역병이 발생하였다면 치료용 살균제(메타락실·디메토모르프 등)를 살포
❍ 역병에 의한 덩이줄기 피해를 최소화하기 위해서는 흙을 충분히덮어 덩이줄기가 나오지 않도록 하고, 지속적인 비 예보가 있으면줄기와 잎이 살아 있는 동안에는 살균제를 처리",9호.txt
2026,9,7,2026-07-16,2026-07-31,식량작물,먹노린재,예보,벼,"❍ 먹노린재는 7∼8월에 약충과 성충이 벼 줄기에 구침을 박고 흡즙하여심하면 수확량에 큰 영향을 줌, 주로 논 가장자리에 피해증상이많이 나타나는데 생육초기에 심하게 피해를 받으면 초장이 짧아지고이삭이 나오지 않을 수 있음
⇒ 방제적기는 성충의 이동 최성기인 6월 하순∼7월 상순으로 주변논두렁이나 배수로 등 서식처가 될 만한 곳까지 약제를 살포하면방제효과를 높일 수 있음",9호.txt
2026,9,8,2026-07-16,2026-07-31,채소,"담배나방(고추 등), 파밤나방(고추, 콩 등)",예보,고추,"❍ 고추 관찰포 조사 결과 피해과율은 전년대비 증가하는 추세이며,강원, 충남, 전북, 전남에서 증가하여 주의 필요
❍ 담배나방은 고추에 해마다 발생하여 피해를 주는 해충으로 주로장마가 끝나고 기온이 높아지면 담배나방, 파밤나방 등의 발생이증가할 우려가 있음
⇒ 담배나방 등 나방류 유충은 3령 이상 자라면 약제저항성이커져서 방제 효과가 떨어지므로 새 잎을 중심으로 자세히 살펴보고 알이나 유충을 발견하는 즉시 등록 약제로 방제",9호.txt
2026,9,9,2026-07-16,2026-07-31,채소,바이러스‧역병‧탄저병(고추),예보,"고추,방울토마토,오이","❍ 최근 고온으로 인해 진딧물, 총채벌레의 밀도가 높아져서 이들매개충들이 전파하는 바이러스병 확산이 우려됨
⇒ 오이모자이크바이러스(CMV)를 매개하는 진딧물과 토마토반점위조바이러스(TSWV)의 매개충인 총채벌레의 효율적인 방제는 기작이다른 등록 약제를 선택하여 방제⇒ 바이러스병에 감염되면 방제가 어려우므로 예방 위주로 방제 철저⇒ 바이러스병이 이미 진전된 포장에서는 고추의 주간 부위에서자란 세력이 강한 측지 관리로 고추 수량 확보
❍ 역병은 비가 내린 후 다습한 환경조건에서 발생이 증가하며 토양에있는 병원균이 물을 통하여 전염되는 병으로 일단 발병하면 급속하게 번지고 방제 효과가 낮음
⇒ 병 발생이 많았던 곳은 두둑을 높여 준 후 배수로를 정비하고병든 포기 발견 즉시 제거하여 전염원을 제거하고 비오기 전후등록 약제를 주기적으로 살포
❍ 고추 탄저병은 지난해 버려진 병든 잔재물이 가장 중요한 1차전염원이고, 온·습도가 높은 장마철 비가 잦은 환경에서 감염위험이 높음
❍ 고추 관찰포 조사 결과 피해과율은 전년대비 감소하는 추세이나,충남, 전북, 전남에서 증가하여 주의 필요
⇒ 병든 과실을 그냥 두거나 이랑사이에 버리면 방제효과는 50%이상 감소하므로 병든 과실은 발견 즉시 매립 또는 소각하는것이 효과적이며, 재식거리를 넓히고 두둑을 높게 하고 물 빠짐을 좋게 하여 발병에 좋은 환경을 차단함
⇒ 국가농작물병해충관리시스템(http://ncpms.rda.go.kr)에서 고추역병과 탄저병 최초 감염위험시기를 알려주는 문자서비스를 활용하여 병징이 없더라도 감염 시기 알림 후 3일 이내에 예방적으로 침투이행성 약제 처리",9호.txt
2026,9,10,2026-07-16,2026-07-31,채소,"무·배추 무름병, 뿌리혹병",예보,"무,배추","❍ (무름병) 세균에 의한 병으로 온도가 높을 때 많이 발생하며땅과 맞닿은 부분의 잎자루와 줄기부터 발병해서 결구 속까지무르고 부패하게 됨
❍ 장마 이후 기온이 올라가고 습도가 높아지면 발생이 증가할가능성이 높음
⇒ 병원균은 건조에 약하므로 배수와 통풍이 잘 되도록 관리하며약제 방제 시 등록 약제를 본잎이 5∼6매 이후에 7∼10일 간격으로 살포하고 땅 닿는 부분까지 약제가 잘 묻도록 처리
❍ (뿌리혹병) 뿌리에 크고 작은 혹이 생기면서 지상부가 말라죽는병으로 주로 사전에 방제를 철저하게 하지 않은 밭에서 발생⇒ 병원균은 물이나 흙을 통하여 이동하므로 물 빠짐이 좋도록배수로를 잘 정비하고 병 발생 후에는 방제가 어려우므로 병든포기는 발견 즉시 제거",9호.txt
2026,9,11,2026-07-16,2026-07-31,채소,씨스트선충류,예보,배추,"❍ 여름철 고랭지 배추 정식이 시작되어, 씨스트선충류에 의한 농작물피해가 증가할 것으로 예상됨
- 씨스트선충류는 십자화과 작물의 뿌리에 기생하는데, 작물의 수분 및영양분의 흡수를 저해하는 등 생육을 방해하여 배추의 경우 크기가 작고 결구가 되지 않는 피해 증가⇒ 발생포장에 훈증성 약제 처리 후 비닐피복 또는 답압하고, 4주후피복을 제거하여 가스를 휘산시켜 약해를 방지해야 함
⇒ 씨스트선충류가 배추 뿌리를 가해하지 않도록 배추 정식 전에비훈증성 약제를 처리하고 로터리 작업 실시⇒ 배추 수확 후 포장 내 씨스트선충류 밀도를 낮추기 위해 녹비작물(백겨자, 기름무 등)을 재배하여, 꽃이 피기 전 또는 과실이달리기 전에 토양 환원 작업 실시(6∼8주 소요)",9호.txt
2026,9,12,2026-07-16,2026-07-31,채소,노균병(여름배추),예보,배추,"❍ 강원 평창군 대관령면 고랭지에서 장마 이후 저온 다습한 기후로노균병 발생하여 주의 필요
❍ 노균병은 곰팡이(난균류)에 의한 병으로 저온다습한 시기에 아래쪽잎부터 발생하며, 고랭지에서 장마가 찾아오면 온도가 일시적으로떨어지는 때에 빗물이나 바람을 통해 전파됨
⇒ 방제 시기를 놓치면 전체 포장으로 전파되어 배추가 말라죽으므로 장마철이 오기 전 만코제브 등 보호제를 살포하고, 발생초기 잎 뒷면에 흰색의 가루같은 포자낭이 관찰되면 메타락실·디메토모르프 등 등록된 살균제를 이용하여 방제",9호.txt
2026,9,13,2026-07-16,2026-07-31,채소,반쪽시들음병(여름배추),예보,"감자,당근,더덕,마늘,방울토마토,배추,셀러리,수박,양배추,옥수수","❍ 반쪽시들음병은 토양을 통해 전파되는 곰팡이병으로 장마가 끝난 후기온이 상승하여 고온다습한 시기에 발생함. 배추 지제부 쪽부터탈색되어 줄기 도관부(물관부)를 따라 병징이 확대되며, 병이 진행됨에 따라 잎이 황화되고 시들어 고사함
⇒ 배추 연작을 피하고, 비기주작물로 돌려짓기 권고, 농촌진흥청에서 개발된 생물방제제(미생물퇴비) 사용 시 증상 경감 가능,작년 피해가 심했던 밭은 배추 정식 전 토양훈증제를 먼저 처리하고 미생물퇴비 처리하면 효과 증대※ 기주작물 : 배추, 감자, 무, 양배추, 가지, 토마토, 수박, 콩 등※ 비기주작물 : 당근, 옥수수, 산마늘, 셀러리, 더덕, 눈개승마 등",9호.txt
2026,9,14,2026-07-16,2026-07-31,채소,검은썩음병(여름배추),예보,"배추,브로콜리,양배추","❍ 검은썩음병은 세균에 의한 병으로, 발생 초기에 세균이 잎 뒷면기공으로 침투하여 잎 가장자리에 V자로 파고 들어가는 황화된병반이 관찰되며, 병이 진행되면 배추 중륵부 도관까지 전이되어검은색으로 변하고 썩는 증상을 일으키는 병⇒ 고랭지에서 장마가 찾아오는 7월 중순∼7월 말에 잎에 맺힌물방울 등으로 세균이 퍼져 발생 가능, 발생 초기에 병든 개체를제거하고 필요시 항생제 등으로 방제※ 기주식물 : 배추, 양배추, 브로콜리, 무, 케일 등 배추과 작물",9호.txt
2026,9,15,2026-07-16,2026-07-31,채소,배추좀나방(여름배추),예보,배추,"❍ 배추좀나방은 주로 유충이 피해를 주며 초기에는 엽육 속으로 굴을파고 들어가 표피만 남기거나, 잎뒷면에서 엽육을 갉아 먹어 흰색의 표피를 남김. 피해가 심하면 구멍을 뚫고 엽맥만 남기며, 잎전체를 먹어 치우기도 함
⇒ 고랭지지역에서는 평야지보다 늦은 8월 하순∼9월 상순에발생최성기를 보임. 발육기간이 짧고 다양한 계통의 살충제에저항성을 가지고 있어 방제가 어려우므로 계통이 다른 농약을교대로 사용해야 효과가 높음",9호.txt
2026,9,16,2026-07-16,2026-07-31,채소,토마토뿔나방,예보,방울토마토,"❍ 여름철 기온 상승으로 토마토뿔나방 개체 수가 급증함에 따라 시설토마토 피해가 우려되어 철저한 방제 필요
- 토마토뿔나방은 유충이 주로 토마토 잎에 구멍을 뚫고 들어가 내부조직을넓게 갉아 먹으며 과실 속으로도 파고 들어가 피해를 입힘⇒ 발생포장 전체에 등록 농약을 약액이 작물에 충분히 묻을 수있도록 살포하고, 2회 이상 약제살포 시 작용기작이 다른 약제를교호 살포할 것을 권장함, 친환경 재배농가의 경우 교미교란제를정식 초기에 설치하고 발견시 유기농업자재를 충분히 살포해야 함",9호.txt
2026,9,17,2026-07-16,2026-07-31,채소,토마토반점위조바이러스(TSWV),예보,"고추,방울토마토,파프리카","❍ 총채벌레가 즙액을 흡즙하면서 바이러스를 전염시키는 병으로 고추,토마토, 파프리카 등 특히 전년도 발생이 많았던 가지과 시설재배지에서 꾸준히 발생하고 있으며, 방제시기를 놓쳐 총체벌레의 밀도가높아지면 피해가 커지기 때문에 초기 방제로 병발생을 예방하는것이 중요
⇒ 방충망을 이용하여 시설 안으로 들어오는 총채벌레를 막고 발생초기 천적이나 등록약제로 방제⇒ 병에 걸린 식물은 발견 즉시 제거하여 병이 확산 되는 것을 예방",9호.txt
2026,9,18,2026-07-16,2026-07-31,채소,토마토황화잎말림바이러스(TYLCV),예보,방울토마토,"❍ 가지과 작물에서 담배가루이가 병을 매개하므로 육묘 단계부터 정식초기에 예찰을 강화하여 감염여부를 판단하고 정식 후에는 잎 뒷면과 포장주위를 살펴보아 담배가루이를 철저히 방제⇒ 병을 전염시키는 담배가루이의 세대 기간이 짧아 연간 발생횟수가많으므로 방충망을 설치하여 시설 안으로 담배가루이가 들어오는것을 막고 발생 초기에 등록약제로 방제하는 등 철저한 관리로병이 확산되는 것을 예방⇒ 발생된 시설재배 농가 주변지역은 담배가루이의 기주식물이 되는잡초와 병에 걸린 식물은 뽑아서 제거※ 기주식물 : 큰개불알풀, 광대나물, 별꽃, 큰망초, 쑥, 머위",9호.txt
2026,9,19,2026-07-16,2026-07-31,채소,"총채벌레류, 가루이류, 진딧물류",예보,"방울토마토,오이,파프리카","❍ ‘26년 1월~7월 2주차까지의 기온은 11.4℃로 평년(10.5)보다 0.9℃ 높았고 시설재배 작물에서 꽃노랑총채벌레, 온실가루이, 담배가루이등이 관리가 소홀한 포장에서 온도가 올라가면 밀도가 높아질 수 있어주의가 필요함
❍ 시설재배에서 발생하는 해충은 대부분 크기가 작고 연중 발생하고있으나, 발생초기에 예찰이 어려워 피해를 입는 경우가 많음. 특히 이해충들은 식물체에 직접적인 피해를 줄 뿐만 아니라 그을음병을유발하거나 바이러스병을 전염시켜 작물에 피해를 줌⇒ 끈끈이트랩 등을 활용하여 주의 깊게 예찰하고 발견 즉시 계통이다른 등록 약제를 바꾸어가며 방제
❍ 꽃노랑총채벌레 등 총채벌레류가 오이, 파프리카 등에서 발생초기에 방제가 이루어지지 않으면 확산 및 피해가 예상⇒ 끈끈이트랩이나 타락법(흰색 종이를 이용 꽃과 잎을 두드려서예찰) 등으로 예찰하고, 발생 포장은 초기에 방제⇒ 꽃노랑총채벌레는 번데기 방제용으로 총채가시응애를 토양에투입하고, 지상부 유충과 성충 방제용으로는 애꽃노린재, 지중해이리응애 등 천적을 활용하면 효과적으로 방제가 가능함
❍ (가루이류, 진딧물류) 온실가루이와 담배가루이는 토마토와 같은 가지과작물에서, 진딧물은 엽채류와 과채류에서 주로 발생하며 식물의즙액을 빨아먹는 직접적인 피해뿐만 아니라 그을음병과 바이러스병등을 유발하여 상품성을 떨어뜨림⇒ 크기가 작아 육안으로 관찰하기 힘들고 일단 발생하면 방제가어려우므로 외부 유입통로에 방충망을 설치하는 등 시설 안으로들어오지 못하도록 막고, 끈끈이트랩을 매달아 주의 깊게 살펴봄⇒ 예방적 조치로 해충에 따라 천적을 투입하여 방제하고 국부적으로해충이 집중 발생했을 경우 작물별 등록 약제로 방제",9호.txt
2026,9,20,2026-07-16,2026-07-31,과수,과수화상병,경보,사과,"❍ (과수화상병) 세균에 의해 사과, 배나무의 꽃, 잎, 열매, 가지가불에 탄 것과 같이 검게 변하고 서서히 말라죽게 되는데 전염성이높아 사전예방을 위한 사전방제와 과원 및 농자재 관리가 필수⇒ 한번 걸리면 방제가 불가능하기 때문에 예방을 위하여 과수원을청결하게 관리하고 농작업을 하는 사람의 과수원 출입 시 사람과작업도구 등을 수시로 소독⇒ 의심증상 발견 시에는 전국 대표전화(1833-8572) 또는 가까운농업기술센터·농업기술원에 즉시 신고
❍ (과수가지검은마름병) 과수화상병과 증상이 비슷하여 육안으로는구분이 불가하며, 발생 시기와 전파경로, 피해증상이 유사함",9호.txt
2026,9,21,2026-07-16,2026-07-31,과수,탄저병,예보,"복숭아,사과,포도","❍ 4권역(강원, 전라, 충청, 경상)에 대한 대학 협업 4차 예찰(6.26~7.8)결과 복숭아 탄저병은 전라권 0.6%, 경상권 1% 발생 하여 주의 필요
❍ 사과, 복숭아, 포도 등에 발생하는 탄저병은 주요 관리 과수병으로병원균은 주로 습기가 많은 기후조건과 25℃ 전후 온도에서 감염이잘 이루어지므로 장마기 이후에 주의가 필요함
❍ 탄저병에 감염된 과실은 초기에 검정색 작은 반점이 껍질에 나타나며, 병이 커질수록 과실 표면이 움푹 들어가면서 과실 내부가갈색으로 변하면서 과실 표면에 많은 분생포자가 생겨 주변 건전한 과실을 감염. 특히 장마기나 바람이 많이 부는 날씨에는 분생포자들이 이동되는 시기이므로 철저한 관리가 필요
⇒ 지난해에 탄저병이 많이 발생했던 농가는 과원 내에 탄저병균이남아 있을 수 있으므로 탄저병균의 밀도를 줄이기 위해 예방적으로 적용 살균제를 살포⇒ 또한 탄저병은 습한 환경조건에서 잘 발생하므로 과원 내 통풍이잘 되게 하고 물 빠짐이 잘 되도록 관리",9호.txt
2026,9,22,2026-07-16,2026-07-31,과수,사과 갈색무늬병,예보,사과,"❍ 4권역(강원, 전라, 충청, 경상)에 대한 대학 협업4차 예찰(6.26~7.8) 결과 사과 갈색무늬병은전라권에서 2.7%, 충청권에서 0.6% 발생 하였으나 전년대비 발병률은 낮은 수준
❍ 사과 갈색무늬병은 포자의 공기 전염에 의해발생되는데 포자의 비산은 7월 이후에 증가하여8월에 가장 많은 양이 비산됨.
⇒ 8월 까지 강우 전에 정기적으로 적용약제를수관 내부까지 골고루 묻도록 충분한 양을살포하여야 함",9호.txt
2026,9,23,2026-07-16,2026-07-31,과수,새눈무늬병·갈색무늬병,예보,포도,"❍ 포도 새눈무늬병은 잎에서 잎맥이 흑갈색으로변하고, 진전되면 흑색 반점으로 확대되어구멍이 뚫리며 열매와 가지에서는 초기에흑갈색의 반점이 나타남⇒ 비가 많이 올 때 발생이 많으므로,병든 부위는 즉시 제거하고 봉지 씌우기 전에 등록약제로 방제
❍ 포도 갈색무늬병․노균병은 비가 자주 내리고 습도가 높을 때 발생이 많음
❍ 포도 관찰포에서 갈색무늬병, 노균병 조사 결과 갈색무늬병은 경기,경북, 경남에서 발생 증가했으며, 노균병은 충남, 경북, 경남에서 발생증가 하여 주의 필요
⇒ 잎과 과실을 자세히 살펴보아 발생 초기에 등록약제로 잎 뒷면까지방제하되 가능한 비 오기 전․후 방제실시",9호.txt
2026,9,24,2026-07-16,2026-07-31,과수,"갈색날개매미충, 미국선녀벌레, 꽃매미",주의보,"매실,복숭아,사과,포도","< 갈색날개매미충 >
❍ 5월초·중순에부화하여약충이되고,7월중순부터성충으로우화* 5월 중·하순 알 부화 → 약충(1∼4령, 70일) → 성충(3개월)⇒ 갈색날개매미충을 효과적으로 방제하려면 갈색날개매미충 부화 후1~2주 사이에 애벌레(1~2령)가 붙어 있는 나무에 약제를 뿌리는것이 좋음. 2령이 지난 애벌레와 성충은 이동성이 크기 때문에방제 효과가 떨어짐⇒ 발생 정도에 따라 전용 약제를 1주일 간격으로 1~3회 살포* 지역별 ‘공동방제의 날’은 시도별 여건에 따라 탄력적으로 운영< 미국선녀벌레 >
❍ 미국선녀벌레는 연간 1세대 발생하며월동한 알은 5월 중·하순경에 부화하며,약충은 5령을 거쳐 성충이 되며, 성충은 7월에서 10월까지 발생함
⇒ 농약 살포시 적용약제를 어린 약충기나다발생기에 농약안전사용기준에 맞게 살포* 기주범위가넓으므로농경지뿐만아니라 인근 야산의나무들도동시에방제해야미국선녀벌레 피해를효과적으로줄일 수 있음.
⇒ 천적인 선녀벌레집게벌을 이용하여 장기적으로 밀도 억제약충 성충 집단 사과 어린 가지 산란 피해< 꽃매미 >
❍ 꽃매미는 연간 1세대 발생하고월동한 알은 5월 상·중순경에 부화하며 약충은 5령을 거쳐 성충이되고 성충은 7월에서 11월까지발생함
❍ 주로 포도, 사과, 배, 복숭아, 매실,가죽나무, 참죽나무 등을 가해하나,포도속(포도, 머루) 작물을 특이적으로 선호함
❍ 약충과 성충이 집단적으로 즙을 빨아 먹어 나무 생육을 저하시키고그을음병 유발⇒ 월동알을 제거해 주는 것이 친환경적이며 발생을 줄이는 데에큰 효과가 있으므로 봄철에 약충으로 부화하기 전 과수원 및 인근야산의 나무 등에 있는 알 덩어리를 제거해 주고 약충이 깨어나오면 등록약제로 반드시 방제⇒ 시설재배지는 측창과 입구에 방충망을 설치하면 꽃매미의 침입과외부로의 확산을 막고, 방제 효과도 증대시킬 수 있음",9호.txt
2026,9,25,2026-07-16,2026-07-31,과수,복숭아순나방,예보,"복숭아,사과","❍ 사과, 배 관찰포에서 성페로몬트랩 조사 결과 전년대비 경기,강원, 충북, 전북, 경북에서 발생 증가하여 주의 필요
❍ 유충이 신초의 선단부로 먹어 들어가 피해받은 신초는 선단부가꺽여 말라죽으며 즙액과 배설물을 남김
❍ 어린과실의 경우 꽃받침 부분으로 침입하여 과심부를 섭식하고,성숙한 과실은 꽃받침 또는 과경 부근 과피 아래 과육을 섭식하며배설물을 남기는 점에서 복숭아심식나방과 구분됨
⇒ 전년에 과실 피해가 많았거나, 성페로몬 트랩에 유인이 많이 된과원은 등록 약제로 방제하고, 열매솎기나 봉지씌우기를 할 때피해를 받은 신초나 어린 과실이 발견되면 즉시 제거하여 땅에 묻음",9호.txt
2026,9,26,2026-07-16,2026-07-31,과수,복숭아심식나방,예보,"복숭아,사과","❍ 사과, 배 관찰포에서 성페로몬트랩 조사 결과 전년대비 경기,경북에서 발생 증가하여 주의 필요
❍ 부화한 유충이 뚫고 들어간 과실의 피해 구멍은 바늘로 찌른 정도로작으며 즙액이 나와 이슬방울처럼 맺혔다가 시간이 지나면서 흰가루처럼 말라 붙음
❍ 유충은 과심부까지 들어가 섭식하며, 과피 부분의 비교적 얕은부분을 먹어 그 흔적이 착색이 되며, 노숙유충이 되면 과실표면에1~2mm의 구멍을 남기고 탈출하며 겉으로 배설물을 배출하지 않음
⇒ 전년에 과실 피해가 많았거나, 성페로몬 트랩에 유인이 많이 된과원은 등록 약제로 방제하고, 열매솎기나 봉지씌우기를 할 때피해를 받은 신초나 어린 과실이 발견되면 즉시 제거하여 땅에 묻음",9호.txt
2026,9,27,2026-07-16,2026-07-31,과수,"응애류, 노린재류",예보,사과,"❍ (점박이응애) 7∼8월에 많이 발생하며 비가 적을 때 발생이급증하기 때문에 잎 뒷면을 잘 관찰하여 발생 초기에 방제 필요
⇒ 등록된 약제를 이용 방제를 실시하고, 약제 살포시 약제저항성 회피를 위해 계통이 서로다른 약제를 교호살포하고 동일약제를 1회 이상 살포하지 않는 것이 좋음
❍ (노린재류) 사과 관찰포 트랩 조사 결과 전년대비 충북에서발생 증가하여 주의 필요
❍ 과실의 표면에 앉아 구침을 찔러 흡즙하여 가해하고, 가해부위는 주로 과실의 윗부분, 옆면에 나타나며 피해과는 피해부위 가운데 구침 흔적이 있으며 과육이 코르크화 됨
❍ 유과기에 가해를 받은 경우 비대하지 못하고 낙과하는 경우가 많으며,과실 흡즙 구멍 주위로 함몰되는 현상을 보이고 심한 경우 열과 발생⇒ 유인트랩 설치하여 방제적기 판단 가능하며, 발생초기 등록약제로 방제",9호.txt
2026,9,28,2026-07-16,2026-07-31,과수,점무늬낙엽병,예보,사과,"❍ 사과 관찰포 조사 결과 전년대비 강원, 충북, 충남, 전남, 경북에서발생 증가하여 주의 필요
❍ 4권역(강원, 전라, 충청, 경상)에 대한 대학 협업 4차 예찰(6.26~7.8)결과 점무늬낙엽병은 강원 2%, 전북 1% 소량 발생 하였음
❍ 과실에서 5~6월부터 과점으로 감염되기 시작하여 8~9월까지감염되며, 흑색의 작은 반점을 형성하여 병반은 크게 확대되지않고 과실이 성숙하면 병반 주변이 적자색으로 됨
❍ 과실의 감염은 7~8월에 가장 많이 일어남으로 겹무늬썩음병,갈색무늬병과 동시 방제하는 것이 효과적임",9호.txt
2026,9,29,2026-07-16,2026-07-31,과수,뽕나무깍지벌레(핵과류),예보,"매실,복숭아","❍ 다식성 해충으로 복숭아, 매실 등 핵과류에서 피해가 컸음. 약충과성충이 줄기, 잎, 과일에 부착하여 흡즙하여 피해를 주는데, 피해를받은 줄기와 잎은 낙엽이 빨리 지고 심하면 고사함.
❍ 2세대 뽕나무깍지벌레 방제적기는 부화 애벌레가 최초로 발생한 후15일정도가 지났을 때임(부화 애벌레가 깍지속에서 모두 나오고 먼저나온 애벌레가 깍지를 만들기 전)⇒ 금년도에는 7월 9일∼11일에 부화 애벌레가 발생하였으므로 방제적기는 7월 24일∼26일임
❍ 방제 적기를 벗어나 약제를 뿌리면 방제 효과가 낮아질 수 있으므로 적기방제 시기를 반드시 준수1개월 기상전망            (출처 : 국립농업과학원, 기상청)기온은 1주, 2주, 3주, 4주는 평년보다 높겠음
강수량은 1주는 평년과 비슷하거나 적겠고, 2주, 3주, 4주는 평년과 비슷하겠음
❍ 1주(7.20~7.26): 우리나라는 아열대 고기압의 가장자리에 위치하여 덥고습하겠으며, 우리나라 북쪽을 지나는 저기압의 영향을 받을때가 있겠음
- 기온은 평년보다 높겠고, 강수량은 평년과 비슷하거나 적겠음
❍ 2주(7.27~8.2): 우리나라는 아열대 고기압의 영향을 받아 덥고 습하겠으며,우리나라를 지나는 저기압의 영향을 받을때가 있겠음
- 기온은 평년보다 높겠고, 강수량은 평년과 비슷하겠음
❍ 3주(8.3~8.9): 우리나라는 아열대 고기압의 영향을 받아 덥고 습하겠으며,대기불안정에 의해 비가 내릴 때가 있겠음
- 기온은 평년보다 높겠고, 강수량은 평년과 비슷하겠음
❍ 4주(8.10~8.16):우리나라는 아열대 고기압의 영향을 받아 덥고 습하겠으며,우리나라 남쪽을 지나는 저기압의 영향을 받을 때가 있겠음
- 기온은 평년보다 높겠고, 강수량은 평년과 비슷하겠음
농업지대 지역평균기온 강수량1주 2주 3주 4주 1주 2주 3주 4주(7.20~7.26)(7.27~8.2) (8.3~8.9) (8.10~8.16)(7.20~7.26)(7.27~8.2) (8.3~8.9) (8.10~8.16)1.태백고냉 대관령 높음 높음 높음 높음 조 금 적 음비슷 비슷 비슷2.태백준고냉 인제,홍천,제천 높음 높음 높음 높음 조 금 적 음비슷 비슷 비슷3.소백산간 충주,보은 높음 높음 높음 높음 조 금 적 음비슷 비슷 비슷4.노령소백산간 임실 높음 높음 높음 높음 조 금 적 음비슷 비슷 비슷5.영남내륙산간 추풍령,영주,문경 조 금 높 음높음 높음 높음 비슷 비슷 비슷 비슷6.중북부내륙 춘천,양평 높음 높음 높음 높음 조 금 적 음비슷 비슷 비슷7.중부내륙 원주,이천 높음 높음 높음 높음 조 금 적 음비슷 비슷 비슷8.소백서부내륙 청주,대전,금산 높음 높음 높음 높음 조 금 적 음비슷 비슷 비슷9.노령동서내륙 정읍,남원,거창,산청 높음 높음 높음 높음 조 금 적 음비슷 비슷 비슷10.호남내륙 광주,순천,장흥 높음 높음 높음 높음 조 금 적 음비슷 비슷 비슷11.영남분지 대구,의성,구미,영천 조 금 높 음높음 높음 높음 비슷 비슷 비슷 비슷12.영남내륙 진주,합천,밀양 높음 높음 높음 높음 조 금 적 음비슷 비슷 비슷13.중 서 부 평 야서울,인천,수원,서산,강화,천안,보령 높음 높음 높음 높음 조 금 적 음비슷 비슷 비슷14.차 령 남 부 평 야군산,전주,부여,부안 높음 높음 높음 높음 조 금 적 음비슷 비슷 비슷15.남서해안 목포,완도,해남,고흥 높음 높음 높음 높음 조 금 적 음비슷 비슷 비슷16.남부해안 부 산,통 영,여 수,거 제,남 해높음 높음 높음 높음 조 금 적 음비슷 비슷 비슷17.동 해 안 북 부속초,강릉 조 금 높 음높음 높음 높음 비슷 비슷 비슷 비슷18.동 해 안 중 부울진,영덕 조 금 높 음높음 높음 높음 비슷 비슷 비슷 비슷19.동 해 안 남 부포항,울산 높음 높음 높음 높음 조 금 적 음비슷 비슷 비슷20.제주 제주,성산,서귀포 높음 높음 높음 높음 조 금 적 음비슷 비슷 비슷평균 높음 높음 높음 높음 조 금 적 음비슷 비슷 비슷10일(2026.07.13.~07.19.) 예보(기상청, 2026.07.09., 06:00)<기상예보>",9호.txt
2026,9,30,2026-07-16,2026-07-31,과수,뽕나무깍지벌레(핵과류),예보,,"❍ (기온) 아침 기온은 21~26℃, 낮 기온은 26~36℃로 평년(최저기온 21~23℃,최고기온 27~31℃)과 비슷하거나 조금 높겠음
❍ (강수) 15일은 중부지방과 남부지방에, 16일은 남부지방과 제주도에, 17일은제주도에 비가 내리겠음
<날씨><최저/최고기온>1개월(2026.07.20.~08.16.) 전망(기상청, 2026.07.09., 11:00)<기온><강수량>연도별 평균기온
❍ ‘26년 1월부터 7월 2주차까지의 평균기온은 11.4℃로, 평년(10.5)보다 0.9℃ 높았음
- ’26년 7월 2주차의 평균기온은 24.9℃로, 평년(23.5)보다 1.4℃ 높았음
기 간 1월 2월 3월 4월 5월 6월7월 분석기간1.1~7.8 7.2~7.81주(6.25~7.
1)2주(7.2~7.8)평균(℃)편차(℃)평균(℃)편차(℃)2026년 -1.0 3.2 7.7 14.0 18.7 22.3 22.9 24.9 11.4 0.9 24.9 1.42025년 0.4 0.0 7.9 13.2 16.9 23.0 25.5 28.3 11.1 0.6 28.3 4.82024년 1.4 4.5 7.2 15.1 17.8 22.7 23.5 25.7 12.1 1.6 25.7 2.22023년 0.0 3.0 9.7 13.3 18.0 22.4 24.2 24.8 11.7 1.2 24.8 1.32022년 -0.2 0.4 8.0 13.9 18.2 22.5 26.2 27.4 11.3 0.8 27.4 3.92021년 -0.4 3.9 9.0 13.4 16.9 21.9 23.2 23.7 11.4 0.9 23.7 0.22020년 3.0 3.8 8.0 10.9 17.7 22.7 22.1 22.4 11.5 1.0 22.4 -1.12019년 0.5 2.6 7.6 12.0 18.5 21.2 22.9 23.7 11.0 0.5 23.7 0.22018년 -1.8 0.0 8.2 13.3 17.8 22.1 23.7 23.0 10.6 0.1 23.0 -0.52017년 0.3 1.8 6.4 13.8 18.6 21.7 23.7 25.6 11.1 0.6 25.6 2.12016년 -0.6 1.9 7.3 13.8 18.5 22.2 23.0 23.8 11.1 0.6 23.8 0.310년평균 0.3 2.2 7.9 13.3 17.9 22.2 23.8 24.8 11.3 0.8 24.8 1.3평 년 -0.4 1.7 6.5 12.3 17.5 21.5 22.7 23.5 10.5 0.0 23.5 0.0* 10년 평균 : 최근 10년(2015~2024년)동안의 평균기온의 평균** 평년 : 30년(1991～2020년)동안의 평균기온의 평균*** 편차 : 평년의 평균기온에 대한 연도별 평균기온의 차이연도별 강수량
❍ ‘26년 1월부터 7월 2주차까지의 강수량의 합은 500.4㎜로, 평년(563.4)보다
63.0㎜ 적었음(평년대비 88.8%)
- ’26년 7월 2주차의 강수량의 합은 60.3㎜로, 평년(72.4)보다 12.1㎜ 적었음",9호.txt
2026,9,31,2026-07-16,2026-07-31,과수,뽕나무깍지벌레(핵과류),예보,"고추,당근,무화과,방울토마토,복숭아,블루베리,살구,상추,시금치,쑥갓,오리,오이,자두,쪽파,청경채,치커리,포도,호박","(평년대비 83.3%)기 간 1월 2월 3월 4월 5월 6월7월 분석기간1.1~7.8 7.2~7.81주(6.25~7.1)2주(7.2~7.8)합계(㎜)대비(%)합계(㎜)대비(%)2026년 5.9 21.1 69.4 88.3 126.8 108.2 23.2 60.3 500.4 88.8 60.3 83.32025년 18.3 21.4 50.4 68.9 124.2 181.1 7.5 2.7 467.6 83.0 2.7 3.72024년 36.9 111.4 68.8 87.9 118.4 147.5 80.9 100.1 672.5 119.4 100.1 138.32023년 44.9 20.0 30.5 70.2 207.2 210.1 162.3 94.8 678.3 120.4 94.8 130.92022년 5.0 5.5 89.5 62.7 6.3 181.9 66.6 13.9 364.9 64.8 13.9 19.22021년 25.4 23.4 112.1 77.5 138.9 94.7 13.7 192.8 665.2 118.1 192.8 266.32020년 85.7 62.1 34.4 44.0 107.4 194.3 75.0 16.1 546.1 96.9 16.1 22.22019년 9.7 34.5 42.6 80.8 65.0 151.5 84.3 1.7 386.2 68.5 1.7 2.32018년 25.5 36.6 116.2 140.3 135.2 147.2 190.2 83.1 750.6 133.2 83.1 114.82017년 18.6 36.0 26.1 72.8 31.0 63.1 35.8 119.7 371.2 65.9 119.7 165.32016년 32.9 50.6 62.8 163.2 103.4 76.4 59.1 161.8 703.5 124.9 161.8 223.510년평균 30.3 40.2 63.3 86.8 103.7 144.8 77.5 78.7 560.6 99.5 78.7 108.7평 년 30.3 37.2 62.7 90.5 107.7 151.0 69.9 72.4 563.4 100.0 72.4 100.0* 10년 평균 : 최근 10년(2015~2024년)동안의 강수량의 평균** 평년 : 30년(1991～2020년)동안의 강수량의 평균*** 대비 : 평년의 강수량에 대한 연도별 강수량의 비율□ ‘25년 7월 검출된 30개 품목, 42개 성분
❍ 주요 부적합 우려 품목(성분)
- [서울특별시] 치커리(노발루론)
- [인천광역시] 상추(클로로탈로닐, 메토밀)
- [강원특별자치도] 상추(디메토에이트, 오메토에이트),수삼(페니트로티온), 오이(오리사스트로빈), 토마토(터부포스), 파세리(다이아지논), 고추(플루트리아폴)
- [경기도] 딜(플로니카미드), 바질(리뉴론), 허브(터부포스), 오이(아시벤졸라에스메틸), 쪽파(터부포스), 포도(피리프록시펜)
- [전라남도] 당근(포레이트, 터부포스), 들깻잎(메톨라클로르), 무화과(플루오피람), 복숭아(옥사디아존),취나물(벤타존)
- [전북특별자치도] 복숭아(카보퓨란), 블루베리(벤티아발리카브아이소프로필, 카벤다짐), 상추(노발루론, 테부코나졸), 참나물(플루벤디아마이드)
- [충청남도] 가지(테부코나졸), 대파(프로사이미돈), 들깻잎(뷰프로페진, 클로르피리포스, 프로파닐), 복숭아(카보퓨란), 상추(뷰프로페진), 실파(프로파닐), 자두(다이아지논, 페니트로티온), 취나물(에토프로포스,펜디메탈린)
- [충청북도] 들깻잎(포레이트), 메론(테트라코나졸), 복숭아(카보퓨란, 펜토에이트), 쑥갓(펜디메탈린), 청경채(플루오피람)
- [경상남도] 대파(터부포스), 들깻잎(브로모뷰타이드,피플루뷰마이드), 블루베리(디메토에이트, 오메토에이트), 시금치(에마멕틴벤조에이트)
- [경상북도] 가지(포스티아제이트), 근대(카보퓨란, 터부포스), 대파(카보퓨란), 복숭아(클로로탈로닐, 플루아지남, 메탈락실, 펜토에이트, 트리사이클라졸), 살구(비스트리플루론, 메토밀, 피디플루메토펜), 자두(페니트로티온, 메타플루미존, 메토밀), 호박잎(펜디메탈린)",9호.txt
2026,9,32,2026-07-16,2026-07-31,과수,뽕나무깍지벌레(핵과류),예보,블루베리,"- [제주특별자치도] 블루베리(카벤다짐)※ 전국적으로 토양처리 살충제 농약(입제) 성분인 터부포스, 포레이트 잔류농약 부적합이많이 발생되고 있습니다. 농업인께서는 해당 성분의 농약은 사용이 등록된 작물에만안전사용기준을 반드시 준수하여 살포하시기 바랍니다.
7월 주요 품목별 농약 사용 주의보7월 주요 품목별 농약 사용 주의보",9호.txt
